algo,layers,task,placement,activation,alpha_key,delta_iqm,delta_mean,delta_std,n_seeds
SAC,1layer,Ant-v4,--,fgelu,0.1,27.06912814412132,32.65570778676323,34.04654482439607,5
SAC,1layer,Ant-v4,--,fgelu,0.2,-17.004990250781074,-3.90332534463665,36.40357285472234,5
SAC,1layer,Ant-v4,--,fgelu,0.3,-24.525781228278728,-18.155125960791366,19.908554079943098,5
SAC,1layer,Ant-v4,--,fgelu,0.4,-30.426654744128285,-29.888359860708874,1.4542848207342565,5
SAC,1layer,Ant-v4,--,fgelu,0.5,-27.826752488400274,-27.418497955408963,4.172349501655033,5
SAC,1layer,Ant-v4,--,fswish,0.1,-0.8569480776859152,1.4524385987121837,23.211551063568354,5
SAC,1layer,Ant-v4,--,fswish,0.2,-30.44380602909166,-26.983824112008058,8.823668168435841,5
SAC,1layer,Ant-v4,--,fswish,0.3,-32.706183182344994,-28.363111458509856,10.126324568375335,5
SAC,1layer,Ant-v4,--,fswish,0.4,-29.584515811824655,-12.302508551004255,41.080197581867154,5
SAC,1layer,Ant-v4,--,fswish,0.5,-32.10104319621838,-32.32418494344348,1.2835512674722063,5
SAC,1layer,Ant-v4,--,gelu,--,15.387567068565309,19.787562377994668,44.69539215299597,5
SAC,1layer,Ant-v4,--,swish,--,21.353670848853174,21.108345889620452,28.73095713403464,5
SAC,1layer,Cartpole-Swingup,--,fgelu,0.1,-0.24335548238409951,-0.6510746245527441,4.436351226395695,5
SAC,1layer,Cartpole-Swingup,--,fgelu,0.2,2.9561455925442712,2.0538424687430314,4.542268727548296,5
SAC,1layer,Cartpole-Swingup,--,fgelu,0.3,0.10175286439281288,0.4405616401291506,4.163287350593406,5
SAC,1layer,Cartpole-Swingup,--,fgelu,0.4,0.2959945413624629,0.2502382152113558,5.9531927128471525,5
SAC,1layer,Cartpole-Swingup,--,fgelu,0.5,0.3635361584376497,-1.1707874898817174,4.627421510853861,5
SAC,1layer,Cartpole-Swingup,--,fswish,0.1,2.2588261866636703,2.1489809397310253,1.9624963792503283,5
SAC,1layer,Cartpole-Swingup,--,fswish,0.2,1.2005192338145383,0.1683408092901609,5.391770595154987,5
SAC,1layer,Cartpole-Swingup,--,fswish,0.3,1.286368706570184,-0.11314085669429907,5.555663284059198,5
SAC,1layer,Cartpole-Swingup,--,fswish,0.4,5.194927382639776,5.033644982367976,1.3359526671361868,5
SAC,1layer,Cartpole-Swingup,--,fswish,0.5,-1.1363479564270218,-0.4989649457340259,6.641935522456832,5
SAC,1layer,Cartpole-Swingup,--,gelu,--,-6.310084867643938,-6.243439054786804,2.8976989595579856,5
SAC,1layer,Cartpole-Swingup,--,swish,--,-8.486763897020408,-8.544188792801517,5.912176663296899,5
SAC,1layer,Cheetah-Run,--,fgelu,0.1,5.512760434391173,4.544031344681342,7.140368409934211,5
SAC,1layer,Cheetah-Run,--,fgelu,0.2,21.274187283339838,20.514009734458252,15.597770809309287,5
SAC,1layer,Cheetah-Run,--,fgelu,0.3,8.68349401524092,6.333720592088122,8.733793702891434,5
SAC,1layer,Cheetah-Run,--,fgelu,0.4,2.7551303661037188,9.381855084140295,17.13934282606962,5
SAC,1layer,Cheetah-Run,--,fgelu,0.5,18.67507729824612,17.66895293489667,14.387550236036939,5
SAC,1layer,Cheetah-Run,--,fswish,0.1,15.520613715889597,13.071279091936503,21.036286090012762,5
SAC,1layer,Cheetah-Run,--,fswish,0.2,35.460857243823774,30.756706653540835,19.379494376017362,5
SAC,1layer,Cheetah-Run,--,fswish,0.3,26.25457324189728,23.31188804082716,20.92283904700608,5
SAC,1layer,Cheetah-Run,--,fswish,0.4,5.231658700423718,5.260920465548665,2.2136332289988894,5
SAC,1layer,Cheetah-Run,--,fswish,0.5,10.506445908694815,10.181767736614114,10.341915071065618,5
SAC,1layer,Cheetah-Run,--,gelu,--,11.720656732834021,15.216142571689167,10.263632791159598,5
SAC,1layer,Cheetah-Run,--,swish,--,-8.12665885386368,-5.123703605568219,23.261161483652547,5
SAC,1layer,Finger-Spin,--,fgelu,0.1,-27.10023443692972,-27.39100369364659,10.039406051184425,5
SAC,1layer,Finger-Spin,--,fgelu,0.2,-0.9509593923754588,-0.4368285237219812,8.39645287772782,5
SAC,1layer,Finger-Spin,--,fgelu,0.3,6.221573819522919,7.048455920797425,10.966815997286954,5
SAC,1layer,Finger-Spin,--,fgelu,0.4,7.119124319036615,4.625659880926279,13.430862133593974,5
SAC,1layer,Finger-Spin,--,fgelu,0.5,8.964823216564627,8.645662916800188,4.384522592963162,5
SAC,1layer,Finger-Spin,--,fswish,0.1,-0.40225329307989427,-0.05245315477897154,4.480653398631296,5
SAC,1layer,Finger-Spin,--,fswish,0.2,-9.070797703979805,-9.811101178931036,13.789544050644613,5
SAC,1layer,Finger-Spin,--,fswish,0.3,-3.0586429643622135,-2.449275606753133,13.091599192123526,5
SAC,1layer,Finger-Spin,--,fswish,0.4,6.815255828596809,6.275657351031354,13.028138933823492,5
SAC,1layer,Finger-Spin,--,fswish,0.5,1.09432010479387,3.144153412828254,6.53776061329204,5
SAC,1layer,Finger-Spin,--,gelu,--,-14.031640552529053,-14.15830395844226,2.939766895657961,5
SAC,1layer,Finger-Spin,--,swish,--,-35.63104012413351,-33.923361049737736,11.333332806263689,5
SAC,1layer,HalfCheetah-v4,--,fgelu,0.1,17.55099199878957,8.613124808801114,43.785191444885854,5
SAC,1layer,HalfCheetah-v4,--,fgelu,0.2,22.881567772312778,17.206590388007434,20.591595383672818,5
SAC,1layer,HalfCheetah-v4,--,fgelu,0.3,17.559745215900715,6.444257986557838,42.11123187259476,5
SAC,1layer,HalfCheetah-v4,--,fgelu,0.4,29.57886845482092,24.514818292561777,23.394682169414857,5
SAC,1layer,HalfCheetah-v4,--,fgelu,0.5,16.82235914420146,4.530336684747121,42.07387995185703,5
SAC,1layer,HalfCheetah-v4,--,fswish,0.1,18.27580758727556,14.017350431267072,15.007910255888147,5
SAC,1layer,HalfCheetah-v4,--,fswish,0.2,-5.377423355398615,-5.30558004439879,54.035208174390604,5
SAC,1layer,HalfCheetah-v4,--,fswish,0.3,16.86626592108355,6.253357370639587,37.86231895165843,5
SAC,1layer,HalfCheetah-v4,--,fswish,0.4,21.98520173394637,6.526950583825007,41.951615663816845,5
SAC,1layer,HalfCheetah-v4,--,fswish,0.5,16.31542154892949,16.023177943500748,13.613570456223268,5
SAC,1layer,HalfCheetah-v4,--,gelu,--,25.836201634697684,24.522992512169097,11.533271423228799,5
SAC,1layer,HalfCheetah-v4,--,swish,--,-20.441561517869744,-20.93827913608027,40.44193905089144,5
SAC,1layer,Hopper-v4,--,fgelu,0.1,57.37641042700982,58.231236912856176,8.062767440491427,5
SAC,1layer,Hopper-v4,--,fgelu,0.2,51.083833290816735,51.11468612328134,9.34353322407722,5
SAC,1layer,Hopper-v4,--,fgelu,0.3,43.5406181030807,35.10896536786824,36.203129740517646,5
SAC,1layer,Hopper-v4,--,fgelu,0.4,58.438937085394066,56.00231614827423,14.171559642099282,5
SAC,1layer,Hopper-v4,--,fgelu,0.5,27.691795216134395,22.58521868494598,52.93563908674428,5
SAC,1layer,Hopper-v4,--,fswish,0.1,34.16978360447887,33.846901314197375,27.51896094932906,5
SAC,1layer,Hopper-v4,--,fswish,0.2,19.338808224125184,15.631148997233776,33.912376320375294,5
SAC,1layer,Hopper-v4,--,fswish,0.3,-0.43805411293740865,-3.3428524014438623,12.244253295403848,5
SAC,1layer,Hopper-v4,--,fswish,0.4,-4.55037254398499,-7.594135064145928,16.8434905108259,5
SAC,1layer,Hopper-v4,--,fswish,0.5,-35.67654706641011,-30.70331365479865,25.933236942858034,5
SAC,1layer,Hopper-v4,--,gelu,--,45.39599678949989,35.07828479861824,27.76972327529325,5
SAC,1layer,Hopper-v4,--,swish,--,37.602725272984515,34.79275531550888,14.131968722703613,5
SAC,1layer,Humanoid-v4,--,fgelu,0.1,5.0514595951881285,5.454065211613916,7.1319807964059985,5
SAC,1layer,Humanoid-v4,--,fgelu,0.2,2.1980363594379986,1.7788225968233866,6.99377587875774,5
SAC,1layer,Humanoid-v4,--,fgelu,0.3,4.9440086963658745,5.355443662547344,6.71205567545712,5
SAC,1layer,Humanoid-v4,--,fgelu,0.4,4.372303727602081,4.321237444278897,4.8659044054108325,5
SAC,1layer,Humanoid-v4,--,fgelu,0.5,-4.090998656814747,-7.099866642114073,13.46907358428478,5
SAC,1layer,Humanoid-v4,--,fswish,0.1,8.589102915965688,4.752635981109931,13.059055031090354,5
SAC,1layer,Humanoid-v4,--,fswish,0.2,-7.25498850198563,-7.370823411212688,10.969733734967642,5
SAC,1layer,Humanoid-v4,--,fswish,0.3,0.919206405889102,-1.5173807463887319,9.93064307876419,5
SAC,1layer,Humanoid-v4,--,fswish,0.4,-4.349563622395537,-5.286959541153872,8.054015929450808,5
SAC,1layer,Humanoid-v4,--,fswish,0.5,1.904384679455597,-0.24250146843611375,11.609867055770325,5
SAC,1layer,Humanoid-v4,--,gelu,--,-12.903534274659819,-11.176564006764476,11.347623146493154,5
SAC,1layer,Humanoid-v4,--,swish,--,-9.415639373546142,-7.327471248802785,5.809280881324356,5
SAC,1layer,Walker-Walk,--,fgelu,0.1,10.223964318401576,11.509767684871187,15.718893215395275,5
SAC,1layer,Walker-Walk,--,fgelu,0.2,1.26074663206997,3.162533728805066,16.260320402508782,5
SAC,1layer,Walker-Walk,--,fgelu,0.3,-19.24185517531724,-15.484292137404356,17.691738280088938,5
SAC,1layer,Walker-Walk,--,fgelu,0.4,-10.561188521649767,-11.961393492980342,8.124566488568354,5
SAC,1layer,Walker-Walk,--,fgelu,0.5,-12.948701825103065,-17.464333821683386,15.455810353954865,5
SAC,1layer,Walker-Walk,--,fswish,0.1,-8.661740471587697,-3.4123726065987867,23.53336820050563,5
SAC,1layer,Walker-Walk,--,fswish,0.2,12.65780359786558,11.616988438055738,23.683301007915375,5
SAC,1layer,Walker-Walk,--,fswish,0.3,-5.069754506960979,-5.647575487775741,13.980963796732185,5
SAC,1layer,Walker-Walk,--,fswish,0.4,3.3802024015071392,6.324993211297266,17.845102938871833,5
SAC,1layer,Walker-Walk,--,fswish,0.5,-8.812414650455212,-9.614173380985083,7.508289071368891,5
SAC,1layer,Walker-Walk,--,gelu,--,-1.8838427076513875,2.6395641598647934,19.664750385696472,5
SAC,1layer,Walker-Walk,--,swish,--,7.2165827816529555,8.904612790747839,21.996085074478422,5
SAC,2layers,Ant-v4,all-actor,fgelu,0.1,24.602675043955703,22.25664509358814,34.2033864434629,5
SAC,2layers,Ant-v4,all-actor,fgelu,0.2,-16.893181752695014,-18.154784338950822,23.31952959178449,5
SAC,2layers,Ant-v4,all-actor,fgelu,0.3,17.9458440604825,16.987994744654,13.951528414954094,5
SAC,2layers,Ant-v4,all-actor,fgelu,0.4,1.5291551277610793,4.6821909331335245,31.8693456249962,5
SAC,2layers,Ant-v4,all-actor,fgelu,0.5,14.71746932738507,15.752903914629854,26.08700642539424,5
SAC,2layers,Ant-v4,all-actor,fswish,0.1,7.4888063772397615,3.2449681613118315,25.49029480331862,5
SAC,2layers,Ant-v4,all-actor,fswish,0.2,-3.6180945872894887,1.1884748760846962,27.672829835488027,5
SAC,2layers,Ant-v4,all-actor,fswish,0.3,-0.14074962521414194,5.405381648047175,21.38553901143489,5
SAC,2layers,Ant-v4,all-actor,fswish,0.4,14.981308597364498,10.53887589870438,37.36749190521752,5
SAC,2layers,Ant-v4,all-actor,fswish,0.5,8.454249797740525,6.8221427226962446,34.960081739447034,5
SAC,2layers,Ant-v4,all-actor,gelu,--,-11.738423262249334,-4.589387384432704,28.534077411324482,5
SAC,2layers,Ant-v4,all-actor,swish,--,-23.945682264763928,-25.01404687893339,24.159660823804362,5
SAC,2layers,Ant-v4,all-both,fgelu,0.1,30.39238837113365,25.67122738738711,27.766474132892835,5
SAC,2layers,Ant-v4,all-both,fgelu,0.2,25.048128116961493,20.893793376609526,12.752751236630873,5
SAC,2layers,Ant-v4,all-both,fgelu,0.3,10.577677088160552,11.463352415082502,23.56068194365534,5
SAC,2layers,Ant-v4,all-both,fgelu,0.4,3.2320520666013515,15.928942568800244,37.33281848677347,5
SAC,2layers,Ant-v4,all-both,fgelu,0.5,8.296369243953878,6.393370749511731,24.574706681017734,5
SAC,2layers,Ant-v4,all-both,fswish,0.1,50.7068845305295,52.99555960154362,15.56214606612462,5
SAC,2layers,Ant-v4,all-both,fswish,0.2,28.838196644405574,34.68182672857651,25.060742164421253,5
SAC,2layers,Ant-v4,all-both,fswish,0.3,21.316820651184646,23.087466580278072,27.167967580880347,5
SAC,2layers,Ant-v4,all-both,fswish,0.4,24.129296650782788,29.638165013858412,33.93707393028666,5
SAC,2layers,Ant-v4,all-both,fswish,0.5,44.967873705576096,39.51041660852775,20.117495494882142,5
SAC,2layers,Ant-v4,all-both,gelu,--,40.546096672255175,34.13623341182693,40.802798426289755,5
SAC,2layers,Ant-v4,all-both,swish,--,56.423310523501186,57.69063471569625,22.857910740680822,5
SAC,2layers,Ant-v4,all-critic,fgelu,0.1,45.55399424819446,46.558868029841584,27.167570640953613,5
SAC,2layers,Ant-v4,all-critic,fgelu,0.2,20.26178244135004,19.44788367077923,35.376442538488135,5
SAC,2layers,Ant-v4,all-critic,fgelu,0.3,44.808095130019304,43.01128579411542,23.17851718528496,5
SAC,2layers,Ant-v4,all-critic,fgelu,0.4,50.97547761698755,47.05240584824974,38.33716660445514,5
SAC,2layers,Ant-v4,all-critic,fgelu,0.5,18.7782737399554,20.85362357175644,18.66904355904046,5
SAC,2layers,Ant-v4,all-critic,fswish,0.1,54.4200376612741,51.50111828041345,20.369328649329944,5
SAC,2layers,Ant-v4,all-critic,fswish,0.2,45.44818995456666,45.06805181890801,34.32320192532872,5
SAC,2layers,Ant-v4,all-critic,fswish,0.3,28.634943160312165,28.62634184769747,21.908408966029622,5
SAC,2layers,Ant-v4,all-critic,fswish,0.4,58.854441126383726,55.48127775739564,21.027822054934038,5
SAC,2layers,Ant-v4,all-critic,fswish,0.5,19.741878125213898,25.060727520124466,26.709005373107505,5
SAC,2layers,Ant-v4,all-critic,gelu,--,43.43270048449978,40.85427261976318,24.935756715016776,5
SAC,2layers,Ant-v4,all-critic,swish,--,61.11380066472028,54.44570669834163,28.17427745196239,5
SAC,2layers,Ant-v4,first-actor,fgelu,0.1,8.968285813898232,8.494818549563762,36.0207459205274,5
SAC,2layers,Ant-v4,first-actor,fgelu,0.2,28.33827909258075,29.955230320285818,19.01455908241042,5
SAC,2layers,Ant-v4,first-actor,fgelu,0.3,-0.09085519124416269,-3.120759058363087,35.98366605201294,5
SAC,2layers,Ant-v4,first-actor,fgelu,0.4,18.843885316136696,20.82360923355598,17.766645556725337,5
SAC,2layers,Ant-v4,first-actor,fgelu,0.5,9.734457722067964,10.607690200676576,24.73893368310977,5
SAC,2layers,Ant-v4,first-actor,fswish,0.1,23.692930110689208,18.51595862940851,31.947731683377114,5
SAC,2layers,Ant-v4,first-actor,fswish,0.2,-13.709981186365738,-8.68459196402856,26.812482982694615,5
SAC,2layers,Ant-v4,first-actor,fswish,0.3,13.807098501017512,15.613946415376395,27.66933156572608,5
SAC,2layers,Ant-v4,first-actor,fswish,0.4,-98.82429455960676,-98.89616747859222,0.5605446393828349,5
SAC,2layers,Ant-v4,first-actor,fswish,0.5,-8.258338064647562,-0.8612137392176799,20.970065448564412,5
SAC,2layers,Ant-v4,first-actor,gelu,--,42.53000936964782,39.926099739325466,33.61100041161239,5
SAC,2layers,Ant-v4,first-actor,swish,--,20.75489965646739,28.85298776478943,34.774139623284086,5
SAC,2layers,Ant-v4,first-both,fgelu,0.1,25.998049254629805,24.157532709948242,34.212431497622504,5
SAC,2layers,Ant-v4,first-both,fgelu,0.2,40.533537401874895,42.006369081317175,15.952396828075118,5
SAC,2layers,Ant-v4,first-both,fgelu,0.3,12.126241060805048,11.241298074497328,18.158435084590106,5
SAC,2layers,Ant-v4,first-both,fgelu,0.4,5.23376319350881,9.172887838070574,28.012975923233643,5
SAC,2layers,Ant-v4,first-both,fgelu,0.5,27.676628348793226,27.7162360802652,19.27118300835122,5
SAC,2layers,Ant-v4,first-both,fswish,0.1,55.370757570978064,56.58865154103703,18.4933737753446,5
SAC,2layers,Ant-v4,first-both,fswish,0.2,43.688218497944234,42.52935817983898,5.248217745370548,5
SAC,2layers,Ant-v4,first-both,fswish,0.3,24.475813292543297,26.600431482230828,25.048295870496748,5
SAC,2layers,Ant-v4,first-both,fswish,0.4,18.08369170300877,17.878316260667468,31.531839324877254,5
SAC,2layers,Ant-v4,first-both,fswish,0.5,63.5361024189211,65.66987997490936,13.475142970444255,5
SAC,2layers,Ant-v4,first-both,gelu,--,42.53000936964782,39.926099739325466,33.61100041161239,5
SAC,2layers,Ant-v4,first-both,swish,--,20.75489965646739,28.85298776478943,34.774139623284086,5
SAC,2layers,Cartpole-Swingup,all-actor,fgelu,0.1,1.9691796053723227,-0.011389619919331472,7.168000167903692,5
SAC,2layers,Cartpole-Swingup,all-actor,fgelu,0.2,2.5829420316772316,2.437614656901101,1.6053449253822816,5
SAC,2layers,Cartpole-Swingup,all-actor,fgelu,0.3,-1.006024236588089,-1.8810096117327215,7.260974514476603,5
SAC,2layers,Cartpole-Swingup,all-actor,fgelu,0.4,-1.341689160798544,-3.875105696395598,11.181932445199216,5
SAC,2layers,Cartpole-Swingup,all-actor,fgelu,0.5,1.956051459616667,1.687139572854197,2.261846907754706,5
SAC,2layers,Cartpole-Swingup,all-actor,fswish,0.1,1.7942089705935687,1.8140929304990199,0.5137167262124045,5
SAC,2layers,Cartpole-Swingup,all-actor,fswish,0.2,0.1008436305973941,-1.3027636287985334,6.843725660927874,5
SAC,2layers,Cartpole-Swingup,all-actor,fswish,0.3,2.376063371375017,2.055306231122188,1.5672304558583905,5
SAC,2layers,Cartpole-Swingup,all-actor,fswish,0.4,0.08737636721577673,0.36840986521831465,3.6886500654744427,5
SAC,2layers,Cartpole-Swingup,all-actor,fswish,0.5,2.118630465036738,2.4783727061460867,2.6007516435116567,5
SAC,2layers,Cartpole-Swingup,all-actor,gelu,--,-0.2457809987919707,0.3634123996502458,3.150133445582551,5
SAC,2layers,Cartpole-Swingup,all-actor,swish,--,3.0887128501612495,2.4889076198760547,1.9234356978329339,5
SAC,2layers,Cartpole-Swingup,all-both,fgelu,0.1,2.1680925779678564,1.850430644242413,2.6329939813549674,5
SAC,2layers,Cartpole-Swingup,all-both,fgelu,0.2,-2.7155046150386988,-5.50253571965551,10.20277810077803,5
SAC,2layers,Cartpole-Swingup,all-both,fgelu,0.3,1.8097827056307878,1.5881958181374072,2.977418940880424,5
SAC,2layers,Cartpole-Swingup,all-both,fgelu,0.4,-0.3387715854451307,-1.8005854261274266,8.731904329062932,5
SAC,2layers,Cartpole-Swingup,all-both,fgelu,0.5,-0.793023039237144,-1.9529630306217112,5.7895019600832285,5
SAC,2layers,Cartpole-Swingup,all-both,fswish,0.1,-9.978605968033117,-11.287383871334608,16.548895939928887,5
SAC,2layers,Cartpole-Swingup,all-both,fswish,0.2,-1.2197193818906307,-1.3424439679338458,2.703297841908901,5
SAC,2layers,Cartpole-Swingup,all-both,fswish,0.3,2.108386071334662,2.910527187437871,2.205083458254176,5
SAC,2layers,Cartpole-Swingup,all-both,fswish,0.4,-0.39587659647798606,-1.0530745099074923,4.821808759422722,5
SAC,2layers,Cartpole-Swingup,all-both,fswish,0.5,1.7374692744305875,0.2907919275838406,5.530137546030349,5
SAC,2layers,Cartpole-Swingup,all-both,gelu,--,-0.7558797301831821,-6.817731359299172,14.6174506684567,5
SAC,2layers,Cartpole-Swingup,all-both,swish,--,2.3702893868795125,0.5134448525783795,5.76759184944352,5
SAC,2layers,Cartpole-Swingup,all-critic,fgelu,0.1,0.3477284726011353,-4.271429972019733,12.366738212568857,5
SAC,2layers,Cartpole-Swingup,all-critic,fgelu,0.2,-0.8104328300530182,-0.9867664077521878,4.76609355758028,5
SAC,2layers,Cartpole-Swingup,all-critic,fgelu,0.3,-2.2657963286729363,-6.793787634393631,12.621858483983681,5
SAC,2layers,Cartpole-Swingup,all-critic,fgelu,0.4,0.35276145657651686,-4.153636841432013,12.304776979629555,5
SAC,2layers,Cartpole-Swingup,all-critic,fgelu,0.5,-6.462868992776726,-7.5060327685020924,8.131471714927013,5
SAC,2layers,Cartpole-Swingup,all-critic,fswish,0.1,2.239677810819526,-0.6800955006397771,8.046551458310075,5
SAC,2layers,Cartpole-Swingup,all-critic,fswish,0.2,2.2385093272140213,2.278257889895678,2.8304094924514738,5
SAC,2layers,Cartpole-Swingup,all-critic,fswish,0.3,0.7822275125583434,-3.811554162112503,13.477481517741657,5
SAC,2layers,Cartpole-Swingup,all-critic,fswish,0.4,1.2404042431967781,0.7625748716261738,3.3369420719682266,5
SAC,2layers,Cartpole-Swingup,all-critic,fswish,0.5,1.4776912115437986,1.4152996697638267,2.1932663265111145,5
SAC,2layers,Cartpole-Swingup,all-critic,gelu,--,1.3154147615381533,-2.5826393485777412,10.179885891608789,5
SAC,2layers,Cartpole-Swingup,all-critic,swish,--,-0.8684385785284929,-1.0338954338996074,3.0843833519755433,5
SAC,2layers,Cartpole-Swingup,first-actor,fgelu,0.1,2.5654649574238864,2.331819726014353,1.3865989427606518,5
SAC,2layers,Cartpole-Swingup,first-actor,fgelu,0.2,0.6139867486197043,0.9031983482390047,1.378387514687641,5
SAC,2layers,Cartpole-Swingup,first-actor,fgelu,0.3,0.8312829229933069,1.4372261844674223,2.685929124752241,5
SAC,2layers,Cartpole-Swingup,first-actor,fgelu,0.4,2.0946317144595543,0.3806929407647631,5.592521992684683,5
SAC,2layers,Cartpole-Swingup,first-actor,fgelu,0.5,1.3238727810548951,-1.0205075720491554,6.617239464004031,5
SAC,2layers,Cartpole-Swingup,first-actor,fswish,0.1,2.8030659065650405,3.1224718818621042,1.707884024597162,5
SAC,2layers,Cartpole-Swingup,first-actor,fswish,0.2,2.5415012768417,2.153384233193017,1.7836197711039758,5
SAC,2layers,Cartpole-Swingup,first-actor,fswish,0.3,0.7387817418446558,0.45004961788826714,2.1521221586670034,5
SAC,2layers,Cartpole-Swingup,first-actor,fswish,0.4,2.2962054395124585,2.3954589557956547,1.2875637700290958,5
SAC,2layers,Cartpole-Swingup,first-actor,fswish,0.5,3.6729628679933284,3.2559864707793076,1.5665644290527514,5
SAC,2layers,Cartpole-Swingup,first-actor,gelu,--,-0.4161523747462284,-1.8153242925016824,4.88669027674692,5
SAC,2layers,Cartpole-Swingup,first-actor,swish,--,2.3996455327948945,1.8760572725237616,3.292176695403279,5
SAC,2layers,Cartpole-Swingup,first-both,fgelu,0.1,0.3306041219659385,0.4940814631654857,3.3311895255482584,5
SAC,2layers,Cartpole-Swingup,first-both,fgelu,0.2,-2.7665356470941784,-2.438980566513583,5.661704385986309,5
SAC,2layers,Cartpole-Swingup,first-both,fgelu,0.3,0.26951068268563466,-1.0047441801929193,4.763927614630022,5
SAC,2layers,Cartpole-Swingup,first-both,fgelu,0.4,3.473945245097802,3.6811091155617843,1.059424602917078,5
SAC,2layers,Cartpole-Swingup,first-both,fgelu,0.5,4.967529449719328,2.9298614260644036,4.695914455057016,5
SAC,2layers,Cartpole-Swingup,first-both,fswish,0.1,-1.0298181831443347,-2.234009122034997,7.835958597340301,5
SAC,2layers,Cartpole-Swingup,first-both,fswish,0.2,0.1582714852107495,0.3662123648662989,2.9651688580703475,5
SAC,2layers,Cartpole-Swingup,first-both,fswish,0.3,1.1797462405076948,0.5350523433440054,3.3362822764768287,5
SAC,2layers,Cartpole-Swingup,first-both,fswish,0.4,2.0840800960422237,2.339097854482375,2.1094199564385,5
SAC,2layers,Cartpole-Swingup,first-both,fswish,0.5,2.4306461876950465,3.112009785807967,2.1892304080515568,5
SAC,2layers,Cartpole-Swingup,first-both,gelu,--,1.7870233160382443,1.88030746195832,1.99092031188933,5
SAC,2layers,Cartpole-Swingup,first-both,swish,--,-0.862417143509715,-3.801924209703081,8.368727066539417,5
SAC,2layers,Cheetah-Run,all-actor,fgelu,0.1,10.361442641805832,12.609171024799718,10.995113587219906,5
SAC,2layers,Cheetah-Run,all-actor,fgelu,0.2,13.596172269514518,14.909935816950005,9.289890403378985,5
SAC,2layers,Cheetah-Run,all-actor,fgelu,0.3,14.955496803400953,15.021768997268163,5.280818514091628,5
SAC,2layers,Cheetah-Run,all-actor,fgelu,0.4,16.43257855419671,16.70437693699795,9.549323462845125,5
SAC,2layers,Cheetah-Run,all-actor,fgelu,0.5,12.500171471987242,12.73990434614929,9.184663166341446,5
SAC,2layers,Cheetah-Run,all-actor,fswish,0.1,13.000400638929543,12.528354115076045,6.182694055390386,5
SAC,2layers,Cheetah-Run,all-actor,fswish,0.2,12.870605857952222,9.183596531093931,13.843084123193739,5
SAC,2layers,Cheetah-Run,all-actor,fswish,0.3,7.525619589586121,8.879647739666819,12.060539264188987,5
SAC,2layers,Cheetah-Run,all-actor,fswish,0.4,-9.171211023146414,-7.5166741138055855,13.056916435536092,5
SAC,2layers,Cheetah-Run,all-actor,fswish,0.5,7.715734192812795,7.958823378665764,2.843160000578832,5
SAC,2layers,Cheetah-Run,all-actor,gelu,--,10.564307527870007,9.148820129031174,21.552927200175414,5
SAC,2layers,Cheetah-Run,all-actor,swish,--,19.79160389234526,17.51656695293917,8.337315825866247,5
SAC,2layers,Cheetah-Run,all-both,fgelu,0.1,15.706949960098854,15.891636117390188,5.89190859712697,5
SAC,2layers,Cheetah-Run,all-both,fgelu,0.2,4.880517459739004,0.26543942311602375,13.454189324874973,5
SAC,2layers,Cheetah-Run,all-both,fgelu,0.3,8.600334863299267,6.115716929304862,18.332437586305275,5
SAC,2layers,Cheetah-Run,all-both,fgelu,0.4,17.815821051187115,18.687922682771507,5.275889919009689,5
SAC,2layers,Cheetah-Run,all-both,fgelu,0.5,2.962673870404267,2.4362991294772947,13.631418314242046,5
SAC,2layers,Cheetah-Run,all-both,fswish,0.1,7.3436458809880705,7.98635404661478,7.887245789244957,5
SAC,2layers,Cheetah-Run,all-both,fswish,0.2,15.206455568313567,16.046516240322177,5.856851718535275,5
SAC,2layers,Cheetah-Run,all-both,fswish,0.3,13.049006976350896,12.379954975695814,14.91404109149314,5
SAC,2layers,Cheetah-Run,all-both,fswish,0.4,3.8355322357793518,4.481655848785637,7.140423268818162,5
SAC,2layers,Cheetah-Run,all-both,fswish,0.5,9.843575875460052,3.679764759662554,16.3106607012514,5
SAC,2layers,Cheetah-Run,all-both,gelu,--,11.431635956209156,10.649918261408652,7.9643098972937425,5
SAC,2layers,Cheetah-Run,all-both,swish,--,-9.496892285282138,-6.939813180439332,11.533486318202296,5
SAC,2layers,Cheetah-Run,all-critic,fgelu,0.1,13.229269865007277,14.482614511482222,6.622963963883605,5
SAC,2layers,Cheetah-Run,all-critic,fgelu,0.2,8.927705241604954,5.679641955049744,12.085854850281693,5
SAC,2layers,Cheetah-Run,all-critic,fgelu,0.3,4.661376042884558,6.540960732915037,8.126944412484198,5
SAC,2layers,Cheetah-Run,all-critic,fgelu,0.4,4.746595240354001,4.784884778505084,9.740759307306273,5
SAC,2layers,Cheetah-Run,all-critic,fgelu,0.5,7.675012757148603,7.21903821820968,9.561223753856265,5
SAC,2layers,Cheetah-Run,all-critic,fswish,0.1,12.634756111390201,6.723247085548482,19.251967663317227,5
SAC,2layers,Cheetah-Run,all-critic,fswish,0.2,13.171268270838207,13.155655379019754,13.86623316797995,5
SAC,2layers,Cheetah-Run,all-critic,fswish,0.3,11.444367636780429,12.180229091534418,11.078085623699238,5
SAC,2layers,Cheetah-Run,all-critic,fswish,0.4,6.1694396926631105,2.644132960822189,14.074659663440132,5
SAC,2layers,Cheetah-Run,all-critic,fswish,0.5,7.567142907776091,8.078765921768909,7.15071926458535,5
SAC,2layers,Cheetah-Run,all-critic,gelu,--,-3.023793206100182,-2.5465867018116266,2.4442119753013443,5
SAC,2layers,Cheetah-Run,all-critic,swish,--,14.436730373658577,11.697743321583099,8.733147120696836,5
SAC,2layers,Cheetah-Run,first-actor,fgelu,0.1,17.752758087402672,16.044594147318655,13.809160956001236,5
SAC,2layers,Cheetah-Run,first-actor,fgelu,0.2,19.947002482306328,20.162984625772776,5.384302781921317,5
SAC,2layers,Cheetah-Run,first-actor,fgelu,0.3,6.265223675637439,4.782946845169878,10.430105838768336,5
SAC,2layers,Cheetah-Run,first-actor,fgelu,0.4,6.61372753768871,7.9999839041088965,8.654177393893166,5
SAC,2layers,Cheetah-Run,first-actor,fgelu,0.5,8.950407956628615,9.938783123361308,8.706906650639006,5
SAC,2layers,Cheetah-Run,first-actor,fswish,0.1,7.5921996174539546,8.79539186609399,11.055510992448326,5
SAC,2layers,Cheetah-Run,first-actor,fswish,0.2,9.218013179406329,10.940386635284874,13.500168095134267,5
SAC,2layers,Cheetah-Run,first-actor,fswish,0.3,14.94234878306456,14.294033870030608,5.695170420912259,5
SAC,2layers,Cheetah-Run,first-actor,fswish,0.4,15.337605177831277,14.065891086428508,10.06760381468899,5
SAC,2layers,Cheetah-Run,first-actor,fswish,0.5,13.2403488388911,12.414443579728038,14.778323393362616,5
SAC,2layers,Cheetah-Run,first-actor,gelu,--,9.366590724454364,10.650141574816672,7.393780644743157,5
SAC,2layers,Cheetah-Run,first-actor,swish,--,6.778606906591812,5.825546130219052,12.010701372595591,5
SAC,2layers,Cheetah-Run,first-both,fgelu,0.1,10.53696877070575,10.551220485351246,11.053616100544707,5
SAC,2layers,Cheetah-Run,first-both,fgelu,0.2,5.481322561502185,5.477229327660601,2.951793538325458,5
SAC,2layers,Cheetah-Run,first-both,fgelu,0.3,4.15943143475591,6.306760206421375,11.7685410239956,5
SAC,2layers,Cheetah-Run,first-both,fgelu,0.4,9.01614285003501,10.402100465632433,8.029087510661869,5
SAC,2layers,Cheetah-Run,first-both,fgelu,0.5,5.587930696731164,6.958499743093663,11.296944653427143,5
SAC,2layers,Cheetah-Run,first-both,fswish,0.1,7.232470007324939,7.504905344614547,6.464230435987197,5
SAC,2layers,Cheetah-Run,first-both,fswish,0.2,11.040219619975508,9.578004157235332,9.244607777321846,5
SAC,2layers,Cheetah-Run,first-both,fswish,0.3,11.137907303908293,13.024324252197896,6.148427262477399,5
SAC,2layers,Cheetah-Run,first-both,fswish,0.4,12.858343019785986,13.258327740917792,6.592854210549137,5
SAC,2layers,Cheetah-Run,first-both,fswish,0.5,17.57634024120109,16.54786124228125,16.475001236808108,5
SAC,2layers,Cheetah-Run,first-both,gelu,--,-4.333835777884501,-4.229397942915236,6.935743519959208,5
SAC,2layers,Cheetah-Run,first-both,swish,--,-11.176495694489411,-9.116350751768682,13.957420498642506,5
SAC,2layers,Finger-Spin,all-actor,fgelu,0.1,10.353884013981917,10.358353206978787,4.80277977169725,5
SAC,2layers,Finger-Spin,all-actor,fgelu,0.2,7.734651650178197,8.32796079281582,4.712456727963101,5
SAC,2layers,Finger-Spin,all-actor,fgelu,0.3,13.832009691492559,13.535664160115022,2.1797137754395473,5
SAC,2layers,Finger-Spin,all-actor,fgelu,0.4,10.31679922102917,10.210156668986844,5.593961352765623,5
SAC,2layers,Finger-Spin,all-actor,fgelu,0.5,8.589265949313647,7.461888243550099,4.1774675068449785,5
SAC,2layers,Finger-Spin,all-actor,fswish,0.1,7.472443146159727,8.381448474959207,4.744043025083365,5
SAC,2layers,Finger-Spin,all-actor,fswish,0.2,4.570795820638923,3.475558268767758,8.073423972007692,5
SAC,2layers,Finger-Spin,all-actor,fswish,0.3,7.903435002719552,9.49755810901788,10.25571338435299,5
SAC,2layers,Finger-Spin,all-actor,fswish,0.4,9.733426901118628,11.03400960781405,7.366284056236321,5
SAC,2layers,Finger-Spin,all-actor,fswish,0.5,13.852691595254669,13.599421477229935,1.7525807591449676,5
SAC,2layers,Finger-Spin,all-actor,gelu,--,11.571025936533657,11.769857480288007,9.153094403167147,5
SAC,2layers,Finger-Spin,all-actor,swish,--,9.311706242796992,8.623355432066365,2.5333465002240536,5
SAC,2layers,Finger-Spin,all-both,fgelu,0.1,14.593912008246136,15.479049944658078,7.406855041442802,5
SAC,2layers,Finger-Spin,all-both,fgelu,0.2,9.446970647861823,9.441360384312564,5.856580789564764,5
SAC,2layers,Finger-Spin,all-both,fgelu,0.3,11.540835111501613,11.987374054337781,2.3937293811678826,5
SAC,2layers,Finger-Spin,all-both,fgelu,0.4,13.23508715877236,11.281764551502219,6.075274664604199,5
SAC,2layers,Finger-Spin,all-both,fgelu,0.5,13.55030789887072,13.010771706014584,5.081594455032246,5
SAC,2layers,Finger-Spin,all-both,fswish,0.1,14.609126282278032,14.469915674886177,2.0534058194873186,5
SAC,2layers,Finger-Spin,all-both,fswish,0.2,11.917150670759307,10.351506783664433,6.48073977609658,5
SAC,2layers,Finger-Spin,all-both,fswish,0.3,8.373888882549608,9.291880141949175,4.916244759838963,5
SAC,2layers,Finger-Spin,all-both,fswish,0.4,13.800392528270024,14.783282175336902,5.826402724783267,5
SAC,2layers,Finger-Spin,all-both,fswish,0.5,14.286773851227222,13.665460935449639,4.292799718429835,5
SAC,2layers,Finger-Spin,all-both,gelu,--,11.259846487975018,11.190906808767986,3.674922564727499,5
SAC,2layers,Finger-Spin,all-both,swish,--,6.587400298960485,7.624633431085044,4.176942916520595,5
SAC,2layers,Finger-Spin,all-critic,fgelu,0.1,13.792785391254077,12.736058970526148,3.6784521034125253,5
SAC,2layers,Finger-Spin,all-critic,fgelu,0.2,11.662549303756785,11.067813822928674,4.724053259064004,5
SAC,2layers,Finger-Spin,all-critic,fgelu,0.3,7.913419370052984,7.667138309161655,7.112933186230419,5
SAC,2layers,Finger-Spin,all-critic,fgelu,0.4,12.139421705444045,12.156537763729933,5.319054479510188,5
SAC,2layers,Finger-Spin,all-critic,fgelu,0.5,11.065864494068336,11.515541380923583,2.864535463579425,5
SAC,2layers,Finger-Spin,all-critic,fswish,0.1,-0.8205248163827309,-1.2558907767267256,3.149915366757309,5
SAC,2layers,Finger-Spin,all-critic,fswish,0.2,15.695520537368159,13.732356196583634,5.395551727099977,5
SAC,2layers,Finger-Spin,all-critic,fswish,0.3,14.751284655263568,16.76332485137556,5.311105917403508,5
SAC,2layers,Finger-Spin,all-critic,fswish,0.4,7.419906356143334,7.93757203007862,6.356284176272184,5
SAC,2layers,Finger-Spin,all-critic,fswish,0.5,7.897254203894093,7.778392688019901,5.670399403691534,5
SAC,2layers,Finger-Spin,all-critic,gelu,--,10.247146372726894,10.523237901799469,5.135240303342091,5
SAC,2layers,Finger-Spin,all-critic,swish,--,7.721339160400287,8.844865753049511,3.6336788652302707,5
SAC,2layers,Finger-Spin,first-actor,fgelu,0.1,10.315610605870427,6.879942261830048,11.464961887850079,5
SAC,2layers,Finger-Spin,first-actor,fgelu,0.2,4.3929789928911305,2.7415646359414403,11.035927434471803,5
SAC,2layers,Finger-Spin,first-actor,fgelu,0.3,6.464972937610066,5.400829558291589,5.527487163051109,5
SAC,2layers,Finger-Spin,first-actor,fgelu,0.4,8.685543777171743,8.647175279847554,4.929142621449485,5
SAC,2layers,Finger-Spin,first-actor,fgelu,0.5,7.202389782093561,6.37002635872976,5.088897658495794,5
SAC,2layers,Finger-Spin,first-actor,fswish,0.1,10.036048320534325,11.254236224425757,8.408745392385471,5
SAC,2layers,Finger-Spin,first-actor,fswish,0.2,12.540935906067075,14.084091194358546,6.7144296030064785,5
SAC,2layers,Finger-Spin,first-actor,fswish,0.3,9.400376933639139,8.745164713534237,5.341700712979943,5
SAC,2layers,Finger-Spin,first-actor,fswish,0.4,12.145364781237758,11.441371795018085,3.3496240295630377,5
SAC,2layers,Finger-Spin,first-actor,fswish,0.5,10.023448999851661,11.526381551171308,7.010451273988958,5
SAC,2layers,Finger-Spin,first-actor,gelu,--,9.641428087832004,8.281747435443934,7.054916917956498,5
SAC,2layers,Finger-Spin,first-actor,swish,--,12.09805789791983,12.136569029063066,3.092419000865582,5
SAC,2layers,Finger-Spin,first-both,fgelu,0.1,9.356873618829185,9.45491059712222,4.710359170700539,5
SAC,2layers,Finger-Spin,first-both,fgelu,0.2,10.777268733525794,12.292182525645561,6.5147769939907985,5
SAC,2layers,Finger-Spin,first-both,fgelu,0.3,11.60882389858165,7.858410260506406,10.174596395099265,5
SAC,2layers,Finger-Spin,first-both,fgelu,0.4,10.5331271799202,11.889527254470144,7.61536383774764,5
SAC,2layers,Finger-Spin,first-both,fgelu,0.5,8.383397803819543,8.365330853406666,3.5062932638912434,5
SAC,2layers,Finger-Spin,first-both,fswish,0.1,8.529359745313053,7.91118477355455,6.777837187029085,5
SAC,2layers,Finger-Spin,first-both,fswish,0.2,6.115520080939938,6.866819950477537,5.349931870369425,5
SAC,2layers,Finger-Spin,first-both,fswish,0.3,12.82572809810164,12.362215730798635,5.973175134835268,5
SAC,2layers,Finger-Spin,first-both,fswish,0.4,14.97902331967852,14.041728950100984,2.6674663869659887,5
SAC,2layers,Finger-Spin,first-both,fswish,0.5,12.19219621849219,12.086361924757808,2.5264206500786512,5
SAC,2layers,Finger-Spin,first-both,gelu,--,10.00157848093081,10.407704508369752,4.524839524827512,5
SAC,2layers,Finger-Spin,first-both,swish,--,10.60254230519073,9.368617136597555,4.538625138878737,5
SAC,2layers,HalfCheetah-v4,all-actor,fgelu,0.1,9.85313872094689,11.45420608723465,10.958145130367756,5
SAC,2layers,HalfCheetah-v4,all-actor,fgelu,0.2,7.321154740908874,6.556926842472042,16.92311952854592,5
SAC,2layers,HalfCheetah-v4,all-actor,fgelu,0.3,6.30357410180078,5.3658536508157475,18.636366932907592,5
SAC,2layers,HalfCheetah-v4,all-actor,fgelu,0.4,10.551877928597863,10.464444385398687,9.987359481761821,5
SAC,2layers,HalfCheetah-v4,all-actor,fgelu,0.5,0.8202950669959149,-10.110006894132425,35.07171760595539,5
SAC,2layers,HalfCheetah-v4,all-actor,fswish,0.1,17.72550475387716,17.079202953135304,7.18267843924119,5
SAC,2layers,HalfCheetah-v4,all-actor,fswish,0.2,12.474706084460239,-3.5481839754696494,41.071317713976256,5
SAC,2layers,HalfCheetah-v4,all-actor,fswish,0.3,16.909981479136192,16.234477041305077,9.71028544411149,5
SAC,2layers,HalfCheetah-v4,all-actor,fswish,0.4,14.010818648866703,13.129469850950084,15.884008824659556,5
SAC,2layers,HalfCheetah-v4,all-actor,fswish,0.5,1.5886787997601217,1.6975644606162574,13.340899751769015,5
SAC,2layers,HalfCheetah-v4,all-actor,gelu,--,-2.322338341299036,-2.780194107813347,15.058353509346997,5
SAC,2layers,HalfCheetah-v4,all-actor,swish,--,-0.7028923224668541,-1.2810598802797801,8.243303605357173,5
SAC,2layers,HalfCheetah-v4,all-both,fgelu,0.1,13.330495025595768,11.213519544701231,13.980200512952937,5
SAC,2layers,HalfCheetah-v4,all-both,fgelu,0.2,0.5797879487578759,1.5712790570811872,16.059256506425612,5
SAC,2layers,HalfCheetah-v4,all-both,fgelu,0.3,17.13700968602907,16.77966591982649,5.521638971159344,5
SAC,2layers,HalfCheetah-v4,all-both,fgelu,0.4,15.355543655041714,13.1348481911699,11.065734825153612,5
SAC,2layers,HalfCheetah-v4,all-both,fgelu,0.5,6.94774770606877,7.439226294530537,11.188364611546026,5
SAC,2layers,HalfCheetah-v4,all-both,fswish,0.1,21.010321818621644,16.446556496106975,15.048493929564092,5
SAC,2layers,HalfCheetah-v4,all-both,fswish,0.2,24.705368372702953,25.844786179170136,3.9439306694061194,5
SAC,2layers,HalfCheetah-v4,all-both,fswish,0.3,8.284063081959111,-3.213871113128613,38.96263506373328,5
SAC,2layers,HalfCheetah-v4,all-both,fswish,0.4,4.47278837761704,2.954511480265128,4.989620137922063,5
SAC,2layers,HalfCheetah-v4,all-both,fswish,0.5,19.955659740509258,16.302570864368256,13.623485782212853,5
SAC,2layers,HalfCheetah-v4,all-both,gelu,--,15.962688684901458,2.3422602339362526,41.3096563793338,5
SAC,2layers,HalfCheetah-v4,all-both,swish,--,20.86693166976381,21.694704454254367,9.30791339874929,5
SAC,2layers,HalfCheetah-v4,all-critic,fgelu,0.1,15.884644567016357,13.530828930334838,8.737189530924045,5
SAC,2layers,HalfCheetah-v4,all-critic,fgelu,0.2,18.94317979683456,14.07645660804018,17.46377254452942,5
SAC,2layers,HalfCheetah-v4,all-critic,fgelu,0.3,2.5726971691986362,3.4959452286632513,10.31158643916873,5
SAC,2layers,HalfCheetah-v4,all-critic,fgelu,0.4,8.276526121191594,5.722025275620842,14.742671430051232,5
SAC,2layers,HalfCheetah-v4,all-critic,fgelu,0.5,-7.564203281054096,-1.6905273966845253,16.65134346528182,5
SAC,2layers,HalfCheetah-v4,all-critic,fswish,0.1,28.08912516025835,26.75674933809561,13.016444189309476,5
SAC,2layers,HalfCheetah-v4,all-critic,fswish,0.2,18.522252927134087,17.954745551273582,6.955140427331874,5
SAC,2layers,HalfCheetah-v4,all-critic,fswish,0.3,23.459101004807838,18.060779143797486,18.433435294733215,5
SAC,2layers,HalfCheetah-v4,all-critic,fswish,0.4,24.037137100761697,23.685487978128627,3.5482331714496875,5
SAC,2layers,HalfCheetah-v4,all-critic,fswish,0.5,27.712415313690155,21.86851945339692,15.198888346667951,5
SAC,2layers,HalfCheetah-v4,all-critic,gelu,--,4.76783849430095,5.909574973885098,15.378276782409378,5
SAC,2layers,HalfCheetah-v4,all-critic,swish,--,14.619599728235647,16.284477543755123,7.84486545453782,5
SAC,2layers,HalfCheetah-v4,first-actor,fgelu,0.1,12.20582774496063,12.771295472150063,5.59257209489583,5
SAC,2layers,HalfCheetah-v4,first-actor,fgelu,0.2,5.321142672361578,7.377825212420689,17.023126195667853,5
SAC,2layers,HalfCheetah-v4,first-actor,fgelu,0.3,1.7440360699199136,3.2558974257991053,12.989393616166755,5
SAC,2layers,HalfCheetah-v4,first-actor,fgelu,0.4,-9.822740570689136,-15.13050164084876,38.52543069828927,5
SAC,2layers,HalfCheetah-v4,first-actor,fgelu,0.5,-0.9157583353926976,-0.23865222928760366,13.123070464892285,5
SAC,2layers,HalfCheetah-v4,first-actor,fswish,0.1,5.49950913817334,-4.90566590047838,41.12587597278152,5
SAC,2layers,HalfCheetah-v4,first-actor,fswish,0.2,13.638186475055141,12.727824657562513,8.276278744660543,5
SAC,2layers,HalfCheetah-v4,first-actor,fswish,0.3,12.02922678875244,0.13185298649351865,41.29744638086646,5
SAC,2layers,HalfCheetah-v4,first-actor,fswish,0.4,10.279158967362621,-2.295486539248393,39.958920126752204,5
SAC,2layers,HalfCheetah-v4,first-actor,fswish,0.5,15.414465111796432,16.16138728718603,11.367370139348363,5
SAC,2layers,HalfCheetah-v4,first-actor,gelu,--,-1.4026152622650272,0.6092152934029886,19.689890063447322,5
SAC,2layers,HalfCheetah-v4,first-actor,swish,--,17.237944884802868,13.016371144972538,15.691799792927437,5
SAC,2layers,HalfCheetah-v4,first-both,fgelu,0.1,19.217361947691952,17.763277576384787,8.411544230963377,5
SAC,2layers,HalfCheetah-v4,first-both,fgelu,0.2,1.313421917271958,1.8820478676625245,11.162953137345422,5
SAC,2layers,HalfCheetah-v4,first-both,fgelu,0.3,3.1560615758938204,7.278085872691515,13.110837135343669,5
SAC,2layers,HalfCheetah-v4,first-both,fgelu,0.4,0.39131400374182834,5.703616950669905,13.059052863145137,5
SAC,2layers,HalfCheetah-v4,first-both,fgelu,0.5,-3.119006890428358,-0.1713698371781419,11.310438871619015,5
SAC,2layers,HalfCheetah-v4,first-both,fswish,0.1,17.062668093082213,17.248837391666996,11.244640204913127,5
SAC,2layers,HalfCheetah-v4,first-both,fswish,0.2,6.917680061664331,9.274928439422556,14.414859895529778,5
SAC,2layers,HalfCheetah-v4,first-both,fswish,0.3,14.004333563868954,15.691839453029925,18.681152702681608,5
SAC,2layers,HalfCheetah-v4,first-both,fswish,0.4,19.879055873022416,18.23589225259426,16.05679803998263,5
SAC,2layers,HalfCheetah-v4,first-both,fswish,0.5,19.456735800400747,16.60495386021298,14.668217155692762,5
SAC,2layers,HalfCheetah-v4,first-both,gelu,--,-1.4026152622650272,0.6092152934029886,19.689890063447322,5
SAC,2layers,HalfCheetah-v4,first-both,swish,--,17.237944884802868,13.016371144972538,15.691799792927437,5
SAC,2layers,Hopper-v4,all-actor,fgelu,0.1,8.422133060386846,9.731084057874071,6.546968140393316,5
SAC,2layers,Hopper-v4,all-actor,fgelu,0.2,1.3588725783393325,-0.38262898172251864,15.0850715346526,5
SAC,2layers,Hopper-v4,all-actor,fgelu,0.3,16.630952076076113,17.708922221685103,8.027413405955098,5
SAC,2layers,Hopper-v4,all-actor,fgelu,0.4,5.111913763186482,6.471389130152337,16.42522929825989,5
SAC,2layers,Hopper-v4,all-actor,fgelu,0.5,-5.762769732589436,-4.970041052724192,11.404278650239572,5
SAC,2layers,Hopper-v4,all-actor,fswish,0.1,-1.0327913144197995,-0.21913654696265725,15.544755698214198,5
SAC,2layers,Hopper-v4,all-actor,fswish,0.2,11.771956090743984,5.27311802426267,16.7151743934477,5
SAC,2layers,Hopper-v4,all-actor,fswish,0.3,1.359167542315494,0.9409199837295013,17.64177819171968,5
SAC,2layers,Hopper-v4,all-actor,fswish,0.4,5.998156024673894,3.729090016592514,14.303489805167095,5
SAC,2layers,Hopper-v4,all-actor,fswish,0.5,3.433553972699259,-0.8259029585181343,12.40872415738957,5
SAC,2layers,Hopper-v4,all-actor,gelu,--,0.2678478185866205,0.38816555999586916,15.497530256758443,5
SAC,2layers,Hopper-v4,all-actor,swish,--,7.5327344759024015,7.589549205125643,13.003063636819094,5
SAC,2layers,Hopper-v4,all-both,fgelu,0.1,3.5829657366126604,0.14225137642679933,17.922691033062563,5
SAC,2layers,Hopper-v4,all-both,fgelu,0.2,-7.8999359065072525,-8.013099893886729,18.736938101916248,5
SAC,2layers,Hopper-v4,all-both,fgelu,0.3,4.036220574869621,4.3645988013090875,16.28476344739584,5
SAC,2layers,Hopper-v4,all-both,fgelu,0.4,14.300673332514728,14.64582249642707,10.162722665813297,5
SAC,2layers,Hopper-v4,all-both,fgelu,0.5,18.12702617731074,17.258287723554023,5.082135903082535,5
SAC,2layers,Hopper-v4,all-both,fswish,0.1,1.0422235045065193,1.9190401679284357,17.98265986046672,5
SAC,2layers,Hopper-v4,all-both,fswish,0.2,-4.102983203223135,-4.270111019038784,12.147905200691325,5
SAC,2layers,Hopper-v4,all-both,fswish,0.3,-1.269637951408696,-1.570316362257082,4.566139255167058,5
SAC,2layers,Hopper-v4,all-both,fswish,0.4,-4.542887982235009,-7.159705988214123,14.344566451186436,5
SAC,2layers,Hopper-v4,all-both,fswish,0.5,-11.768501416839646,-13.695339968370138,16.638262129194352,5
SAC,2layers,Hopper-v4,all-both,gelu,--,-6.092378730966662,-4.620086772183204,13.9249669540435,5
SAC,2layers,Hopper-v4,all-both,swish,--,1.3463400776067054,-2.835003789446308,13.319825712663633,5
SAC,2layers,Hopper-v4,all-critic,fgelu,0.1,1.5987805236571748,-0.3912366553773559,16.266644620116285,5
SAC,2layers,Hopper-v4,all-critic,fgelu,0.2,7.632186556177104,3.663390885331958,18.244590247578365,5
SAC,2layers,Hopper-v4,all-critic,fgelu,0.3,13.332720569469783,6.523962537328157,25.54792403643248,5
SAC,2layers,Hopper-v4,all-critic,fgelu,0.4,5.377546676815736,5.1390739517058375,12.405173939298264,5
SAC,2layers,Hopper-v4,all-critic,fgelu,0.5,-1.320574681267655,-1.6244075393977357,16.197234653016572,5
SAC,2layers,Hopper-v4,all-critic,fswish,0.1,1.1205366980671496,-1.9165021417967716,16.829356613762315,5
SAC,2layers,Hopper-v4,all-critic,fswish,0.2,9.534881982743661,7.051624591669831,15.3451153052089,5
SAC,2layers,Hopper-v4,all-critic,fswish,0.3,-6.981112737821668,-11.048698372385513,28.302107242919988,5
SAC,2layers,Hopper-v4,all-critic,fswish,0.4,-10.031733486259768,-6.562117368157303,15.995708619449674,5
SAC,2layers,Hopper-v4,all-critic,fswish,0.5,-4.205749078002465,-5.5592338444580545,20.81009273385945,5
SAC,2layers,Hopper-v4,all-critic,gelu,--,1.3887385350462045,-3.6236358294456963,21.5192551214759,5
SAC,2layers,Hopper-v4,all-critic,swish,--,-0.42291628893034855,0.4545590818784543,8.732004088638652,5
SAC,2layers,Hopper-v4,first-actor,fgelu,0.1,0.6151639555706367,-0.19845199294546206,18.41184056183393,5
SAC,2layers,Hopper-v4,first-actor,fgelu,0.2,1.003506870819513,0.94096477888978,13.888881176101254,5
SAC,2layers,Hopper-v4,first-actor,fgelu,0.3,6.919658884222717,5.714518643842185,13.444105933583128,5
SAC,2layers,Hopper-v4,first-actor,fgelu,0.4,12.853898125966479,13.380414210435202,8.263118911426758,5
SAC,2layers,Hopper-v4,first-actor,fgelu,0.5,13.701440364820494,15.365922103267668,7.622631334828579,5
SAC,2layers,Hopper-v4,first-actor,fswish,0.1,5.528475580719107,2.8121447821065524,11.968514496457711,5
SAC,2layers,Hopper-v4,first-actor,fswish,0.2,3.4206311816863373,3.3528777086623642,6.511497835797045,5
SAC,2layers,Hopper-v4,first-actor,fswish,0.3,5.578373077807217,4.2246648718231015,10.017439362296301,5
SAC,2layers,Hopper-v4,first-actor,fswish,0.4,1.257224571475593,2.5093128431539453,6.531339658504269,5
SAC,2layers,Hopper-v4,first-actor,fswish,0.5,9.36579418047206,6.1426783642065255,15.308699647311487,5
SAC,2layers,Hopper-v4,first-actor,gelu,--,-5.687035055456185,-5.908384947274984,20.220994130754278,5
SAC,2layers,Hopper-v4,first-actor,swish,--,-6.127174922632457,-8.252488224086125,11.689794222869732,5
SAC,2layers,Hopper-v4,first-both,fgelu,0.1,10.142060240531043,7.211751229600128,15.64548183650567,5
SAC,2layers,Hopper-v4,first-both,fgelu,0.2,9.27079968297265,11.106580558575534,13.109074226505896,5
SAC,2layers,Hopper-v4,first-both,fgelu,0.3,20.788607248392214,20.33080701570139,7.505071310584208,5
SAC,2layers,Hopper-v4,first-both,fgelu,0.4,11.710434499989432,7.752849411767892,17.42833760282267,5
SAC,2layers,Hopper-v4,first-both,fgelu,0.5,17.163540827234556,17.03249400093148,11.887481248295394,5
SAC,2layers,Hopper-v4,first-both,fswish,0.1,12.749644977733288,13.891958452853055,8.508496864509514,5
SAC,2layers,Hopper-v4,first-both,fswish,0.2,-4.0258448248963825,-2.6080401486287554,7.728866883848772,5
SAC,2layers,Hopper-v4,first-both,fswish,0.3,6.364615365152822,6.37716759166488,12.14280184567645,5
SAC,2layers,Hopper-v4,first-both,fswish,0.4,11.12516389625612,11.475374159795082,13.602370636008736,5
SAC,2layers,Hopper-v4,first-both,fswish,0.5,-6.592713415559918,-13.384511520306054,26.321880567426746,5
SAC,2layers,Hopper-v4,first-both,gelu,--,-5.687035055456185,-5.908384947274984,20.220994130754278,5
SAC,2layers,Hopper-v4,first-both,swish,--,-6.127174922632457,-8.252488224086125,11.689794222869732,5
SAC,2layers,Humanoid-v4,all-actor,fgelu,0.1,-8.836244286592299,-6.784275251352921,6.4302011630630265,5
SAC,2layers,Humanoid-v4,all-actor,fgelu,0.2,-3.1270468987576336,-2.219595877205497,7.741610940981503,5
SAC,2layers,Humanoid-v4,all-actor,fgelu,0.3,-7.967881641957802,-8.15731645949435,2.511950127040675,5
SAC,2layers,Humanoid-v4,all-actor,fgelu,0.4,-5.606743478941763,-5.409462244926826,3.86153654630917,5
SAC,2layers,Humanoid-v4,all-actor,fgelu,0.5,0.8299228480271834,4.085385403178514,8.825592146754202,5
SAC,2layers,Humanoid-v4,all-actor,fswish,0.1,-5.535365836150233,-3.886150254596136,5.30996556729496,5
SAC,2layers,Humanoid-v4,all-actor,fswish,0.2,-5.479969442651871,-5.266902813152403,7.118271141747017,5
SAC,2layers,Humanoid-v4,all-actor,fswish,0.3,-11.26271002404558,-11.534129941360659,3.550419328075723,5
SAC,2layers,Humanoid-v4,all-actor,fswish,0.4,-8.81501816074637,-8.549144152539364,3.175745733019392,5
SAC,2layers,Humanoid-v4,all-actor,fswish,0.5,-8.717980153763202,-8.741732651681076,7.740562357666998,5
SAC,2layers,Humanoid-v4,all-actor,gelu,--,-3.705680700505585,-3.1768253885911717,4.131948956600268,5
SAC,2layers,Humanoid-v4,all-actor,swish,--,-5.519176038129642,-5.803630093709689,4.793565610401491,5
SAC,2layers,Humanoid-v4,all-both,fgelu,0.1,0.8118869588885785,1.1401631078644985,5.0641225841568405,5
SAC,2layers,Humanoid-v4,all-both,fgelu,0.2,-7.262196133115332,-7.2837204308886,4.497888108484315,5
SAC,2layers,Humanoid-v4,all-both,fgelu,0.3,-5.385423351302335,-4.392921972425042,5.802049833430045,5
SAC,2layers,Humanoid-v4,all-both,fgelu,0.4,-2.119431517321915,-1.5832050124480372,2.0617600766483384,5
SAC,2layers,Humanoid-v4,all-both,fgelu,0.5,-6.26085274041935,-4.762688110018229,5.903981695835352,5
SAC,2layers,Humanoid-v4,all-both,fswish,0.1,-4.070910073898573,-5.2161313964484055,9.061380403050423,5
SAC,2layers,Humanoid-v4,all-both,fswish,0.2,-10.206669156831046,-8.846830873059798,6.177758338557302,5
SAC,2layers,Humanoid-v4,all-both,fswish,0.3,-5.5260891893151145,-5.675780735222302,3.872244546095496,5
SAC,2layers,Humanoid-v4,all-both,fswish,0.4,-4.509463829843386,-4.292592611488344,1.9621409304387603,5
SAC,2layers,Humanoid-v4,all-both,fswish,0.5,-3.1741865427850473,-2.59689672110361,4.88709468943874,5
SAC,2layers,Humanoid-v4,all-both,gelu,--,4.233568464667595,3.4604818258697088,5.546314671672602,5
SAC,2layers,Humanoid-v4,all-both,swish,--,3.1324232059316675,4.055171602127521,5.177103227594101,5
SAC,2layers,Humanoid-v4,all-critic,fgelu,0.1,2.379594883759776,2.831052393417806,6.135494715075852,5
SAC,2layers,Humanoid-v4,all-critic,fgelu,0.2,-0.5127303009850213,-0.0562163811795668,3.5443136344933746,5
SAC,2layers,Humanoid-v4,all-critic,fgelu,0.3,-2.695555687304372,-3.0885604402039384,4.549160538628583,5
SAC,2layers,Humanoid-v4,all-critic,fgelu,0.4,1.134584941254399,0.941493557378644,5.025279510956619,5
SAC,2layers,Humanoid-v4,all-critic,fgelu,0.5,1.158698201351911,1.472916072761081,4.2846454457766185,5
SAC,2layers,Humanoid-v4,all-critic,fswish,0.1,-1.6143963326346809,-0.5218452448385612,5.3986943846425195,5
SAC,2layers,Humanoid-v4,all-critic,fswish,0.2,2.327143835801952,2.652889408320547,5.120814572503412,5
SAC,2layers,Humanoid-v4,all-critic,fswish,0.3,-1.616002467641903,-0.9502025992033556,4.3304143318252235,5
SAC,2layers,Humanoid-v4,all-critic,fswish,0.4,-2.040588698183821,-1.381763557405895,6.4598101954052725,5
SAC,2layers,Humanoid-v4,all-critic,fswish,0.5,-1.4152053162499072,-2.0638991367981205,5.841709068433044,5
SAC,2layers,Humanoid-v4,all-critic,gelu,--,-0.7641639138098584,-1.2236109816043945,4.672866884388469,5
SAC,2layers,Humanoid-v4,all-critic,swish,--,-3.996098327263739,-3.1887639332437425,4.8508725108303175,5
SAC,2layers,Humanoid-v4,first-actor,fgelu,0.1,5.04668606861731,5.2473629836158455,3.055296755466265,5
SAC,2layers,Humanoid-v4,first-actor,fgelu,0.2,0.859249287662509,0.45502526053662057,4.006745315663374,5
SAC,2layers,Humanoid-v4,first-actor,fgelu,0.3,3.858007014938624,3.983025070823616,6.120475387154667,5
SAC,2layers,Humanoid-v4,first-actor,fgelu,0.4,4.076912384800142,5.385865226506878,6.950931413529482,5
SAC,2layers,Humanoid-v4,first-actor,fgelu,0.5,-1.8222457755599129,-1.2214573082622093,3.5543896991965256,5
SAC,2layers,Humanoid-v4,first-actor,fswish,0.1,7.061236281144141,5.718722229068254,10.165058232226038,5
SAC,2layers,Humanoid-v4,first-actor,fswish,0.2,0.9827731927637929,1.3629099709727934,7.921313533512245,5
SAC,2layers,Humanoid-v4,first-actor,fswish,0.3,2.387065686283227,1.1931641401127187,7.795498613649314,5
SAC,2layers,Humanoid-v4,first-actor,fswish,0.4,4.036600104412698,4.100499498951693,3.485957662905601,5
SAC,2layers,Humanoid-v4,first-actor,fswish,0.5,-1.8222457755599129,-1.2214573082622093,3.5543896991965256,5
SAC,2layers,Humanoid-v4,first-actor,gelu,--,-3.417769244581874,-4.680770491071204,6.946032210983144,5
SAC,2layers,Humanoid-v4,first-actor,swish,--,-3.1824473457666245,-5.0498375994248175,8.798298503193278,5
SAC,2layers,Humanoid-v4,first-both,fgelu,0.1,-0.14054260120243697,-0.1939789784947233,4.159850397694675,5
SAC,2layers,Humanoid-v4,first-both,fgelu,0.2,0.5065556755332948,1.0022527061555162,6.201004701526966,5
SAC,2layers,Humanoid-v4,first-both,fgelu,0.3,-0.6286826410654024,-1.3539429370453806,6.2853109525876665,5
SAC,2layers,Humanoid-v4,first-both,fgelu,0.4,-1.718001894399599,-1.3272902542762095,2.6498956961269404,5
SAC,2layers,Humanoid-v4,first-both,fgelu,0.5,-4.655508067901295,-4.416792554007964,5.599776194944869,5
SAC,2layers,Humanoid-v4,first-both,fswish,0.1,-2.2800468304050363,-2.088718964546383,7.145897028938355,5
SAC,2layers,Humanoid-v4,first-both,fswish,0.2,-3.535914852174262,-5.2138422434354394,5.544707119078283,5
SAC,2layers,Humanoid-v4,first-both,fswish,0.3,-2.0087168323133224,-3.0872661329539364,8.106370146897298,5
SAC,2layers,Humanoid-v4,first-both,fswish,0.4,-2.9055249651473614,-1.3345132179156791,5.447501597543366,5
SAC,2layers,Humanoid-v4,first-both,fswish,0.5,-4.482492566439945,-4.806514524717441,6.7769300425984085,5
SAC,2layers,Humanoid-v4,first-both,gelu,--,-3.417769244581874,-4.680770491071204,6.946032210983144,5
SAC,2layers,Humanoid-v4,first-both,swish,--,-3.1824473457666245,-5.0498375994248175,8.798298503193278,5
SAC,2layers,Walker-Walk,all-actor,fgelu,0.1,0.7701587054601108,-1.6712536142284649,16.522839173791304,5
SAC,2layers,Walker-Walk,all-actor,fgelu,0.2,5.705109297383903,2.5558756332274135,11.666452110439602,5
SAC,2layers,Walker-Walk,all-actor,fgelu,0.3,-10.599864159881767,-10.927004867263717,22.479212993484836,5
SAC,2layers,Walker-Walk,all-actor,fgelu,0.4,8.287730504050137,6.657904526965406,6.344400981249254,5
SAC,2layers,Walker-Walk,all-actor,fgelu,0.5,-5.975140385221117,-3.9741895321115557,8.874189919821925,5
SAC,2layers,Walker-Walk,all-actor,fswish,0.1,6.943610928182942,3.0304518972934007,15.048191303243637,5
SAC,2layers,Walker-Walk,all-actor,fswish,0.2,3.7314025447437533,-0.16909132690264278,14.352614932541888,5
SAC,2layers,Walker-Walk,all-actor,fswish,0.3,2.9386005979869054,1.5302085751446843,12.834473228426356,5
SAC,2layers,Walker-Walk,all-actor,fswish,0.4,9.325942571645195,9.370465718574616,2.851291574282572,5
SAC,2layers,Walker-Walk,all-actor,fswish,0.5,12.34742800854528,12.303641539487598,2.1488868926046045,5
SAC,2layers,Walker-Walk,all-actor,gelu,--,9.054285509975573,5.538091769597877,10.592945033167746,5
SAC,2layers,Walker-Walk,all-actor,swish,--,9.53489185802739,9.229124823933315,1.9060363112826368,5
SAC,2layers,Walker-Walk,all-both,fgelu,0.1,7.722180932039833,6.886114495298884,5.3575896736808275,5
SAC,2layers,Walker-Walk,all-both,fgelu,0.2,7.989691108016916,5.595049120777529,10.84706471766503,5
SAC,2layers,Walker-Walk,all-both,fgelu,0.3,2.5413227153649394,2.1562861314078896,11.185236518637062,5
SAC,2layers,Walker-Walk,all-both,fgelu,0.4,-10.460667354788372,-11.6999997923526,15.691738040127118,5
SAC,2layers,Walker-Walk,all-both,fgelu,0.5,-3.9445085895229357,-2.949815259987386,10.230581900022266,5
SAC,2layers,Walker-Walk,all-both,fswish,0.1,9.750957667635491,6.777356200535875,11.07869859922651,5
SAC,2layers,Walker-Walk,all-both,fswish,0.2,8.64435609909845,3.7310316512582617,13.306877878220725,5
SAC,2layers,Walker-Walk,all-both,fswish,0.3,5.366436478943139,5.007797123799973,8.294874205840454,5
SAC,2layers,Walker-Walk,all-both,fswish,0.4,8.13585322281149,4.2117029919910305,11.313228465816803,5
SAC,2layers,Walker-Walk,all-both,fswish,0.5,-10.617700428003323,-9.707758430890994,16.670372569600328,5
SAC,2layers,Walker-Walk,all-both,gelu,--,3.611145772092696,1.0926256392685616,13.978401488258008,5
SAC,2layers,Walker-Walk,all-both,swish,--,-4.884246314851933,-5.375504758269218,16.317555587754192,5
SAC,2layers,Walker-Walk,all-critic,fgelu,0.1,4.393778826905667,4.22676500153714,3.2377218846589946,5
SAC,2layers,Walker-Walk,all-critic,fgelu,0.2,0.7763210794068004,0.3061300598672593,10.628340087950486,5
SAC,2layers,Walker-Walk,all-critic,fgelu,0.3,-1.7581647233268842,-3.341602056831568,16.682376514253306,5
SAC,2layers,Walker-Walk,all-critic,fgelu,0.4,2.7161359070554596,1.5601748160593125,10.567623392154454,5
SAC,2layers,Walker-Walk,all-critic,fgelu,0.5,-1.5478179704471682,-3.5305831703802943,15.649133728340493,5
SAC,2layers,Walker-Walk,all-critic,fswish,0.1,9.864192098553486,9.609710147355546,2.6828161028391535,5
SAC,2layers,Walker-Walk,all-critic,fswish,0.2,-8.397321797984334,-9.997549196256216,15.387428317724616,5
SAC,2layers,Walker-Walk,all-critic,fswish,0.3,-6.557481615470334,-6.458907916096733,14.219482959932323,5
SAC,2layers,Walker-Walk,all-critic,fswish,0.4,0.6991485544379229,-2.8596313898404793,12.686215528984885,5
SAC,2layers,Walker-Walk,all-critic,fswish,0.5,8.051388550313783,5.729827020238051,9.599298188561585,5
SAC,2layers,Walker-Walk,all-critic,gelu,--,9.080272639413787,8.672377107609792,3.7702387920612,5
SAC,2layers,Walker-Walk,all-critic,swish,--,9.08511076273436,3.8878380855297863,13.964451910370704,5
SAC,2layers,Walker-Walk,first-actor,fgelu,0.1,11.003736643930276,11.238437688562357,3.274195839128359,5
SAC,2layers,Walker-Walk,first-actor,fgelu,0.2,3.0885188483445507,3.4707075535435026,6.385519266280004,5
SAC,2layers,Walker-Walk,first-actor,fgelu,0.3,9.069969387702185,5.179619203653995,12.606902030568943,5
SAC,2layers,Walker-Walk,first-actor,fgelu,0.4,6.866791374139436,7.299215876721339,5.742907583759207,5
SAC,2layers,Walker-Walk,first-actor,fgelu,0.5,-1.610253858431708,-0.5695898067600875,10.129201466453297,5
SAC,2layers,Walker-Walk,first-actor,fswish,0.1,10.438339029291244,4.717316646561896,15.357700681011536,5
SAC,2layers,Walker-Walk,first-actor,fswish,0.2,-3.4716465202407183,-4.5120095493495445,15.393395653104138,5
SAC,2layers,Walker-Walk,first-actor,fswish,0.3,7.838780636151776,6.921061968817535,5.4361386332216615,5
SAC,2layers,Walker-Walk,first-actor,fswish,0.4,3.4866245425068443,-3.0578774910037105,21.744647567678577,5
SAC,2layers,Walker-Walk,first-actor,fswish,0.5,9.30534188149045,4.698909902642681,12.824283526911108,5
SAC,2layers,Walker-Walk,first-actor,gelu,--,9.463437476131281,6.396268190752275,10.021453324613505,5
SAC,2layers,Walker-Walk,first-actor,swish,--,5.141262673205849,4.15973845903247,8.507418554592887,5
SAC,2layers,Walker-Walk,first-both,fgelu,0.1,5.743245334527264,6.653076238074831,3.8722592422445103,5
SAC,2layers,Walker-Walk,first-both,fgelu,0.2,7.1807730666510325,2.634001047657893,12.244643957373526,5
SAC,2layers,Walker-Walk,first-both,fgelu,0.3,7.246215870022119,2.67081629065941,14.738497767028168,5
SAC,2layers,Walker-Walk,first-both,fgelu,0.4,5.390557724400384,4.22050857001681,6.159321514835668,5
SAC,2layers,Walker-Walk,first-both,fgelu,0.5,4.4710514249136795,3.5824993368240583,10.424780817668465,5
SAC,2layers,Walker-Walk,first-both,fswish,0.1,-6.156949625574408,-4.357108053984762,8.450796476890536,5
SAC,2layers,Walker-Walk,first-both,fswish,0.2,5.966438083697949,6.8140258489947,6.067766293808534,5
SAC,2layers,Walker-Walk,first-both,fswish,0.3,4.616270596792052,0.5435629940972692,10.495671618637303,5
SAC,2layers,Walker-Walk,first-both,fswish,0.4,7.5873925960519175,2.304134304120808,14.142623199078168,5
SAC,2layers,Walker-Walk,first-both,fswish,0.5,5.04891612078494,3.0827734365862733,10.869902957531842,5
SAC,2layers,Walker-Walk,first-both,gelu,--,5.005438679379396,2.7161320399645823,12.787066497930455,5
SAC,2layers,Walker-Walk,first-both,swish,--,3.9019367608242397,-0.5643967195355281,15.003480532956631,5
TD3,1layer,Ant-v4,--,fgelu,0.1,-17.334831894924232,-16.557027988172383,10.329650003820706,5
TD3,1layer,Ant-v4,--,fgelu,0.2,-16.553019870018588,-15.681993990860159,17.186243972317158,5
TD3,1layer,Ant-v4,--,fgelu,0.3,-5.568156947839786,4.071175176789277,33.25459750993768,5
TD3,1layer,Ant-v4,--,fgelu,0.4,-31.405147192522577,-20.37001815346526,26.940896517665518,5
TD3,1layer,Ant-v4,--,fgelu,0.5,6.5758790527634865,4.2617500934584704,32.81296926550301,5
TD3,1layer,Ant-v4,--,fswish,0.1,-12.161508417040613,-4.70802796592923,28.46456996661653,5
TD3,1layer,Ant-v4,--,fswish,0.2,-16.76880202124923,-9.889626300446114,31.38087532839174,5
TD3,1layer,Ant-v4,--,fswish,0.3,43.39762155238575,35.75048339052364,49.488173395933245,5
TD3,1layer,Ant-v4,--,fswish,0.4,3.6387392298521957,0.7780953510119837,23.698476906892658,5
TD3,1layer,Ant-v4,--,fswish,0.5,0.39081655646229524,-3.063349382531471,23.311729353182848,5
TD3,1layer,Ant-v4,--,gelu,--,-17.67514474990931,-10.838792886247884,32.20910941157463,5
TD3,1layer,Ant-v4,--,swish,--,-0.7247512619641157,1.475664181643488,30.530272302901263,5
TD3,1layer,Cartpole-Swingup,--,fgelu,0.1,9.175124291977255,1.0287372611447707,19.496090304382534,5
TD3,1layer,Cartpole-Swingup,--,fgelu,0.2,15.179779713917313,12.156324041982055,8.2836434191234,5
TD3,1layer,Cartpole-Swingup,--,fgelu,0.3,9.354222859214744,8.837813686107697,3.884293320474377,5
TD3,1layer,Cartpole-Swingup,--,fgelu,0.4,7.616671400514054,6.6931507517717845,6.903206782398125,5
TD3,1layer,Cartpole-Swingup,--,fgelu,0.5,4.9004018923962125,4.929657939544623,5.264980552332507,5
TD3,1layer,Cartpole-Swingup,--,fswish,0.1,2.7972143595777674,2.6053505328430617,10.761468160878081,5
TD3,1layer,Cartpole-Swingup,--,fswish,0.2,3.279091178108256,0.7154821245894286,9.903396975877998,5
TD3,1layer,Cartpole-Swingup,--,fswish,0.3,3.2479594559611815,3.4359620145541023,9.38407424506422,5
TD3,1layer,Cartpole-Swingup,--,fswish,0.4,-0.7035450577754266,-1.3460261276870527,6.197289109523362,5
TD3,1layer,Cartpole-Swingup,--,fswish,0.5,4.310229307146835,4.854099464993581,3.9980683144511913,5
TD3,1layer,Cartpole-Swingup,--,gelu,--,-3.980755305653241,-4.613373036784897,8.220773551317924,5
TD3,1layer,Cartpole-Swingup,--,swish,--,-30.872520257260618,-32.709516416706,14.962953546124393,5
TD3,1layer,Cheetah-Run,--,fgelu,0.1,6.355718924394311,12.97601874984441,17.42871597667241,5
TD3,1layer,Cheetah-Run,--,fgelu,0.2,12.985529240020519,12.079105955877761,13.870599073839259,5
TD3,1layer,Cheetah-Run,--,fgelu,0.3,9.220527197268648,8.292739182991435,10.557231020640048,5
TD3,1layer,Cheetah-Run,--,fgelu,0.4,12.235165726761522,14.459314030992406,12.198979970404519,5
TD3,1layer,Cheetah-Run,--,fgelu,0.5,14.406331159519082,17.282235936122323,9.271034174238299,5
TD3,1layer,Cheetah-Run,--,fswish,0.1,4.408545236483939,8.160078868662751,20.109721772865264,5
TD3,1layer,Cheetah-Run,--,fswish,0.2,-5.360782666062671,1.0365814703510083,16.844490992683316,5
TD3,1layer,Cheetah-Run,--,fswish,0.3,16.13742445918801,16.67503339280317,16.776040581691884,5
TD3,1layer,Cheetah-Run,--,fswish,0.4,8.540428199154826,12.0306419647737,10.911621989914904,5
TD3,1layer,Cheetah-Run,--,fswish,0.5,1.143131133954477,4.704420838361856,23.03451337100848,5
TD3,1layer,Cheetah-Run,--,gelu,--,2.5404703880462645,5.707998491035244,13.659676735600137,5
TD3,1layer,Cheetah-Run,--,swish,--,4.953405880267091,4.741596338068026,8.36108782212015,5
TD3,1layer,Finger-Spin,--,fgelu,0.1,17.494790491782044,14.804160459553447,12.284493363341873,5
TD3,1layer,Finger-Spin,--,fgelu,0.2,18.67069877763608,13.390837072490893,16.261139021162638,5
TD3,1layer,Finger-Spin,--,fgelu,0.3,16.166635770690814,-3.3010302877345934,55.29631319840928,5
TD3,1layer,Finger-Spin,--,fgelu,0.4,25.355024541827564,28.183383623048247,11.206349961075587,5
TD3,1layer,Finger-Spin,--,fgelu,0.5,31.928422585479492,32.19129894871789,4.323195751031946,5
TD3,1layer,Finger-Spin,--,fswish,0.1,19.276334352528295,15.280777417200648,23.930574866667317,5
TD3,1layer,Finger-Spin,--,fswish,0.2,21.384333283453085,15.291944637389193,14.43741088443746,5
TD3,1layer,Finger-Spin,--,fswish,0.3,11.719476450938307,16.703704613625348,14.542221507469321,5
TD3,1layer,Finger-Spin,--,fswish,0.4,18.00103780699619,17.16870766227646,5.965249733156564,5
TD3,1layer,Finger-Spin,--,fswish,0.5,20.897070242559465,20.25398725596832,8.853619100151072,5
TD3,1layer,Finger-Spin,--,gelu,--,11.082200418845204,3.7090805134241136,37.733390140660546,5
TD3,1layer,Finger-Spin,--,swish,--,-12.789221696866553,-13.615744887088237,13.790627197708172,5
TD3,1layer,HalfCheetah-v4,--,fgelu,0.1,-55.038078764561256,-57.567465665814346,18.546668903487415,5
TD3,1layer,HalfCheetah-v4,--,fgelu,0.2,16.49630708801907,15.334009713345585,63.69749283861197,5
TD3,1layer,HalfCheetah-v4,--,fgelu,0.3,8.499419147336946,7.885323364877253,56.01881090645331,5
TD3,1layer,HalfCheetah-v4,--,fgelu,0.4,24.0022428274011,21.168263998755073,62.08525982123356,5
TD3,1layer,HalfCheetah-v4,--,fgelu,0.5,65.68426766290041,47.19069070313705,51.696472687746976,5
TD3,1layer,HalfCheetah-v4,--,fswish,0.1,61.052786169352146,50.732566534954486,69.80862155269544,5
TD3,1layer,HalfCheetah-v4,--,fswish,0.2,54.76327819088306,43.91740050552401,62.07100973113262,5
TD3,1layer,HalfCheetah-v4,--,fswish,0.3,50.269210287095795,42.550777505861426,53.553399504512505,5
TD3,1layer,HalfCheetah-v4,--,fswish,0.4,35.176344026755935,27.94384748043821,66.12268164406362,5
TD3,1layer,HalfCheetah-v4,--,fswish,0.5,18.299756796714963,16.383949512507122,64.7576006590831,5
TD3,1layer,HalfCheetah-v4,--,gelu,--,33.319649171903684,30.28264911769361,67.59017684572561,5
TD3,1layer,HalfCheetah-v4,--,swish,--,38.43262292618565,33.46794644999403,67.22965707631668,5
TD3,1layer,Hopper-v4,--,fgelu,0.1,36.78027993095188,35.1147683871991,35.6342985706522,5
TD3,1layer,Hopper-v4,--,fgelu,0.2,40.31992601111452,30.588571666000416,64.09031919670467,5
TD3,1layer,Hopper-v4,--,fgelu,0.3,2.906415505490205,10.330306386112387,58.75836512440107,5
TD3,1layer,Hopper-v4,--,fgelu,0.4,43.94408730710362,41.53033670353149,71.40454111465203,5
TD3,1layer,Hopper-v4,--,fgelu,0.5,31.96454056208086,26.83295756876555,89.92461615018996,5
TD3,1layer,Hopper-v4,--,fswish,0.1,49.59647190853371,40.50425763971465,36.022916073056834,5
TD3,1layer,Hopper-v4,--,fswish,0.2,41.06097521113839,33.946642337383174,68.18797005601752,5
TD3,1layer,Hopper-v4,--,fswish,0.3,0.7420766243969581,-8.917092008531135,50.16000659653804,5
TD3,1layer,Hopper-v4,--,fswish,0.4,24.648445455126794,26.76187721044827,34.66980241794304,5
TD3,1layer,Hopper-v4,--,fswish,0.5,-17.676583095967526,-15.54665516508536,44.92163270271135,5
TD3,1layer,Hopper-v4,--,gelu,--,1.9026576591277096,9.540193929505879,56.96268564797977,5
TD3,1layer,Hopper-v4,--,swish,--,34.91597343832033,37.00513162710145,14.278967721537349,5
TD3,1layer,Humanoid-v4,--,fgelu,0.1,-24.870313423761715,-26.046621834592692,41.17060925251869,5
TD3,1layer,Humanoid-v4,--,fgelu,0.2,-8.168096203018559,-9.501870016985922,31.91220462096927,5
TD3,1layer,Humanoid-v4,--,fgelu,0.3,13.251925813026823,7.476924611242045,44.60086921577459,5
TD3,1layer,Humanoid-v4,--,fgelu,0.4,-36.70617724383023,-35.596758615068225,28.187323067287203,5
TD3,1layer,Humanoid-v4,--,fgelu,0.5,14.330578692872399,3.6088391110385674,31.70680760302491,5
TD3,1layer,Humanoid-v4,--,fswish,0.1,-4.82520199663379,-3.6039415570821505,29.75754190488651,5
TD3,1layer,Humanoid-v4,--,fswish,0.2,-0.3274260075422862,-5.037969079370248,29.10319224990464,5
TD3,1layer,Humanoid-v4,--,fswish,0.3,-5.802519922135201,-1.3178549768914132,27.631623116041926,5
TD3,1layer,Humanoid-v4,--,fswish,0.4,14.534058983248203,7.148446662470407,40.44402993213785,5
TD3,1layer,Humanoid-v4,--,fswish,0.5,-22.738675272723853,-19.4818142959451,48.22049406030933,5
TD3,1layer,Humanoid-v4,--,gelu,--,-21.680429208261696,-16.71883622520601,50.24577669249568,5
TD3,1layer,Humanoid-v4,--,swish,--,17.423265438167444,13.447747942011166,18.557317496551857,5
TD3,1layer,Walker-Walk,--,fgelu,0.1,-2.18712397340275,0.11753378687857179,21.554615321703224,5
TD3,1layer,Walker-Walk,--,fgelu,0.2,14.306274658481579,13.622508205308065,33.14447565763868,5
TD3,1layer,Walker-Walk,--,fgelu,0.3,26.66594606839195,23.956080120552475,23.099115335789044,5
TD3,1layer,Walker-Walk,--,fgelu,0.4,24.25237518784324,19.241811007244856,37.02466624373092,5
TD3,1layer,Walker-Walk,--,fgelu,0.5,17.752618603533133,11.163164016484373,42.53097621583717,5
TD3,1layer,Walker-Walk,--,fswish,0.1,16.38973282317531,13.124661436919027,33.567168989292725,5
TD3,1layer,Walker-Walk,--,fswish,0.2,16.009876670566868,14.376230536236605,27.538263612738252,5
TD3,1layer,Walker-Walk,--,fswish,0.3,11.536737445978865,9.941873281048647,26.418160751088983,5
TD3,1layer,Walker-Walk,--,fswish,0.4,23.936073348583353,21.760046754964193,21.670952863415387,5
TD3,1layer,Walker-Walk,--,fswish,0.5,18.211448077961375,20.218518981759093,31.411909095433472,5
TD3,1layer,Walker-Walk,--,gelu,--,19.85983865994122,19.16575627926267,16.185480064143846,5
TD3,1layer,Walker-Walk,--,swish,--,32.67789325791799,31.281991693919355,18.89982529135448,5
TD3,2layers,Ant-v4,all-actor,fgelu,0.1,-5.762234792446034,-5.71591865274573,7.018712382866284,5
TD3,2layers,Ant-v4,all-actor,fgelu,0.2,1.0281253449174976,0.6892247576841211,10.183881019375745,5
TD3,2layers,Ant-v4,all-actor,fgelu,0.3,-8.046418060212552,-7.529677774759458,11.347379163896806,5
TD3,2layers,Ant-v4,all-actor,fgelu,0.4,-8.393482049454201,-7.049805274052966,15.93972917695251,5
TD3,2layers,Ant-v4,all-actor,fgelu,0.5,-1.0762105435778047,-4.676154516117313,12.040878435728121,5
TD3,2layers,Ant-v4,all-actor,fswish,0.1,-10.454194146340829,-9.926822270877029,16.31339597466615,5
TD3,2layers,Ant-v4,all-actor,fswish,0.2,-3.7033124485334716,-3.3632103969297553,14.80000399254064,5
TD3,2layers,Ant-v4,all-actor,fswish,0.3,-0.5570381921417962,-1.5481306802356656,20.810470470507962,5
TD3,2layers,Ant-v4,all-actor,fswish,0.4,-15.285858168736874,-15.61597298439925,6.684840034434108,5
TD3,2layers,Ant-v4,all-actor,fswish,0.5,-9.145037759396518,-8.666061112187913,7.684030605192153,5
TD3,2layers,Ant-v4,all-actor,gelu,--,2.520150318665371,1.4674158645884572,3.541034693278171,5
TD3,2layers,Ant-v4,all-actor,swish,--,-4.160905303013969,-3.3688953924884912,7.4233857787682656,5
TD3,2layers,Ant-v4,all-both,fgelu,0.1,-8.532965024960928,-5.9843030563109165,13.079278356967315,5
TD3,2layers,Ant-v4,all-both,fgelu,0.2,-10.073883898727498,-10.994337732306876,10.893058267056608,5
TD3,2layers,Ant-v4,all-both,fgelu,0.3,-3.9947654297422894,-2.8604578677775523,5.3764725416462245,5
TD3,2layers,Ant-v4,all-both,fgelu,0.4,-5.321484965635208,-4.2226320179500645,15.6762794666049,5
TD3,2layers,Ant-v4,all-both,fgelu,0.5,-8.436091743442004,-5.31350519261619,11.380001345622818,5
TD3,2layers,Ant-v4,all-both,fswish,0.1,-0.5595272998822064,-0.005556945713300987,13.313806687383808,5
TD3,2layers,Ant-v4,all-both,fswish,0.2,-8.100405036225984,-10.915588910091731,19.45617623366645,5
TD3,2layers,Ant-v4,all-both,fswish,0.3,-7.196563176783573,-10.749129550834784,23.044988905629047,5
TD3,2layers,Ant-v4,all-both,fswish,0.4,-20.577522731095726,-21.586370672283962,9.364896163697267,5
TD3,2layers,Ant-v4,all-both,fswish,0.5,-31.734648117411524,-34.099606047510925,16.620572129616072,5
TD3,2layers,Ant-v4,all-both,gelu,--,3.39818488459542,-0.2302266064147517,15.68141153209961,5
TD3,2layers,Ant-v4,all-both,swish,--,-1.4849840250202924,-2.011943304664206,13.282667039166535,5
TD3,2layers,Ant-v4,all-critic,fgelu,0.1,-10.575520106397045,-8.866629245079636,10.188303268249461,5
TD3,2layers,Ant-v4,all-critic,fgelu,0.2,-6.742112818521502,-9.174061134580985,8.480504253001516,5
TD3,2layers,Ant-v4,all-critic,fgelu,0.3,-0.7352533900428332,-0.748094018237546,12.432925541393121,5
TD3,2layers,Ant-v4,all-critic,fgelu,0.4,-5.113519069116553,-2.510133416815332,8.560816314164065,5
TD3,2layers,Ant-v4,all-critic,fgelu,0.5,-4.91718142668164,-5.358350880250606,10.838181886205891,5
TD3,2layers,Ant-v4,all-critic,fswish,0.1,-22.54538506772174,-24.11199045895046,19.740774992522166,5
TD3,2layers,Ant-v4,all-critic,fswish,0.2,-12.629937885181178,-11.742310237435909,9.906255321041934,5
TD3,2layers,Ant-v4,all-critic,fswish,0.3,-6.910340121431318,-8.60529545790852,13.74642900821573,5
TD3,2layers,Ant-v4,all-critic,fswish,0.4,-9.35774136626375,-10.352523534903188,10.008795000993475,5
TD3,2layers,Ant-v4,all-critic,fswish,0.5,-21.78199582518526,-25.17601619338062,16.43157625487713,5
TD3,2layers,Ant-v4,all-critic,gelu,--,-3.396748977308605,-3.7797529167118973,19.410878384415987,5
TD3,2layers,Ant-v4,all-critic,swish,--,-16.183193945716692,-15.050162119041593,12.407985334141118,5
TD3,2layers,Ant-v4,first-actor,fgelu,0.1,-4.594772596987547,-2.2555668030114733,11.272850011413261,5
TD3,2layers,Ant-v4,first-actor,fgelu,0.2,-2.8449770075082594,-2.6322069829266814,1.4714440863481053,5
TD3,2layers,Ant-v4,first-actor,fgelu,0.3,-1.6746322477734747,0.20697159305898297,16.637574110170892,5
TD3,2layers,Ant-v4,first-actor,fgelu,0.4,8.44224193987263,8.792543151570694,9.554387534994556,5
TD3,2layers,Ant-v4,first-actor,fgelu,0.5,6.074100748127859,2.5574174177686824,11.688806749898294,5
TD3,2layers,Ant-v4,first-actor,fswish,0.1,3.4401341291911405,2.1162283476116226,11.066645903809306,5
TD3,2layers,Ant-v4,first-actor,fswish,0.2,-4.184415921229996,-3.0998568600134537,8.64556161677109,5
TD3,2layers,Ant-v4,first-actor,fswish,0.3,-4.848146281965463,-4.596274255913032,8.301535901618367,5
TD3,2layers,Ant-v4,first-actor,fswish,0.4,-8.52078948802008,-8.534362268554501,7.499836693949467,5
TD3,2layers,Ant-v4,first-actor,fswish,0.5,-4.706910464789236,-5.357185364626619,6.9807415648174835,5
TD3,2layers,Ant-v4,first-actor,gelu,--,1.5551286709182606,-0.32086989985210124,9.802954209876745,5
TD3,2layers,Ant-v4,first-actor,swish,--,-6.129916597526886,-6.488719914192099,9.460509037984268,5
TD3,2layers,Ant-v4,first-both,fgelu,0.1,-1.3423139548593543,1.197261094386636,8.985102089899705,5
TD3,2layers,Ant-v4,first-both,fgelu,0.2,-6.139665316786786,-7.234216407858343,8.446418293820573,5
TD3,2layers,Ant-v4,first-both,fgelu,0.3,-7.196563176783573,-10.749129550834784,23.044988905629047,5
TD3,2layers,Ant-v4,first-both,fgelu,0.4,-4.490078459801105,-4.9645891444820744,9.161312069639493,5
TD3,2layers,Ant-v4,first-both,fgelu,0.5,-16.472196418616928,-17.326384573740803,9.579553696044133,5
TD3,2layers,Ant-v4,first-both,fswish,0.1,-0.20839261297546052,3.895582390556261,19.246006235548226,5
TD3,2layers,Ant-v4,first-both,fswish,0.2,-4.845679011183766,-4.679857015518486,11.164764961321398,5
TD3,2layers,Ant-v4,first-both,fswish,0.3,-9.532453571047753,-7.382924800669008,5.4628253952364805,5
TD3,2layers,Ant-v4,first-both,fswish,0.4,-18.432265114523332,-15.497387940911556,16.176270787866923,5
TD3,2layers,Ant-v4,first-both,fswish,0.5,-11.940394957973572,-14.772166543803191,10.159309861770154,5
TD3,2layers,Ant-v4,first-both,gelu,--,0.3614813439559508,-0.030395921624307577,5.523455165775274,5
TD3,2layers,Ant-v4,first-both,swish,--,8.81121511255285,3.8141117175851056,15.980330361835753,5
TD3,2layers,Cartpole-Swingup,all-actor,fgelu,0.1,0.9822455799173507,0.7117121099875966,4.323212968507059,5
TD3,2layers,Cartpole-Swingup,all-actor,fgelu,0.2,-0.3720110463064374,-0.49681623244513207,2.3834656968787553,5
TD3,2layers,Cartpole-Swingup,all-actor,fgelu,0.3,0.07357953228555487,0.09303773422782753,1.3585185391226504,5
TD3,2layers,Cartpole-Swingup,all-actor,fgelu,0.4,2.3124611394612145,2.7903479778005162,2.2749824179169895,5
TD3,2layers,Cartpole-Swingup,all-actor,fgelu,0.5,1.7899295635417463,1.3452952571049859,2.7969261811402397,5
TD3,2layers,Cartpole-Swingup,all-actor,fswish,0.1,2.0960445952244706,2.2149447802407964,1.077709575258138,5
TD3,2layers,Cartpole-Swingup,all-actor,fswish,0.2,-0.9371533810347641,-1.575905287978816,3.9443100527888144,5
TD3,2layers,Cartpole-Swingup,all-actor,fswish,0.3,-0.06413200320432388,0.927014169964764,3.183425897369517,5
TD3,2layers,Cartpole-Swingup,all-actor,fswish,0.4,-0.020846740147404102,0.7230859955828969,2.950933626007433,5
TD3,2layers,Cartpole-Swingup,all-actor,fswish,0.5,1.5513809365283473,0.6393739208821756,2.8675614029253973,5
TD3,2layers,Cartpole-Swingup,all-actor,gelu,--,2.0885428757635562,1.3566436053820359,2.57948777321606,5
TD3,2layers,Cartpole-Swingup,all-actor,swish,--,0.273734058601038,-0.35331067324766696,2.627433200037895,5
TD3,2layers,Cartpole-Swingup,all-both,fgelu,0.1,2.499278423812557,2.4500250601771247,1.4165217094182627,5
TD3,2layers,Cartpole-Swingup,all-both,fgelu,0.2,3.177844040340799,2.424827304789967,2.5651409771075238,5
TD3,2layers,Cartpole-Swingup,all-both,fgelu,0.3,-0.0032703080917768634,0.29355245876743596,2.9192233786961714,5
TD3,2layers,Cartpole-Swingup,all-both,fgelu,0.4,1.58574223108762,2.305255903340451,3.4205971887908033,5
TD3,2layers,Cartpole-Swingup,all-both,fgelu,0.5,0.6815501109832955,0.8161875973384355,2.3358001685348326,5
TD3,2layers,Cartpole-Swingup,all-both,fswish,0.1,1.8845712129671803,1.9597330082915672,2.3929193920198575,5
TD3,2layers,Cartpole-Swingup,all-both,fswish,0.2,0.4450721653082191,-2.6884475790135256,8.504981061025688,5
TD3,2layers,Cartpole-Swingup,all-both,fswish,0.3,3.2988057778915327,3.3203222947717834,0.7532558164660196,5
TD3,2layers,Cartpole-Swingup,all-both,fswish,0.4,1.1898792462399506,0.8312400108972241,3.738076876452963,5
TD3,2layers,Cartpole-Swingup,all-both,fswish,0.5,2.126349203338344,1.5586789379048887,2.7380520518831037,5
TD3,2layers,Cartpole-Swingup,all-both,gelu,--,3.1236722683598335,2.8785932851263807,3.0076358197404325,5
TD3,2layers,Cartpole-Swingup,all-both,swish,--,1.0686646689131074,0.7281139656706997,2.9176620857569318,5
TD3,2layers,Cartpole-Swingup,all-critic,fgelu,0.1,-2.555677141437593,-4.079870778222522,4.334279313356693,5
TD3,2layers,Cartpole-Swingup,all-critic,fgelu,0.2,1.0957645543691366,1.4264344142414316,2.804873274325403,5
TD3,2layers,Cartpole-Swingup,all-critic,fgelu,0.3,0.0742647556513436,0.6439227751497851,2.77488338998202,5
TD3,2layers,Cartpole-Swingup,all-critic,fgelu,0.4,2.2574730785600488,0.17330785137117824,5.28487643827638,5
TD3,2layers,Cartpole-Swingup,all-critic,fgelu,0.5,1.519589822174357,1.4882089872729731,2.6396279917571515,5
TD3,2layers,Cartpole-Swingup,all-critic,fswish,0.1,1.1691109939572826,1.4108352683976022,4.429845320714273,5
TD3,2layers,Cartpole-Swingup,all-critic,fswish,0.2,4.621764583279315,4.252108933319187,2.606528884835048,5
TD3,2layers,Cartpole-Swingup,all-critic,fswish,0.3,-0.7760047234548928,-0.6641961743477018,4.362361135228644,5
TD3,2layers,Cartpole-Swingup,all-critic,fswish,0.4,4.797472635146819,4.675973444768337,1.9465845597584803,5
TD3,2layers,Cartpole-Swingup,all-critic,fswish,0.5,2.4381976511542773,2.2146356060657886,2.8054755036891015,5
TD3,2layers,Cartpole-Swingup,all-critic,gelu,--,3.052482423888039,1.52827479900369,4.154245036915597,5
TD3,2layers,Cartpole-Swingup,all-critic,swish,--,1.7892524402823249,1.874725209974418,1.9334119801810399,5
TD3,2layers,Cartpole-Swingup,first-actor,fgelu,0.1,1.4220655837783405,1.0983098641857305,1.980991162602206,5
TD3,2layers,Cartpole-Swingup,first-actor,fgelu,0.2,0.9687093250053698,1.0739700733510469,1.1369852373899372,5
TD3,2layers,Cartpole-Swingup,first-actor,fgelu,0.3,-0.017789258864105557,-0.2453268724875918,1.799750146372896,5
TD3,2layers,Cartpole-Swingup,first-actor,fgelu,0.4,0.6780496035771718,-0.049486335061572365,3.5660095708866786,5
TD3,2layers,Cartpole-Swingup,first-actor,fgelu,0.5,0.7707677815899553,0.908694098770291,2.0468867414415843,5
TD3,2layers,Cartpole-Swingup,first-actor,fswish,0.1,-0.09106655262879976,-0.1335588572081223,1.2473731797685506,5
TD3,2layers,Cartpole-Swingup,first-actor,fswish,0.2,1.380712822848822,2.2037628825151616,2.5688581993906476,5
TD3,2layers,Cartpole-Swingup,first-actor,fswish,0.3,-1.3488374968949557,-1.4088935126172062,2.295856290729627,5
TD3,2layers,Cartpole-Swingup,first-actor,fswish,0.4,-1.3297979979837697,0.04583067252987485,3.336056840316751,5
TD3,2layers,Cartpole-Swingup,first-actor,fswish,0.5,-0.1148778365834513,-0.5701505947974734,4.017542022083813,5
TD3,2layers,Cartpole-Swingup,first-actor,gelu,--,0.5557365123165138,-0.03506549554264882,4.43079772933844,5
TD3,2layers,Cartpole-Swingup,first-actor,swish,--,-0.5163327942514682,-0.7984896415690222,1.4109315702115364,5
TD3,2layers,Cartpole-Swingup,first-both,fgelu,0.1,1.4439487375589997,1.2907759214979022,1.996446125227291,5
TD3,2layers,Cartpole-Swingup,first-both,fgelu,0.2,2.179533265557226,2.186357642961776,2.2858790658833468,5
TD3,2layers,Cartpole-Swingup,first-both,fgelu,0.3,-0.7941738570874883,-0.7122387774612192,2.695755176640473,5
TD3,2layers,Cartpole-Swingup,first-both,fgelu,0.4,4.611047642677982,4.379983754008952,1.4454560624522554,5
TD3,2layers,Cartpole-Swingup,first-both,fgelu,0.5,0.03612210400391828,-0.6374123730382466,5.093830338181214,5
TD3,2layers,Cartpole-Swingup,first-both,fswish,0.1,2.7968892019292575,2.9196311678623093,0.9513993912886122,5
TD3,2layers,Cartpole-Swingup,first-both,fswish,0.2,2.203368358397648,2.252386414196525,2.456775932249762,5
TD3,2layers,Cartpole-Swingup,first-both,fswish,0.3,3.213693876634625,2.358755990463828,3.797138123440567,5
TD3,2layers,Cartpole-Swingup,first-both,fswish,0.4,1.5330808769255662,-0.28514192884246725,5.884788132439754,5
TD3,2layers,Cartpole-Swingup,first-both,fswish,0.5,2.8695978898304486,2.6479896239416045,1.8960553910590294,5
TD3,2layers,Cartpole-Swingup,first-both,gelu,--,2.947692816109958,2.702193046427599,2.889841532643101,5
TD3,2layers,Cartpole-Swingup,first-both,swish,--,1.239375600491327,1.3170852236950232,1.8581389632167349,5
TD3,2layers,Cheetah-Run,all-actor,fgelu,0.1,3.097186332147341,2.5618613729760096,5.712264223992127,5
TD3,2layers,Cheetah-Run,all-actor,fgelu,0.2,-1.7579959362274262,-4.37092624178491,13.654178356671274,5
TD3,2layers,Cheetah-Run,all-actor,fgelu,0.3,-1.7129848094662405,-1.6946728565886537,7.109074199142565,5
TD3,2layers,Cheetah-Run,all-actor,fgelu,0.4,-13.59206338955371,-10.547376080591752,15.025959913883014,5
TD3,2layers,Cheetah-Run,all-actor,fgelu,0.5,-0.8517715589192815,0.17215928886938983,8.382313738866332,5
TD3,2layers,Cheetah-Run,all-actor,fswish,0.1,-4.521647746259945,-6.2688874876607015,11.971942538948042,5
TD3,2layers,Cheetah-Run,all-actor,fswish,0.2,2.896653544305677,-1.319171846827239,15.674978365884115,5
TD3,2layers,Cheetah-Run,all-actor,fswish,0.3,2.5788317354306574,1.5505770428173369,10.055796109393583,5
TD3,2layers,Cheetah-Run,all-actor,fswish,0.4,2.618565279490355,1.6078692100833585,9.515114506265837,5
TD3,2layers,Cheetah-Run,all-actor,fswish,0.5,-13.253020590557616,-10.85978869302152,11.126615558971583,5
TD3,2layers,Cheetah-Run,all-actor,gelu,--,3.3136238995242207,3.3934486336195007,9.832213919160488,5
TD3,2layers,Cheetah-Run,all-actor,swish,--,2.59664087136774,1.9505819676691636,9.428667711104861,5
TD3,2layers,Cheetah-Run,all-both,fgelu,0.1,-9.003276622232129,-8.4649134211695,14.026850332978247,5
TD3,2layers,Cheetah-Run,all-both,fgelu,0.2,-8.712839242330377,-6.717117095685628,11.53135015521924,5
TD3,2layers,Cheetah-Run,all-both,fgelu,0.3,-2.3716705672941036,-0.16451363018508794,10.195252582833172,5
TD3,2layers,Cheetah-Run,all-both,fgelu,0.4,-6.431775475120811,-4.2817963690231435,12.596182685747918,5
TD3,2layers,Cheetah-Run,all-both,fgelu,0.5,-6.158833405815392,-7.898977894987553,14.06008480386951,5
TD3,2layers,Cheetah-Run,all-both,fswish,0.1,-2.032937537089825,-5.078907631130093,14.65849684067253,5
TD3,2layers,Cheetah-Run,all-both,fswish,0.2,-13.090054845436862,-12.744880557491133,3.5788677185826163,5
TD3,2layers,Cheetah-Run,all-both,fswish,0.3,-7.573586539602161,-8.896171220162596,14.20320371026854,5
TD3,2layers,Cheetah-Run,all-both,fswish,0.4,-8.05053465543889,-8.395602720317454,12.142403143641847,5
TD3,2layers,Cheetah-Run,all-both,fswish,0.5,-5.331509009588676,-9.998129961672985,15.470912606612455,5
TD3,2layers,Cheetah-Run,all-both,gelu,--,-9.961281366565393,-13.802985483303507,10.703015927442374,5
TD3,2layers,Cheetah-Run,all-both,swish,--,-15.113557848327089,-16.147240834029052,5.849217648550023,5
TD3,2layers,Cheetah-Run,all-critic,fgelu,0.1,3.8619800500074626,2.920562033773744,13.343083001731216,5
TD3,2layers,Cheetah-Run,all-critic,fgelu,0.2,-5.318797880070489,-4.836091976309456,7.995246969875917,5
TD3,2layers,Cheetah-Run,all-critic,fgelu,0.3,-1.0902883795476142,-0.6198694519342567,15.363761151409248,5
TD3,2layers,Cheetah-Run,all-critic,fgelu,0.4,-16.338051879839323,-15.072244631568262,15.913828456597344,5
TD3,2layers,Cheetah-Run,all-critic,fgelu,0.5,9.274886302761452,3.5085639164475664,15.36118701959711,5
TD3,2layers,Cheetah-Run,all-critic,fswish,0.1,-13.914572294851267,-13.526277063609976,18.54551448363107,5
TD3,2layers,Cheetah-Run,all-critic,fswish,0.2,-7.0269104348870455,-8.392120646900944,11.146829446519547,5
TD3,2layers,Cheetah-Run,all-critic,fswish,0.3,3.6350864816316566,3.9124727383657225,7.984183313006064,5
TD3,2layers,Cheetah-Run,all-critic,fswish,0.4,-3.6543387905993825,-2.0292447477164965,5.61301602624794,5
TD3,2layers,Cheetah-Run,all-critic,fswish,0.5,-6.0563319360105945,-6.637396537356517,7.780764203083009,5
TD3,2layers,Cheetah-Run,all-critic,gelu,--,-7.77682543544861,-6.398912794844684,7.9081110804066315,5
TD3,2layers,Cheetah-Run,all-critic,swish,--,-13.136027595077522,-16.80649518405347,10.623622745505445,5
TD3,2layers,Cheetah-Run,first-actor,fgelu,0.1,-6.673321990179563,-6.842941648812216,7.940118324796657,5
TD3,2layers,Cheetah-Run,first-actor,fgelu,0.2,-0.13648927594051888,0.2433719972358941,6.140861995246396,5
TD3,2layers,Cheetah-Run,first-actor,fgelu,0.3,-2.411841924147328,-3.074618897231504,10.395184698371654,5
TD3,2layers,Cheetah-Run,first-actor,fgelu,0.4,1.1518944589014883,-2.0945592819277,13.640551580387074,5
TD3,2layers,Cheetah-Run,first-actor,fgelu,0.5,-0.8443507939724578,-3.894249176417857,16.9443307564584,5
TD3,2layers,Cheetah-Run,first-actor,fswish,0.1,-0.7081324417732402,-0.36577880013957076,4.767248215998775,5
TD3,2layers,Cheetah-Run,first-actor,fswish,0.2,-3.9990417698009613,-2.7641827312732143,6.949056841282288,5
TD3,2layers,Cheetah-Run,first-actor,fswish,0.3,-6.77847326860405,-4.951552845212236,12.04968720111889,5
TD3,2layers,Cheetah-Run,first-actor,fswish,0.4,-1.0934223188885925,0.5018793131783597,4.629473140426952,5
TD3,2layers,Cheetah-Run,first-actor,fswish,0.5,-2.4038876548242354,-4.1841617595814675,11.009893473944539,5
TD3,2layers,Cheetah-Run,first-actor,gelu,--,-1.5138888372661317,-3.563830819841839,7.959882519286289,5
TD3,2layers,Cheetah-Run,first-actor,swish,--,1.5377066173045886,2.377493508209109,5.9072876949287965,5
TD3,2layers,Cheetah-Run,first-both,fgelu,0.1,-6.725219626024805,-5.264003482340198,11.179334083128973,5
TD3,2layers,Cheetah-Run,first-both,fgelu,0.2,-8.48812587022888,-8.61082505516436,7.404449060928173,5
TD3,2layers,Cheetah-Run,first-both,fgelu,0.3,-8.181411634604379,-9.582592267619212,11.095942681165331,5
TD3,2layers,Cheetah-Run,first-both,fgelu,0.4,-5.548367437024677,-7.232572225760945,6.635422042834937,5
TD3,2layers,Cheetah-Run,first-both,fgelu,0.5,-7.931877487807629,-8.954348336695345,12.392135854887481,5
TD3,2layers,Cheetah-Run,first-both,fswish,0.1,-7.2411091568550106,-8.034283750482894,7.795348131093787,5
TD3,2layers,Cheetah-Run,first-both,fswish,0.2,-11.193822853805921,-10.892079905894658,9.083466587447026,5
TD3,2layers,Cheetah-Run,first-both,fswish,0.3,4.697663537902625,0.38511438890969885,14.20821405815043,5
TD3,2layers,Cheetah-Run,first-both,fswish,0.4,-1.2114413118993015,-1.3119423522847762,4.037667118921785,5
TD3,2layers,Cheetah-Run,first-both,fswish,0.5,-5.095090101429937,-6.8275821413749425,6.955533834431596,5
TD3,2layers,Cheetah-Run,first-both,gelu,--,-14.511204926284469,-14.419212894714823,5.877449056584902,5
TD3,2layers,Cheetah-Run,first-both,swish,--,-16.181346336613046,-15.419579174258555,10.385268960658273,5
TD3,2layers,Finger-Spin,all-actor,fgelu,0.1,4.9473341276428515,6.20103630976959,5.53785556606039,5
TD3,2layers,Finger-Spin,all-actor,fgelu,0.2,6.66687057342752,4.2628562054156705,11.000502224665723,5
TD3,2layers,Finger-Spin,all-actor,fgelu,0.3,4.927638588242273,-15.026213604381027,47.592584877058854,5
TD3,2layers,Finger-Spin,all-actor,fgelu,0.4,3.3353121557625207,-15.615550485692001,46.71568809015044,5
TD3,2layers,Finger-Spin,all-actor,fgelu,0.5,4.616680777941366,0.40874037061907487,12.63475028999914,5
TD3,2layers,Finger-Spin,all-actor,fswish,0.1,0.17800133373558621,-4.052924926628323,18.187214116733127,5
TD3,2layers,Finger-Spin,all-actor,fswish,0.2,2.506477515340508,1.5069173051497116,5.4828305851471795,5
TD3,2layers,Finger-Spin,all-actor,fswish,0.3,5.0198600550826304,-10.390068999267326,38.948607316900514,5
TD3,2layers,Finger-Spin,all-actor,fswish,0.4,-1.749149268554009,0.9020093621008705,8.714011233889426,5
TD3,2layers,Finger-Spin,all-actor,fswish,0.5,-7.764167001490836,-22.8378816126615,45.043592956889796,5
TD3,2layers,Finger-Spin,all-actor,gelu,--,12.208731936293967,9.421465542769676,6.85906525873197,5
TD3,2layers,Finger-Spin,all-actor,swish,--,1.8669517653922962,2.0195110964668985,10.457215763694183,5
TD3,2layers,Finger-Spin,all-both,fgelu,0.1,14.223006336402593,16.48210787687183,6.201293917838081,5
TD3,2layers,Finger-Spin,all-both,fgelu,0.2,14.099735430977793,12.168784748145027,5.983308635412806,5
TD3,2layers,Finger-Spin,all-both,fgelu,0.3,12.882782808250253,13.016573448837244,2.891603065945091,5
TD3,2layers,Finger-Spin,all-both,fgelu,0.4,11.02282875215087,11.303200548323817,3.4914220745609903,5
TD3,2layers,Finger-Spin,all-both,fgelu,0.5,7.654659802423617,6.839032759011404,8.380690597304664,5
TD3,2layers,Finger-Spin,all-both,fswish,0.1,11.610450962972848,11.886976336156978,4.165197801334214,5
TD3,2layers,Finger-Spin,all-both,fswish,0.2,12.299099705308388,13.007119589924969,5.4419562065304055,5
TD3,2layers,Finger-Spin,all-both,fswish,0.3,13.264644560393245,13.756615963396882,4.585228581786686,5
TD3,2layers,Finger-Spin,all-both,fswish,0.4,8.05783907956488,7.536671935802737,6.295593924052991,5
TD3,2layers,Finger-Spin,all-both,fswish,0.5,5.368818670815242,5.013464797583149,6.459492652729308,5
TD3,2layers,Finger-Spin,all-both,gelu,--,11.612999797483512,10.828005110644906,4.77007963502816,5
TD3,2layers,Finger-Spin,all-both,swish,--,11.473277323853523,9.926551857891818,5.18372345883162,5
TD3,2layers,Finger-Spin,all-critic,fgelu,0.1,10.836532120644216,11.6984552672592,7.587562477133866,5
TD3,2layers,Finger-Spin,all-critic,fgelu,0.2,12.68096145745138,11.170012359530254,7.351559561005533,5
TD3,2layers,Finger-Spin,all-critic,fgelu,0.3,10.59601482772891,8.948772597155779,5.125202423893584,5
TD3,2layers,Finger-Spin,all-critic,fgelu,0.4,8.544898183329787,8.085273807388747,6.437322237257242,5
TD3,2layers,Finger-Spin,all-critic,fgelu,0.5,6.927778542428132,7.7543887454590195,13.318383735186345,5
TD3,2layers,Finger-Spin,all-critic,fswish,0.1,11.558083999390133,11.774642247905206,1.6301203814472376,5
TD3,2layers,Finger-Spin,all-critic,fswish,0.2,11.748551451005143,11.832894702085271,6.094854909684272,5
TD3,2layers,Finger-Spin,all-critic,fswish,0.3,10.236860873953646,7.446860276136097,8.758628419457038,5
TD3,2layers,Finger-Spin,all-critic,fswish,0.4,7.357373013588995,6.25623016253686,5.478618044930816,5
TD3,2layers,Finger-Spin,all-critic,fswish,0.5,6.354754201985403,2.020623315162461,16.87024858975902,5
TD3,2layers,Finger-Spin,all-critic,gelu,--,10.997108694815994,12.040879598155385,3.4504998880212923,5
TD3,2layers,Finger-Spin,all-critic,swish,--,6.08921198841995,5.006930512746721,9.768503524192484,5
TD3,2layers,Finger-Spin,first-actor,fgelu,0.1,10.561257993492594,8.319534870141515,8.168543305655756,5
TD3,2layers,Finger-Spin,first-actor,fgelu,0.2,8.591935765662937,9.049567416441095,2.697521725833032,5
TD3,2layers,Finger-Spin,first-actor,fgelu,0.3,7.970715281745849,7.589224269168047,7.904777908524257,5
TD3,2layers,Finger-Spin,first-actor,fgelu,0.4,-0.7138590327682804,-18.165311845268135,47.1681298998683,5
TD3,2layers,Finger-Spin,first-actor,fgelu,0.5,4.592582706204188,-14.94224109286609,47.72626578432471,5
TD3,2layers,Finger-Spin,first-actor,fswish,0.1,2.6466634134269813,1.001970017364514,12.446604528173417,5
TD3,2layers,Finger-Spin,first-actor,fswish,0.2,-0.15913995835667846,-0.9117412756870383,9.933672751028421,5
TD3,2layers,Finger-Spin,first-actor,fswish,0.3,3.1156489633890043,-15.5965037405305,47.38543503003441,5
TD3,2layers,Finger-Spin,first-actor,fswish,0.4,8.44595706187041,7.937209693542042,2.558678189068203,5
TD3,2layers,Finger-Spin,first-actor,fswish,0.5,-5.618280055740694,-5.917837624412089,13.874930644095304,5
TD3,2layers,Finger-Spin,first-actor,gelu,--,4.615522216800156,-1.9120429650082094,16.59643294571251,5
TD3,2layers,Finger-Spin,first-actor,swish,--,0.5401675464779964,-1.074681314586888,13.160931554565552,5
TD3,2layers,Finger-Spin,first-both,fgelu,0.1,10.740603258151985,8.85103637928326,5.270820168636211,5
TD3,2layers,Finger-Spin,first-both,fgelu,0.2,6.871472470965299,6.121512673036899,3.569601242059886,5
TD3,2layers,Finger-Spin,first-both,fgelu,0.3,13.877523404093614,11.868624727680203,6.672705939580516,5
TD3,2layers,Finger-Spin,first-both,fgelu,0.4,8.304844314870968,7.410852195867274,6.405158227058343,5
TD3,2layers,Finger-Spin,first-both,fgelu,0.5,12.06368008141441,8.085829916736527,11.009815928734763,5
TD3,2layers,Finger-Spin,first-both,fswish,0.1,5.20453470099159,-6.908268372810147,31.57042038022421,5
TD3,2layers,Finger-Spin,first-both,fswish,0.2,5.697618322690791,2.5346073798491,15.696151002400208,5
TD3,2layers,Finger-Spin,first-both,fswish,0.3,3.8281640652334805,2.0272966273358337,15.071132248875804,5
TD3,2layers,Finger-Spin,first-both,fswish,0.4,7.488290422545785,6.957901132099605,7.183868686824379,5
TD3,2layers,Finger-Spin,first-both,fswish,0.5,3.7554064255654587,-7.01087054747575,31.96596544306662,5
TD3,2layers,Finger-Spin,first-both,gelu,--,2.324583416170455,1.5812969304154276,10.642230129000597,5
TD3,2layers,Finger-Spin,first-both,swish,--,5.702484279483875,3.621940182098006,8.460724721379021,5
TD3,2layers,HalfCheetah-v4,all-actor,fgelu,0.1,-50.700188534650216,-30.29453375527509,49.94542350468868,5
TD3,2layers,HalfCheetah-v4,all-actor,fgelu,0.2,-1.2644514150916966,10.85233234935029,80.1957218204598,5
TD3,2layers,HalfCheetah-v4,all-actor,fgelu,0.3,-13.631513413383713,-4.957188514292724,64.00621398899638,5
TD3,2layers,HalfCheetah-v4,all-actor,fgelu,0.4,-43.73417419224626,-24.66455751020492,59.96922138839015,5
TD3,2layers,HalfCheetah-v4,all-actor,fgelu,0.5,-5.015933727510448,1.946503882023127,64.23911954318076,5
TD3,2layers,HalfCheetah-v4,all-actor,fswish,0.1,37.648934898205574,43.49008388859373,87.83250947012966,5
TD3,2layers,HalfCheetah-v4,all-actor,fswish,0.2,-13.329508765883311,2.366970112358712,68.93282818002461,5
TD3,2layers,HalfCheetah-v4,all-actor,fswish,0.3,22.610366339520606,19.006201479123217,58.96311531973024,5
TD3,2layers,HalfCheetah-v4,all-actor,fswish,0.4,-47.260298551169406,-23.86460144772935,54.950869010759966,5
TD3,2layers,HalfCheetah-v4,all-actor,fswish,0.5,-18.440920406247027,-0.3816494504386682,70.00816506828158,5
TD3,2layers,HalfCheetah-v4,all-actor,gelu,--,-46.64905640255996,-20.36272989461648,62.22971953552571,5
TD3,2layers,HalfCheetah-v4,all-actor,swish,--,-9.4512158136879,-0.9045165052207864,67.43371738408908,5
TD3,2layers,HalfCheetah-v4,all-both,fgelu,0.1,1.109624311782646,12.513507683032389,82.18519216375337,5
TD3,2layers,HalfCheetah-v4,all-both,fgelu,0.2,-0.8963078257892979,5.505423585368997,68.69635806005027,5
TD3,2layers,HalfCheetah-v4,all-both,fgelu,0.3,-42.99283759869453,-9.925940522835518,78.6758482953239,5
TD3,2layers,HalfCheetah-v4,all-both,fgelu,0.4,-42.1840806017758,-18.980349268332066,55.68110562614618,5
TD3,2layers,HalfCheetah-v4,all-both,fgelu,0.5,-48.547724312741614,-26.209856637075358,55.111509831463636,5
TD3,2layers,HalfCheetah-v4,all-both,fswish,0.1,-43.27810309829268,-20.007362882231167,57.05151385700734,5
TD3,2layers,HalfCheetah-v4,all-both,fswish,0.2,-44.07705671943079,-12.732901727719163,72.59680082712134,5
TD3,2layers,HalfCheetah-v4,all-both,fswish,0.3,-45.53930218656484,-44.73608333660685,6.611169690941722,5
TD3,2layers,HalfCheetah-v4,all-both,fswish,0.4,-12.128252804331941,-1.5493429421967235,65.69240808977487,5
TD3,2layers,HalfCheetah-v4,all-both,fswish,0.5,25.464459386632097,27.98238639304308,80.27707546481068,5
TD3,2layers,HalfCheetah-v4,all-both,gelu,--,31.543451505083116,28.96057165241127,71.443223425536,5
TD3,2layers,HalfCheetah-v4,all-both,swish,--,47.31896029292873,40.538927461765105,80.616804112145,5
TD3,2layers,HalfCheetah-v4,all-critic,fgelu,0.1,-41.30022793182682,-12.305624784152684,69.91728000561635,5
TD3,2layers,HalfCheetah-v4,all-critic,fgelu,0.2,-0.6184437837367748,8.527353354308271,70.55695178987443,5
TD3,2layers,HalfCheetah-v4,all-critic,fgelu,0.3,-5.379607411922595,10.330851901068394,77.78402573201735,5
TD3,2layers,HalfCheetah-v4,all-critic,fgelu,0.4,2.6590776542777426,11.516543489908408,80.79118939095547,5
TD3,2layers,HalfCheetah-v4,all-critic,fgelu,0.5,-17.26459924987247,-6.8545007472928035,69.06337336699708,5
TD3,2layers,HalfCheetah-v4,all-critic,fswish,0.1,9.705137475300516,19.514236195694316,84.62114674574354,5
TD3,2layers,HalfCheetah-v4,all-critic,fswish,0.2,4.171219814050398,12.806759806533785,81.47885204079091,5
TD3,2layers,HalfCheetah-v4,all-critic,fswish,0.3,-2.197831996908055,3.049094921067666,71.18660339474665,5
TD3,2layers,HalfCheetah-v4,all-critic,fswish,0.4,-3.478798847199016,7.4004199032801665,79.9659670067153,5
TD3,2layers,HalfCheetah-v4,all-critic,fswish,0.5,-12.088571323401718,-2.6164942451811384,68.34797454494732,5
TD3,2layers,HalfCheetah-v4,all-critic,gelu,--,-42.28910893572019,-6.099858993596281,86.55652530973813,5
TD3,2layers,HalfCheetah-v4,all-critic,swish,--,47.777641240679735,41.12820281453888,75.63056024290714,5
TD3,2layers,HalfCheetah-v4,first-actor,fgelu,0.1,-48.828643414384885,-48.3369436790377,2.997201043332426,5
TD3,2layers,HalfCheetah-v4,first-actor,fgelu,0.2,-46.49934158381262,-23.98209240404426,53.21912908764609,5
TD3,2layers,HalfCheetah-v4,first-actor,fgelu,0.3,-47.54530850075972,-19.799367484193375,64.13980115201724,5
TD3,2layers,HalfCheetah-v4,first-actor,fgelu,0.4,-47.072067425607166,-46.09100354578039,4.010361764453543,5
TD3,2layers,HalfCheetah-v4,first-actor,fgelu,0.5,41.90298884365103,40.310568342211944,79.62944283744105,5
TD3,2layers,HalfCheetah-v4,first-actor,fswish,0.1,-6.111413311949811,1.7464641261555016,67.97294494534785,5
TD3,2layers,HalfCheetah-v4,first-actor,fswish,0.2,67.85802331442557,47.571152495216175,55.08524732697025,5
TD3,2layers,HalfCheetah-v4,first-actor,fswish,0.3,14.484498540994657,18.655414176770183,68.33495159034322,5
TD3,2layers,HalfCheetah-v4,first-actor,fswish,0.4,50.92443228860285,45.21794050339013,88.39955860938358,5
TD3,2layers,HalfCheetah-v4,first-actor,fswish,0.5,29.996794867333836,25.37318160675783,69.12351548109467,5
TD3,2layers,HalfCheetah-v4,first-actor,gelu,--,-9.037372903425043,7.697363007018015,80.16942693617827,5
TD3,2layers,HalfCheetah-v4,first-actor,swish,--,-48.31119786664547,-21.22994763034343,61.753775964408156,5
TD3,2layers,HalfCheetah-v4,first-both,fgelu,0.1,24.36795681106959,21.30270551546759,57.808587616004374,5
TD3,2layers,HalfCheetah-v4,first-both,fgelu,0.2,-45.26849866572494,-43.70928013438742,5.814277442888179,5
TD3,2layers,HalfCheetah-v4,first-both,fgelu,0.3,-49.194427434235706,-18.934270488161626,68.7303843364704,5
TD3,2layers,HalfCheetah-v4,first-both,fgelu,0.4,46.437893811185376,40.697971796495246,86.23863781679398,5
TD3,2layers,HalfCheetah-v4,first-both,fgelu,0.5,7.6746075871353225,16.998668215172568,83.25480300234607,5
TD3,2layers,HalfCheetah-v4,first-both,fswish,0.1,37.57269588786658,38.614354727795046,82.04113849865179,5
TD3,2layers,HalfCheetah-v4,first-both,fswish,0.2,0.6387628408870777,10.573986314636162,83.82632159674424,5
TD3,2layers,HalfCheetah-v4,first-both,fswish,0.3,-43.39487358055305,-15.627204812849532,64.11582114263366,5
TD3,2layers,HalfCheetah-v4,first-both,fswish,0.4,-7.73612775336215,13.222914436283938,90.01184122203284,5
TD3,2layers,HalfCheetah-v4,first-both,fswish,0.5,-49.180458391732486,-48.833568661937036,3.015328099376023,5
TD3,2layers,HalfCheetah-v4,first-both,gelu,--,-45.05047528199589,-18.86912621383904,61.847557143116205,5
TD3,2layers,HalfCheetah-v4,first-both,swish,--,49.71832859964096,46.003976486171126,80.44941960834386,5
TD3,2layers,Hopper-v4,all-actor,fgelu,0.1,19.26321561042677,15.766511422044724,13.88165452679274,5
TD3,2layers,Hopper-v4,all-actor,fgelu,0.2,-8.099260117101913,-5.97315050227827,12.797300640167554,5
TD3,2layers,Hopper-v4,all-actor,fgelu,0.3,16.968217629941364,16.61354828905054,11.545470152565683,5
TD3,2layers,Hopper-v4,all-actor,fgelu,0.4,6.9595559787977175,5.366252371351484,10.040151047534492,5
TD3,2layers,Hopper-v4,all-actor,fgelu,0.5,2.637739170627066,2.9197430801664224,10.666815895648927,5
TD3,2layers,Hopper-v4,all-actor,fswish,0.1,-10.332801122466696,-16.090404224073495,29.81301354500389,5
TD3,2layers,Hopper-v4,all-actor,fswish,0.2,3.6700908877472087,-7.994418801200365,38.979453776689255,5
TD3,2layers,Hopper-v4,all-actor,fswish,0.3,13.316526532976761,12.738799496567939,12.119925706929967,5
TD3,2layers,Hopper-v4,all-actor,fswish,0.4,15.123236366490886,1.349525494090598,38.412111596999466,5
TD3,2layers,Hopper-v4,all-actor,fswish,0.5,13.596286627420676,-2.5434985080060786,46.66831468919724,5
TD3,2layers,Hopper-v4,all-actor,gelu,--,7.562998386787029,6.020899906735714,25.271983245944114,5
TD3,2layers,Hopper-v4,all-actor,swish,--,14.921351786051874,5.6733931878148995,42.278397936815885,5
TD3,2layers,Hopper-v4,all-both,fgelu,0.1,16.606796014709513,6.584854460448627,41.430047208982465,5
TD3,2layers,Hopper-v4,all-both,fgelu,0.2,28.816624766144212,28.0971997942183,22.4642288438935,5
TD3,2layers,Hopper-v4,all-both,fgelu,0.3,10.998385323160678,-0.5348560042524987,43.4622024052231,5
TD3,2layers,Hopper-v4,all-both,fgelu,0.4,27.542852034586446,28.635962448977022,14.231465049414725,5
TD3,2layers,Hopper-v4,all-both,fgelu,0.5,12.466674326788457,9.901414936098025,11.7659978166031,5
TD3,2layers,Hopper-v4,all-both,fswish,0.1,22.588811287065273,8.761906197126038,42.79737461802349,5
TD3,2layers,Hopper-v4,all-both,fswish,0.2,22.627864603521747,16.36511473915197,22.438586032348024,5
TD3,2layers,Hopper-v4,all-both,fswish,0.3,10.374278165594754,8.490856833248756,28.333751824020116,5
TD3,2layers,Hopper-v4,all-both,fswish,0.4,-13.26512417797015,-14.442050444448526,26.266188664603195,5
TD3,2layers,Hopper-v4,all-both,fswish,0.5,6.816498520794394,9.109497605468528,15.15593617495898,5
TD3,2layers,Hopper-v4,all-both,gelu,--,25.84981729451968,28.469326244889636,13.458006412119872,5
TD3,2layers,Hopper-v4,all-both,swish,--,18.124636050309636,16.522560719298856,19.248547646824605,5
TD3,2layers,Hopper-v4,all-critic,fgelu,0.1,-8.331023657612354,-9.934838228370154,26.773086442577615,5
TD3,2layers,Hopper-v4,all-critic,fgelu,0.2,-4.816740911193766,-1.661632587934416,30.606698680896546,5
TD3,2layers,Hopper-v4,all-critic,fgelu,0.3,18.765513025558835,15.006235753896737,35.64316486443925,5
TD3,2layers,Hopper-v4,all-critic,fgelu,0.4,3.0128454922045442,-4.387204272481473,27.383081890828684,5
TD3,2layers,Hopper-v4,all-critic,fgelu,0.5,15.616401719490831,10.974720666261396,34.420327366294124,5
TD3,2layers,Hopper-v4,all-critic,fswish,0.1,26.2555224473095,16.42166096188514,38.99837589611911,5
TD3,2layers,Hopper-v4,all-critic,fswish,0.2,-1.85039006778423,-7.147084686801188,47.04733365186042,5
TD3,2layers,Hopper-v4,all-critic,fswish,0.3,23.766406557764288,19.334089514147568,24.12406748922242,5
TD3,2layers,Hopper-v4,all-critic,fswish,0.4,-2.145519968586619,-10.337503775808488,46.35880367076407,5
TD3,2layers,Hopper-v4,all-critic,fswish,0.5,17.73678442492294,10.384599680373857,39.825696513069154,5
TD3,2layers,Hopper-v4,all-critic,gelu,--,15.917828955662204,16.350627204213005,19.478096985385463,5
TD3,2layers,Hopper-v4,all-critic,swish,--,24.769958910147626,19.253277578784427,16.224089985499255,5
TD3,2layers,Hopper-v4,first-actor,fgelu,0.1,1.9098517330583415,1.436957114032811,16.32209071807861,5
TD3,2layers,Hopper-v4,first-actor,fgelu,0.2,-0.20061772012074494,-5.251745430722201,16.603831102242864,5
TD3,2layers,Hopper-v4,first-actor,fgelu,0.3,1.9799682760946593,5.089833049354556,19.47873015756311,5
TD3,2layers,Hopper-v4,first-actor,fgelu,0.4,-3.4861590005243968,3.2616316950313426,26.051423326521533,5
TD3,2layers,Hopper-v4,first-actor,fgelu,0.5,12.72141002577196,12.603241833363068,8.826203900327691,5
TD3,2layers,Hopper-v4,first-actor,fswish,0.1,15.578278650448679,0.9010807582042382,43.998333656422545,5
TD3,2layers,Hopper-v4,first-actor,fswish,0.2,1.5493195206612278,-1.1455152687949446,39.22812003498448,5
TD3,2layers,Hopper-v4,first-actor,fswish,0.3,-14.760516740393067,-15.926199657324938,16.478977038224443,5
TD3,2layers,Hopper-v4,first-actor,fswish,0.4,-6.489009126322359,-7.190268402319722,18.678525074264748,5
TD3,2layers,Hopper-v4,first-actor,fswish,0.5,11.487275120177287,-3.5368594981934516,41.42025061227021,5
TD3,2layers,Hopper-v4,first-actor,gelu,--,21.183501737043702,8.632890998950765,36.25908053266069,5
TD3,2layers,Hopper-v4,first-actor,swish,--,-11.531003151228612,-10.210566613865797,41.54850208568799,5
TD3,2layers,Hopper-v4,first-both,fgelu,0.1,15.269176885121112,15.314420568932382,17.6435925545955,5
TD3,2layers,Hopper-v4,first-both,fgelu,0.2,25.532605847960756,14.556057060156638,36.921348226058996,5
TD3,2layers,Hopper-v4,first-both,fgelu,0.3,19.810958558367208,18.758887676050158,18.4395635208608,5
TD3,2layers,Hopper-v4,first-both,fgelu,0.4,19.5314659084745,12.633149193745197,19.666168628705552,5
TD3,2layers,Hopper-v4,first-both,fgelu,0.5,27.79461225592205,19.80912410676077,25.558422317242208,5
TD3,2layers,Hopper-v4,first-both,fswish,0.1,22.886315786691977,24.15632236966429,13.996351924934078,5
TD3,2layers,Hopper-v4,first-both,fswish,0.2,4.338240617643968,4.092575790598806,24.20951494870953,5
TD3,2layers,Hopper-v4,first-both,fswish,0.3,0.31954295956489887,2.2882175120719785,25.42749124808334,5
TD3,2layers,Hopper-v4,first-both,fswish,0.4,21.331401440690154,9.381984042672354,43.86619446305303,5
TD3,2layers,Hopper-v4,first-both,fswish,0.5,29.51459137333535,10.255268146550325,50.22304274902541,5
TD3,2layers,Hopper-v4,first-both,gelu,--,30.350330117504217,29.367545594133873,10.858275155144822,5
TD3,2layers,Hopper-v4,first-both,swish,--,18.532397802745425,12.64069158170415,28.84616626510937,5
TD3,2layers,Humanoid-v4,all-actor,fgelu,0.1,6.185275749793459,6.483179069726312,2.6493941317794594,5
TD3,2layers,Humanoid-v4,all-actor,fgelu,0.2,1.1062010835628502,3.1268247937050218,5.980898450683347,5
TD3,2layers,Humanoid-v4,all-actor,fgelu,0.3,5.959046569803654,2.1141019338244313,15.900227115815431,5
TD3,2layers,Humanoid-v4,all-actor,fgelu,0.4,-0.4899442263327291,-0.06040712174004028,18.11343506347356,5
TD3,2layers,Humanoid-v4,all-actor,fgelu,0.5,6.469358484498353,6.67170362617189,9.06294814873111,5
TD3,2layers,Humanoid-v4,all-actor,fswish,0.1,-4.23229766646384,-5.256696452461233,14.310802286149489,5
TD3,2layers,Humanoid-v4,all-actor,fswish,0.2,-4.357775060668756,-6.8475090451860385,12.208424884241932,5
TD3,2layers,Humanoid-v4,all-actor,fswish,0.3,1.9753540390113902,-1.4179914128605156,14.307067364130077,5
TD3,2layers,Humanoid-v4,all-actor,fswish,0.4,-1.3827967643664671,-0.1700741467489273,10.64272253824731,5
TD3,2layers,Humanoid-v4,all-actor,fswish,0.5,-0.19748088275802958,-0.146562683189077,10.870044730398599,5
TD3,2layers,Humanoid-v4,all-actor,gelu,--,-8.493125052669411,-8.293487851145393,8.023597161883705,5
TD3,2layers,Humanoid-v4,all-actor,swish,--,0.709304526639114,0.3418171186793906,9.391747144086315,5
TD3,2layers,Humanoid-v4,all-both,fgelu,0.1,-3.2813952973850817,-3.628772043501408,11.010350155907176,5
TD3,2layers,Humanoid-v4,all-both,fgelu,0.2,9.36427111281022,9.086655752682907,2.7552165074425607,5
TD3,2layers,Humanoid-v4,all-both,fgelu,0.3,-4.088183527132376,-14.331586548494533,34.928916162086495,5
TD3,2layers,Humanoid-v4,all-both,fgelu,0.4,1.2746595342548757,3.312161466349552,10.570556912852945,5
TD3,2layers,Humanoid-v4,all-both,fgelu,0.5,-1.7128503816562237,-8.431796619673886,24.77006052670583,5
TD3,2layers,Humanoid-v4,all-both,fswish,0.1,5.213824829500521,4.461171809708613,6.370280856553308,5
TD3,2layers,Humanoid-v4,all-both,fswish,0.2,2.962223917001529,3.626069660024572,4.015926565114786,5
TD3,2layers,Humanoid-v4,all-both,fswish,0.3,-2.2878937299411852,-2.336609000267543,9.878617145528256,5
TD3,2layers,Humanoid-v4,all-both,fswish,0.4,3.936502443697964,4.098917138516074,7.7598775168122796,5
TD3,2layers,Humanoid-v4,all-both,fswish,0.5,9.120174696693214,8.19676384381405,10.238989802379296,5
TD3,2layers,Humanoid-v4,all-both,gelu,--,-3.055237069256307,-2.237944864206985,4.022734809859675,5
TD3,2layers,Humanoid-v4,all-both,swish,--,-1.1069331648927712,-0.1541946994544814,7.063682582092594,5
TD3,2layers,Humanoid-v4,all-critic,fgelu,0.1,6.152973616978279,1.8693961121090346,20.955928341170026,5
TD3,2layers,Humanoid-v4,all-critic,fgelu,0.2,-0.37926088179833933,1.4561454823101054,9.081507872420689,5
TD3,2layers,Humanoid-v4,all-critic,fgelu,0.3,-6.025010784681464,-8.761768107220863,19.029031325007306,5
TD3,2layers,Humanoid-v4,all-critic,fgelu,0.4,8.189884812041361,6.391522985477049,10.823084136716046,5
TD3,2layers,Humanoid-v4,all-critic,fgelu,0.5,-6.060188413874754,-11.839003359781316,27.30348382951473,5
TD3,2layers,Humanoid-v4,all-critic,fswish,0.1,0.7814911659556643,0.6753064147320194,4.58323215015631,5
TD3,2layers,Humanoid-v4,all-critic,fswish,0.2,2.6756203665031504,3.567277287333811,10.56876392096314,5
TD3,2layers,Humanoid-v4,all-critic,fswish,0.3,0.10864146928217266,-1.801793586044522,16.316610019416704,5
TD3,2layers,Humanoid-v4,all-critic,fswish,0.4,7.24892552532,6.140439026600886,7.232029065598572,5
TD3,2layers,Humanoid-v4,all-critic,fswish,0.5,10.997802135473847,10.978104218814455,5.01046966509461,5
TD3,2layers,Humanoid-v4,all-critic,gelu,--,-1.2212650495340192,-4.471221023718126,10.022591212555335,5
TD3,2layers,Humanoid-v4,all-critic,swish,--,2.7035649753638844,2.535606391408744,11.305704451191733,5
TD3,2layers,Humanoid-v4,first-actor,fgelu,0.1,1.0351795348556665,0.855991043477524,9.878620656117196,5
TD3,2layers,Humanoid-v4,first-actor,fgelu,0.2,-3.7475529961319456,-9.840697150343033,17.84781722260425,5
TD3,2layers,Humanoid-v4,first-actor,fgelu,0.3,-18.66527387336018,-20.60183694469316,22.020034075986725,5
TD3,2layers,Humanoid-v4,first-actor,fgelu,0.4,-8.231477683117454,-13.345373503701818,19.616770295173435,5
TD3,2layers,Humanoid-v4,first-actor,fgelu,0.5,-14.64085921129113,-23.31018971874461,33.225687482786014,5
TD3,2layers,Humanoid-v4,first-actor,fswish,0.1,-12.529978127484958,-13.53318549208384,18.757089565696177,5
TD3,2layers,Humanoid-v4,first-actor,fswish,0.2,-5.352969698911434,-8.16412354303402,18.45031470847236,5
TD3,2layers,Humanoid-v4,first-actor,fswish,0.3,3.7913651833181494,3.3183355657683706,4.574925384974124,5
TD3,2layers,Humanoid-v4,first-actor,fswish,0.4,-4.8444565999067155,-5.935703478796787,5.071860533263504,5
TD3,2layers,Humanoid-v4,first-actor,fswish,0.5,-1.1357551956782126,0.596115458677255,10.048440667513889,5
TD3,2layers,Humanoid-v4,first-actor,gelu,--,2.6673134060293453,-3.028194952438219,15.696882447686296,5
TD3,2layers,Humanoid-v4,first-actor,swish,--,-1.6408277400437967,-6.581400249957426,14.597475447847462,5
TD3,2layers,Humanoid-v4,first-both,fgelu,0.1,-7.225027716991808,-13.896146491630986,21.82666298047304,5
TD3,2layers,Humanoid-v4,first-both,fgelu,0.2,-9.123288780232059,-10.963851109368454,8.301961698924787,5
TD3,2layers,Humanoid-v4,first-both,fgelu,0.3,-0.24965188897214752,-2.6470759073458967,17.315408547681084,5
TD3,2layers,Humanoid-v4,first-both,fgelu,0.4,-6.700675886796437,-5.36857482551248,16.37375706793239,5
TD3,2layers,Humanoid-v4,first-both,fgelu,0.5,-11.596076993879942,-15.040605614448069,32.68720058624481,5
TD3,2layers,Humanoid-v4,first-both,fswish,0.1,4.210222097840752,4.40014712728048,7.056243229215751,5
TD3,2layers,Humanoid-v4,first-both,fswish,0.2,-1.5361057934942028,-7.861291810988517,19.695155976239064,5
TD3,2layers,Humanoid-v4,first-both,fswish,0.3,6.642283857382889,6.662966774043943,3.7503804924310975,5
TD3,2layers,Humanoid-v4,first-both,fswish,0.4,6.0497207602906755,6.581294663373214,6.2341609974912355,5
TD3,2layers,Humanoid-v4,first-both,fswish,0.5,5.354663858565075,4.645189192523525,5.405126985606335,5
TD3,2layers,Humanoid-v4,first-both,gelu,--,-2.513258359523841,-3.5523029479570534,9.473062489957377,5
TD3,2layers,Humanoid-v4,first-both,swish,--,0.7851943812075911,2.5611403738551197,9.82342713164317,5
TD3,2layers,Walker-Walk,all-actor,fgelu,0.1,9.525493962425612,7.862580734492677,8.320073180946213,5
TD3,2layers,Walker-Walk,all-actor,fgelu,0.2,5.746495398790238,6.21077765263141,5.5112961603029955,5
TD3,2layers,Walker-Walk,all-actor,fgelu,0.3,13.002476845526536,11.431777096047146,6.180338979201313,5
TD3,2layers,Walker-Walk,all-actor,fgelu,0.4,9.223104297398903,2.041115517177829,18.026759331420536,5
TD3,2layers,Walker-Walk,all-actor,fgelu,0.5,3.5630024762045447,-1.4655415719123988,19.322094278698536,5
TD3,2layers,Walker-Walk,all-actor,fswish,0.1,-2.4059772350959054,-2.473922573934103,15.284191661915434,5
TD3,2layers,Walker-Walk,all-actor,fswish,0.2,1.7038215097880816,-4.0768984821053245,21.096195495238074,5
TD3,2layers,Walker-Walk,all-actor,fswish,0.3,5.351609918805861,4.38218060560831,11.601662288558265,5
TD3,2layers,Walker-Walk,all-actor,fswish,0.4,3.956786817259136,3.8201846207115424,10.601478140521184,5
TD3,2layers,Walker-Walk,all-actor,fswish,0.5,-0.11424418679104938,-0.7474786483514222,10.17573076560602,5
TD3,2layers,Walker-Walk,all-actor,gelu,--,11.17110281835401,9.673795175124669,5.5286904970357496,5
TD3,2layers,Walker-Walk,all-actor,swish,--,-0.7085442492238357,-1.241780127971463,9.444547075324296,5
TD3,2layers,Walker-Walk,all-both,fgelu,0.1,-5.261884257887631,-6.273043796748006,19.976017774638276,5
TD3,2layers,Walker-Walk,all-both,fgelu,0.2,9.425692613609298,7.249686930301588,9.456117933991345,5
TD3,2layers,Walker-Walk,all-both,fgelu,0.3,-2.5260296295979563,-6.719702130597222,21.896825730306567,5
TD3,2layers,Walker-Walk,all-both,fgelu,0.4,-0.7737396581527585,-1.9646479847061276,12.305333398900501,5
TD3,2layers,Walker-Walk,all-both,fgelu,0.5,-12.433378842225844,-9.497347998525669,11.522937930891052,5
TD3,2layers,Walker-Walk,all-both,fswish,0.1,4.850656542166933,3.10167769599957,13.857256756254799,5
TD3,2layers,Walker-Walk,all-both,fswish,0.2,8.358829331181957,4.921498326832678,10.831800010173977,5
TD3,2layers,Walker-Walk,all-both,fswish,0.3,3.657933283250886,0.7209378923698232,13.533917299780276,5
TD3,2layers,Walker-Walk,all-both,fswish,0.4,1.813192696738233,-5.050995813597335,25.708023628679452,5
TD3,2layers,Walker-Walk,all-both,fswish,0.5,-3.959453873177562,-3.844911399847952,15.038686194417306,5
TD3,2layers,Walker-Walk,all-both,gelu,--,3.018650846814319,0.8795797854404597,11.335611020119853,5
TD3,2layers,Walker-Walk,all-both,swish,--,11.585368511657682,10.337518941730163,5.916369202822023,5
TD3,2layers,Walker-Walk,all-critic,fgelu,0.1,-20.935459902246464,-21.603256038266412,28.791689199587104,5
TD3,2layers,Walker-Walk,all-critic,fgelu,0.2,-5.464955274258046,-7.221406595230174,16.36443487317469,5
TD3,2layers,Walker-Walk,all-critic,fgelu,0.3,-0.6809131854653939,-6.420149500342783,22.111743948991982,5
TD3,2layers,Walker-Walk,all-critic,fgelu,0.4,-1.1010146380552022,-0.6622861740139486,7.672775680367581,5
TD3,2layers,Walker-Walk,all-critic,fgelu,0.5,3.3888453295855228,4.66325333603354,6.004239368258019,5
TD3,2layers,Walker-Walk,all-critic,fswish,0.1,3.175557222258789,2.6126985455622327,13.03143416483713,5
TD3,2layers,Walker-Walk,all-critic,fswish,0.2,-12.89934556766977,-10.468223343908013,16.25391637207492,5
TD3,2layers,Walker-Walk,all-critic,fswish,0.3,-11.259920457381204,-9.119796294630687,12.704314409689733,5
TD3,2layers,Walker-Walk,all-critic,fswish,0.4,-3.5403566722397817,-2.7542301045182427,15.571189919305871,5
TD3,2layers,Walker-Walk,all-critic,fswish,0.5,2.7938245738936818,0.9839191561865966,9.813615151373506,5
TD3,2layers,Walker-Walk,all-critic,gelu,--,2.8819535662186184,-0.6300208634263409,13.545707093221118,5
TD3,2layers,Walker-Walk,all-critic,swish,--,5.414309841029026,4.96689694330068,7.078211340255038,5
TD3,2layers,Walker-Walk,first-actor,fgelu,0.1,-15.45839766182518,-12.430225872903005,16.35322710925456,5
TD3,2layers,Walker-Walk,first-actor,fgelu,0.2,-12.489835657739334,-13.155506605273008,27.055404505243416,5
TD3,2layers,Walker-Walk,first-actor,fgelu,0.3,-6.97811724920976,-4.438705221429329,14.014414349019692,5
TD3,2layers,Walker-Walk,first-actor,fgelu,0.4,10.24691307874424,3.15361017767623,17.94045491476167,5
TD3,2layers,Walker-Walk,first-actor,fgelu,0.5,3.691217468086716,3.249286809760399,8.374582520027525,5
TD3,2layers,Walker-Walk,first-actor,fswish,0.1,-0.044632002438440566,-0.5153733482563879,14.851900186623995,5
TD3,2layers,Walker-Walk,first-actor,fswish,0.2,9.275598569005565,5.6764594506956785,11.490144447183269,5
TD3,2layers,Walker-Walk,first-actor,fswish,0.3,8.933680147554087,5.884356942615507,10.230028853925477,5
TD3,2layers,Walker-Walk,first-actor,fswish,0.4,-4.0961221897642455,-2.352846287584705,13.741921692942181,5
TD3,2layers,Walker-Walk,first-actor,fswish,0.5,6.3653284573340345,5.262506395066533,7.538092463756914,5
TD3,2layers,Walker-Walk,first-actor,gelu,--,8.666944511292858,3.7479066590300754,16.482898018347985,5
TD3,2layers,Walker-Walk,first-actor,swish,--,9.406637833827718,8.220531148917377,5.573178750642728,5
TD3,2layers,Walker-Walk,first-both,fgelu,0.1,4.970585344111783,-2.9664924988140284,21.092460122285786,5
TD3,2layers,Walker-Walk,first-both,fgelu,0.2,6.174617615395789,2.8593816940748953,11.836543265681765,5
TD3,2layers,Walker-Walk,first-both,fgelu,0.3,5.0560425186639355,-0.8305222524094908,19.600237104075635,5
TD3,2layers,Walker-Walk,first-both,fgelu,0.4,0.5373329768221436,0.12524514596195607,12.373347575167205,5
TD3,2layers,Walker-Walk,first-both,fgelu,0.5,-1.8531510180134168,-1.248067235614599,9.50535734257527,5
TD3,2layers,Walker-Walk,first-both,fswish,0.1,9.424841555480743,3.9600948248332086,15.539250667312157,5
TD3,2layers,Walker-Walk,first-both,fswish,0.2,9.959263333887892,3.459379277096262,16.90287513277409,5
TD3,2layers,Walker-Walk,first-both,fswish,0.3,4.538638863305421,5.092827263781311,6.157550139069003,5
TD3,2layers,Walker-Walk,first-both,fswish,0.4,0.7022833862363079,-2.0270718723439223,13.747343132992949,5
TD3,2layers,Walker-Walk,first-both,fswish,0.5,10.84854237486436,6.8867887558732175,10.007914335431517,5
TD3,2layers,Walker-Walk,first-both,gelu,--,2.9578595663820857,-1.628231899331223,22.29637297458546,5
TD3,2layers,Walker-Walk,first-both,swish,--,9.99290503576961,6.260093196176297,10.878708446622802,5
