algo,task,layers,placement,activation,alpha,mean_delta_pct
SAC,Ant-v4,1layer,none,fgelu,0.1,32.65570778676323
SAC,Ant-v4,1layer,none,fgelu,0.2,-3.90332534463665
SAC,Ant-v4,1layer,none,fgelu,0.3,-18.155125960791366
SAC,Ant-v4,1layer,none,fgelu,0.4,-29.888359860708874
SAC,Ant-v4,1layer,none,fgelu,0.5,-27.418497955408963
SAC,Ant-v4,1layer,none,flrelu,0.1,-16.096653733085482
SAC,Ant-v4,1layer,none,flrelu,0.2,-30.477240425715177
SAC,Ant-v4,1layer,none,flrelu,0.3,-31.516090500039986
SAC,Ant-v4,1layer,none,flrelu,0.4,-31.22163001410238
SAC,Ant-v4,1layer,none,flrelu,0.5,-32.39029508015289
SAC,Ant-v4,1layer,none,fprelu,0.1,-32.694171623833576
SAC,Ant-v4,1layer,none,fprelu,0.2,-31.350884420349935
SAC,Ant-v4,1layer,none,fprelu,0.3,-27.002249371854568
SAC,Ant-v4,1layer,none,fprelu,0.4,-31.98312664411008
SAC,Ant-v4,1layer,none,fprelu,0.5,-32.73342502986445
SAC,Ant-v4,1layer,none,frelu,0.1,-29.60325222156529
SAC,Ant-v4,1layer,none,frelu,0.2,-17.195264851420298
SAC,Ant-v4,1layer,none,frelu,0.3,-31.63793493905243
SAC,Ant-v4,1layer,none,frelu,0.4,-31.99462561971826
SAC,Ant-v4,1layer,none,frelu,0.5,-32.871865227639326
SAC,Ant-v4,1layer,none,fswish,0.1,1.4524385987121837
SAC,Ant-v4,1layer,none,fswish,0.2,-26.983824112008058
SAC,Ant-v4,1layer,none,fswish,0.3,-28.363111458509856
SAC,Ant-v4,1layer,none,fswish,0.4,-12.302508551004255
SAC,Ant-v4,1layer,none,fswish,0.5,-32.32418494344348
SAC,Ant-v4,2layers,all-actor,fgelu,0.1,22.25664509358814
SAC,Ant-v4,2layers,all-actor,fgelu,0.2,-18.154784338950822
SAC,Ant-v4,2layers,all-actor,fgelu,0.3,16.987994744654
SAC,Ant-v4,2layers,all-actor,fgelu,0.4,4.6821909331335245
SAC,Ant-v4,2layers,all-actor,fgelu,0.5,15.752903914629854
SAC,Ant-v4,2layers,all-actor,flrelu,0.1,0.7602891266268074
SAC,Ant-v4,2layers,all-actor,flrelu,0.2,17.255599591377415
SAC,Ant-v4,2layers,all-actor,flrelu,0.3,22.074986564839143
SAC,Ant-v4,2layers,all-actor,flrelu,0.4,32.214680483991366
SAC,Ant-v4,2layers,all-actor,flrelu,0.5,27.138712048425543
SAC,Ant-v4,2layers,all-actor,fprelu,0.1,9.297918525600886
SAC,Ant-v4,2layers,all-actor,fprelu,0.2,24.900246172024623
SAC,Ant-v4,2layers,all-actor,fprelu,0.3,22.591857322300985
SAC,Ant-v4,2layers,all-actor,fprelu,0.4,45.02220995599107
SAC,Ant-v4,2layers,all-actor,fprelu,0.5,33.56156827012183
SAC,Ant-v4,2layers,all-actor,frelu,0.1,12.457819750366577
SAC,Ant-v4,2layers,all-actor,frelu,0.2,25.854269954470887
SAC,Ant-v4,2layers,all-actor,frelu,0.3,4.858071841923135
SAC,Ant-v4,2layers,all-actor,frelu,0.4,24.711292265681358
SAC,Ant-v4,2layers,all-actor,frelu,0.5,11.370857401824924
SAC,Ant-v4,2layers,all-actor,fswish,0.1,3.2449681613118315
SAC,Ant-v4,2layers,all-actor,fswish,0.2,1.1884748760846962
SAC,Ant-v4,2layers,all-actor,fswish,0.3,5.405381648047175
SAC,Ant-v4,2layers,all-actor,fswish,0.4,10.53887589870438
SAC,Ant-v4,2layers,all-actor,fswish,0.5,6.8221427226962446
SAC,Ant-v4,2layers,all-both,fgelu,0.1,25.67122738738711
SAC,Ant-v4,2layers,all-both,fgelu,0.2,20.893793376609526
SAC,Ant-v4,2layers,all-both,fgelu,0.3,11.463352415082502
SAC,Ant-v4,2layers,all-both,fgelu,0.4,15.928942568800244
SAC,Ant-v4,2layers,all-both,fgelu,0.5,6.393370749511731
SAC,Ant-v4,2layers,all-both,flrelu,0.1,18.5035291203743
SAC,Ant-v4,2layers,all-both,flrelu,0.2,-4.128682216986751
SAC,Ant-v4,2layers,all-both,flrelu,0.3,8.8864250189648
SAC,Ant-v4,2layers,all-both,flrelu,0.4,-28.848184420939607
SAC,Ant-v4,2layers,all-both,flrelu,0.5,-45.560250379849656
SAC,Ant-v4,2layers,all-both,fprelu,0.1,-5.5206407476402575
SAC,Ant-v4,2layers,all-both,fprelu,0.2,26.0736627594077
SAC,Ant-v4,2layers,all-both,fprelu,0.3,-42.00231305800937
SAC,Ant-v4,2layers,all-both,fprelu,0.4,-38.15525958517633
SAC,Ant-v4,2layers,all-both,fprelu,0.5,-54.89597195752951
SAC,Ant-v4,2layers,all-both,frelu,0.1,3.572577709825636
SAC,Ant-v4,2layers,all-both,frelu,0.2,8.722587754048835
SAC,Ant-v4,2layers,all-both,frelu,0.3,-18.059379575137893
SAC,Ant-v4,2layers,all-both,frelu,0.4,-35.02851536422555
SAC,Ant-v4,2layers,all-both,frelu,0.5,-53.81757169811217
SAC,Ant-v4,2layers,all-both,fswish,0.1,52.99555960154362
SAC,Ant-v4,2layers,all-both,fswish,0.2,34.68182672857651
SAC,Ant-v4,2layers,all-both,fswish,0.3,23.087466580278072
SAC,Ant-v4,2layers,all-both,fswish,0.4,29.638165013858412
SAC,Ant-v4,2layers,all-both,fswish,0.5,39.51041660852775
SAC,Ant-v4,2layers,all-critic,fgelu,0.1,46.558868029841584
SAC,Ant-v4,2layers,all-critic,fgelu,0.2,19.44788367077923
SAC,Ant-v4,2layers,all-critic,fgelu,0.3,43.01128579411542
SAC,Ant-v4,2layers,all-critic,fgelu,0.4,47.05240584824974
SAC,Ant-v4,2layers,all-critic,fgelu,0.5,20.85362357175644
SAC,Ant-v4,2layers,all-critic,flrelu,0.1,5.873478267595958
SAC,Ant-v4,2layers,all-critic,flrelu,0.2,-11.054814977805242
SAC,Ant-v4,2layers,all-critic,flrelu,0.3,-14.154433083791195
SAC,Ant-v4,2layers,all-critic,flrelu,0.4,-50.32184969663567
SAC,Ant-v4,2layers,all-critic,flrelu,0.5,-39.89913966216754
SAC,Ant-v4,2layers,all-critic,fprelu,0.1,28.21201896944749
SAC,Ant-v4,2layers,all-critic,fprelu,0.2,48.72120090154461
SAC,Ant-v4,2layers,all-critic,fprelu,0.3,35.78083249702853
SAC,Ant-v4,2layers,all-critic,fprelu,0.4,-30.8789589124646
SAC,Ant-v4,2layers,all-critic,fprelu,0.5,-45.8009032543069
SAC,Ant-v4,2layers,all-critic,frelu,0.1,28.21201896944749
SAC,Ant-v4,2layers,all-critic,frelu,0.2,0.7288248897830301
SAC,Ant-v4,2layers,all-critic,frelu,0.3,-8.91689099148345
SAC,Ant-v4,2layers,all-critic,frelu,0.4,-25.899937743529694
SAC,Ant-v4,2layers,all-critic,frelu,0.5,-47.709552144176726
SAC,Ant-v4,2layers,all-critic,fswish,0.1,51.50111828041345
SAC,Ant-v4,2layers,all-critic,fswish,0.2,45.06805181890801
SAC,Ant-v4,2layers,all-critic,fswish,0.3,28.62634184769747
SAC,Ant-v4,2layers,all-critic,fswish,0.4,55.48127775739564
SAC,Ant-v4,2layers,all-critic,fswish,0.5,25.060727520124466
SAC,Ant-v4,2layers,first-actor,fgelu,0.1,8.494818549563762
SAC,Ant-v4,2layers,first-actor,fgelu,0.2,29.955230320285818
SAC,Ant-v4,2layers,first-actor,fgelu,0.3,-3.120759058363087
SAC,Ant-v4,2layers,first-actor,fgelu,0.4,20.82360923355598
SAC,Ant-v4,2layers,first-actor,fgelu,0.5,10.607690200676576
SAC,Ant-v4,2layers,first-actor,flrelu,0.1,-1.292965601754657
SAC,Ant-v4,2layers,first-actor,flrelu,0.2,28.690563877599914
SAC,Ant-v4,2layers,first-actor,flrelu,0.3,8.013358446651676
SAC,Ant-v4,2layers,first-actor,flrelu,0.4,34.08847190946783
SAC,Ant-v4,2layers,first-actor,flrelu,0.5,34.030566602451096
SAC,Ant-v4,2layers,first-actor,fprelu,0.1,-4.584347373121292
SAC,Ant-v4,2layers,first-actor,fprelu,0.2,38.614151172550876
SAC,Ant-v4,2layers,first-actor,fprelu,0.3,26.4252705882101
SAC,Ant-v4,2layers,first-actor,fprelu,0.4,8.252176576174918
SAC,Ant-v4,2layers,first-actor,fprelu,0.5,36.52666115278518
SAC,Ant-v4,2layers,first-actor,frelu,0.1,22.0623307293622
SAC,Ant-v4,2layers,first-actor,frelu,0.2,43.081518925591894
SAC,Ant-v4,2layers,first-actor,frelu,0.3,40.457352728412864
SAC,Ant-v4,2layers,first-actor,frelu,0.4,25.58219892259346
SAC,Ant-v4,2layers,first-actor,frelu,0.5,14.967351542909473
SAC,Ant-v4,2layers,first-actor,fswish,0.1,18.51595862940851
SAC,Ant-v4,2layers,first-actor,fswish,0.2,-8.68459196402856
SAC,Ant-v4,2layers,first-actor,fswish,0.3,15.613946415376395
SAC,Ant-v4,2layers,first-actor,fswish,0.4,-98.89616747859222
SAC,Ant-v4,2layers,first-actor,fswish,0.5,-0.8612137392176799
SAC,Ant-v4,2layers,first-both,fgelu,0.1,24.157532709948242
SAC,Ant-v4,2layers,first-both,fgelu,0.2,42.006369081317175
SAC,Ant-v4,2layers,first-both,fgelu,0.3,11.241298074497328
SAC,Ant-v4,2layers,first-both,fgelu,0.4,9.172887838070574
SAC,Ant-v4,2layers,first-both,fgelu,0.5,27.7162360802652
SAC,Ant-v4,2layers,first-both,flrelu,0.1,24.145140073005813
SAC,Ant-v4,2layers,first-both,flrelu,0.2,15.370813975087563
SAC,Ant-v4,2layers,first-both,flrelu,0.3,-38.78735465458377
SAC,Ant-v4,2layers,first-both,flrelu,0.4,-32.7936487679569
SAC,Ant-v4,2layers,first-both,flrelu,0.5,-49.3735627280554
SAC,Ant-v4,2layers,first-both,fprelu,0.1,38.862576339419284
SAC,Ant-v4,2layers,first-both,fprelu,0.2,-12.001985260359191
SAC,Ant-v4,2layers,first-both,fprelu,0.3,5.094774396388324
SAC,Ant-v4,2layers,first-both,fprelu,0.4,-42.281961978389
SAC,Ant-v4,2layers,first-both,fprelu,0.5,-41.0209844560999
SAC,Ant-v4,2layers,first-both,frelu,0.1,25.72277109455117
SAC,Ant-v4,2layers,first-both,frelu,0.2,22.004142775675593
SAC,Ant-v4,2layers,first-both,frelu,0.3,-22.235274988002722
SAC,Ant-v4,2layers,first-both,frelu,0.4,-42.31397315873379
SAC,Ant-v4,2layers,first-both,frelu,0.5,-32.82437339967385
SAC,Ant-v4,2layers,first-both,fswish,0.1,56.58865154103703
SAC,Ant-v4,2layers,first-both,fswish,0.2,42.52935817983898
SAC,Ant-v4,2layers,first-both,fswish,0.3,26.600431482230828
SAC,Ant-v4,2layers,first-both,fswish,0.4,17.878316260667468
SAC,Ant-v4,2layers,first-both,fswish,0.5,65.66987997490936
SAC,Cartpole-Swingup,1layer,none,fgelu,0.1,-0.6510746245527441
SAC,Cartpole-Swingup,1layer,none,fgelu,0.2,2.0538424687430314
SAC,Cartpole-Swingup,1layer,none,fgelu,0.3,0.4405616401291506
SAC,Cartpole-Swingup,1layer,none,fgelu,0.4,0.2502382152113558
SAC,Cartpole-Swingup,1layer,none,fgelu,0.5,-1.1707874898817174
SAC,Cartpole-Swingup,1layer,none,flrelu,0.1,0.348128276096498
SAC,Cartpole-Swingup,1layer,none,flrelu,0.2,3.9422787143366462
SAC,Cartpole-Swingup,1layer,none,flrelu,0.3,-0.3952563996676731
SAC,Cartpole-Swingup,1layer,none,flrelu,0.4,-2.828978684444176
SAC,Cartpole-Swingup,1layer,none,flrelu,0.5,-7.6251260388580295
SAC,Cartpole-Swingup,1layer,none,fprelu,0.1,-1.0052334754393633
SAC,Cartpole-Swingup,1layer,none,fprelu,0.2,-3.813761464882816
SAC,Cartpole-Swingup,1layer,none,fprelu,0.3,1.2686605366174841
SAC,Cartpole-Swingup,1layer,none,fprelu,0.4,-0.6567898225209569
SAC,Cartpole-Swingup,1layer,none,fprelu,0.5,-5.069020752699187
SAC,Cartpole-Swingup,1layer,none,frelu,0.1,-0.8491080333083337
SAC,Cartpole-Swingup,1layer,none,frelu,0.2,3.2066281005424173
SAC,Cartpole-Swingup,1layer,none,frelu,0.3,2.073965977095022
SAC,Cartpole-Swingup,1layer,none,frelu,0.4,-3.8899722482039216
SAC,Cartpole-Swingup,1layer,none,frelu,0.5,-2.996794520420697
SAC,Cartpole-Swingup,1layer,none,fswish,0.1,2.1489809397310253
SAC,Cartpole-Swingup,1layer,none,fswish,0.2,0.1683408092901609
SAC,Cartpole-Swingup,1layer,none,fswish,0.3,-0.11314085669429907
SAC,Cartpole-Swingup,1layer,none,fswish,0.4,5.033644982367976
SAC,Cartpole-Swingup,1layer,none,fswish,0.5,-0.4989649457340259
SAC,Cartpole-Swingup,2layers,all-actor,fgelu,0.1,-0.011389619919331472
SAC,Cartpole-Swingup,2layers,all-actor,fgelu,0.2,2.437614656901101
SAC,Cartpole-Swingup,2layers,all-actor,fgelu,0.3,-1.8810096117327215
SAC,Cartpole-Swingup,2layers,all-actor,fgelu,0.4,-3.875105696395598
SAC,Cartpole-Swingup,2layers,all-actor,fgelu,0.5,1.687139572854197
SAC,Cartpole-Swingup,2layers,all-actor,flrelu,0.1,1.9893801989365438
SAC,Cartpole-Swingup,2layers,all-actor,flrelu,0.2,0.08647388102341776
SAC,Cartpole-Swingup,2layers,all-actor,flrelu,0.3,4.076151931835484
SAC,Cartpole-Swingup,2layers,all-actor,flrelu,0.4,1.5889455355906332
SAC,Cartpole-Swingup,2layers,all-actor,flrelu,0.5,1.4611243497968902
SAC,Cartpole-Swingup,2layers,all-actor,fprelu,0.1,1.0305282138581708
SAC,Cartpole-Swingup,2layers,all-actor,fprelu,0.2,0.9992671295459642
SAC,Cartpole-Swingup,2layers,all-actor,fprelu,0.3,-0.32141439475448735
SAC,Cartpole-Swingup,2layers,all-actor,fprelu,0.4,0.3238409970294868
SAC,Cartpole-Swingup,2layers,all-actor,fprelu,0.5,0.9363708902261427
SAC,Cartpole-Swingup,2layers,all-actor,frelu,0.1,-0.9149403765169708
SAC,Cartpole-Swingup,2layers,all-actor,frelu,0.2,1.592515957694603
SAC,Cartpole-Swingup,2layers,all-actor,frelu,0.3,1.5871494437533655
SAC,Cartpole-Swingup,2layers,all-actor,frelu,0.4,2.842987620378035
SAC,Cartpole-Swingup,2layers,all-actor,frelu,0.5,0.36156557668855316
SAC,Cartpole-Swingup,2layers,all-actor,fswish,0.1,1.8140929304990199
SAC,Cartpole-Swingup,2layers,all-actor,fswish,0.2,-1.3027636287985334
SAC,Cartpole-Swingup,2layers,all-actor,fswish,0.3,2.055306231122188
SAC,Cartpole-Swingup,2layers,all-actor,fswish,0.4,0.36840986521831465
SAC,Cartpole-Swingup,2layers,all-actor,fswish,0.5,2.4783727061460867
SAC,Cartpole-Swingup,2layers,all-both,fgelu,0.1,1.850430644242413
SAC,Cartpole-Swingup,2layers,all-both,fgelu,0.2,-5.50253571965551
SAC,Cartpole-Swingup,2layers,all-both,fgelu,0.3,1.5881958181374072
SAC,Cartpole-Swingup,2layers,all-both,fgelu,0.4,-1.8005854261274266
SAC,Cartpole-Swingup,2layers,all-both,fgelu,0.5,-1.9529630306217112
SAC,Cartpole-Swingup,2layers,all-both,flrelu,0.1,1.1581676461835173
SAC,Cartpole-Swingup,2layers,all-both,flrelu,0.2,0.8338062671855546
SAC,Cartpole-Swingup,2layers,all-both,flrelu,0.3,-1.8371698564032595
SAC,Cartpole-Swingup,2layers,all-both,flrelu,0.4,1.4941569201723977
SAC,Cartpole-Swingup,2layers,all-both,flrelu,0.5,1.0681619555363786
SAC,Cartpole-Swingup,2layers,all-both,fprelu,0.1,-4.715170243641684
SAC,Cartpole-Swingup,2layers,all-both,fprelu,0.2,0.12227875379391198
SAC,Cartpole-Swingup,2layers,all-both,fprelu,0.3,-1.146785684469003
SAC,Cartpole-Swingup,2layers,all-both,fprelu,0.4,0.7621556682966427
SAC,Cartpole-Swingup,2layers,all-both,fprelu,0.5,2.7838272866349123
SAC,Cartpole-Swingup,2layers,all-both,frelu,0.1,1.2410873310465231
SAC,Cartpole-Swingup,2layers,all-both,frelu,0.2,-2.335249275791316
SAC,Cartpole-Swingup,2layers,all-both,frelu,0.3,0.5715771394861242
SAC,Cartpole-Swingup,2layers,all-both,frelu,0.4,1.2973822897619498
SAC,Cartpole-Swingup,2layers,all-both,frelu,0.5,-0.8740134287092884
SAC,Cartpole-Swingup,2layers,all-both,fswish,0.1,-11.287383871334608
SAC,Cartpole-Swingup,2layers,all-both,fswish,0.2,-1.3424439679338458
SAC,Cartpole-Swingup,2layers,all-both,fswish,0.3,2.910527187437871
SAC,Cartpole-Swingup,2layers,all-both,fswish,0.4,-1.0530745099074923
SAC,Cartpole-Swingup,2layers,all-both,fswish,0.5,0.2907919275838406
SAC,Cartpole-Swingup,2layers,all-critic,fgelu,0.1,-4.271429972019733
SAC,Cartpole-Swingup,2layers,all-critic,fgelu,0.2,-0.9867664077521878
SAC,Cartpole-Swingup,2layers,all-critic,fgelu,0.3,-6.793787634393631
SAC,Cartpole-Swingup,2layers,all-critic,fgelu,0.4,-4.153636841432013
SAC,Cartpole-Swingup,2layers,all-critic,fgelu,0.5,-7.5060327685020924
SAC,Cartpole-Swingup,2layers,all-critic,flrelu,0.1,1.7735439101581825
SAC,Cartpole-Swingup,2layers,all-critic,flrelu,0.2,0.6323261320411872
SAC,Cartpole-Swingup,2layers,all-critic,flrelu,0.3,-1.0642836508888647
SAC,Cartpole-Swingup,2layers,all-critic,flrelu,0.4,1.7252163383580423
SAC,Cartpole-Swingup,2layers,all-critic,flrelu,0.5,1.283624334417799
SAC,Cartpole-Swingup,2layers,all-critic,fprelu,0.1,-3.250378259612019
SAC,Cartpole-Swingup,2layers,all-critic,fprelu,0.2,-0.8712010870970204
SAC,Cartpole-Swingup,2layers,all-critic,fprelu,0.3,0.433297793375136
SAC,Cartpole-Swingup,2layers,all-critic,fprelu,0.4,2.11613514872042
SAC,Cartpole-Swingup,2layers,all-critic,fprelu,0.5,1.226855438718635
SAC,Cartpole-Swingup,2layers,all-critic,frelu,0.1,-0.2509184810436067
SAC,Cartpole-Swingup,2layers,all-critic,frelu,0.2,-0.058075924684037085
SAC,Cartpole-Swingup,2layers,all-critic,frelu,0.3,1.067136584656318
SAC,Cartpole-Swingup,2layers,all-critic,frelu,0.4,1.1944236013590956
SAC,Cartpole-Swingup,2layers,all-critic,frelu,0.5,0.4859657027260303
SAC,Cartpole-Swingup,2layers,all-critic,fswish,0.1,-0.6800955006397771
SAC,Cartpole-Swingup,2layers,all-critic,fswish,0.2,2.278257889895678
SAC,Cartpole-Swingup,2layers,all-critic,fswish,0.3,-3.811554162112503
SAC,Cartpole-Swingup,2layers,all-critic,fswish,0.4,0.7625748716261738
SAC,Cartpole-Swingup,2layers,all-critic,fswish,0.5,1.4152996697638267
SAC,Cartpole-Swingup,2layers,first-actor,fgelu,0.1,2.331819726014353
SAC,Cartpole-Swingup,2layers,first-actor,fgelu,0.2,0.9031983482390047
SAC,Cartpole-Swingup,2layers,first-actor,fgelu,0.3,1.4372261844674223
SAC,Cartpole-Swingup,2layers,first-actor,fgelu,0.4,0.3806929407647631
SAC,Cartpole-Swingup,2layers,first-actor,fgelu,0.5,-1.0205075720491554
SAC,Cartpole-Swingup,2layers,first-actor,flrelu,0.1,0.7609496477499381
SAC,Cartpole-Swingup,2layers,first-actor,flrelu,0.2,1.6657159925856568
SAC,Cartpole-Swingup,2layers,first-actor,flrelu,0.3,0.7770046138642629
SAC,Cartpole-Swingup,2layers,first-actor,flrelu,0.4,3.4925803338796575
SAC,Cartpole-Swingup,2layers,first-actor,flrelu,0.5,1.271986254545087
SAC,Cartpole-Swingup,2layers,first-actor,fprelu,0.1,1.0443640868352306
SAC,Cartpole-Swingup,2layers,first-actor,fprelu,0.2,2.350227714901558
SAC,Cartpole-Swingup,2layers,first-actor,fprelu,0.3,-4.545872258655457
SAC,Cartpole-Swingup,2layers,first-actor,fprelu,0.4,-0.44363633060571245
SAC,Cartpole-Swingup,2layers,first-actor,fprelu,0.5,0.1314317722560001
SAC,Cartpole-Swingup,2layers,first-actor,frelu,0.1,1.2129544732737183
SAC,Cartpole-Swingup,2layers,first-actor,frelu,0.2,2.186538617419
SAC,Cartpole-Swingup,2layers,first-actor,frelu,0.3,-1.8424848288691158
SAC,Cartpole-Swingup,2layers,first-actor,frelu,0.4,2.9817222598873547
SAC,Cartpole-Swingup,2layers,first-actor,frelu,0.5,3.583364064494147
SAC,Cartpole-Swingup,2layers,first-actor,fswish,0.1,3.1224718818621042
SAC,Cartpole-Swingup,2layers,first-actor,fswish,0.2,2.153384233193017
SAC,Cartpole-Swingup,2layers,first-actor,fswish,0.3,0.45004961788826714
SAC,Cartpole-Swingup,2layers,first-actor,fswish,0.4,2.3954589557956547
SAC,Cartpole-Swingup,2layers,first-actor,fswish,0.5,3.2559864707793076
SAC,Cartpole-Swingup,2layers,first-both,fgelu,0.1,0.4940814631654857
SAC,Cartpole-Swingup,2layers,first-both,fgelu,0.2,-2.438980566513583
SAC,Cartpole-Swingup,2layers,first-both,fgelu,0.3,-1.0047441801929193
SAC,Cartpole-Swingup,2layers,first-both,fgelu,0.4,3.6811091155617843
SAC,Cartpole-Swingup,2layers,first-both,fgelu,0.5,2.9298614260644036
SAC,Cartpole-Swingup,2layers,first-both,flrelu,0.1,2.5828136977470217
SAC,Cartpole-Swingup,2layers,first-both,flrelu,0.2,0.8177990107473778
SAC,Cartpole-Swingup,2layers,first-both,flrelu,0.3,2.3218706068231496
SAC,Cartpole-Swingup,2layers,first-both,flrelu,0.4,1.0467851355056168
SAC,Cartpole-Swingup,2layers,first-both,flrelu,0.5,2.751439635533694
SAC,Cartpole-Swingup,2layers,first-both,fprelu,0.1,-2.2420449863637897
SAC,Cartpole-Swingup,2layers,first-both,fprelu,0.2,1.89541605530912
SAC,Cartpole-Swingup,2layers,first-both,fprelu,0.3,1.4532639246851258
SAC,Cartpole-Swingup,2layers,first-both,fprelu,0.4,-1.1164256342076724
SAC,Cartpole-Swingup,2layers,first-both,fprelu,0.5,1.3621784063225149
SAC,Cartpole-Swingup,2layers,first-both,frelu,0.1,2.441702050398294
SAC,Cartpole-Swingup,2layers,first-both,frelu,0.2,-0.10086689004678426
SAC,Cartpole-Swingup,2layers,first-both,frelu,0.3,1.2897398025158608
SAC,Cartpole-Swingup,2layers,first-both,frelu,0.4,1.1320862959167777
SAC,Cartpole-Swingup,2layers,first-both,frelu,0.5,2.031898772779811
SAC,Cartpole-Swingup,2layers,first-both,fswish,0.1,-2.234009122034997
SAC,Cartpole-Swingup,2layers,first-both,fswish,0.2,0.3662123648662989
SAC,Cartpole-Swingup,2layers,first-both,fswish,0.3,0.5350523433440054
SAC,Cartpole-Swingup,2layers,first-both,fswish,0.4,2.339097854482375
SAC,Cartpole-Swingup,2layers,first-both,fswish,0.5,3.112009785807967
SAC,Cheetah-Run,1layer,none,fgelu,0.1,4.544031344681342
SAC,Cheetah-Run,1layer,none,fgelu,0.2,20.514009734458252
SAC,Cheetah-Run,1layer,none,fgelu,0.3,6.333720592088122
SAC,Cheetah-Run,1layer,none,fgelu,0.4,9.381855084140295
SAC,Cheetah-Run,1layer,none,fgelu,0.5,17.66895293489667
SAC,Cheetah-Run,1layer,none,flrelu,0.1,27.434978542584908
SAC,Cheetah-Run,1layer,none,flrelu,0.2,15.154559269480146
SAC,Cheetah-Run,1layer,none,flrelu,0.3,14.052865384897249
SAC,Cheetah-Run,1layer,none,flrelu,0.4,18.749980804022584
SAC,Cheetah-Run,1layer,none,flrelu,0.5,12.79616041358794
SAC,Cheetah-Run,1layer,none,fprelu,0.1,16.057638114040355
SAC,Cheetah-Run,1layer,none,fprelu,0.2,-4.2316760001346125
SAC,Cheetah-Run,1layer,none,fprelu,0.3,11.60528025086791
SAC,Cheetah-Run,1layer,none,fprelu,0.4,13.806191159841115
SAC,Cheetah-Run,1layer,none,fprelu,0.5,1.8593592811109843
SAC,Cheetah-Run,1layer,none,frelu,0.1,20.592692451303048
SAC,Cheetah-Run,1layer,none,frelu,0.2,17.563127447242017
SAC,Cheetah-Run,1layer,none,frelu,0.3,13.082069269734305
SAC,Cheetah-Run,1layer,none,frelu,0.4,17.77352284541021
SAC,Cheetah-Run,1layer,none,frelu,0.5,10.936272668268703
SAC,Cheetah-Run,1layer,none,fswish,0.1,13.071279091936503
SAC,Cheetah-Run,1layer,none,fswish,0.2,30.756706653540835
SAC,Cheetah-Run,1layer,none,fswish,0.3,23.31188804082716
SAC,Cheetah-Run,1layer,none,fswish,0.4,5.260920465548665
SAC,Cheetah-Run,1layer,none,fswish,0.5,10.181767736614114
SAC,Cheetah-Run,2layers,all-actor,fgelu,0.1,12.609171024799718
SAC,Cheetah-Run,2layers,all-actor,fgelu,0.2,14.909935816950005
SAC,Cheetah-Run,2layers,all-actor,fgelu,0.3,15.021768997268163
SAC,Cheetah-Run,2layers,all-actor,fgelu,0.4,16.70437693699795
SAC,Cheetah-Run,2layers,all-actor,fgelu,0.5,12.73990434614929
SAC,Cheetah-Run,2layers,all-actor,flrelu,0.1,20.85530687650797
SAC,Cheetah-Run,2layers,all-actor,flrelu,0.2,9.428541713212672
SAC,Cheetah-Run,2layers,all-actor,flrelu,0.3,19.56742824436145
SAC,Cheetah-Run,2layers,all-actor,flrelu,0.4,12.698999080423185
SAC,Cheetah-Run,2layers,all-actor,flrelu,0.5,10.239623845012238
SAC,Cheetah-Run,2layers,all-actor,fprelu,0.1,18.07232399628638
SAC,Cheetah-Run,2layers,all-actor,fprelu,0.2,10.780783499215982
SAC,Cheetah-Run,2layers,all-actor,fprelu,0.3,28.341689850890354
SAC,Cheetah-Run,2layers,all-actor,fprelu,0.4,12.08493853637897
SAC,Cheetah-Run,2layers,all-actor,fprelu,0.5,24.828802447847664
SAC,Cheetah-Run,2layers,all-actor,frelu,0.1,6.393387782082337
SAC,Cheetah-Run,2layers,all-actor,frelu,0.2,14.883305706891932
SAC,Cheetah-Run,2layers,all-actor,frelu,0.3,10.278484270982933
SAC,Cheetah-Run,2layers,all-actor,frelu,0.4,10.835247639308317
SAC,Cheetah-Run,2layers,all-actor,frelu,0.5,18.36753490779765
SAC,Cheetah-Run,2layers,all-actor,fswish,0.1,12.528354115076045
SAC,Cheetah-Run,2layers,all-actor,fswish,0.2,9.183596531093931
SAC,Cheetah-Run,2layers,all-actor,fswish,0.3,8.879647739666819
SAC,Cheetah-Run,2layers,all-actor,fswish,0.4,-7.5166741138055855
SAC,Cheetah-Run,2layers,all-actor,fswish,0.5,7.958823378665764
SAC,Cheetah-Run,2layers,all-both,fgelu,0.1,15.891636117390188
SAC,Cheetah-Run,2layers,all-both,fgelu,0.2,0.26543942311602375
SAC,Cheetah-Run,2layers,all-both,fgelu,0.3,6.115716929304862
SAC,Cheetah-Run,2layers,all-both,fgelu,0.4,18.687922682771507
SAC,Cheetah-Run,2layers,all-both,fgelu,0.5,2.4362991294772947
SAC,Cheetah-Run,2layers,all-both,flrelu,0.1,8.117443774368047
SAC,Cheetah-Run,2layers,all-both,flrelu,0.2,8.200622963583255
SAC,Cheetah-Run,2layers,all-both,flrelu,0.3,-3.069065228950608
SAC,Cheetah-Run,2layers,all-both,flrelu,0.4,-2.127247788287857
SAC,Cheetah-Run,2layers,all-both,flrelu,0.5,-12.048370913907718
SAC,Cheetah-Run,2layers,all-both,fprelu,0.1,4.95356773123879
SAC,Cheetah-Run,2layers,all-both,fprelu,0.2,10.501366034492088
SAC,Cheetah-Run,2layers,all-both,fprelu,0.3,-1.07759951017868
SAC,Cheetah-Run,2layers,all-both,fprelu,0.4,-8.540490499444891
SAC,Cheetah-Run,2layers,all-both,fprelu,0.5,-10.640631006635541
SAC,Cheetah-Run,2layers,all-both,frelu,0.1,5.557904164601478
SAC,Cheetah-Run,2layers,all-both,frelu,0.2,-0.8601303484580753
SAC,Cheetah-Run,2layers,all-both,frelu,0.3,-5.801644294712772
SAC,Cheetah-Run,2layers,all-both,frelu,0.4,-6.574936639622249
SAC,Cheetah-Run,2layers,all-both,frelu,0.5,-21.314573439370847
SAC,Cheetah-Run,2layers,all-both,fswish,0.1,7.98635404661478
SAC,Cheetah-Run,2layers,all-both,fswish,0.2,16.046516240322177
SAC,Cheetah-Run,2layers,all-both,fswish,0.3,12.379954975695814
SAC,Cheetah-Run,2layers,all-both,fswish,0.4,4.481655848785637
SAC,Cheetah-Run,2layers,all-both,fswish,0.5,3.679764759662554
SAC,Cheetah-Run,2layers,all-critic,fgelu,0.1,14.482614511482222
SAC,Cheetah-Run,2layers,all-critic,fgelu,0.2,5.679641955049744
SAC,Cheetah-Run,2layers,all-critic,fgelu,0.3,6.540960732915037
SAC,Cheetah-Run,2layers,all-critic,fgelu,0.4,4.784884778505084
SAC,Cheetah-Run,2layers,all-critic,fgelu,0.5,7.21903821820968
SAC,Cheetah-Run,2layers,all-critic,flrelu,0.1,6.652176565457859
SAC,Cheetah-Run,2layers,all-critic,flrelu,0.2,3.985366562865136
SAC,Cheetah-Run,2layers,all-critic,flrelu,0.3,0.6939519621810757
SAC,Cheetah-Run,2layers,all-critic,flrelu,0.4,-7.740900590653945
SAC,Cheetah-Run,2layers,all-critic,flrelu,0.5,-10.24965277809184
SAC,Cheetah-Run,2layers,all-critic,fprelu,0.1,-9.099291299508774
SAC,Cheetah-Run,2layers,all-critic,fprelu,0.2,-2.4457375506737
SAC,Cheetah-Run,2layers,all-critic,fprelu,0.3,-10.506242279365063
SAC,Cheetah-Run,2layers,all-critic,fprelu,0.4,-8.932999427875206
SAC,Cheetah-Run,2layers,all-critic,fprelu,0.5,-12.656008021522329
SAC,Cheetah-Run,2layers,all-critic,frelu,0.1,9.728346184358813
SAC,Cheetah-Run,2layers,all-critic,frelu,0.2,2.2043233796828
SAC,Cheetah-Run,2layers,all-critic,frelu,0.3,-0.8353727625598178
SAC,Cheetah-Run,2layers,all-critic,frelu,0.4,-8.330387040553592
SAC,Cheetah-Run,2layers,all-critic,frelu,0.5,-9.785316099596308
SAC,Cheetah-Run,2layers,all-critic,fswish,0.1,6.723247085548482
SAC,Cheetah-Run,2layers,all-critic,fswish,0.2,13.155655379019754
SAC,Cheetah-Run,2layers,all-critic,fswish,0.3,12.180229091534418
SAC,Cheetah-Run,2layers,all-critic,fswish,0.4,2.644132960822189
SAC,Cheetah-Run,2layers,all-critic,fswish,0.5,8.078765921768909
SAC,Cheetah-Run,2layers,first-actor,fgelu,0.1,16.044594147318655
SAC,Cheetah-Run,2layers,first-actor,fgelu,0.2,20.162984625772776
SAC,Cheetah-Run,2layers,first-actor,fgelu,0.3,4.782946845169878
SAC,Cheetah-Run,2layers,first-actor,fgelu,0.4,7.9999839041088965
SAC,Cheetah-Run,2layers,first-actor,fgelu,0.5,9.938783123361308
SAC,Cheetah-Run,2layers,first-actor,flrelu,0.1,14.926182378200135
SAC,Cheetah-Run,2layers,first-actor,flrelu,0.2,15.07029610914807
SAC,Cheetah-Run,2layers,first-actor,flrelu,0.3,8.894141788136105
SAC,Cheetah-Run,2layers,first-actor,flrelu,0.4,12.806093183894797
SAC,Cheetah-Run,2layers,first-actor,flrelu,0.5,20.45743256841346
SAC,Cheetah-Run,2layers,first-actor,fprelu,0.1,2.695239157551656
SAC,Cheetah-Run,2layers,first-actor,fprelu,0.2,14.0588136654956
SAC,Cheetah-Run,2layers,first-actor,fprelu,0.3,14.850906762050675
SAC,Cheetah-Run,2layers,first-actor,fprelu,0.4,19.074310612211082
SAC,Cheetah-Run,2layers,first-actor,fprelu,0.5,15.045104530366768
SAC,Cheetah-Run,2layers,first-actor,frelu,0.1,21.585074681293918
SAC,Cheetah-Run,2layers,first-actor,frelu,0.2,15.348248985143673
SAC,Cheetah-Run,2layers,first-actor,frelu,0.3,18.24261620695094
SAC,Cheetah-Run,2layers,first-actor,frelu,0.4,16.421333030887105
SAC,Cheetah-Run,2layers,first-actor,frelu,0.5,18.492541431489855
SAC,Cheetah-Run,2layers,first-actor,fswish,0.1,8.79539186609399
SAC,Cheetah-Run,2layers,first-actor,fswish,0.2,10.940386635284874
SAC,Cheetah-Run,2layers,first-actor,fswish,0.3,14.294033870030608
SAC,Cheetah-Run,2layers,first-actor,fswish,0.4,14.065891086428508
SAC,Cheetah-Run,2layers,first-actor,fswish,0.5,12.414443579728038
SAC,Cheetah-Run,2layers,first-both,fgelu,0.1,10.551220485351246
SAC,Cheetah-Run,2layers,first-both,fgelu,0.2,5.477229327660601
SAC,Cheetah-Run,2layers,first-both,fgelu,0.3,6.306760206421375
SAC,Cheetah-Run,2layers,first-both,fgelu,0.4,10.402100465632433
SAC,Cheetah-Run,2layers,first-both,fgelu,0.5,6.958499743093663
SAC,Cheetah-Run,2layers,first-both,flrelu,0.1,6.697560963598623
SAC,Cheetah-Run,2layers,first-both,flrelu,0.2,0.10598048012021924
SAC,Cheetah-Run,2layers,first-both,flrelu,0.3,7.68081059861165
SAC,Cheetah-Run,2layers,first-both,flrelu,0.4,13.569183028016448
SAC,Cheetah-Run,2layers,first-both,flrelu,0.5,7.173657739752907
SAC,Cheetah-Run,2layers,first-both,fprelu,0.1,13.34651144672901
SAC,Cheetah-Run,2layers,first-both,fprelu,0.2,9.525236432749562
SAC,Cheetah-Run,2layers,first-both,fprelu,0.3,5.34877025380955
SAC,Cheetah-Run,2layers,first-both,fprelu,0.4,14.824039952896978
SAC,Cheetah-Run,2layers,first-both,fprelu,0.5,8.185138038458565
SAC,Cheetah-Run,2layers,first-both,frelu,0.1,20.54222106147743
SAC,Cheetah-Run,2layers,first-both,frelu,0.2,6.919492093130804
SAC,Cheetah-Run,2layers,first-both,frelu,0.3,-9.234163617309388
SAC,Cheetah-Run,2layers,first-both,frelu,0.4,15.311198221808485
SAC,Cheetah-Run,2layers,first-both,frelu,0.5,3.1713228427872444
SAC,Cheetah-Run,2layers,first-both,fswish,0.1,7.504905344614547
SAC,Cheetah-Run,2layers,first-both,fswish,0.2,9.578004157235332
SAC,Cheetah-Run,2layers,first-both,fswish,0.3,13.024324252197896
SAC,Cheetah-Run,2layers,first-both,fswish,0.4,13.258327740917792
SAC,Cheetah-Run,2layers,first-both,fswish,0.5,16.54786124228125
SAC,Finger-Spin,1layer,none,fgelu,0.1,-27.39100369364659
SAC,Finger-Spin,1layer,none,fgelu,0.2,-0.4368285237219812
SAC,Finger-Spin,1layer,none,fgelu,0.3,7.048455920797425
SAC,Finger-Spin,1layer,none,fgelu,0.4,4.625659880926279
SAC,Finger-Spin,1layer,none,fgelu,0.5,8.645662916800188
SAC,Finger-Spin,1layer,none,flrelu,0.1,-9.045217655293385
SAC,Finger-Spin,1layer,none,flrelu,0.2,-3.1357204297448176
SAC,Finger-Spin,1layer,none,flrelu,0.3,-1.3695164527499957
SAC,Finger-Spin,1layer,none,flrelu,0.4,1.35045791098143
SAC,Finger-Spin,1layer,none,flrelu,0.5,-3.44740348450861
SAC,Finger-Spin,1layer,none,fprelu,0.1,-7.9723735474186626
SAC,Finger-Spin,1layer,none,fprelu,0.2,-15.452092223103
SAC,Finger-Spin,1layer,none,fprelu,0.3,-8.763724679968291
SAC,Finger-Spin,1layer,none,fprelu,0.4,-10.404614528343256
SAC,Finger-Spin,1layer,none,fprelu,0.5,-7.096523924373008
SAC,Finger-Spin,1layer,none,frelu,0.1,-1.9581386719738236
SAC,Finger-Spin,1layer,none,frelu,0.2,0.10929146076132952
SAC,Finger-Spin,1layer,none,frelu,0.3,6.704896189978243
SAC,Finger-Spin,1layer,none,frelu,0.4,1.919852928775025
SAC,Finger-Spin,1layer,none,frelu,0.5,-3.7585805602873963
SAC,Finger-Spin,1layer,none,fswish,0.1,-0.05245315477897154
SAC,Finger-Spin,1layer,none,fswish,0.2,-9.811101178931036
SAC,Finger-Spin,1layer,none,fswish,0.3,-2.449275606753133
SAC,Finger-Spin,1layer,none,fswish,0.4,6.275657351031354
SAC,Finger-Spin,1layer,none,fswish,0.5,3.144153412828254
SAC,Finger-Spin,2layers,all-actor,fgelu,0.1,10.358353206978787
SAC,Finger-Spin,2layers,all-actor,fgelu,0.2,8.32796079281582
SAC,Finger-Spin,2layers,all-actor,fgelu,0.3,13.535664160115022
SAC,Finger-Spin,2layers,all-actor,fgelu,0.4,10.210156668986844
SAC,Finger-Spin,2layers,all-actor,fgelu,0.5,7.461888243550099
SAC,Finger-Spin,2layers,all-actor,flrelu,0.1,7.901485673859215
SAC,Finger-Spin,2layers,all-actor,flrelu,0.2,5.164200052489245
SAC,Finger-Spin,2layers,all-actor,flrelu,0.3,15.967000239624815
SAC,Finger-Spin,2layers,all-actor,flrelu,0.4,13.972123646405057
SAC,Finger-Spin,2layers,all-actor,flrelu,0.5,7.848568526992024
SAC,Finger-Spin,2layers,all-actor,fprelu,0.1,7.539338407293724
SAC,Finger-Spin,2layers,all-actor,fprelu,0.2,7.740594725971907
SAC,Finger-Spin,2layers,all-actor,fprelu,0.3,7.408400561406711
SAC,Finger-Spin,2layers,all-actor,fprelu,0.4,8.507964672455698
SAC,Finger-Spin,2layers,all-actor,fprelu,0.5,12.36620947773201
SAC,Finger-Spin,2layers,all-actor,frelu,0.1,9.209152526900738
SAC,Finger-Spin,2layers,all-actor,frelu,0.2,2.509784679986763
SAC,Finger-Spin,2layers,all-actor,frelu,0.3,5.891917797277405
SAC,Finger-Spin,2layers,all-actor,frelu,0.4,7.653873363990096
SAC,Finger-Spin,2layers,all-actor,frelu,0.5,11.851871926241198
SAC,Finger-Spin,2layers,all-actor,fswish,0.1,8.381448474959207
SAC,Finger-Spin,2layers,all-actor,fswish,0.2,3.475558268767758
SAC,Finger-Spin,2layers,all-actor,fswish,0.3,9.49755810901788
SAC,Finger-Spin,2layers,all-actor,fswish,0.4,11.03400960781405
SAC,Finger-Spin,2layers,all-actor,fswish,0.5,13.599421477229935
SAC,Finger-Spin,2layers,all-both,fgelu,0.1,15.479049944658078
SAC,Finger-Spin,2layers,all-both,fgelu,0.2,9.441360384312564
SAC,Finger-Spin,2layers,all-both,fgelu,0.3,11.987374054337781
SAC,Finger-Spin,2layers,all-both,fgelu,0.4,11.281764551502219
SAC,Finger-Spin,2layers,all-both,fgelu,0.5,13.010771706014584
SAC,Finger-Spin,2layers,all-both,flrelu,0.1,10.784400424478246
SAC,Finger-Spin,2layers,all-both,flrelu,0.2,7.36147403493958
SAC,Finger-Spin,2layers,all-both,flrelu,0.3,5.951253466001803
SAC,Finger-Spin,2layers,all-both,flrelu,0.4,10.377894040188504
SAC,Finger-Spin,2layers,all-both,flrelu,0.5,4.206128689936898
SAC,Finger-Spin,2layers,all-both,fprelu,0.1,1.7820669351986034
SAC,Finger-Spin,2layers,all-both,fprelu,0.2,10.844306628478838
SAC,Finger-Spin,2layers,all-both,fprelu,0.3,4.06449330762121
SAC,Finger-Spin,2layers,all-both,fprelu,0.4,5.473144904549448
SAC,Finger-Spin,2layers,all-both,fprelu,0.5,2.3293528988897387
SAC,Finger-Spin,2layers,all-both,frelu,0.1,6.9653799194404185
SAC,Finger-Spin,2layers,all-both,frelu,0.2,8.702945103095724
SAC,Finger-Spin,2layers,all-both,frelu,0.3,10.772847085135274
SAC,Finger-Spin,2layers,all-both,frelu,0.4,10.155955817748211
SAC,Finger-Spin,2layers,all-both,frelu,0.5,-2.326072321051611
SAC,Finger-Spin,2layers,all-both,fswish,0.1,14.469915674886177
SAC,Finger-Spin,2layers,all-both,fswish,0.2,10.351506783664433
SAC,Finger-Spin,2layers,all-both,fswish,0.3,9.291880141949175
SAC,Finger-Spin,2layers,all-both,fswish,0.4,14.783282175336902
SAC,Finger-Spin,2layers,all-both,fswish,0.5,13.665460935449639
SAC,Finger-Spin,2layers,all-critic,fgelu,0.1,12.736058970526148
SAC,Finger-Spin,2layers,all-critic,fgelu,0.2,11.067813822928674
SAC,Finger-Spin,2layers,all-critic,fgelu,0.3,7.667138309161655
SAC,Finger-Spin,2layers,all-critic,fgelu,0.4,12.156537763729933
SAC,Finger-Spin,2layers,all-critic,fgelu,0.5,11.515541380923583
SAC,Finger-Spin,2layers,all-critic,flrelu,0.1,8.26463137715805
SAC,Finger-Spin,2layers,all-critic,flrelu,0.2,7.703082031562012
SAC,Finger-Spin,2layers,all-critic,flrelu,0.3,12.22585779978776
SAC,Finger-Spin,2layers,all-critic,flrelu,0.4,3.8367070985999066
SAC,Finger-Spin,2layers,all-critic,flrelu,0.5,4.612635074226639
SAC,Finger-Spin,2layers,all-critic,fprelu,0.1,0.6943414311306867
SAC,Finger-Spin,2layers,all-critic,fprelu,0.2,2.830425505208987
SAC,Finger-Spin,2layers,all-critic,fprelu,0.3,7.478861668016934
SAC,Finger-Spin,2layers,all-critic,fprelu,0.4,6.751001289409724
SAC,Finger-Spin,2layers,all-critic,fprelu,0.5,3.9804819882013307
SAC,Finger-Spin,2layers,all-critic,frelu,0.1,9.43294498898867
SAC,Finger-Spin,2layers,all-critic,frelu,0.2,11.412559763570181
SAC,Finger-Spin,2layers,all-critic,frelu,0.3,5.402969065577325
SAC,Finger-Spin,2layers,all-critic,frelu,0.4,1.0902929128107992
SAC,Finger-Spin,2layers,all-critic,frelu,0.5,-7.6079452742563065
SAC,Finger-Spin,2layers,all-critic,fswish,0.1,-1.2558907767267256
SAC,Finger-Spin,2layers,all-critic,fswish,0.2,13.732356196583634
SAC,Finger-Spin,2layers,all-critic,fswish,0.3,16.76332485137556
SAC,Finger-Spin,2layers,all-critic,fswish,0.4,7.93757203007862
SAC,Finger-Spin,2layers,all-critic,fswish,0.5,7.778392688019901
SAC,Finger-Spin,2layers,first-actor,fgelu,0.1,6.879942261830048
SAC,Finger-Spin,2layers,first-actor,fgelu,0.2,2.7415646359414403
SAC,Finger-Spin,2layers,first-actor,fgelu,0.3,5.400829558291589
SAC,Finger-Spin,2layers,first-actor,fgelu,0.4,8.647175279847554
SAC,Finger-Spin,2layers,first-actor,fgelu,0.5,6.37002635872976
SAC,Finger-Spin,2layers,first-actor,flrelu,0.1,6.579983340369935
SAC,Finger-Spin,2layers,first-actor,flrelu,0.2,8.376171023654393
SAC,Finger-Spin,2layers,first-actor,flrelu,0.3,7.369746796444424
SAC,Finger-Spin,2layers,first-actor,flrelu,0.4,7.177761676004428
SAC,Finger-Spin,2layers,first-actor,flrelu,0.5,7.18489336695688
SAC,Finger-Spin,2layers,first-actor,fprelu,0.1,4.898615881419948
SAC,Finger-Spin,2layers,first-actor,fprelu,0.2,6.172193251708753
SAC,Finger-Spin,2layers,first-actor,fprelu,0.3,18.49004986478314
SAC,Finger-Spin,2layers,first-actor,fprelu,0.4,10.342948754521492
SAC,Finger-Spin,2layers,first-actor,fprelu,0.5,9.349932106302132
SAC,Finger-Spin,2layers,first-actor,frelu,0.1,8.957118568641098
SAC,Finger-Spin,2layers,first-actor,frelu,0.2,8.61080365599005
SAC,Finger-Spin,2layers,first-actor,frelu,0.3,8.315123749101407
SAC,Finger-Spin,2layers,first-actor,frelu,0.4,4.225526889327567
SAC,Finger-Spin,2layers,first-actor,frelu,0.5,9.728339628239215
SAC,Finger-Spin,2layers,first-actor,fswish,0.1,11.254236224425757
SAC,Finger-Spin,2layers,first-actor,fswish,0.2,14.084091194358546
SAC,Finger-Spin,2layers,first-actor,fswish,0.3,8.745164713534237
SAC,Finger-Spin,2layers,first-actor,fswish,0.4,11.441371795018085
SAC,Finger-Spin,2layers,first-actor,fswish,0.5,11.526381551171308
SAC,Finger-Spin,2layers,first-both,fgelu,0.1,9.45491059712222
SAC,Finger-Spin,2layers,first-both,fgelu,0.2,12.292182525645561
SAC,Finger-Spin,2layers,first-both,fgelu,0.3,7.858410260506406
SAC,Finger-Spin,2layers,first-both,fgelu,0.4,11.889527254470144
SAC,Finger-Spin,2layers,first-both,fgelu,0.5,8.365330853406666
SAC,Finger-Spin,2layers,first-both,flrelu,0.1,11.208308134691968
SAC,Finger-Spin,2layers,first-both,flrelu,0.2,9.492138023894018
SAC,Finger-Spin,2layers,first-both,flrelu,0.3,7.962532948412201
SAC,Finger-Spin,2layers,first-both,flrelu,0.4,10.203024978034392
SAC,Finger-Spin,2layers,first-both,flrelu,0.5,-9.855568994830955
SAC,Finger-Spin,2layers,first-both,fprelu,0.1,10.431096454693794
SAC,Finger-Spin,2layers,first-both,fprelu,0.2,10.17392767894839
SAC,Finger-Spin,2layers,first-both,fprelu,0.3,13.41185800518046
SAC,Finger-Spin,2layers,first-both,fprelu,0.4,14.403020413752182
SAC,Finger-Spin,2layers,first-both,fprelu,0.5,-3.2320823396510603
SAC,Finger-Spin,2layers,first-both,frelu,0.1,10.583572007257208
SAC,Finger-Spin,2layers,first-both,frelu,0.2,6.826169312048563
SAC,Finger-Spin,2layers,first-both,frelu,0.3,8.908480436345378
SAC,Finger-Spin,2layers,first-both,frelu,0.4,8.758144391067699
SAC,Finger-Spin,2layers,first-both,frelu,0.5,1.8908965391330128
SAC,Finger-Spin,2layers,first-both,fswish,0.1,7.91118477355455
SAC,Finger-Spin,2layers,first-both,fswish,0.2,6.866819950477537
SAC,Finger-Spin,2layers,first-both,fswish,0.3,12.362215730798635
SAC,Finger-Spin,2layers,first-both,fswish,0.4,14.041728950100984
SAC,Finger-Spin,2layers,first-both,fswish,0.5,12.086361924757808
SAC,HalfCheetah-v4,1layer,none,fgelu,0.1,8.613124808801114
SAC,HalfCheetah-v4,1layer,none,fgelu,0.2,17.206590388007434
SAC,HalfCheetah-v4,1layer,none,fgelu,0.3,6.444257986557838
SAC,HalfCheetah-v4,1layer,none,fgelu,0.4,24.514818292561777
SAC,HalfCheetah-v4,1layer,none,fgelu,0.5,4.530336684747121
SAC,HalfCheetah-v4,1layer,none,flrelu,0.1,-23.80021860353312
SAC,HalfCheetah-v4,1layer,none,flrelu,0.2,1.7291996336321476
SAC,HalfCheetah-v4,1layer,none,flrelu,0.3,6.878521699202213
SAC,HalfCheetah-v4,1layer,none,flrelu,0.4,25.206882596632504
SAC,HalfCheetah-v4,1layer,none,flrelu,0.5,-18.02337794712312
SAC,HalfCheetah-v4,1layer,none,fprelu,0.1,16.281130322810206
SAC,HalfCheetah-v4,1layer,none,fprelu,0.2,7.550731567139676
SAC,HalfCheetah-v4,1layer,none,fprelu,0.3,9.954789560309997
SAC,HalfCheetah-v4,1layer,none,fprelu,0.4,2.9122480084900304
SAC,HalfCheetah-v4,1layer,none,fprelu,0.5,-11.00596710743668
SAC,HalfCheetah-v4,1layer,none,frelu,0.1,20.356247653603983
SAC,HalfCheetah-v4,1layer,none,frelu,0.2,28.540586777091438
SAC,HalfCheetah-v4,1layer,none,frelu,0.3,21.0088440939232
SAC,HalfCheetah-v4,1layer,none,frelu,0.4,0.6525266315830436
SAC,HalfCheetah-v4,1layer,none,frelu,0.5,4.871060974191623
SAC,HalfCheetah-v4,1layer,none,fswish,0.1,14.017350431267072
SAC,HalfCheetah-v4,1layer,none,fswish,0.2,-5.30558004439879
SAC,HalfCheetah-v4,1layer,none,fswish,0.3,6.253357370639587
SAC,HalfCheetah-v4,1layer,none,fswish,0.4,6.526950583825007
SAC,HalfCheetah-v4,1layer,none,fswish,0.5,16.023177943500748
SAC,HalfCheetah-v4,2layers,all-actor,fgelu,0.1,11.45420608723465
SAC,HalfCheetah-v4,2layers,all-actor,fgelu,0.2,6.556926842472042
SAC,HalfCheetah-v4,2layers,all-actor,fgelu,0.3,5.3658536508157475
SAC,HalfCheetah-v4,2layers,all-actor,fgelu,0.4,10.464444385398687
SAC,HalfCheetah-v4,2layers,all-actor,fgelu,0.5,-10.110006894132425
SAC,HalfCheetah-v4,2layers,all-actor,flrelu,0.1,-13.585463323411798
SAC,HalfCheetah-v4,2layers,all-actor,flrelu,0.2,-6.873330901170613
SAC,HalfCheetah-v4,2layers,all-actor,flrelu,0.3,-22.99611524148912
SAC,HalfCheetah-v4,2layers,all-actor,flrelu,0.4,-16.742405455583327
SAC,HalfCheetah-v4,2layers,all-actor,flrelu,0.5,-7.5677861396373585
SAC,HalfCheetah-v4,2layers,all-actor,fprelu,0.1,-11.485462585338286
SAC,HalfCheetah-v4,2layers,all-actor,fprelu,0.2,6.475728352850763
SAC,HalfCheetah-v4,2layers,all-actor,fprelu,0.3,7.9893097728719855
SAC,HalfCheetah-v4,2layers,all-actor,fprelu,0.4,7.911360532109997
SAC,HalfCheetah-v4,2layers,all-actor,fprelu,0.5,5.827855379412384
SAC,HalfCheetah-v4,2layers,all-actor,frelu,0.1,4.806744609161171
SAC,HalfCheetah-v4,2layers,all-actor,frelu,0.2,-9.43133769249388
SAC,HalfCheetah-v4,2layers,all-actor,frelu,0.3,-3.465100902951464
SAC,HalfCheetah-v4,2layers,all-actor,frelu,0.4,-12.472571423915984
SAC,HalfCheetah-v4,2layers,all-actor,frelu,0.5,-23.582690615585868
SAC,HalfCheetah-v4,2layers,all-actor,fswish,0.1,17.079202953135304
SAC,HalfCheetah-v4,2layers,all-actor,fswish,0.2,-3.5481839754696494
SAC,HalfCheetah-v4,2layers,all-actor,fswish,0.3,16.234477041305077
SAC,HalfCheetah-v4,2layers,all-actor,fswish,0.4,13.129469850950084
SAC,HalfCheetah-v4,2layers,all-actor,fswish,0.5,1.6975644606162574
SAC,HalfCheetah-v4,2layers,all-both,fgelu,0.1,11.213519544701231
SAC,HalfCheetah-v4,2layers,all-both,fgelu,0.2,1.5712790570811872
SAC,HalfCheetah-v4,2layers,all-both,fgelu,0.3,16.77966591982649
SAC,HalfCheetah-v4,2layers,all-both,fgelu,0.4,13.1348481911699
SAC,HalfCheetah-v4,2layers,all-both,fgelu,0.5,7.439226294530537
SAC,HalfCheetah-v4,2layers,all-both,flrelu,0.1,5.510011427146482
SAC,HalfCheetah-v4,2layers,all-both,flrelu,0.2,-5.886692530478296
SAC,HalfCheetah-v4,2layers,all-both,flrelu,0.3,-6.752910148959235
SAC,HalfCheetah-v4,2layers,all-both,flrelu,0.4,-9.261971897053094
SAC,HalfCheetah-v4,2layers,all-both,flrelu,0.5,-13.997281597735613
SAC,HalfCheetah-v4,2layers,all-both,fprelu,0.1,-12.966854327784613
SAC,HalfCheetah-v4,2layers,all-both,fprelu,0.2,1.6123461382605329
SAC,HalfCheetah-v4,2layers,all-both,fprelu,0.3,-19.755056177857792
SAC,HalfCheetah-v4,2layers,all-both,fprelu,0.4,-31.7820738969345
SAC,HalfCheetah-v4,2layers,all-both,fprelu,0.5,-33.468203716854866
SAC,HalfCheetah-v4,2layers,all-both,frelu,0.1,1.802852087930373
SAC,HalfCheetah-v4,2layers,all-both,frelu,0.2,-4.400776040370696
SAC,HalfCheetah-v4,2layers,all-both,frelu,0.3,-10.181714575092748
SAC,HalfCheetah-v4,2layers,all-both,frelu,0.4,-13.120941017540696
SAC,HalfCheetah-v4,2layers,all-both,frelu,0.5,-30.65778001148643
SAC,HalfCheetah-v4,2layers,all-both,fswish,0.1,16.446556496106975
SAC,HalfCheetah-v4,2layers,all-both,fswish,0.2,25.844786179170136
SAC,HalfCheetah-v4,2layers,all-both,fswish,0.3,-3.213871113128613
SAC,HalfCheetah-v4,2layers,all-both,fswish,0.4,2.954511480265128
SAC,HalfCheetah-v4,2layers,all-both,fswish,0.5,16.302570864368256
SAC,HalfCheetah-v4,2layers,all-critic,fgelu,0.1,13.530828930334838
SAC,HalfCheetah-v4,2layers,all-critic,fgelu,0.2,14.07645660804018
SAC,HalfCheetah-v4,2layers,all-critic,fgelu,0.3,3.4959452286632513
SAC,HalfCheetah-v4,2layers,all-critic,fgelu,0.4,5.722025275620842
SAC,HalfCheetah-v4,2layers,all-critic,fgelu,0.5,-1.6905273966845253
SAC,HalfCheetah-v4,2layers,all-critic,flrelu,0.1,5.441749780288889
SAC,HalfCheetah-v4,2layers,all-critic,flrelu,0.2,9.974631256148479
SAC,HalfCheetah-v4,2layers,all-critic,flrelu,0.3,1.7567319735260156
SAC,HalfCheetah-v4,2layers,all-critic,flrelu,0.4,-18.9027363836517
SAC,HalfCheetah-v4,2layers,all-critic,flrelu,0.5,-13.397509166886085
SAC,HalfCheetah-v4,2layers,all-critic,fprelu,0.1,-4.8070773087726995
SAC,HalfCheetah-v4,2layers,all-critic,fprelu,0.2,-17.722743301541534
SAC,HalfCheetah-v4,2layers,all-critic,fprelu,0.3,-9.245187937735526
SAC,HalfCheetah-v4,2layers,all-critic,fprelu,0.4,-39.323132653517675
SAC,HalfCheetah-v4,2layers,all-critic,fprelu,0.5,-16.116007275309915
SAC,HalfCheetah-v4,2layers,all-critic,frelu,0.1,2.000780247740277
SAC,HalfCheetah-v4,2layers,all-critic,frelu,0.2,7.057605768673545
SAC,HalfCheetah-v4,2layers,all-critic,frelu,0.3,-9.809608793531007
SAC,HalfCheetah-v4,2layers,all-critic,frelu,0.4,-0.3735620606290837
SAC,HalfCheetah-v4,2layers,all-critic,frelu,0.5,-2.3685909584878218
SAC,HalfCheetah-v4,2layers,all-critic,fswish,0.1,26.75674933809561
SAC,HalfCheetah-v4,2layers,all-critic,fswish,0.2,17.954745551273582
SAC,HalfCheetah-v4,2layers,all-critic,fswish,0.3,18.060779143797486
SAC,HalfCheetah-v4,2layers,all-critic,fswish,0.4,23.685487978128627
SAC,HalfCheetah-v4,2layers,all-critic,fswish,0.5,21.86851945339692
SAC,HalfCheetah-v4,2layers,first-actor,fgelu,0.1,12.771295472150063
SAC,HalfCheetah-v4,2layers,first-actor,fgelu,0.2,7.377825212420689
SAC,HalfCheetah-v4,2layers,first-actor,fgelu,0.3,3.2558974257991053
SAC,HalfCheetah-v4,2layers,first-actor,fgelu,0.4,-15.13050164084876
SAC,HalfCheetah-v4,2layers,first-actor,fgelu,0.5,-0.23865222928760366
SAC,HalfCheetah-v4,2layers,first-actor,flrelu,0.1,-4.9484784855609405
SAC,HalfCheetah-v4,2layers,first-actor,flrelu,0.2,3.1560899185523015
SAC,HalfCheetah-v4,2layers,first-actor,flrelu,0.3,7.975898321679208
SAC,HalfCheetah-v4,2layers,first-actor,flrelu,0.4,3.4676122126051325
SAC,HalfCheetah-v4,2layers,first-actor,flrelu,0.5,-6.067249589461646
SAC,HalfCheetah-v4,2layers,first-actor,fprelu,0.1,9.07595718313327
SAC,HalfCheetah-v4,2layers,first-actor,fprelu,0.2,-6.352406280113305
SAC,HalfCheetah-v4,2layers,first-actor,fprelu,0.3,9.66930217613379
SAC,HalfCheetah-v4,2layers,first-actor,fprelu,0.4,8.087714815506484
SAC,HalfCheetah-v4,2layers,first-actor,fprelu,0.5,-0.827529704836891
SAC,HalfCheetah-v4,2layers,first-actor,frelu,0.1,-2.7978271114234445
SAC,HalfCheetah-v4,2layers,first-actor,frelu,0.2,14.329217451849
SAC,HalfCheetah-v4,2layers,first-actor,frelu,0.3,-10.321535042130552
SAC,HalfCheetah-v4,2layers,first-actor,frelu,0.4,-11.096260347971375
SAC,HalfCheetah-v4,2layers,first-actor,frelu,0.5,-6.557241844252286
SAC,HalfCheetah-v4,2layers,first-actor,fswish,0.1,-4.90566590047838
SAC,HalfCheetah-v4,2layers,first-actor,fswish,0.2,12.727824657562513
SAC,HalfCheetah-v4,2layers,first-actor,fswish,0.3,0.13185298649351865
SAC,HalfCheetah-v4,2layers,first-actor,fswish,0.4,-2.295486539248393
SAC,HalfCheetah-v4,2layers,first-actor,fswish,0.5,16.16138728718603
SAC,HalfCheetah-v4,2layers,first-both,fgelu,0.1,17.763277576384787
SAC,HalfCheetah-v4,2layers,first-both,fgelu,0.2,1.8820478676625245
SAC,HalfCheetah-v4,2layers,first-both,fgelu,0.3,7.278085872691515
SAC,HalfCheetah-v4,2layers,first-both,fgelu,0.4,5.703616950669905
SAC,HalfCheetah-v4,2layers,first-both,fgelu,0.5,-0.1713698371781419
SAC,HalfCheetah-v4,2layers,first-both,flrelu,0.1,8.075565781834428
SAC,HalfCheetah-v4,2layers,first-both,flrelu,0.2,-8.180266968453191
SAC,HalfCheetah-v4,2layers,first-both,flrelu,0.3,11.37768470618423
SAC,HalfCheetah-v4,2layers,first-both,flrelu,0.4,-5.514246888388284
SAC,HalfCheetah-v4,2layers,first-both,flrelu,0.5,-14.056748907139701
SAC,HalfCheetah-v4,2layers,first-both,fprelu,0.1,9.26743285080677
SAC,HalfCheetah-v4,2layers,first-both,fprelu,0.2,10.10971299376806
SAC,HalfCheetah-v4,2layers,first-both,fprelu,0.3,18.154926392160654
SAC,HalfCheetah-v4,2layers,first-both,fprelu,0.4,6.889851837916771
SAC,HalfCheetah-v4,2layers,first-both,fprelu,0.5,-11.137226961596747
SAC,HalfCheetah-v4,2layers,first-both,frelu,0.1,-7.257510870693333
SAC,HalfCheetah-v4,2layers,first-both,frelu,0.2,0.5401881400159454
SAC,HalfCheetah-v4,2layers,first-both,frelu,0.3,-9.123130120559178
SAC,HalfCheetah-v4,2layers,first-both,frelu,0.4,-2.6726764292063563
SAC,HalfCheetah-v4,2layers,first-both,frelu,0.5,-13.800993307384465
SAC,HalfCheetah-v4,2layers,first-both,fswish,0.1,17.248837391666996
SAC,HalfCheetah-v4,2layers,first-both,fswish,0.2,9.274928439422556
SAC,HalfCheetah-v4,2layers,first-both,fswish,0.3,15.691839453029925
SAC,HalfCheetah-v4,2layers,first-both,fswish,0.4,18.23589225259426
SAC,HalfCheetah-v4,2layers,first-both,fswish,0.5,16.60495386021298
SAC,Hopper-v4,1layer,none,fgelu,0.1,58.231236912856176
SAC,Hopper-v4,1layer,none,fgelu,0.2,51.11468612328134
SAC,Hopper-v4,1layer,none,fgelu,0.3,35.10896536786824
SAC,Hopper-v4,1layer,none,fgelu,0.4,56.00231614827423
SAC,Hopper-v4,1layer,none,fgelu,0.5,22.58521868494598
SAC,Hopper-v4,1layer,none,flrelu,0.1,-5.316643918328858
SAC,Hopper-v4,1layer,none,flrelu,0.2,34.4418324136988
SAC,Hopper-v4,1layer,none,flrelu,0.3,-1.2444760316938868
SAC,Hopper-v4,1layer,none,flrelu,0.4,-8.856866187343197
SAC,Hopper-v4,1layer,none,flrelu,0.5,-1.210247749565319
SAC,Hopper-v4,1layer,none,fprelu,0.1,43.51232991972189
SAC,Hopper-v4,1layer,none,fprelu,0.2,9.836888155340695
SAC,Hopper-v4,1layer,none,fprelu,0.3,15.048571494346504
SAC,Hopper-v4,1layer,none,fprelu,0.4,30.333059085577425
SAC,Hopper-v4,1layer,none,fprelu,0.5,1.8150677083610656
SAC,Hopper-v4,1layer,none,frelu,0.1,-11.876171840213422
SAC,Hopper-v4,1layer,none,frelu,0.2,5.352792590240952
SAC,Hopper-v4,1layer,none,frelu,0.3,8.439143591083575
SAC,Hopper-v4,1layer,none,frelu,0.4,-27.796893810494332
SAC,Hopper-v4,1layer,none,frelu,0.5,-48.50184599374578
SAC,Hopper-v4,1layer,none,fswish,0.1,33.846901314197375
SAC,Hopper-v4,1layer,none,fswish,0.2,15.631148997233776
SAC,Hopper-v4,1layer,none,fswish,0.3,-3.3428524014438623
SAC,Hopper-v4,1layer,none,fswish,0.4,-7.594135064145928
SAC,Hopper-v4,1layer,none,fswish,0.5,-30.70331365479865
SAC,Hopper-v4,2layers,all-actor,fgelu,0.1,9.731084057874071
SAC,Hopper-v4,2layers,all-actor,fgelu,0.2,-0.38262898172251864
SAC,Hopper-v4,2layers,all-actor,fgelu,0.3,17.708922221685103
SAC,Hopper-v4,2layers,all-actor,fgelu,0.4,6.471389130152337
SAC,Hopper-v4,2layers,all-actor,fgelu,0.5,-4.970041052724192
SAC,Hopper-v4,2layers,all-actor,flrelu,0.1,3.9134150506719982
SAC,Hopper-v4,2layers,all-actor,flrelu,0.2,-1.3282207092861882
SAC,Hopper-v4,2layers,all-actor,flrelu,0.3,9.50049842878036
SAC,Hopper-v4,2layers,all-actor,flrelu,0.4,9.435374450342223
SAC,Hopper-v4,2layers,all-actor,flrelu,0.5,2.384269985431654
SAC,Hopper-v4,2layers,all-actor,fprelu,0.1,-6.0077004112721255
SAC,Hopper-v4,2layers,all-actor,fprelu,0.2,9.289098571186381
SAC,Hopper-v4,2layers,all-actor,fprelu,0.3,20.559940694079657
SAC,Hopper-v4,2layers,all-actor,fprelu,0.4,3.49000456386322
SAC,Hopper-v4,2layers,all-actor,fprelu,0.5,15.0993531255915
SAC,Hopper-v4,2layers,all-actor,frelu,0.1,-1.7489485658172321
SAC,Hopper-v4,2layers,all-actor,frelu,0.2,-0.8349653022628338
SAC,Hopper-v4,2layers,all-actor,frelu,0.3,0.12255217463077943
SAC,Hopper-v4,2layers,all-actor,frelu,0.4,7.030614876098622
SAC,Hopper-v4,2layers,all-actor,frelu,0.5,13.303076287396914
SAC,Hopper-v4,2layers,all-actor,fswish,0.1,-0.21913654696265725
SAC,Hopper-v4,2layers,all-actor,fswish,0.2,5.27311802426267
SAC,Hopper-v4,2layers,all-actor,fswish,0.3,0.9409199837295013
SAC,Hopper-v4,2layers,all-actor,fswish,0.4,3.729090016592514
SAC,Hopper-v4,2layers,all-actor,fswish,0.5,-0.8259029585181343
SAC,Hopper-v4,2layers,all-both,fgelu,0.1,0.14225137642679933
SAC,Hopper-v4,2layers,all-both,fgelu,0.2,-8.013099893886729
SAC,Hopper-v4,2layers,all-both,fgelu,0.3,4.3645988013090875
SAC,Hopper-v4,2layers,all-both,fgelu,0.4,14.64582249642707
SAC,Hopper-v4,2layers,all-both,fgelu,0.5,17.258287723554023
SAC,Hopper-v4,2layers,all-both,flrelu,0.1,11.445681532667361
SAC,Hopper-v4,2layers,all-both,flrelu,0.2,0.32968776649050396
SAC,Hopper-v4,2layers,all-both,flrelu,0.3,-16.393942143029836
SAC,Hopper-v4,2layers,all-both,flrelu,0.4,1.6486574722744245
SAC,Hopper-v4,2layers,all-both,flrelu,0.5,-3.3791862791908094
SAC,Hopper-v4,2layers,all-both,fprelu,0.1,12.055627647008844
SAC,Hopper-v4,2layers,all-both,fprelu,0.2,23.64918920792187
SAC,Hopper-v4,2layers,all-both,fprelu,0.3,18.193319125753582
SAC,Hopper-v4,2layers,all-both,fprelu,0.4,4.211275603401392
SAC,Hopper-v4,2layers,all-both,fprelu,0.5,16.974456496243178
SAC,Hopper-v4,2layers,all-both,frelu,0.1,8.500285295818514
SAC,Hopper-v4,2layers,all-both,frelu,0.2,22.055713462686576
SAC,Hopper-v4,2layers,all-both,frelu,0.3,-3.5818737870713426
SAC,Hopper-v4,2layers,all-both,frelu,0.4,8.336219306280146
SAC,Hopper-v4,2layers,all-both,frelu,0.5,-6.946230214098638
SAC,Hopper-v4,2layers,all-both,fswish,0.1,1.9190401679284357
SAC,Hopper-v4,2layers,all-both,fswish,0.2,-4.270111019038784
SAC,Hopper-v4,2layers,all-both,fswish,0.3,-1.570316362257082
SAC,Hopper-v4,2layers,all-both,fswish,0.4,-7.159705988214123
SAC,Hopper-v4,2layers,all-both,fswish,0.5,-13.695339968370138
SAC,Hopper-v4,2layers,all-critic,fgelu,0.1,-0.3912366553773559
SAC,Hopper-v4,2layers,all-critic,fgelu,0.2,3.663390885331958
SAC,Hopper-v4,2layers,all-critic,fgelu,0.3,6.523962537328157
SAC,Hopper-v4,2layers,all-critic,fgelu,0.4,5.1390739517058375
SAC,Hopper-v4,2layers,all-critic,fgelu,0.5,-1.6244075393977357
SAC,Hopper-v4,2layers,all-critic,flrelu,0.1,4.988419872265877
SAC,Hopper-v4,2layers,all-critic,flrelu,0.2,9.425344464587047
SAC,Hopper-v4,2layers,all-critic,flrelu,0.3,-0.21471447575667
SAC,Hopper-v4,2layers,all-critic,flrelu,0.4,3.9115073301302283
SAC,Hopper-v4,2layers,all-critic,flrelu,0.5,0.49095479384614293
SAC,Hopper-v4,2layers,all-critic,fprelu,0.1,12.120086318533732
SAC,Hopper-v4,2layers,all-critic,fprelu,0.2,11.665192498148226
SAC,Hopper-v4,2layers,all-critic,fprelu,0.3,3.9289158859960325
SAC,Hopper-v4,2layers,all-critic,fprelu,0.4,1.3787690451349068
SAC,Hopper-v4,2layers,all-critic,fprelu,0.5,14.354653597375485
SAC,Hopper-v4,2layers,all-critic,frelu,0.1,12.120086318533732
SAC,Hopper-v4,2layers,all-critic,frelu,0.2,13.266916766751436
SAC,Hopper-v4,2layers,all-critic,frelu,0.3,8.526743652630957
SAC,Hopper-v4,2layers,all-critic,frelu,0.4,-6.069856333360161
SAC,Hopper-v4,2layers,all-critic,frelu,0.5,-7.309238471983074
SAC,Hopper-v4,2layers,all-critic,fswish,0.1,-1.9165021417967716
SAC,Hopper-v4,2layers,all-critic,fswish,0.2,7.051624591669831
SAC,Hopper-v4,2layers,all-critic,fswish,0.3,-11.048698372385513
SAC,Hopper-v4,2layers,all-critic,fswish,0.4,-6.562117368157303
SAC,Hopper-v4,2layers,all-critic,fswish,0.5,-5.5592338444580545
SAC,Hopper-v4,2layers,first-actor,fgelu,0.1,-0.19845199294546206
SAC,Hopper-v4,2layers,first-actor,fgelu,0.2,0.94096477888978
SAC,Hopper-v4,2layers,first-actor,fgelu,0.3,5.714518643842185
SAC,Hopper-v4,2layers,first-actor,fgelu,0.4,13.380414210435202
SAC,Hopper-v4,2layers,first-actor,fgelu,0.5,15.365922103267668
SAC,Hopper-v4,2layers,first-actor,flrelu,0.1,-1.6761483492989266
SAC,Hopper-v4,2layers,first-actor,flrelu,0.2,6.440623552684011
SAC,Hopper-v4,2layers,first-actor,flrelu,0.3,2.7094341520443668
SAC,Hopper-v4,2layers,first-actor,flrelu,0.4,7.278535643034258
SAC,Hopper-v4,2layers,first-actor,flrelu,0.5,1.841907605213758
SAC,Hopper-v4,2layers,first-actor,fprelu,0.1,2.89989781823186
SAC,Hopper-v4,2layers,first-actor,fprelu,0.2,10.207770765117962
SAC,Hopper-v4,2layers,first-actor,fprelu,0.3,8.775103544327397
SAC,Hopper-v4,2layers,first-actor,fprelu,0.4,9.090468483853059
SAC,Hopper-v4,2layers,first-actor,fprelu,0.5,10.411543039144812
SAC,Hopper-v4,2layers,first-actor,frelu,0.1,9.381714348603303
SAC,Hopper-v4,2layers,first-actor,frelu,0.2,6.656697405817853
SAC,Hopper-v4,2layers,first-actor,frelu,0.3,-0.17638206906110926
SAC,Hopper-v4,2layers,first-actor,frelu,0.4,16.99784861123118
SAC,Hopper-v4,2layers,first-actor,frelu,0.5,8.46487528207693
SAC,Hopper-v4,2layers,first-actor,fswish,0.1,2.8121447821065524
SAC,Hopper-v4,2layers,first-actor,fswish,0.2,3.3528777086623642
SAC,Hopper-v4,2layers,first-actor,fswish,0.3,4.2246648718231015
SAC,Hopper-v4,2layers,first-actor,fswish,0.4,2.5093128431539453
SAC,Hopper-v4,2layers,first-actor,fswish,0.5,6.1426783642065255
SAC,Hopper-v4,2layers,first-both,fgelu,0.1,7.211751229600128
SAC,Hopper-v4,2layers,first-both,fgelu,0.2,11.106580558575534
SAC,Hopper-v4,2layers,first-both,fgelu,0.3,20.33080701570139
SAC,Hopper-v4,2layers,first-both,fgelu,0.4,7.752849411767892
SAC,Hopper-v4,2layers,first-both,fgelu,0.5,17.03249400093148
SAC,Hopper-v4,2layers,first-both,flrelu,0.1,12.809894481762367
SAC,Hopper-v4,2layers,first-both,flrelu,0.2,14.759980886039278
SAC,Hopper-v4,2layers,first-both,flrelu,0.3,15.132628318296558
SAC,Hopper-v4,2layers,first-both,flrelu,0.4,15.100411246056126
SAC,Hopper-v4,2layers,first-both,flrelu,0.5,13.216749507778536
SAC,Hopper-v4,2layers,first-both,fprelu,0.1,0.2409076848912875
SAC,Hopper-v4,2layers,first-both,fprelu,0.2,21.84384686712604
SAC,Hopper-v4,2layers,first-both,fprelu,0.3,7.993928598469523
SAC,Hopper-v4,2layers,first-both,fprelu,0.4,-0.7162867809872147
SAC,Hopper-v4,2layers,first-both,fprelu,0.5,14.870241203713118
SAC,Hopper-v4,2layers,first-both,frelu,0.1,5.98243645755366
SAC,Hopper-v4,2layers,first-both,frelu,0.2,3.6885283211970354
SAC,Hopper-v4,2layers,first-both,frelu,0.3,-7.906857721865316
SAC,Hopper-v4,2layers,first-both,frelu,0.4,10.557685022972965
SAC,Hopper-v4,2layers,first-both,frelu,0.5,11.540341946975065
SAC,Hopper-v4,2layers,first-both,fswish,0.1,13.891958452853055
SAC,Hopper-v4,2layers,first-both,fswish,0.2,-2.6080401486287554
SAC,Hopper-v4,2layers,first-both,fswish,0.3,6.37716759166488
SAC,Hopper-v4,2layers,first-both,fswish,0.4,11.475374159795082
SAC,Hopper-v4,2layers,first-both,fswish,0.5,-13.384511520306054
SAC,Humanoid-v4,1layer,none,fgelu,0.1,5.454065211613916
SAC,Humanoid-v4,1layer,none,fgelu,0.2,1.7788225968233866
SAC,Humanoid-v4,1layer,none,fgelu,0.3,5.355443662547344
SAC,Humanoid-v4,1layer,none,fgelu,0.4,4.321237444278897
SAC,Humanoid-v4,1layer,none,fgelu,0.5,-7.099866642114073
SAC,Humanoid-v4,1layer,none,flrelu,0.1,-0.6575000195353953
SAC,Humanoid-v4,1layer,none,flrelu,0.2,-7.858075946745617
SAC,Humanoid-v4,1layer,none,flrelu,0.3,-5.172609824089333
SAC,Humanoid-v4,1layer,none,flrelu,0.4,1.1457074577287745
SAC,Humanoid-v4,1layer,none,flrelu,0.5,-24.297352099002087
SAC,Humanoid-v4,1layer,none,fprelu,0.1,-9.574427511980542
SAC,Humanoid-v4,1layer,none,fprelu,0.2,-2.77750183230851
SAC,Humanoid-v4,1layer,none,fprelu,0.3,-24.442555262756382
SAC,Humanoid-v4,1layer,none,fprelu,0.4,-27.05439226991924
SAC,Humanoid-v4,1layer,none,fprelu,0.5,-13.503793366428038
SAC,Humanoid-v4,1layer,none,frelu,0.1,-10.689638807084373
SAC,Humanoid-v4,1layer,none,frelu,0.2,-9.93034763791009
SAC,Humanoid-v4,1layer,none,frelu,0.3,-10.18962279731889
SAC,Humanoid-v4,1layer,none,frelu,0.4,-21.43064805546702
SAC,Humanoid-v4,1layer,none,frelu,0.5,-21.43064805546702
SAC,Humanoid-v4,1layer,none,fswish,0.1,4.752635981109931
SAC,Humanoid-v4,1layer,none,fswish,0.2,-7.370823411212688
SAC,Humanoid-v4,1layer,none,fswish,0.3,-1.5173807463887319
SAC,Humanoid-v4,1layer,none,fswish,0.4,-5.286959541153872
SAC,Humanoid-v4,1layer,none,fswish,0.5,-0.24250146843611375
SAC,Humanoid-v4,2layers,all-actor,fgelu,0.1,-6.784275251352921
SAC,Humanoid-v4,2layers,all-actor,fgelu,0.2,-2.219595877205497
SAC,Humanoid-v4,2layers,all-actor,fgelu,0.3,-8.15731645949435
SAC,Humanoid-v4,2layers,all-actor,fgelu,0.4,-5.409462244926826
SAC,Humanoid-v4,2layers,all-actor,fgelu,0.5,4.085385403178514
SAC,Humanoid-v4,2layers,all-actor,flrelu,0.1,-5.023963503283045
SAC,Humanoid-v4,2layers,all-actor,flrelu,0.2,-7.564695860098725
SAC,Humanoid-v4,2layers,all-actor,flrelu,0.3,-0.9234656170124044
SAC,Humanoid-v4,2layers,all-actor,flrelu,0.4,0.042333180032405285
SAC,Humanoid-v4,2layers,all-actor,flrelu,0.5,1.9681322979096136
SAC,Humanoid-v4,2layers,all-actor,fprelu,0.1,-2.453361418222898
SAC,Humanoid-v4,2layers,all-actor,fprelu,0.2,-6.089777840455954
SAC,Humanoid-v4,2layers,all-actor,fprelu,0.3,-11.356638756769028
SAC,Humanoid-v4,2layers,all-actor,fprelu,0.4,-0.6873899585083809
SAC,Humanoid-v4,2layers,all-actor,fprelu,0.5,-2.1890206335044686
SAC,Humanoid-v4,2layers,all-actor,frelu,0.1,-4.964976685238655
SAC,Humanoid-v4,2layers,all-actor,frelu,0.2,-3.3477205741064986
SAC,Humanoid-v4,2layers,all-actor,frelu,0.3,2.1461928161387123
SAC,Humanoid-v4,2layers,all-actor,frelu,0.4,-2.513132301213425
SAC,Humanoid-v4,2layers,all-actor,frelu,0.5,-0.44719713771770253
SAC,Humanoid-v4,2layers,all-actor,fswish,0.1,-3.886150254596136
SAC,Humanoid-v4,2layers,all-actor,fswish,0.2,-5.266902813152403
SAC,Humanoid-v4,2layers,all-actor,fswish,0.3,-11.534129941360659
SAC,Humanoid-v4,2layers,all-actor,fswish,0.4,-8.549144152539364
SAC,Humanoid-v4,2layers,all-actor,fswish,0.5,-8.741732651681076
SAC,Humanoid-v4,2layers,all-both,fgelu,0.1,1.1401631078644985
SAC,Humanoid-v4,2layers,all-both,fgelu,0.2,-7.2837204308886
SAC,Humanoid-v4,2layers,all-both,fgelu,0.3,-4.392921972425042
SAC,Humanoid-v4,2layers,all-both,fgelu,0.4,-1.5832050124480372
SAC,Humanoid-v4,2layers,all-both,fgelu,0.5,-4.762688110018229
SAC,Humanoid-v4,2layers,all-both,flrelu,0.1,2.417931331554793
SAC,Humanoid-v4,2layers,all-both,flrelu,0.2,-4.832810355859124
SAC,Humanoid-v4,2layers,all-both,flrelu,0.3,-2.7025628066484244
SAC,Humanoid-v4,2layers,all-both,flrelu,0.4,7.547321421289254
SAC,Humanoid-v4,2layers,all-both,flrelu,0.5,-3.7347534626027907
SAC,Humanoid-v4,2layers,all-both,fprelu,0.1,4.767874429811687
SAC,Humanoid-v4,2layers,all-both,fprelu,0.2,1.877800989521243
SAC,Humanoid-v4,2layers,all-both,fprelu,0.3,10.957423792210637
SAC,Humanoid-v4,2layers,all-both,fprelu,0.4,7.747651495199888
SAC,Humanoid-v4,2layers,all-both,fprelu,0.5,5.016701366256317
SAC,Humanoid-v4,2layers,all-both,frelu,0.1,-2.1811261429340307
SAC,Humanoid-v4,2layers,all-both,frelu,0.2,-8.165707852296137
SAC,Humanoid-v4,2layers,all-both,frelu,0.3,-6.2660772898627
SAC,Humanoid-v4,2layers,all-both,frelu,0.4,1.6971756442838455
SAC,Humanoid-v4,2layers,all-both,frelu,0.5,-8.644465455609762
SAC,Humanoid-v4,2layers,all-both,fswish,0.1,-5.2161313964484055
SAC,Humanoid-v4,2layers,all-both,fswish,0.2,-8.846830873059798
SAC,Humanoid-v4,2layers,all-both,fswish,0.3,-5.675780735222302
SAC,Humanoid-v4,2layers,all-both,fswish,0.4,-4.292592611488344
SAC,Humanoid-v4,2layers,all-both,fswish,0.5,-2.59689672110361
SAC,Humanoid-v4,2layers,all-critic,fgelu,0.1,2.831052393417806
SAC,Humanoid-v4,2layers,all-critic,fgelu,0.2,-0.0562163811795668
SAC,Humanoid-v4,2layers,all-critic,fgelu,0.3,-3.0885604402039384
SAC,Humanoid-v4,2layers,all-critic,fgelu,0.4,0.941493557378644
SAC,Humanoid-v4,2layers,all-critic,fgelu,0.5,1.472916072761081
SAC,Humanoid-v4,2layers,all-critic,flrelu,0.1,-9.298995078737288
SAC,Humanoid-v4,2layers,all-critic,flrelu,0.2,-6.2086516614164315
SAC,Humanoid-v4,2layers,all-critic,flrelu,0.3,-7.359080605889664
SAC,Humanoid-v4,2layers,all-critic,flrelu,0.4,-8.634839214937433
SAC,Humanoid-v4,2layers,all-critic,flrelu,0.5,-1.752004821288131
SAC,Humanoid-v4,2layers,all-critic,fprelu,0.1,4.279289042963438
SAC,Humanoid-v4,2layers,all-critic,fprelu,0.2,2.5397142908595223
SAC,Humanoid-v4,2layers,all-critic,fprelu,0.3,4.349294030976582
SAC,Humanoid-v4,2layers,all-critic,fprelu,0.4,-0.44821207731975854
SAC,Humanoid-v4,2layers,all-critic,fprelu,0.5,5.920705439982193
SAC,Humanoid-v4,2layers,all-critic,frelu,0.1,-8.508942529132778
SAC,Humanoid-v4,2layers,all-critic,frelu,0.2,-8.9602905696975
SAC,Humanoid-v4,2layers,all-critic,frelu,0.3,-11.503026644727672
SAC,Humanoid-v4,2layers,all-critic,frelu,0.4,-6.914977256126275
SAC,Humanoid-v4,2layers,all-critic,frelu,0.5,-6.975764497624125
SAC,Humanoid-v4,2layers,all-critic,fswish,0.1,-0.5218452448385612
SAC,Humanoid-v4,2layers,all-critic,fswish,0.2,2.652889408320547
SAC,Humanoid-v4,2layers,all-critic,fswish,0.3,-0.9502025992033556
SAC,Humanoid-v4,2layers,all-critic,fswish,0.4,-1.381763557405895
SAC,Humanoid-v4,2layers,all-critic,fswish,0.5,-2.0638991367981205
SAC,Humanoid-v4,2layers,first-actor,fgelu,0.1,5.2473629836158455
SAC,Humanoid-v4,2layers,first-actor,fgelu,0.2,0.45502526053662057
SAC,Humanoid-v4,2layers,first-actor,fgelu,0.3,3.983025070823616
SAC,Humanoid-v4,2layers,first-actor,fgelu,0.4,5.385865226506878
SAC,Humanoid-v4,2layers,first-actor,fgelu,0.5,-1.2214573082622093
SAC,Humanoid-v4,2layers,first-actor,flrelu,0.1,-5.754051691479722
SAC,Humanoid-v4,2layers,first-actor,flrelu,0.2,-6.182784358215334
SAC,Humanoid-v4,2layers,first-actor,flrelu,0.3,-4.624779037263169
SAC,Humanoid-v4,2layers,first-actor,flrelu,0.4,-6.753048949203827
SAC,Humanoid-v4,2layers,first-actor,flrelu,0.5,-7.713691373620138
SAC,Humanoid-v4,2layers,first-actor,fprelu,0.1,-4.408270761102043
SAC,Humanoid-v4,2layers,first-actor,fprelu,0.2,-3.241292632238739
SAC,Humanoid-v4,2layers,first-actor,fprelu,0.3,-2.3347342950129004
SAC,Humanoid-v4,2layers,first-actor,fprelu,0.4,-4.432809719400561
SAC,Humanoid-v4,2layers,first-actor,fprelu,0.5,1.0290458424647064
SAC,Humanoid-v4,2layers,first-actor,frelu,0.1,-5.798963630482655
SAC,Humanoid-v4,2layers,first-actor,frelu,0.2,0.8805936575335032
SAC,Humanoid-v4,2layers,first-actor,frelu,0.3,-4.611156290686819
SAC,Humanoid-v4,2layers,first-actor,frelu,0.4,-3.705540047969316
SAC,Humanoid-v4,2layers,first-actor,frelu,0.5,-3.09179667909996
SAC,Humanoid-v4,2layers,first-actor,fswish,0.1,5.718722229068254
SAC,Humanoid-v4,2layers,first-actor,fswish,0.2,1.3629099709727934
SAC,Humanoid-v4,2layers,first-actor,fswish,0.3,1.1931641401127187
SAC,Humanoid-v4,2layers,first-actor,fswish,0.4,4.100499498951693
SAC,Humanoid-v4,2layers,first-actor,fswish,0.5,-1.2214573082622093
SAC,Humanoid-v4,2layers,first-both,fgelu,0.1,-0.1939789784947233
SAC,Humanoid-v4,2layers,first-both,fgelu,0.2,1.0022527061555162
SAC,Humanoid-v4,2layers,first-both,fgelu,0.3,-1.3539429370453806
SAC,Humanoid-v4,2layers,first-both,fgelu,0.4,-1.3272902542762095
SAC,Humanoid-v4,2layers,first-both,fgelu,0.5,-4.416792554007964
SAC,Humanoid-v4,2layers,first-both,flrelu,0.1,-5.436510452201512
SAC,Humanoid-v4,2layers,first-both,flrelu,0.2,-0.06898363444203195
SAC,Humanoid-v4,2layers,first-both,flrelu,0.3,-4.724418842758533
SAC,Humanoid-v4,2layers,first-both,flrelu,0.4,-0.727571150669249
SAC,Humanoid-v4,2layers,first-both,flrelu,0.5,9.754287927240853
SAC,Humanoid-v4,2layers,first-both,fprelu,0.1,10.789163261930089
SAC,Humanoid-v4,2layers,first-both,fprelu,0.2,5.939717631961281
SAC,Humanoid-v4,2layers,first-both,fprelu,0.3,9.823737586364128
SAC,Humanoid-v4,2layers,first-both,fprelu,0.4,5.529803824196023
SAC,Humanoid-v4,2layers,first-both,fprelu,0.5,5.710501211191926
SAC,Humanoid-v4,2layers,first-both,frelu,0.1,-3.698318136256488
SAC,Humanoid-v4,2layers,first-both,frelu,0.2,-1.917834125570446
SAC,Humanoid-v4,2layers,first-both,frelu,0.3,1.165499066690106
SAC,Humanoid-v4,2layers,first-both,frelu,0.4,-0.12805985989676677
SAC,Humanoid-v4,2layers,first-both,frelu,0.5,7.878025239231474
SAC,Humanoid-v4,2layers,first-both,fswish,0.1,-2.088718964546383
SAC,Humanoid-v4,2layers,first-both,fswish,0.2,-5.2138422434354394
SAC,Humanoid-v4,2layers,first-both,fswish,0.3,-3.0872661329539364
SAC,Humanoid-v4,2layers,first-both,fswish,0.4,-1.3345132179156791
SAC,Humanoid-v4,2layers,first-both,fswish,0.5,-4.806514524717441
SAC,Walker-Walk,1layer,none,fgelu,0.1,11.509767684871187
SAC,Walker-Walk,1layer,none,fgelu,0.2,3.162533728805066
SAC,Walker-Walk,1layer,none,fgelu,0.3,-15.484292137404356
SAC,Walker-Walk,1layer,none,fgelu,0.4,-11.961393492980342
SAC,Walker-Walk,1layer,none,fgelu,0.5,-17.464333821683386
SAC,Walker-Walk,1layer,none,flrelu,0.1,7.091952402161189
SAC,Walker-Walk,1layer,none,flrelu,0.2,-11.894499427853876
SAC,Walker-Walk,1layer,none,flrelu,0.3,2.1603564639669743
SAC,Walker-Walk,1layer,none,flrelu,0.4,-4.909250385649767
SAC,Walker-Walk,1layer,none,flrelu,0.5,-16.385561593613634
SAC,Walker-Walk,1layer,none,fprelu,0.1,-7.3001976336776355
SAC,Walker-Walk,1layer,none,fprelu,0.2,-4.431843612381213
SAC,Walker-Walk,1layer,none,fprelu,0.3,-19.981216417535364
SAC,Walker-Walk,1layer,none,fprelu,0.4,-15.899371836304578
SAC,Walker-Walk,1layer,none,fprelu,0.5,-35.24204378467217
SAC,Walker-Walk,1layer,none,frelu,0.1,3.359294830527692
SAC,Walker-Walk,1layer,none,frelu,0.2,-10.81175198855802
SAC,Walker-Walk,1layer,none,frelu,0.3,-2.7557608776315226
SAC,Walker-Walk,1layer,none,frelu,0.4,-12.209269867697467
SAC,Walker-Walk,1layer,none,frelu,0.5,-3.949876024531946
SAC,Walker-Walk,1layer,none,fswish,0.1,-3.4123726065987867
SAC,Walker-Walk,1layer,none,fswish,0.2,11.616988438055738
SAC,Walker-Walk,1layer,none,fswish,0.3,-5.647575487775741
SAC,Walker-Walk,1layer,none,fswish,0.4,6.324993211297266
SAC,Walker-Walk,1layer,none,fswish,0.5,-9.614173380985083
SAC,Walker-Walk,2layers,all-actor,fgelu,0.1,-1.6712536142284649
SAC,Walker-Walk,2layers,all-actor,fgelu,0.2,2.5558756332274135
SAC,Walker-Walk,2layers,all-actor,fgelu,0.3,-10.927004867263717
SAC,Walker-Walk,2layers,all-actor,fgelu,0.4,6.657904526965406
SAC,Walker-Walk,2layers,all-actor,fgelu,0.5,-3.9741895321115557
SAC,Walker-Walk,2layers,all-actor,flrelu,0.1,7.485318199528512
SAC,Walker-Walk,2layers,all-actor,flrelu,0.2,7.288422737459776
SAC,Walker-Walk,2layers,all-actor,flrelu,0.3,7.211129345584629
SAC,Walker-Walk,2layers,all-actor,flrelu,0.4,-4.613508511239116
SAC,Walker-Walk,2layers,all-actor,flrelu,0.5,3.3726487255260076
SAC,Walker-Walk,2layers,all-actor,fprelu,0.1,2.2676404658395897
SAC,Walker-Walk,2layers,all-actor,fprelu,0.2,-0.7745105744574723
SAC,Walker-Walk,2layers,all-actor,fprelu,0.3,6.386862076846022
SAC,Walker-Walk,2layers,all-actor,fprelu,0.4,2.991785550654666
SAC,Walker-Walk,2layers,all-actor,fprelu,0.5,6.95114385040919
SAC,Walker-Walk,2layers,all-actor,frelu,0.1,-0.6658818002640281
SAC,Walker-Walk,2layers,all-actor,frelu,0.2,-1.3632207977137787
SAC,Walker-Walk,2layers,all-actor,frelu,0.3,2.616594883625772
SAC,Walker-Walk,2layers,all-actor,frelu,0.4,2.559009069537693
SAC,Walker-Walk,2layers,all-actor,frelu,0.5,-9.501126239037788
SAC,Walker-Walk,2layers,all-actor,fswish,0.1,3.0304518972934007
SAC,Walker-Walk,2layers,all-actor,fswish,0.2,-0.16909132690264278
SAC,Walker-Walk,2layers,all-actor,fswish,0.3,1.5302085751446843
SAC,Walker-Walk,2layers,all-actor,fswish,0.4,9.370465718574616
SAC,Walker-Walk,2layers,all-actor,fswish,0.5,12.303641539487598
SAC,Walker-Walk,2layers,all-both,fgelu,0.1,6.886114495298884
SAC,Walker-Walk,2layers,all-both,fgelu,0.2,5.595049120777529
SAC,Walker-Walk,2layers,all-both,fgelu,0.3,2.1562861314078896
SAC,Walker-Walk,2layers,all-both,fgelu,0.4,-11.6999997923526
SAC,Walker-Walk,2layers,all-both,fgelu,0.5,-2.949815259987386
SAC,Walker-Walk,2layers,all-both,flrelu,0.1,0.06643926132843672
SAC,Walker-Walk,2layers,all-both,flrelu,0.2,-6.21749052988168
SAC,Walker-Walk,2layers,all-both,flrelu,0.3,0.09133818762750394
SAC,Walker-Walk,2layers,all-both,flrelu,0.4,-2.5250105940254612
SAC,Walker-Walk,2layers,all-both,flrelu,0.5,-26.310069009544076
SAC,Walker-Walk,2layers,all-both,fprelu,0.1,-13.426624073354366
SAC,Walker-Walk,2layers,all-both,fprelu,0.2,-14.525298329359321
SAC,Walker-Walk,2layers,all-both,fprelu,0.3,-7.584739451767166
SAC,Walker-Walk,2layers,all-both,fprelu,0.4,-12.24886860798417
SAC,Walker-Walk,2layers,all-both,fprelu,0.5,-1.353259537694748
SAC,Walker-Walk,2layers,all-both,frelu,0.1,-1.5498302078405453
SAC,Walker-Walk,2layers,all-both,frelu,0.2,1.9982812525975167
SAC,Walker-Walk,2layers,all-both,frelu,0.3,-1.6396119073845816
SAC,Walker-Walk,2layers,all-both,frelu,0.4,-1.2183360707122557
SAC,Walker-Walk,2layers,all-both,frelu,0.5,-21.75713820142145
SAC,Walker-Walk,2layers,all-both,fswish,0.1,6.777356200535875
SAC,Walker-Walk,2layers,all-both,fswish,0.2,3.7310316512582617
SAC,Walker-Walk,2layers,all-both,fswish,0.3,5.007797123799973
SAC,Walker-Walk,2layers,all-both,fswish,0.4,4.2117029919910305
SAC,Walker-Walk,2layers,all-both,fswish,0.5,-9.707758430890994
SAC,Walker-Walk,2layers,all-critic,fgelu,0.1,4.22676500153714
SAC,Walker-Walk,2layers,all-critic,fgelu,0.2,0.3061300598672593
SAC,Walker-Walk,2layers,all-critic,fgelu,0.3,-3.341602056831568
SAC,Walker-Walk,2layers,all-critic,fgelu,0.4,1.5601748160593125
SAC,Walker-Walk,2layers,all-critic,fgelu,0.5,-3.5305831703802943
SAC,Walker-Walk,2layers,all-critic,flrelu,0.1,-2.356279288221874
SAC,Walker-Walk,2layers,all-critic,flrelu,0.2,-6.528221907639074
SAC,Walker-Walk,2layers,all-critic,flrelu,0.3,3.0586492872998914
SAC,Walker-Walk,2layers,all-critic,flrelu,0.4,-7.240865722550893
SAC,Walker-Walk,2layers,all-critic,flrelu,0.5,-8.441876786942075
SAC,Walker-Walk,2layers,all-critic,fprelu,0.1,-19.561990880803823
SAC,Walker-Walk,2layers,all-critic,fprelu,0.2,-8.113932155389069
SAC,Walker-Walk,2layers,all-critic,fprelu,0.3,-12.376832259520736
SAC,Walker-Walk,2layers,all-critic,fprelu,0.4,-11.9905790010816
SAC,Walker-Walk,2layers,all-critic,fprelu,0.5,-14.552225742273588
SAC,Walker-Walk,2layers,all-critic,frelu,0.1,-2.230128803689831
SAC,Walker-Walk,2layers,all-critic,frelu,0.2,-4.3913915751049535
SAC,Walker-Walk,2layers,all-critic,frelu,0.3,-7.296808219211243
SAC,Walker-Walk,2layers,all-critic,frelu,0.4,-22.99366887495745
SAC,Walker-Walk,2layers,all-critic,frelu,0.5,-11.599313108417359
SAC,Walker-Walk,2layers,all-critic,fswish,0.1,9.609710147355546
SAC,Walker-Walk,2layers,all-critic,fswish,0.2,-9.997549196256216
SAC,Walker-Walk,2layers,all-critic,fswish,0.3,-6.458907916096733
SAC,Walker-Walk,2layers,all-critic,fswish,0.4,-2.8596313898404793
SAC,Walker-Walk,2layers,all-critic,fswish,0.5,5.729827020238051
SAC,Walker-Walk,2layers,first-actor,fgelu,0.1,11.238437688562357
SAC,Walker-Walk,2layers,first-actor,fgelu,0.2,3.4707075535435026
SAC,Walker-Walk,2layers,first-actor,fgelu,0.3,5.179619203653995
SAC,Walker-Walk,2layers,first-actor,fgelu,0.4,7.299215876721339
SAC,Walker-Walk,2layers,first-actor,fgelu,0.5,-0.5695898067600875
SAC,Walker-Walk,2layers,first-actor,flrelu,0.1,6.893055813592525
SAC,Walker-Walk,2layers,first-actor,flrelu,0.2,3.4028797579836927
SAC,Walker-Walk,2layers,first-actor,flrelu,0.3,5.406493170556006
SAC,Walker-Walk,2layers,first-actor,flrelu,0.4,-0.42799779927376347
SAC,Walker-Walk,2layers,first-actor,flrelu,0.5,-8.017322898931862
SAC,Walker-Walk,2layers,first-actor,fprelu,0.1,3.807200914937314
SAC,Walker-Walk,2layers,first-actor,fprelu,0.2,-5.361835874885268
SAC,Walker-Walk,2layers,first-actor,fprelu,0.3,2.000458338669741
SAC,Walker-Walk,2layers,first-actor,fprelu,0.4,5.916961533982422
SAC,Walker-Walk,2layers,first-actor,fprelu,0.5,10.89324205523182
SAC,Walker-Walk,2layers,first-actor,frelu,0.1,7.756677728575286
SAC,Walker-Walk,2layers,first-actor,frelu,0.2,5.418005980968108
SAC,Walker-Walk,2layers,first-actor,frelu,0.3,-4.438180280403158
SAC,Walker-Walk,2layers,first-actor,frelu,0.4,5.603186527075048
SAC,Walker-Walk,2layers,first-actor,frelu,0.5,7.234668869159615
SAC,Walker-Walk,2layers,first-actor,fswish,0.1,4.717316646561896
SAC,Walker-Walk,2layers,first-actor,fswish,0.2,-4.5120095493495445
SAC,Walker-Walk,2layers,first-actor,fswish,0.3,6.921061968817535
SAC,Walker-Walk,2layers,first-actor,fswish,0.4,-3.0578774910037105
SAC,Walker-Walk,2layers,first-actor,fswish,0.5,4.698909902642681
SAC,Walker-Walk,2layers,first-both,fgelu,0.1,6.653076238074831
SAC,Walker-Walk,2layers,first-both,fgelu,0.2,2.634001047657893
SAC,Walker-Walk,2layers,first-both,fgelu,0.3,2.67081629065941
SAC,Walker-Walk,2layers,first-both,fgelu,0.4,4.22050857001681
SAC,Walker-Walk,2layers,first-both,fgelu,0.5,3.5824993368240583
SAC,Walker-Walk,2layers,first-both,flrelu,0.1,7.154991995963096
SAC,Walker-Walk,2layers,first-both,flrelu,0.2,0.3471111117173768
SAC,Walker-Walk,2layers,first-both,flrelu,0.3,3.8016876990990425
SAC,Walker-Walk,2layers,first-both,flrelu,0.4,4.167863552582857
SAC,Walker-Walk,2layers,first-both,flrelu,0.5,-0.5832621422992365
SAC,Walker-Walk,2layers,first-both,fprelu,0.1,-3.4742883298251295
SAC,Walker-Walk,2layers,first-both,fprelu,0.2,6.282982836974384
SAC,Walker-Walk,2layers,first-both,fprelu,0.3,2.080287161608392
SAC,Walker-Walk,2layers,first-both,fprelu,0.4,-7.561855204115373
SAC,Walker-Walk,2layers,first-both,fprelu,0.5,-18.656764014404178
SAC,Walker-Walk,2layers,first-both,frelu,0.1,-1.3825332675843418
SAC,Walker-Walk,2layers,first-both,frelu,0.2,3.8556642932990703
SAC,Walker-Walk,2layers,first-both,frelu,0.3,5.633172255692606
SAC,Walker-Walk,2layers,first-both,frelu,0.4,-2.786518108571462
SAC,Walker-Walk,2layers,first-both,frelu,0.5,-8.82603294570782
SAC,Walker-Walk,2layers,first-both,fswish,0.1,-4.357108053984762
SAC,Walker-Walk,2layers,first-both,fswish,0.2,6.8140258489947
SAC,Walker-Walk,2layers,first-both,fswish,0.3,0.5435629940972692
SAC,Walker-Walk,2layers,first-both,fswish,0.4,2.304134304120808
SAC,Walker-Walk,2layers,first-both,fswish,0.5,3.0827734365862733
TD3,Ant-v4,1layer,none,fgelu,0.1,-16.557027988172383
TD3,Ant-v4,1layer,none,fgelu,0.2,-15.681993990860159
TD3,Ant-v4,1layer,none,fgelu,0.3,4.071175176789277
TD3,Ant-v4,1layer,none,fgelu,0.4,-20.37001815346526
TD3,Ant-v4,1layer,none,fgelu,0.5,4.2617500934584704
TD3,Ant-v4,1layer,none,flrelu,0.1,2.8237121860262224
TD3,Ant-v4,1layer,none,flrelu,0.2,2.1239989619003756
TD3,Ant-v4,1layer,none,flrelu,0.3,31.542096917450124
TD3,Ant-v4,1layer,none,flrelu,0.4,-6.971205750872803
TD3,Ant-v4,1layer,none,flrelu,0.5,-32.130860043319444
TD3,Ant-v4,1layer,none,fprelu,0.1,-17.61549952032591
TD3,Ant-v4,1layer,none,fprelu,0.2,-13.944776220454864
TD3,Ant-v4,1layer,none,fprelu,0.3,-26.99718124715414
TD3,Ant-v4,1layer,none,fprelu,0.4,-67.22842891912975
TD3,Ant-v4,1layer,none,fprelu,0.5,-101.35956579069449
TD3,Ant-v4,1layer,none,frelu,0.1,4.63617010557614
TD3,Ant-v4,1layer,none,frelu,0.2,5.9116526901679265
TD3,Ant-v4,1layer,none,frelu,0.3,8.894663169671782
TD3,Ant-v4,1layer,none,frelu,0.4,-8.084495977823565
TD3,Ant-v4,1layer,none,frelu,0.5,-7.9491814664864675
TD3,Ant-v4,1layer,none,fswish,0.1,-4.70802796592923
TD3,Ant-v4,1layer,none,fswish,0.2,-9.889626300446114
TD3,Ant-v4,1layer,none,fswish,0.3,35.75048339052364
TD3,Ant-v4,1layer,none,fswish,0.4,0.7780953510119837
TD3,Ant-v4,1layer,none,fswish,0.5,-3.063349382531471
TD3,Ant-v4,2layers,all-actor,fgelu,0.1,-5.71591865274573
TD3,Ant-v4,2layers,all-actor,fgelu,0.2,0.6892247576841211
TD3,Ant-v4,2layers,all-actor,fgelu,0.3,-7.529677774759458
TD3,Ant-v4,2layers,all-actor,fgelu,0.4,-7.049805274052966
TD3,Ant-v4,2layers,all-actor,fgelu,0.5,-4.676154516117313
TD3,Ant-v4,2layers,all-actor,flrelu,0.1,-3.701608261158654
TD3,Ant-v4,2layers,all-actor,flrelu,0.2,-0.27512092015691253
TD3,Ant-v4,2layers,all-actor,flrelu,0.3,-4.732736230910168
TD3,Ant-v4,2layers,all-actor,flrelu,0.4,-7.657866727972163
TD3,Ant-v4,2layers,all-actor,flrelu,0.5,-3.7857649828157043
TD3,Ant-v4,2layers,all-actor,fprelu,0.1,-5.577500650497794
TD3,Ant-v4,2layers,all-actor,fprelu,0.2,-6.82091243945747
TD3,Ant-v4,2layers,all-actor,fprelu,0.3,-14.011387747165127
TD3,Ant-v4,2layers,all-actor,fprelu,0.4,-16.4513975411048
TD3,Ant-v4,2layers,all-actor,fprelu,0.5,-12.905872534203402
TD3,Ant-v4,2layers,all-actor,frelu,0.1,-11.36271949708507
TD3,Ant-v4,2layers,all-actor,frelu,0.2,-3.923489580640144
TD3,Ant-v4,2layers,all-actor,frelu,0.3,-10.653086938235866
TD3,Ant-v4,2layers,all-actor,frelu,0.4,-12.891906944021503
TD3,Ant-v4,2layers,all-actor,frelu,0.5,-12.74928351082303
TD3,Ant-v4,2layers,all-actor,fswish,0.1,-9.926822270877029
TD3,Ant-v4,2layers,all-actor,fswish,0.2,-3.3632103969297553
TD3,Ant-v4,2layers,all-actor,fswish,0.3,-1.5481306802356656
TD3,Ant-v4,2layers,all-actor,fswish,0.4,-15.61597298439925
TD3,Ant-v4,2layers,all-actor,fswish,0.5,-8.666061112187913
TD3,Ant-v4,2layers,all-both,fgelu,0.1,-5.9843030563109165
TD3,Ant-v4,2layers,all-both,fgelu,0.2,-10.994337732306876
TD3,Ant-v4,2layers,all-both,fgelu,0.3,-2.8604578677775523
TD3,Ant-v4,2layers,all-both,fgelu,0.4,-4.2226320179500645
TD3,Ant-v4,2layers,all-both,fgelu,0.5,-5.31350519261619
TD3,Ant-v4,2layers,all-both,flrelu,0.1,0.32652833649267937
TD3,Ant-v4,2layers,all-both,flrelu,0.2,-1.2311139430979516
TD3,Ant-v4,2layers,all-both,flrelu,0.3,-24.828615361985754
TD3,Ant-v4,2layers,all-both,flrelu,0.4,-58.31776426479794
TD3,Ant-v4,2layers,all-both,flrelu,0.5,-67.03495032739903
TD3,Ant-v4,2layers,all-both,fprelu,0.1,5.3831916247062495
TD3,Ant-v4,2layers,all-both,fprelu,0.2,-7.552712842959913
TD3,Ant-v4,2layers,all-both,fprelu,0.3,-40.358232697351674
TD3,Ant-v4,2layers,all-both,fprelu,0.4,-85.5955386629484
TD3,Ant-v4,2layers,all-both,fprelu,0.5,-100.90650939917538
TD3,Ant-v4,2layers,all-both,frelu,0.1,-2.7289418358125994
TD3,Ant-v4,2layers,all-both,frelu,0.2,-23.251408766523873
TD3,Ant-v4,2layers,all-both,frelu,0.3,-6.642844847182846
TD3,Ant-v4,2layers,all-both,frelu,0.4,-58.227392095450895
TD3,Ant-v4,2layers,all-both,frelu,0.5,-61.50252662140777
TD3,Ant-v4,2layers,all-both,fswish,0.1,-0.005556945713300987
TD3,Ant-v4,2layers,all-both,fswish,0.2,-10.915588910091731
TD3,Ant-v4,2layers,all-both,fswish,0.3,-10.749129550834784
TD3,Ant-v4,2layers,all-both,fswish,0.4,-21.586370672283962
TD3,Ant-v4,2layers,all-both,fswish,0.5,-34.099606047510925
TD3,Ant-v4,2layers,all-critic,fgelu,0.1,-8.866629245079636
TD3,Ant-v4,2layers,all-critic,fgelu,0.2,-9.174061134580985
TD3,Ant-v4,2layers,all-critic,fgelu,0.3,-0.748094018237546
TD3,Ant-v4,2layers,all-critic,fgelu,0.4,-2.510133416815332
TD3,Ant-v4,2layers,all-critic,fgelu,0.5,-5.358350880250606
TD3,Ant-v4,2layers,all-critic,flrelu,0.1,-4.727616495916719
TD3,Ant-v4,2layers,all-critic,flrelu,0.2,-4.662457323057586
TD3,Ant-v4,2layers,all-critic,flrelu,0.3,-2.8322377988284364
TD3,Ant-v4,2layers,all-critic,flrelu,0.4,-19.378109577872117
TD3,Ant-v4,2layers,all-critic,flrelu,0.5,-50.54846615941475
TD3,Ant-v4,2layers,all-critic,fprelu,0.1,2.339995169447877
TD3,Ant-v4,2layers,all-critic,fprelu,0.2,-4.319814738447052
TD3,Ant-v4,2layers,all-critic,fprelu,0.3,-23.54670738539701
TD3,Ant-v4,2layers,all-critic,fprelu,0.4,-63.61260477124798
TD3,Ant-v4,2layers,all-critic,fprelu,0.5,-84.26419585919345
TD3,Ant-v4,2layers,all-critic,frelu,0.1,1.2287244208303343
TD3,Ant-v4,2layers,all-critic,frelu,0.2,0.81611208585323
TD3,Ant-v4,2layers,all-critic,frelu,0.3,-14.381617303444802
TD3,Ant-v4,2layers,all-critic,frelu,0.4,-14.499971508651324
TD3,Ant-v4,2layers,all-critic,frelu,0.5,-44.52927396607584
TD3,Ant-v4,2layers,all-critic,fswish,0.1,-24.11199045895046
TD3,Ant-v4,2layers,all-critic,fswish,0.2,-11.742310237435909
TD3,Ant-v4,2layers,all-critic,fswish,0.3,-8.60529545790852
TD3,Ant-v4,2layers,all-critic,fswish,0.4,-10.352523534903188
TD3,Ant-v4,2layers,all-critic,fswish,0.5,-25.17601619338062
TD3,Ant-v4,2layers,first-actor,fgelu,0.1,-2.2555668030114733
TD3,Ant-v4,2layers,first-actor,fgelu,0.2,-2.6322069829266814
TD3,Ant-v4,2layers,first-actor,fgelu,0.3,0.20697159305898297
TD3,Ant-v4,2layers,first-actor,fgelu,0.4,8.792543151570694
TD3,Ant-v4,2layers,first-actor,fgelu,0.5,2.5574174177686824
TD3,Ant-v4,2layers,first-actor,flrelu,0.1,-8.426133333125282
TD3,Ant-v4,2layers,first-actor,flrelu,0.2,-4.784393975171503
TD3,Ant-v4,2layers,first-actor,flrelu,0.3,-2.119133914479577
TD3,Ant-v4,2layers,first-actor,flrelu,0.4,-1.5182052037133467
TD3,Ant-v4,2layers,first-actor,flrelu,0.5,-14.426787344794437
TD3,Ant-v4,2layers,first-actor,fprelu,0.1,-7.23344761397932
TD3,Ant-v4,2layers,first-actor,fprelu,0.2,-3.332217363975264
TD3,Ant-v4,2layers,first-actor,fprelu,0.3,-7.820943278236056
TD3,Ant-v4,2layers,first-actor,fprelu,0.4,-2.4937311325783207
TD3,Ant-v4,2layers,first-actor,fprelu,0.5,-2.311202756044573
TD3,Ant-v4,2layers,first-actor,frelu,0.1,-8.532668360312222
TD3,Ant-v4,2layers,first-actor,frelu,0.2,-15.260721607028279
TD3,Ant-v4,2layers,first-actor,frelu,0.3,4.878754562238105
TD3,Ant-v4,2layers,first-actor,frelu,0.4,-11.099309698240523
TD3,Ant-v4,2layers,first-actor,frelu,0.5,-2.9306415573907705
TD3,Ant-v4,2layers,first-actor,fswish,0.1,2.1162283476116226
TD3,Ant-v4,2layers,first-actor,fswish,0.2,-3.0998568600134537
TD3,Ant-v4,2layers,first-actor,fswish,0.3,-4.596274255913032
TD3,Ant-v4,2layers,first-actor,fswish,0.4,-8.534362268554501
TD3,Ant-v4,2layers,first-actor,fswish,0.5,-5.357185364626619
TD3,Ant-v4,2layers,first-both,fgelu,0.1,1.197261094386636
TD3,Ant-v4,2layers,first-both,fgelu,0.2,-7.234216407858343
TD3,Ant-v4,2layers,first-both,fgelu,0.3,-10.749129550834784
TD3,Ant-v4,2layers,first-both,fgelu,0.4,-4.9645891444820744
TD3,Ant-v4,2layers,first-both,fgelu,0.5,-17.326384573740803
TD3,Ant-v4,2layers,first-both,flrelu,0.1,-0.2988435806653668
TD3,Ant-v4,2layers,first-both,flrelu,0.2,-5.037944455720341
TD3,Ant-v4,2layers,first-both,flrelu,0.3,-7.81612184786989
TD3,Ant-v4,2layers,first-both,flrelu,0.4,-29.377918675681435
TD3,Ant-v4,2layers,first-both,flrelu,0.5,-51.61142127134756
TD3,Ant-v4,2layers,first-both,fprelu,0.1,-1.2963598601948623
TD3,Ant-v4,2layers,first-both,fprelu,0.2,3.8020830136028296
TD3,Ant-v4,2layers,first-both,fprelu,0.3,1.4105204152196849
TD3,Ant-v4,2layers,first-both,fprelu,0.4,-31.632213951393453
TD3,Ant-v4,2layers,first-both,fprelu,0.5,-53.04301547940624
TD3,Ant-v4,2layers,first-both,frelu,0.1,0.4282652045759212
TD3,Ant-v4,2layers,first-both,frelu,0.2,-6.463873259602401
TD3,Ant-v4,2layers,first-both,frelu,0.3,-9.666584012224076
TD3,Ant-v4,2layers,first-both,frelu,0.4,-23.694419049211564
TD3,Ant-v4,2layers,first-both,frelu,0.5,-25.447684514983443
TD3,Ant-v4,2layers,first-both,fswish,0.1,3.895582390556261
TD3,Ant-v4,2layers,first-both,fswish,0.2,-4.679857015518486
TD3,Ant-v4,2layers,first-both,fswish,0.3,-7.382924800669008
TD3,Ant-v4,2layers,first-both,fswish,0.4,-15.497387940911556
TD3,Ant-v4,2layers,first-both,fswish,0.5,-14.772166543803191
TD3,Cartpole-Swingup,1layer,none,fgelu,0.1,1.0287372611447707
TD3,Cartpole-Swingup,1layer,none,fgelu,0.2,12.156324041982055
TD3,Cartpole-Swingup,1layer,none,fgelu,0.3,8.837813686107697
TD3,Cartpole-Swingup,1layer,none,fgelu,0.4,6.6931507517717845
TD3,Cartpole-Swingup,1layer,none,fgelu,0.5,4.929657939544623
TD3,Cartpole-Swingup,1layer,none,flrelu,0.1,5.230624652537418
TD3,Cartpole-Swingup,1layer,none,flrelu,0.2,5.371886448131289
TD3,Cartpole-Swingup,1layer,none,flrelu,0.3,6.930681399473542
TD3,Cartpole-Swingup,1layer,none,flrelu,0.4,0.011511824352541212
TD3,Cartpole-Swingup,1layer,none,flrelu,0.5,0.8309956703961024
TD3,Cartpole-Swingup,1layer,none,fprelu,0.1,-6.024988949081113
TD3,Cartpole-Swingup,1layer,none,fprelu,0.2,3.8990955650774963
TD3,Cartpole-Swingup,1layer,none,fprelu,0.3,2.7672779108656678
TD3,Cartpole-Swingup,1layer,none,fprelu,0.4,-16.33340585866312
TD3,Cartpole-Swingup,1layer,none,fprelu,0.5,-1.1417682329003074
TD3,Cartpole-Swingup,1layer,none,frelu,0.1,0.9044213998421761
TD3,Cartpole-Swingup,1layer,none,frelu,0.2,7.420380983884824
TD3,Cartpole-Swingup,1layer,none,frelu,0.3,-6.736912886960539
TD3,Cartpole-Swingup,1layer,none,frelu,0.4,-0.27876856959423435
TD3,Cartpole-Swingup,1layer,none,frelu,0.5,-5.213058076950175
TD3,Cartpole-Swingup,1layer,none,fswish,0.1,2.6053505328430617
TD3,Cartpole-Swingup,1layer,none,fswish,0.2,0.7154821245894286
TD3,Cartpole-Swingup,1layer,none,fswish,0.3,3.4359620145541023
TD3,Cartpole-Swingup,1layer,none,fswish,0.4,-1.3460261276870527
TD3,Cartpole-Swingup,1layer,none,fswish,0.5,4.854099464993581
TD3,Cartpole-Swingup,2layers,all-actor,fgelu,0.1,0.7117121099875966
TD3,Cartpole-Swingup,2layers,all-actor,fgelu,0.2,-0.49681623244513207
TD3,Cartpole-Swingup,2layers,all-actor,fgelu,0.3,0.09303773422782753
TD3,Cartpole-Swingup,2layers,all-actor,fgelu,0.4,2.7903479778005162
TD3,Cartpole-Swingup,2layers,all-actor,fgelu,0.5,1.3452952571049859
TD3,Cartpole-Swingup,2layers,all-actor,flrelu,0.1,-1.5636966284370881
TD3,Cartpole-Swingup,2layers,all-actor,flrelu,0.2,-1.909599131457243
TD3,Cartpole-Swingup,2layers,all-actor,flrelu,0.3,0.3297666432673451
TD3,Cartpole-Swingup,2layers,all-actor,flrelu,0.4,-1.4594490097795987
TD3,Cartpole-Swingup,2layers,all-actor,flrelu,0.5,1.9368989897764948
TD3,Cartpole-Swingup,2layers,all-actor,fprelu,0.1,-2.585776512442602
TD3,Cartpole-Swingup,2layers,all-actor,fprelu,0.2,-0.26906665395066
TD3,Cartpole-Swingup,2layers,all-actor,fprelu,0.3,-2.989072040291652
TD3,Cartpole-Swingup,2layers,all-actor,fprelu,0.4,-0.23842443137294858
TD3,Cartpole-Swingup,2layers,all-actor,fprelu,0.5,-0.14502883128805796
TD3,Cartpole-Swingup,2layers,all-actor,frelu,0.1,-0.08289806558095814
TD3,Cartpole-Swingup,2layers,all-actor,frelu,0.2,0.5615516679656127
TD3,Cartpole-Swingup,2layers,all-actor,frelu,0.3,-4.71512379497498
TD3,Cartpole-Swingup,2layers,all-actor,frelu,0.4,2.0808929801152845
TD3,Cartpole-Swingup,2layers,all-actor,frelu,0.5,-0.924386472382888
TD3,Cartpole-Swingup,2layers,all-actor,fswish,0.1,2.2149447802407964
TD3,Cartpole-Swingup,2layers,all-actor,fswish,0.2,-1.575905287978816
TD3,Cartpole-Swingup,2layers,all-actor,fswish,0.3,0.927014169964764
TD3,Cartpole-Swingup,2layers,all-actor,fswish,0.4,0.7230859955828969
TD3,Cartpole-Swingup,2layers,all-actor,fswish,0.5,0.6393739208821756
TD3,Cartpole-Swingup,2layers,all-both,fgelu,0.1,2.4500250601771247
TD3,Cartpole-Swingup,2layers,all-both,fgelu,0.2,2.424827304789967
TD3,Cartpole-Swingup,2layers,all-both,fgelu,0.3,0.29355245876743596
TD3,Cartpole-Swingup,2layers,all-both,fgelu,0.4,2.305255903340451
TD3,Cartpole-Swingup,2layers,all-both,fgelu,0.5,0.8161875973384355
TD3,Cartpole-Swingup,2layers,all-both,flrelu,0.1,-1.2045422814903777
TD3,Cartpole-Swingup,2layers,all-both,flrelu,0.2,-4.007894880842149
TD3,Cartpole-Swingup,2layers,all-both,flrelu,0.3,1.5420580299418745
TD3,Cartpole-Swingup,2layers,all-both,flrelu,0.4,0.01825774632815873
TD3,Cartpole-Swingup,2layers,all-both,flrelu,0.5,-0.009252849046237622
TD3,Cartpole-Swingup,2layers,all-both,fprelu,0.1,-1.43059008996992
TD3,Cartpole-Swingup,2layers,all-both,fprelu,0.2,-0.9336122487865361
TD3,Cartpole-Swingup,2layers,all-both,fprelu,0.3,-5.189618397528107
TD3,Cartpole-Swingup,2layers,all-both,fprelu,0.4,0.9858326939957427
TD3,Cartpole-Swingup,2layers,all-both,fprelu,0.5,-2.3337958584344425
TD3,Cartpole-Swingup,2layers,all-both,frelu,0.1,0.1397803155089811
TD3,Cartpole-Swingup,2layers,all-both,frelu,0.2,0.7463204005028112
TD3,Cartpole-Swingup,2layers,all-both,frelu,0.3,-0.36987773607880503
TD3,Cartpole-Swingup,2layers,all-both,frelu,0.4,0.06609320699886165
TD3,Cartpole-Swingup,2layers,all-both,frelu,0.5,-2.2652476280318803
TD3,Cartpole-Swingup,2layers,all-both,fswish,0.1,1.9597330082915672
TD3,Cartpole-Swingup,2layers,all-both,fswish,0.2,-2.6884475790135256
TD3,Cartpole-Swingup,2layers,all-both,fswish,0.3,3.3203222947717834
TD3,Cartpole-Swingup,2layers,all-both,fswish,0.4,0.8312400108972241
TD3,Cartpole-Swingup,2layers,all-both,fswish,0.5,1.5586789379048887
TD3,Cartpole-Swingup,2layers,all-critic,fgelu,0.1,-4.079870778222522
TD3,Cartpole-Swingup,2layers,all-critic,fgelu,0.2,1.4264344142414316
TD3,Cartpole-Swingup,2layers,all-critic,fgelu,0.3,0.6439227751497851
TD3,Cartpole-Swingup,2layers,all-critic,fgelu,0.4,0.17330785137117824
TD3,Cartpole-Swingup,2layers,all-critic,fgelu,0.5,1.4882089872729731
TD3,Cartpole-Swingup,2layers,all-critic,flrelu,0.1,0.5777552167981118
TD3,Cartpole-Swingup,2layers,all-critic,flrelu,0.2,1.5258882181053268
TD3,Cartpole-Swingup,2layers,all-critic,flrelu,0.3,-0.2156235188014918
TD3,Cartpole-Swingup,2layers,all-critic,flrelu,0.4,0.4621796691829806
TD3,Cartpole-Swingup,2layers,all-critic,flrelu,0.5,-0.7093552043561206
TD3,Cartpole-Swingup,2layers,all-critic,fprelu,0.1,-1.2924739325305687
TD3,Cartpole-Swingup,2layers,all-critic,fprelu,0.2,0.05649611664811331
TD3,Cartpole-Swingup,2layers,all-critic,fprelu,0.3,1.0076292242504514
TD3,Cartpole-Swingup,2layers,all-critic,fprelu,0.4,-1.6901257909479166
TD3,Cartpole-Swingup,2layers,all-critic,fprelu,0.5,-2.3643496488584383
TD3,Cartpole-Swingup,2layers,all-critic,frelu,0.1,0.19210109402438263
TD3,Cartpole-Swingup,2layers,all-critic,frelu,0.2,-1.694455711745223
TD3,Cartpole-Swingup,2layers,all-critic,frelu,0.3,0.5499663760136451
TD3,Cartpole-Swingup,2layers,all-critic,frelu,0.4,0.7958759698799538
TD3,Cartpole-Swingup,2layers,all-critic,frelu,0.5,0.6548860816307618
TD3,Cartpole-Swingup,2layers,all-critic,fswish,0.1,1.4108352683976022
TD3,Cartpole-Swingup,2layers,all-critic,fswish,0.2,4.252108933319187
TD3,Cartpole-Swingup,2layers,all-critic,fswish,0.3,-0.6641961743477018
TD3,Cartpole-Swingup,2layers,all-critic,fswish,0.4,4.675973444768337
TD3,Cartpole-Swingup,2layers,all-critic,fswish,0.5,2.2146356060657886
TD3,Cartpole-Swingup,2layers,first-actor,fgelu,0.1,1.0983098641857305
TD3,Cartpole-Swingup,2layers,first-actor,fgelu,0.2,1.0739700733510469
TD3,Cartpole-Swingup,2layers,first-actor,fgelu,0.3,-0.2453268724875918
TD3,Cartpole-Swingup,2layers,first-actor,fgelu,0.4,-0.049486335061572365
TD3,Cartpole-Swingup,2layers,first-actor,fgelu,0.5,0.908694098770291
TD3,Cartpole-Swingup,2layers,first-actor,flrelu,0.1,-7.972386459051957
TD3,Cartpole-Swingup,2layers,first-actor,flrelu,0.2,-3.874922569222464
TD3,Cartpole-Swingup,2layers,first-actor,flrelu,0.3,-5.921780383880226
TD3,Cartpole-Swingup,2layers,first-actor,flrelu,0.4,-7.660586754295234
TD3,Cartpole-Swingup,2layers,first-actor,flrelu,0.5,-6.49857105063582
TD3,Cartpole-Swingup,2layers,first-actor,fprelu,0.1,3.2992559919280344
TD3,Cartpole-Swingup,2layers,first-actor,fprelu,0.2,-0.6140847984974133
TD3,Cartpole-Swingup,2layers,first-actor,fprelu,0.3,1.4546028975003746
TD3,Cartpole-Swingup,2layers,first-actor,fprelu,0.4,2.363974870285216
TD3,Cartpole-Swingup,2layers,first-actor,fprelu,0.5,1.3647959844117077
TD3,Cartpole-Swingup,2layers,first-actor,frelu,0.1,0.15238116997284154
TD3,Cartpole-Swingup,2layers,first-actor,frelu,0.2,-0.7634735708448054
TD3,Cartpole-Swingup,2layers,first-actor,frelu,0.3,-0.7146181985398351
TD3,Cartpole-Swingup,2layers,first-actor,frelu,0.4,2.1284166990495796
TD3,Cartpole-Swingup,2layers,first-actor,frelu,0.5,3.2414204521256202
TD3,Cartpole-Swingup,2layers,first-actor,fswish,0.1,-0.1335588572081223
TD3,Cartpole-Swingup,2layers,first-actor,fswish,0.2,2.2037628825151616
TD3,Cartpole-Swingup,2layers,first-actor,fswish,0.3,-1.4088935126172062
TD3,Cartpole-Swingup,2layers,first-actor,fswish,0.4,0.04583067252987485
TD3,Cartpole-Swingup,2layers,first-actor,fswish,0.5,-0.5701505947974734
TD3,Cartpole-Swingup,2layers,first-both,fgelu,0.1,1.2907759214979022
TD3,Cartpole-Swingup,2layers,first-both,fgelu,0.2,2.186357642961776
TD3,Cartpole-Swingup,2layers,first-both,fgelu,0.3,-0.7122387774612192
TD3,Cartpole-Swingup,2layers,first-both,fgelu,0.4,4.379983754008952
TD3,Cartpole-Swingup,2layers,first-both,fgelu,0.5,-0.6374123730382466
TD3,Cartpole-Swingup,2layers,first-both,flrelu,0.1,-0.4956344761689679
TD3,Cartpole-Swingup,2layers,first-both,flrelu,0.2,-1.8250073450835669
TD3,Cartpole-Swingup,2layers,first-both,flrelu,0.3,-0.06768661360666135
TD3,Cartpole-Swingup,2layers,first-both,flrelu,0.4,-2.024288140654104
TD3,Cartpole-Swingup,2layers,first-both,flrelu,0.5,-1.893500207155229
TD3,Cartpole-Swingup,2layers,first-both,fprelu,0.1,1.3896766194272974
TD3,Cartpole-Swingup,2layers,first-both,fprelu,0.2,1.5646469934044496
TD3,Cartpole-Swingup,2layers,first-both,fprelu,0.3,-1.1630741382368401
TD3,Cartpole-Swingup,2layers,first-both,fprelu,0.4,1.924036354314935
TD3,Cartpole-Swingup,2layers,first-both,fprelu,0.5,-0.5993201881814809
TD3,Cartpole-Swingup,2layers,first-both,frelu,0.1,-1.0320333441868113
TD3,Cartpole-Swingup,2layers,first-both,frelu,0.2,0.4856985317069265
TD3,Cartpole-Swingup,2layers,first-both,frelu,0.3,-1.2089377833752422
TD3,Cartpole-Swingup,2layers,first-both,frelu,0.4,-0.8496268244383
TD3,Cartpole-Swingup,2layers,first-both,frelu,0.5,0.1562883983975306
TD3,Cartpole-Swingup,2layers,first-both,fswish,0.1,2.9196311678623093
TD3,Cartpole-Swingup,2layers,first-both,fswish,0.2,2.252386414196525
TD3,Cartpole-Swingup,2layers,first-both,fswish,0.3,2.358755990463828
TD3,Cartpole-Swingup,2layers,first-both,fswish,0.4,-0.28514192884246725
TD3,Cartpole-Swingup,2layers,first-both,fswish,0.5,2.6479896239416045
TD3,Cheetah-Run,1layer,none,fgelu,0.1,12.97601874984441
TD3,Cheetah-Run,1layer,none,fgelu,0.2,12.079105955877761
TD3,Cheetah-Run,1layer,none,fgelu,0.3,8.292739182991435
TD3,Cheetah-Run,1layer,none,fgelu,0.4,14.459314030992406
TD3,Cheetah-Run,1layer,none,fgelu,0.5,17.282235936122323
TD3,Cheetah-Run,1layer,none,flrelu,0.1,15.215762862821439
TD3,Cheetah-Run,1layer,none,flrelu,0.2,15.384643956297841
TD3,Cheetah-Run,1layer,none,flrelu,0.3,13.770686192615532
TD3,Cheetah-Run,1layer,none,flrelu,0.4,21.781446669465563
TD3,Cheetah-Run,1layer,none,flrelu,0.5,8.478610798258593
TD3,Cheetah-Run,1layer,none,fprelu,0.1,5.1940446049057085
TD3,Cheetah-Run,1layer,none,fprelu,0.2,3.8767132792177477
TD3,Cheetah-Run,1layer,none,fprelu,0.3,29.428478862602436
TD3,Cheetah-Run,1layer,none,fprelu,0.4,26.752506505189046
TD3,Cheetah-Run,1layer,none,fprelu,0.5,12.693826761207616
TD3,Cheetah-Run,1layer,none,frelu,0.1,8.664307157378364
TD3,Cheetah-Run,1layer,none,frelu,0.2,12.769416188138171
TD3,Cheetah-Run,1layer,none,frelu,0.3,14.541964062991491
TD3,Cheetah-Run,1layer,none,frelu,0.4,16.986740059645914
TD3,Cheetah-Run,1layer,none,frelu,0.5,11.183154782627353
TD3,Cheetah-Run,1layer,none,fswish,0.1,8.160078868662751
TD3,Cheetah-Run,1layer,none,fswish,0.2,1.0365814703510083
TD3,Cheetah-Run,1layer,none,fswish,0.3,16.67503339280317
TD3,Cheetah-Run,1layer,none,fswish,0.4,12.0306419647737
TD3,Cheetah-Run,1layer,none,fswish,0.5,4.704420838361856
TD3,Cheetah-Run,2layers,all-actor,fgelu,0.1,2.5618613729760096
TD3,Cheetah-Run,2layers,all-actor,fgelu,0.2,-4.37092624178491
TD3,Cheetah-Run,2layers,all-actor,fgelu,0.3,-1.6946728565886537
TD3,Cheetah-Run,2layers,all-actor,fgelu,0.4,-10.547376080591752
TD3,Cheetah-Run,2layers,all-actor,fgelu,0.5,0.17215928886938983
TD3,Cheetah-Run,2layers,all-actor,flrelu,0.1,5.639062284824419
TD3,Cheetah-Run,2layers,all-actor,flrelu,0.2,-4.1905504209095445
TD3,Cheetah-Run,2layers,all-actor,flrelu,0.3,4.94318210353695
TD3,Cheetah-Run,2layers,all-actor,flrelu,0.4,-4.662947910414685
TD3,Cheetah-Run,2layers,all-actor,flrelu,0.5,-6.163623206689641
TD3,Cheetah-Run,2layers,all-actor,fprelu,0.1,-9.734782942159502
TD3,Cheetah-Run,2layers,all-actor,fprelu,0.2,-3.079143567425823
TD3,Cheetah-Run,2layers,all-actor,fprelu,0.3,1.7194985021739015
TD3,Cheetah-Run,2layers,all-actor,fprelu,0.4,5.7937265267370135
TD3,Cheetah-Run,2layers,all-actor,fprelu,0.5,0.5150682252450463
TD3,Cheetah-Run,2layers,all-actor,frelu,0.1,3.8308038284885795
TD3,Cheetah-Run,2layers,all-actor,frelu,0.2,-2.5098960493161537
TD3,Cheetah-Run,2layers,all-actor,frelu,0.3,0.4737933535024322
TD3,Cheetah-Run,2layers,all-actor,frelu,0.4,3.4239260948898598
TD3,Cheetah-Run,2layers,all-actor,frelu,0.5,3.3759975773078237
TD3,Cheetah-Run,2layers,all-actor,fswish,0.1,-6.2688874876607015
TD3,Cheetah-Run,2layers,all-actor,fswish,0.2,-1.319171846827239
TD3,Cheetah-Run,2layers,all-actor,fswish,0.3,1.5505770428173369
TD3,Cheetah-Run,2layers,all-actor,fswish,0.4,1.6078692100833585
TD3,Cheetah-Run,2layers,all-actor,fswish,0.5,-10.85978869302152
TD3,Cheetah-Run,2layers,all-both,fgelu,0.1,-8.4649134211695
TD3,Cheetah-Run,2layers,all-both,fgelu,0.2,-6.717117095685628
TD3,Cheetah-Run,2layers,all-both,fgelu,0.3,-0.16451363018508794
TD3,Cheetah-Run,2layers,all-both,fgelu,0.4,-4.2817963690231435
TD3,Cheetah-Run,2layers,all-both,fgelu,0.5,-7.898977894987553
TD3,Cheetah-Run,2layers,all-both,flrelu,0.1,-7.599000878741927
TD3,Cheetah-Run,2layers,all-both,flrelu,0.2,-2.001795295668765
TD3,Cheetah-Run,2layers,all-both,flrelu,0.3,-7.361886640579378
TD3,Cheetah-Run,2layers,all-both,flrelu,0.4,-11.795195164421232
TD3,Cheetah-Run,2layers,all-both,flrelu,0.5,-15.854573706235346
TD3,Cheetah-Run,2layers,all-both,fprelu,0.1,-9.0798319412791
TD3,Cheetah-Run,2layers,all-both,fprelu,0.2,-3.659041889348417
TD3,Cheetah-Run,2layers,all-both,fprelu,0.3,-6.071498029525046
TD3,Cheetah-Run,2layers,all-both,fprelu,0.4,-13.752615494209284
TD3,Cheetah-Run,2layers,all-both,fprelu,0.5,-16.685023829264125
TD3,Cheetah-Run,2layers,all-both,frelu,0.1,-3.8130677163311026
TD3,Cheetah-Run,2layers,all-both,frelu,0.2,-11.491011001163203
TD3,Cheetah-Run,2layers,all-both,frelu,0.3,-5.5885566778736635
TD3,Cheetah-Run,2layers,all-both,frelu,0.4,-2.865214293863239
TD3,Cheetah-Run,2layers,all-both,frelu,0.5,-20.56765455629563
TD3,Cheetah-Run,2layers,all-both,fswish,0.1,-5.078907631130093
TD3,Cheetah-Run,2layers,all-both,fswish,0.2,-12.744880557491133
TD3,Cheetah-Run,2layers,all-both,fswish,0.3,-8.896171220162596
TD3,Cheetah-Run,2layers,all-both,fswish,0.4,-8.395602720317454
TD3,Cheetah-Run,2layers,all-both,fswish,0.5,-9.998129961672985
TD3,Cheetah-Run,2layers,all-critic,fgelu,0.1,2.920562033773744
TD3,Cheetah-Run,2layers,all-critic,fgelu,0.2,-4.836091976309456
TD3,Cheetah-Run,2layers,all-critic,fgelu,0.3,-0.6198694519342567
TD3,Cheetah-Run,2layers,all-critic,fgelu,0.4,-15.072244631568262
TD3,Cheetah-Run,2layers,all-critic,fgelu,0.5,3.5085639164475664
TD3,Cheetah-Run,2layers,all-critic,flrelu,0.1,0.1404667451384448
TD3,Cheetah-Run,2layers,all-critic,flrelu,0.2,-1.8575097737706838
TD3,Cheetah-Run,2layers,all-critic,flrelu,0.3,-3.138361545867519
TD3,Cheetah-Run,2layers,all-critic,flrelu,0.4,-9.145052241387798
TD3,Cheetah-Run,2layers,all-critic,flrelu,0.5,-7.596920800258306
TD3,Cheetah-Run,2layers,all-critic,fprelu,0.1,-11.023454778462186
TD3,Cheetah-Run,2layers,all-critic,fprelu,0.2,-8.564075946697097
TD3,Cheetah-Run,2layers,all-critic,fprelu,0.3,-15.9399040287845
TD3,Cheetah-Run,2layers,all-critic,fprelu,0.4,-19.39735429939616
TD3,Cheetah-Run,2layers,all-critic,fprelu,0.5,-25.767147641315074
TD3,Cheetah-Run,2layers,all-critic,frelu,0.1,-9.10243682049495
TD3,Cheetah-Run,2layers,all-critic,frelu,0.2,-7.281250140615401
TD3,Cheetah-Run,2layers,all-critic,frelu,0.3,-4.352463248767393
TD3,Cheetah-Run,2layers,all-critic,frelu,0.4,-8.055737945644934
TD3,Cheetah-Run,2layers,all-critic,frelu,0.5,-7.473234610209557
TD3,Cheetah-Run,2layers,all-critic,fswish,0.1,-13.526277063609976
TD3,Cheetah-Run,2layers,all-critic,fswish,0.2,-8.392120646900944
TD3,Cheetah-Run,2layers,all-critic,fswish,0.3,3.9124727383657225
TD3,Cheetah-Run,2layers,all-critic,fswish,0.4,-2.0292447477164965
TD3,Cheetah-Run,2layers,all-critic,fswish,0.5,-6.637396537356517
TD3,Cheetah-Run,2layers,first-actor,fgelu,0.1,-6.842941648812216
TD3,Cheetah-Run,2layers,first-actor,fgelu,0.2,0.2433719972358941
TD3,Cheetah-Run,2layers,first-actor,fgelu,0.3,-3.074618897231504
TD3,Cheetah-Run,2layers,first-actor,fgelu,0.4,-2.0945592819277
TD3,Cheetah-Run,2layers,first-actor,fgelu,0.5,-3.894249176417857
TD3,Cheetah-Run,2layers,first-actor,flrelu,0.1,-6.714089991906517
TD3,Cheetah-Run,2layers,first-actor,flrelu,0.2,-7.850321292915872
TD3,Cheetah-Run,2layers,first-actor,flrelu,0.3,2.3013057289705077
TD3,Cheetah-Run,2layers,first-actor,flrelu,0.4,-3.496958812667992
TD3,Cheetah-Run,2layers,first-actor,flrelu,0.5,-2.250662235945999
TD3,Cheetah-Run,2layers,first-actor,fprelu,0.1,-0.11265547773422906
TD3,Cheetah-Run,2layers,first-actor,fprelu,0.2,2.9361739458101694
TD3,Cheetah-Run,2layers,first-actor,fprelu,0.3,3.814559729020042
TD3,Cheetah-Run,2layers,first-actor,fprelu,0.4,-11.147065151418989
TD3,Cheetah-Run,2layers,first-actor,fprelu,0.5,-8.071359483896876
TD3,Cheetah-Run,2layers,first-actor,frelu,0.1,2.1550238654373515
TD3,Cheetah-Run,2layers,first-actor,frelu,0.2,-0.965492675853396
TD3,Cheetah-Run,2layers,first-actor,frelu,0.3,-3.918818342751358
TD3,Cheetah-Run,2layers,first-actor,frelu,0.4,-5.421257362309131
TD3,Cheetah-Run,2layers,first-actor,frelu,0.5,-4.95595717859857
TD3,Cheetah-Run,2layers,first-actor,fswish,0.1,-0.36577880013957076
TD3,Cheetah-Run,2layers,first-actor,fswish,0.2,-2.7641827312732143
TD3,Cheetah-Run,2layers,first-actor,fswish,0.3,-4.951552845212236
TD3,Cheetah-Run,2layers,first-actor,fswish,0.4,0.5018793131783597
TD3,Cheetah-Run,2layers,first-actor,fswish,0.5,-4.1841617595814675
TD3,Cheetah-Run,2layers,first-both,fgelu,0.1,-5.264003482340198
TD3,Cheetah-Run,2layers,first-both,fgelu,0.2,-8.61082505516436
TD3,Cheetah-Run,2layers,first-both,fgelu,0.3,-9.582592267619212
TD3,Cheetah-Run,2layers,first-both,fgelu,0.4,-7.232572225760945
TD3,Cheetah-Run,2layers,first-both,fgelu,0.5,-8.954348336695345
TD3,Cheetah-Run,2layers,first-both,flrelu,0.1,-4.33450267283082
TD3,Cheetah-Run,2layers,first-both,flrelu,0.2,-11.893615672851514
TD3,Cheetah-Run,2layers,first-both,flrelu,0.3,-13.526705731821739
TD3,Cheetah-Run,2layers,first-both,flrelu,0.4,-2.8296440241889025
TD3,Cheetah-Run,2layers,first-both,flrelu,0.5,-5.633850700164681
TD3,Cheetah-Run,2layers,first-both,fprelu,0.1,0.8842546313659636
TD3,Cheetah-Run,2layers,first-both,fprelu,0.2,-1.4608153580174714
TD3,Cheetah-Run,2layers,first-both,fprelu,0.3,-0.7191050173344508
TD3,Cheetah-Run,2layers,first-both,fprelu,0.4,1.6367300053921052
TD3,Cheetah-Run,2layers,first-both,fprelu,0.5,-6.3840269518318475
TD3,Cheetah-Run,2layers,first-both,frelu,0.1,3.470016641462325
TD3,Cheetah-Run,2layers,first-both,frelu,0.2,-3.904278510083342
TD3,Cheetah-Run,2layers,first-both,frelu,0.3,-4.556895217687171
TD3,Cheetah-Run,2layers,first-both,frelu,0.4,-6.030501950361335
TD3,Cheetah-Run,2layers,first-both,frelu,0.5,-9.144770076915597
TD3,Cheetah-Run,2layers,first-both,fswish,0.1,-8.034283750482894
TD3,Cheetah-Run,2layers,first-both,fswish,0.2,-10.892079905894658
TD3,Cheetah-Run,2layers,first-both,fswish,0.3,0.38511438890969885
TD3,Cheetah-Run,2layers,first-both,fswish,0.4,-1.3119423522847762
TD3,Cheetah-Run,2layers,first-both,fswish,0.5,-6.8275821413749425
TD3,Finger-Spin,1layer,none,fgelu,0.1,14.804160459553447
TD3,Finger-Spin,1layer,none,fgelu,0.2,13.390837072490893
TD3,Finger-Spin,1layer,none,fgelu,0.3,-3.3010302877345934
TD3,Finger-Spin,1layer,none,fgelu,0.4,28.183383623048247
TD3,Finger-Spin,1layer,none,fgelu,0.5,32.19129894871789
TD3,Finger-Spin,1layer,none,flrelu,0.1,6.2089744248323235
TD3,Finger-Spin,1layer,none,flrelu,0.2,16.170134833016558
TD3,Finger-Spin,1layer,none,flrelu,0.3,-21.434585774301542
TD3,Finger-Spin,1layer,none,flrelu,0.4,-53.54905424812223
TD3,Finger-Spin,1layer,none,flrelu,0.5,-50.60738510605509
TD3,Finger-Spin,1layer,none,fprelu,0.1,17.527845463540142
TD3,Finger-Spin,1layer,none,fprelu,0.2,-18.867688541762057
TD3,Finger-Spin,1layer,none,fprelu,0.3,-32.028257533965096
TD3,Finger-Spin,1layer,none,fprelu,0.4,-50.22233935395398
TD3,Finger-Spin,1layer,none,fprelu,0.5,-60.34140425560427
TD3,Finger-Spin,1layer,none,frelu,0.1,24.797929150688237
TD3,Finger-Spin,1layer,none,frelu,0.2,-6.767335434259694
TD3,Finger-Spin,1layer,none,frelu,0.3,2.6050891255843247
TD3,Finger-Spin,1layer,none,frelu,0.4,-1.0684796276402093
TD3,Finger-Spin,1layer,none,frelu,0.5,12.929407534300116
TD3,Finger-Spin,1layer,none,fswish,0.1,15.280777417200648
TD3,Finger-Spin,1layer,none,fswish,0.2,15.291944637389193
TD3,Finger-Spin,1layer,none,fswish,0.3,16.703704613625348
TD3,Finger-Spin,1layer,none,fswish,0.4,17.16870766227646
TD3,Finger-Spin,1layer,none,fswish,0.5,20.25398725596832
TD3,Finger-Spin,2layers,all-actor,fgelu,0.1,6.20103630976959
TD3,Finger-Spin,2layers,all-actor,fgelu,0.2,4.2628562054156705
TD3,Finger-Spin,2layers,all-actor,fgelu,0.3,-15.026213604381027
TD3,Finger-Spin,2layers,all-actor,fgelu,0.4,-15.615550485692001
TD3,Finger-Spin,2layers,all-actor,fgelu,0.5,0.40874037061907487
TD3,Finger-Spin,2layers,all-actor,flrelu,0.1,9.716759606441416
TD3,Finger-Spin,2layers,all-actor,flrelu,0.2,7.340782418046861
TD3,Finger-Spin,2layers,all-actor,flrelu,0.3,-15.018010991501262
TD3,Finger-Spin,2layers,all-actor,flrelu,0.4,3.8293689688203387
TD3,Finger-Spin,2layers,all-actor,flrelu,0.5,4.889591440364919
TD3,Finger-Spin,2layers,all-actor,fprelu,0.1,-63.4162075288864
TD3,Finger-Spin,2layers,all-actor,fprelu,0.2,-12.962769869439427
TD3,Finger-Spin,2layers,all-actor,fprelu,0.3,-18.625770385230847
TD3,Finger-Spin,2layers,all-actor,fprelu,0.4,-10.299145120905122
TD3,Finger-Spin,2layers,all-actor,fprelu,0.5,-1.7474345980650174
TD3,Finger-Spin,2layers,all-actor,frelu,0.1,-4.744168845920173
TD3,Finger-Spin,2layers,all-actor,frelu,0.2,-13.509147303634313
TD3,Finger-Spin,2layers,all-actor,frelu,0.3,6.6612167950584125
TD3,Finger-Spin,2layers,all-actor,frelu,0.4,-13.389722821198333
TD3,Finger-Spin,2layers,all-actor,frelu,0.5,3.991335816361571
TD3,Finger-Spin,2layers,all-actor,fswish,0.1,-4.052924926628323
TD3,Finger-Spin,2layers,all-actor,fswish,0.2,1.5069173051497116
TD3,Finger-Spin,2layers,all-actor,fswish,0.3,-10.390068999267326
TD3,Finger-Spin,2layers,all-actor,fswish,0.4,0.9020093621008705
TD3,Finger-Spin,2layers,all-actor,fswish,0.5,-22.8378816126615
TD3,Finger-Spin,2layers,all-both,fgelu,0.1,16.48210787687183
TD3,Finger-Spin,2layers,all-both,fgelu,0.2,12.168784748145027
TD3,Finger-Spin,2layers,all-both,fgelu,0.3,13.016573448837244
TD3,Finger-Spin,2layers,all-both,fgelu,0.4,11.303200548323817
TD3,Finger-Spin,2layers,all-both,fgelu,0.5,6.839032759011404
TD3,Finger-Spin,2layers,all-both,flrelu,0.1,5.95328959533313
TD3,Finger-Spin,2layers,all-both,flrelu,0.2,1.4649310493922418
TD3,Finger-Spin,2layers,all-both,flrelu,0.3,-42.73060811947453
TD3,Finger-Spin,2layers,all-both,flrelu,0.4,-19.033815619165196
TD3,Finger-Spin,2layers,all-both,flrelu,0.5,-39.078777059933294
TD3,Finger-Spin,2layers,all-both,fprelu,0.1,-11.468086969940899
TD3,Finger-Spin,2layers,all-both,fprelu,0.2,-4.612370930496064
TD3,Finger-Spin,2layers,all-both,fprelu,0.3,-30.86059311842488
TD3,Finger-Spin,2layers,all-both,fprelu,0.4,-12.836811102167019
TD3,Finger-Spin,2layers,all-both,fprelu,0.5,-35.872667642638575
TD3,Finger-Spin,2layers,all-both,frelu,0.1,-18.60018935523292
TD3,Finger-Spin,2layers,all-both,frelu,0.2,3.8549499988182676
TD3,Finger-Spin,2layers,all-both,frelu,0.3,-3.3494466016852895
TD3,Finger-Spin,2layers,all-both,frelu,0.4,-27.886937408502632
TD3,Finger-Spin,2layers,all-both,frelu,0.5,-24.806925785817263
TD3,Finger-Spin,2layers,all-both,fswish,0.1,11.886976336156978
TD3,Finger-Spin,2layers,all-both,fswish,0.2,13.007119589924969
TD3,Finger-Spin,2layers,all-both,fswish,0.3,13.756615963396882
TD3,Finger-Spin,2layers,all-both,fswish,0.4,7.536671935802737
TD3,Finger-Spin,2layers,all-both,fswish,0.5,5.013464797583149
TD3,Finger-Spin,2layers,all-critic,fgelu,0.1,11.6984552672592
TD3,Finger-Spin,2layers,all-critic,fgelu,0.2,11.170012359530254
TD3,Finger-Spin,2layers,all-critic,fgelu,0.3,8.948772597155779
TD3,Finger-Spin,2layers,all-critic,fgelu,0.4,8.085273807388747
TD3,Finger-Spin,2layers,all-critic,fgelu,0.5,7.7543887454590195
TD3,Finger-Spin,2layers,all-critic,flrelu,0.1,-1.5279104330284465
TD3,Finger-Spin,2layers,all-critic,flrelu,0.2,1.6490032435077708
TD3,Finger-Spin,2layers,all-critic,flrelu,0.3,4.153163636565857
TD3,Finger-Spin,2layers,all-critic,flrelu,0.4,-11.200459346321267
TD3,Finger-Spin,2layers,all-critic,flrelu,0.5,-19.3286926008261
TD3,Finger-Spin,2layers,all-critic,fprelu,0.1,4.4740387302355265
TD3,Finger-Spin,2layers,all-critic,fprelu,0.2,-0.06186716494064208
TD3,Finger-Spin,2layers,all-critic,fprelu,0.3,3.1140733202369586
TD3,Finger-Spin,2layers,all-critic,fprelu,0.4,-15.785858973449951
TD3,Finger-Spin,2layers,all-critic,fprelu,0.5,-36.74381293593759
TD3,Finger-Spin,2layers,all-critic,frelu,0.1,9.342776070058656
TD3,Finger-Spin,2layers,all-critic,frelu,0.2,6.839588868359186
TD3,Finger-Spin,2layers,all-critic,frelu,0.3,-19.685714802101536
TD3,Finger-Spin,2layers,all-critic,frelu,0.4,-12.749362907228448
TD3,Finger-Spin,2layers,all-critic,frelu,0.5,-37.699764904773225
TD3,Finger-Spin,2layers,all-critic,fswish,0.1,11.774642247905206
TD3,Finger-Spin,2layers,all-critic,fswish,0.2,11.832894702085271
TD3,Finger-Spin,2layers,all-critic,fswish,0.3,7.446860276136097
TD3,Finger-Spin,2layers,all-critic,fswish,0.4,6.25623016253686
TD3,Finger-Spin,2layers,all-critic,fswish,0.5,2.020623315162461
TD3,Finger-Spin,2layers,first-actor,fgelu,0.1,8.319534870141515
TD3,Finger-Spin,2layers,first-actor,fgelu,0.2,9.049567416441095
TD3,Finger-Spin,2layers,first-actor,fgelu,0.3,7.589224269168047
TD3,Finger-Spin,2layers,first-actor,fgelu,0.4,-18.165311845268135
TD3,Finger-Spin,2layers,first-actor,fgelu,0.5,-14.94224109286609
TD3,Finger-Spin,2layers,first-actor,flrelu,0.1,-16.370886007315622
TD3,Finger-Spin,2layers,first-actor,flrelu,0.2,-4.5581502690874105
TD3,Finger-Spin,2layers,first-actor,flrelu,0.3,3.049425608557411
TD3,Finger-Spin,2layers,first-actor,flrelu,0.4,-0.28444993139000874
TD3,Finger-Spin,2layers,first-actor,flrelu,0.5,4.9998401185625125
TD3,Finger-Spin,2layers,first-actor,fprelu,0.1,-20.116143437284073
TD3,Finger-Spin,2layers,first-actor,fprelu,0.2,-1.605348659706958
TD3,Finger-Spin,2layers,first-actor,fprelu,0.3,1.8373852850686032
TD3,Finger-Spin,2layers,first-actor,fprelu,0.4,-18.772861307718937
TD3,Finger-Spin,2layers,first-actor,fprelu,0.5,-1.017541079102384
TD3,Finger-Spin,2layers,first-actor,frelu,0.1,-20.176898383529153
TD3,Finger-Spin,2layers,first-actor,frelu,0.2,4.891676850419097
TD3,Finger-Spin,2layers,first-actor,frelu,0.3,1.6175830653581413
TD3,Finger-Spin,2layers,first-actor,frelu,0.4,-18.928989007108466
TD3,Finger-Spin,2layers,first-actor,frelu,0.5,-4.818826525859778
TD3,Finger-Spin,2layers,first-actor,fswish,0.1,1.001970017364514
TD3,Finger-Spin,2layers,first-actor,fswish,0.2,-0.9117412756870383
TD3,Finger-Spin,2layers,first-actor,fswish,0.3,-15.5965037405305
TD3,Finger-Spin,2layers,first-actor,fswish,0.4,7.937209693542042
TD3,Finger-Spin,2layers,first-actor,fswish,0.5,-5.917837624412089
TD3,Finger-Spin,2layers,first-both,fgelu,0.1,8.85103637928326
TD3,Finger-Spin,2layers,first-both,fgelu,0.2,6.121512673036899
TD3,Finger-Spin,2layers,first-both,fgelu,0.3,11.868624727680203
TD3,Finger-Spin,2layers,first-both,fgelu,0.4,7.410852195867274
TD3,Finger-Spin,2layers,first-both,fgelu,0.5,8.085829916736527
TD3,Finger-Spin,2layers,first-both,flrelu,0.1,-1.0488222299150678
TD3,Finger-Spin,2layers,first-both,flrelu,0.2,-0.7458816627113386
TD3,Finger-Spin,2layers,first-both,flrelu,0.3,0.21298988020014314
TD3,Finger-Spin,2layers,first-both,flrelu,0.4,-19.446865837229577
TD3,Finger-Spin,2layers,first-both,flrelu,0.5,-12.569878615232113
TD3,Finger-Spin,2layers,first-both,fprelu,0.1,1.9512486740267736
TD3,Finger-Spin,2layers,first-both,fprelu,0.2,-18.076751431634
TD3,Finger-Spin,2layers,first-both,fprelu,0.3,8.193576102869107
TD3,Finger-Spin,2layers,first-both,fprelu,0.4,-4.860395699606413
TD3,Finger-Spin,2layers,first-both,fprelu,0.5,-12.943306042267091
TD3,Finger-Spin,2layers,first-both,frelu,0.1,-1.685567433124375
TD3,Finger-Spin,2layers,first-both,frelu,0.2,0.5016106316985111
TD3,Finger-Spin,2layers,first-both,frelu,0.3,-18.326444528787697
TD3,Finger-Spin,2layers,first-both,frelu,0.4,-32.951981348092474
TD3,Finger-Spin,2layers,first-both,frelu,0.5,-5.618233713295045
TD3,Finger-Spin,2layers,first-both,fswish,0.1,-6.908268372810147
TD3,Finger-Spin,2layers,first-both,fswish,0.2,2.5346073798491
TD3,Finger-Spin,2layers,first-both,fswish,0.3,2.0272966273358337
TD3,Finger-Spin,2layers,first-both,fswish,0.4,6.957901132099605
TD3,Finger-Spin,2layers,first-both,fswish,0.5,-7.01087054747575
TD3,HalfCheetah-v4,1layer,none,fgelu,0.1,-57.567465665814346
TD3,HalfCheetah-v4,1layer,none,fgelu,0.2,15.334009713345585
TD3,HalfCheetah-v4,1layer,none,fgelu,0.3,7.885323364877253
TD3,HalfCheetah-v4,1layer,none,fgelu,0.4,21.168263998755073
TD3,HalfCheetah-v4,1layer,none,fgelu,0.5,47.19069070313705
TD3,HalfCheetah-v4,1layer,none,flrelu,0.1,4.658488606668319
TD3,HalfCheetah-v4,1layer,none,flrelu,0.2,36.45100773356851
TD3,HalfCheetah-v4,1layer,none,flrelu,0.3,9.739873035380052
TD3,HalfCheetah-v4,1layer,none,flrelu,0.4,6.262421729496073
TD3,HalfCheetah-v4,1layer,none,flrelu,0.5,42.686364521119664
TD3,HalfCheetah-v4,1layer,none,fprelu,0.1,40.62563235292785
TD3,HalfCheetah-v4,1layer,none,fprelu,0.2,0.7507810155469905
TD3,HalfCheetah-v4,1layer,none,fprelu,0.3,42.02640886601172
TD3,HalfCheetah-v4,1layer,none,fprelu,0.4,37.23373421505628
TD3,HalfCheetah-v4,1layer,none,fprelu,0.5,7.867177132450756
TD3,HalfCheetah-v4,1layer,none,frelu,0.1,52.20286025883648
TD3,HalfCheetah-v4,1layer,none,frelu,0.2,26.124246438987154
TD3,HalfCheetah-v4,1layer,none,frelu,0.3,79.66564283413484
TD3,HalfCheetah-v4,1layer,none,frelu,0.4,53.79439099947465
TD3,HalfCheetah-v4,1layer,none,frelu,0.5,22.714566470961778
TD3,HalfCheetah-v4,1layer,none,fswish,0.1,50.732566534954486
TD3,HalfCheetah-v4,1layer,none,fswish,0.2,43.91740050552401
TD3,HalfCheetah-v4,1layer,none,fswish,0.3,42.550777505861426
TD3,HalfCheetah-v4,1layer,none,fswish,0.4,27.94384748043821
TD3,HalfCheetah-v4,1layer,none,fswish,0.5,16.383949512507122
TD3,HalfCheetah-v4,2layers,all-actor,fgelu,0.1,-30.29453375527509
TD3,HalfCheetah-v4,2layers,all-actor,fgelu,0.2,10.85233234935029
TD3,HalfCheetah-v4,2layers,all-actor,fgelu,0.3,-4.957188514292724
TD3,HalfCheetah-v4,2layers,all-actor,fgelu,0.4,-24.66455751020492
TD3,HalfCheetah-v4,2layers,all-actor,fgelu,0.5,1.946503882023127
TD3,HalfCheetah-v4,2layers,all-actor,flrelu,0.1,-47.73152503592972
TD3,HalfCheetah-v4,2layers,all-actor,flrelu,0.2,-0.9342811947121845
TD3,HalfCheetah-v4,2layers,all-actor,flrelu,0.3,-8.962129855051634
TD3,HalfCheetah-v4,2layers,all-actor,flrelu,0.4,-6.841888314665413
TD3,HalfCheetah-v4,2layers,all-actor,flrelu,0.5,-5.2148989231848475
TD3,HalfCheetah-v4,2layers,all-actor,fprelu,0.1,-7.872055682550354
TD3,HalfCheetah-v4,2layers,all-actor,fprelu,0.2,19.118677159828994
TD3,HalfCheetah-v4,2layers,all-actor,fprelu,0.3,31.64722283130459
TD3,HalfCheetah-v4,2layers,all-actor,fprelu,0.4,-4.199657248131746
TD3,HalfCheetah-v4,2layers,all-actor,fprelu,0.5,12.744446213563347
TD3,HalfCheetah-v4,2layers,all-actor,frelu,0.1,-7.802204203756935
TD3,HalfCheetah-v4,2layers,all-actor,frelu,0.2,17.646543296689927
TD3,HalfCheetah-v4,2layers,all-actor,frelu,0.3,-0.5237274124034655
TD3,HalfCheetah-v4,2layers,all-actor,frelu,0.4,0.8367494205413166
TD3,HalfCheetah-v4,2layers,all-actor,frelu,0.5,-15.903788107315677
TD3,HalfCheetah-v4,2layers,all-actor,fswish,0.1,43.49008388859373
TD3,HalfCheetah-v4,2layers,all-actor,fswish,0.2,2.366970112358712
TD3,HalfCheetah-v4,2layers,all-actor,fswish,0.3,19.006201479123217
TD3,HalfCheetah-v4,2layers,all-actor,fswish,0.4,-23.86460144772935
TD3,HalfCheetah-v4,2layers,all-actor,fswish,0.5,-0.3816494504386682
TD3,HalfCheetah-v4,2layers,all-both,fgelu,0.1,12.513507683032389
TD3,HalfCheetah-v4,2layers,all-both,fgelu,0.2,5.505423585368997
TD3,HalfCheetah-v4,2layers,all-both,fgelu,0.3,-9.925940522835518
TD3,HalfCheetah-v4,2layers,all-both,fgelu,0.4,-18.980349268332066
TD3,HalfCheetah-v4,2layers,all-both,fgelu,0.5,-26.209856637075358
TD3,HalfCheetah-v4,2layers,all-both,flrelu,0.1,-23.02179614332477
TD3,HalfCheetah-v4,2layers,all-both,flrelu,0.2,-34.41795362206615
TD3,HalfCheetah-v4,2layers,all-both,flrelu,0.3,1.2755489223435277
TD3,HalfCheetah-v4,2layers,all-both,flrelu,0.4,-45.02842896597057
TD3,HalfCheetah-v4,2layers,all-both,flrelu,0.5,-0.5902264516900715
TD3,HalfCheetah-v4,2layers,all-both,fprelu,0.1,13.701166006123444
TD3,HalfCheetah-v4,2layers,all-both,fprelu,0.2,-33.662913105824586
TD3,HalfCheetah-v4,2layers,all-both,fprelu,0.3,-7.69762899982778
TD3,HalfCheetah-v4,2layers,all-both,fprelu,0.4,-7.057294943428462
TD3,HalfCheetah-v4,2layers,all-both,fprelu,0.5,-14.224706851377158
TD3,HalfCheetah-v4,2layers,all-both,frelu,0.1,8.127662155999776
TD3,HalfCheetah-v4,2layers,all-both,frelu,0.2,-29.55765458721978
TD3,HalfCheetah-v4,2layers,all-both,frelu,0.3,-14.778124853284249
TD3,HalfCheetah-v4,2layers,all-both,frelu,0.4,24.6338679486394
TD3,HalfCheetah-v4,2layers,all-both,frelu,0.5,-12.81998289196911
TD3,HalfCheetah-v4,2layers,all-both,fswish,0.1,-20.007362882231167
TD3,HalfCheetah-v4,2layers,all-both,fswish,0.2,-12.732901727719163
TD3,HalfCheetah-v4,2layers,all-both,fswish,0.3,-44.73608333660685
TD3,HalfCheetah-v4,2layers,all-both,fswish,0.4,-1.5493429421967235
TD3,HalfCheetah-v4,2layers,all-both,fswish,0.5,27.98238639304308
TD3,HalfCheetah-v4,2layers,all-critic,fgelu,0.1,-12.305624784152684
TD3,HalfCheetah-v4,2layers,all-critic,fgelu,0.2,8.527353354308271
TD3,HalfCheetah-v4,2layers,all-critic,fgelu,0.3,10.330851901068394
TD3,HalfCheetah-v4,2layers,all-critic,fgelu,0.4,11.516543489908408
TD3,HalfCheetah-v4,2layers,all-critic,fgelu,0.5,-6.8545007472928035
TD3,HalfCheetah-v4,2layers,all-critic,flrelu,0.1,-16.318998268741367
TD3,HalfCheetah-v4,2layers,all-critic,flrelu,0.2,-25.839199645855977
TD3,HalfCheetah-v4,2layers,all-critic,flrelu,0.3,-21.484024645070726
TD3,HalfCheetah-v4,2layers,all-critic,flrelu,0.4,-4.833007392896613
TD3,HalfCheetah-v4,2layers,all-critic,flrelu,0.5,-41.301430090785935
TD3,HalfCheetah-v4,2layers,all-critic,fprelu,0.1,34.648563889567235
TD3,HalfCheetah-v4,2layers,all-critic,fprelu,0.2,13.87990480146168
TD3,HalfCheetah-v4,2layers,all-critic,fprelu,0.3,18.140575056720117
TD3,HalfCheetah-v4,2layers,all-critic,fprelu,0.4,18.021833801930143
TD3,HalfCheetah-v4,2layers,all-critic,fprelu,0.5,-30.56777127342417
TD3,HalfCheetah-v4,2layers,all-critic,frelu,0.1,-48.7662970636227
TD3,HalfCheetah-v4,2layers,all-critic,frelu,0.2,-23.882608220146455
TD3,HalfCheetah-v4,2layers,all-critic,frelu,0.3,-55.69821112874589
TD3,HalfCheetah-v4,2layers,all-critic,frelu,0.4,-54.58007996554441
TD3,HalfCheetah-v4,2layers,all-critic,frelu,0.5,-44.85590788606591
TD3,HalfCheetah-v4,2layers,all-critic,fswish,0.1,19.514236195694316
TD3,HalfCheetah-v4,2layers,all-critic,fswish,0.2,12.806759806533785
TD3,HalfCheetah-v4,2layers,all-critic,fswish,0.3,3.049094921067666
TD3,HalfCheetah-v4,2layers,all-critic,fswish,0.4,7.4004199032801665
TD3,HalfCheetah-v4,2layers,all-critic,fswish,0.5,-2.6164942451811384
TD3,HalfCheetah-v4,2layers,first-actor,fgelu,0.1,-48.3369436790377
TD3,HalfCheetah-v4,2layers,first-actor,fgelu,0.2,-23.98209240404426
TD3,HalfCheetah-v4,2layers,first-actor,fgelu,0.3,-19.799367484193375
TD3,HalfCheetah-v4,2layers,first-actor,fgelu,0.4,-46.09100354578039
TD3,HalfCheetah-v4,2layers,first-actor,fgelu,0.5,40.310568342211944
TD3,HalfCheetah-v4,2layers,first-actor,flrelu,0.1,63.043837314467545
TD3,HalfCheetah-v4,2layers,first-actor,flrelu,0.2,2.886819236350431
TD3,HalfCheetah-v4,2layers,first-actor,flrelu,0.3,-44.37840323980428
TD3,HalfCheetah-v4,2layers,first-actor,flrelu,0.4,-3.542715458193231
TD3,HalfCheetah-v4,2layers,first-actor,flrelu,0.5,1.5258896765955512
TD3,HalfCheetah-v4,2layers,first-actor,fprelu,0.1,-20.107857063789
TD3,HalfCheetah-v4,2layers,first-actor,fprelu,0.2,-23.056189072522034
TD3,HalfCheetah-v4,2layers,first-actor,fprelu,0.3,-10.315958635193644
TD3,HalfCheetah-v4,2layers,first-actor,fprelu,0.4,-18.30202583120244
TD3,HalfCheetah-v4,2layers,first-actor,fprelu,0.5,-5.609535255674371
TD3,HalfCheetah-v4,2layers,first-actor,frelu,0.1,-48.83893244112723
TD3,HalfCheetah-v4,2layers,first-actor,frelu,0.2,-4.829326810905778
TD3,HalfCheetah-v4,2layers,first-actor,frelu,0.3,6.727547409040494
TD3,HalfCheetah-v4,2layers,first-actor,frelu,0.4,27.61207652869465
TD3,HalfCheetah-v4,2layers,first-actor,frelu,0.5,-6.91838281986993
TD3,HalfCheetah-v4,2layers,first-actor,fswish,0.1,1.7464641261555016
TD3,HalfCheetah-v4,2layers,first-actor,fswish,0.2,47.571152495216175
TD3,HalfCheetah-v4,2layers,first-actor,fswish,0.3,18.655414176770183
TD3,HalfCheetah-v4,2layers,first-actor,fswish,0.4,45.21794050339013
TD3,HalfCheetah-v4,2layers,first-actor,fswish,0.5,25.37318160675783
TD3,HalfCheetah-v4,2layers,first-both,fgelu,0.1,21.30270551546759
TD3,HalfCheetah-v4,2layers,first-both,fgelu,0.2,-43.70928013438742
TD3,HalfCheetah-v4,2layers,first-both,fgelu,0.3,-18.934270488161626
TD3,HalfCheetah-v4,2layers,first-both,fgelu,0.4,40.697971796495246
TD3,HalfCheetah-v4,2layers,first-both,fgelu,0.5,16.998668215172568
TD3,HalfCheetah-v4,2layers,first-both,flrelu,0.1,-10.30891381039263
TD3,HalfCheetah-v4,2layers,first-both,flrelu,0.2,-1.3890005514601995
TD3,HalfCheetah-v4,2layers,first-both,flrelu,0.3,-17.225402741756948
TD3,HalfCheetah-v4,2layers,first-both,flrelu,0.4,-31.40000471641713
TD3,HalfCheetah-v4,2layers,first-both,flrelu,0.5,-36.96795266121922
TD3,HalfCheetah-v4,2layers,first-both,fprelu,0.1,19.74792197385964
TD3,HalfCheetah-v4,2layers,first-both,fprelu,0.2,39.26672029615615
TD3,HalfCheetah-v4,2layers,first-both,fprelu,0.3,28.685841939223707
TD3,HalfCheetah-v4,2layers,first-both,fprelu,0.4,-49.09919919634318
TD3,HalfCheetah-v4,2layers,first-both,fprelu,0.5,-10.868630566223867
TD3,HalfCheetah-v4,2layers,first-both,frelu,0.1,-39.17363841637446
TD3,HalfCheetah-v4,2layers,first-both,frelu,0.2,29.911420981740044
TD3,HalfCheetah-v4,2layers,first-both,frelu,0.3,-33.31918785556809
TD3,HalfCheetah-v4,2layers,first-both,frelu,0.4,-29.222238797968078
TD3,HalfCheetah-v4,2layers,first-both,frelu,0.5,-54.610525197128354
TD3,HalfCheetah-v4,2layers,first-both,fswish,0.1,38.614354727795046
TD3,HalfCheetah-v4,2layers,first-both,fswish,0.2,10.573986314636162
TD3,HalfCheetah-v4,2layers,first-both,fswish,0.3,-15.627204812849532
TD3,HalfCheetah-v4,2layers,first-both,fswish,0.4,13.222914436283938
TD3,HalfCheetah-v4,2layers,first-both,fswish,0.5,-48.833568661937036
TD3,Hopper-v4,1layer,none,fgelu,0.1,35.1147683871991
TD3,Hopper-v4,1layer,none,fgelu,0.2,30.588571666000416
TD3,Hopper-v4,1layer,none,fgelu,0.3,10.330306386112387
TD3,Hopper-v4,1layer,none,fgelu,0.4,41.53033670353149
TD3,Hopper-v4,1layer,none,fgelu,0.5,26.83295756876555
TD3,Hopper-v4,1layer,none,flrelu,0.1,3.0087831087575423
TD3,Hopper-v4,1layer,none,flrelu,0.2,15.627245689893396
TD3,Hopper-v4,1layer,none,flrelu,0.3,-27.348724893446217
TD3,Hopper-v4,1layer,none,flrelu,0.4,-35.59715530149607
TD3,Hopper-v4,1layer,none,flrelu,0.5,-51.467374599908794
TD3,Hopper-v4,1layer,none,fprelu,0.1,65.2558077206622
TD3,Hopper-v4,1layer,none,fprelu,0.2,15.536840901700197
TD3,Hopper-v4,1layer,none,fprelu,0.3,-9.09305149961931
TD3,Hopper-v4,1layer,none,fprelu,0.4,-10.759424518085169
TD3,Hopper-v4,1layer,none,fprelu,0.5,2.125390457951487
TD3,Hopper-v4,1layer,none,frelu,0.1,26.17288482312289
TD3,Hopper-v4,1layer,none,frelu,0.2,-16.03870229393276
TD3,Hopper-v4,1layer,none,frelu,0.3,-30.64473805087214
TD3,Hopper-v4,1layer,none,frelu,0.4,-60.790649239832895
TD3,Hopper-v4,1layer,none,frelu,0.5,-49.562434193851
TD3,Hopper-v4,1layer,none,fswish,0.1,40.50425763971465
TD3,Hopper-v4,1layer,none,fswish,0.2,33.946642337383174
TD3,Hopper-v4,1layer,none,fswish,0.3,-8.917092008531135
TD3,Hopper-v4,1layer,none,fswish,0.4,26.76187721044827
TD3,Hopper-v4,1layer,none,fswish,0.5,-15.54665516508536
TD3,Hopper-v4,2layers,all-actor,fgelu,0.1,15.766511422044724
TD3,Hopper-v4,2layers,all-actor,fgelu,0.2,-5.97315050227827
TD3,Hopper-v4,2layers,all-actor,fgelu,0.3,16.61354828905054
TD3,Hopper-v4,2layers,all-actor,fgelu,0.4,5.366252371351484
TD3,Hopper-v4,2layers,all-actor,fgelu,0.5,2.9197430801664224
TD3,Hopper-v4,2layers,all-actor,flrelu,0.1,-6.60276957731525
TD3,Hopper-v4,2layers,all-actor,flrelu,0.2,9.221255632328312
TD3,Hopper-v4,2layers,all-actor,flrelu,0.3,-0.6977368389789256
TD3,Hopper-v4,2layers,all-actor,flrelu,0.4,-3.815869487425588
TD3,Hopper-v4,2layers,all-actor,flrelu,0.5,-15.550494748889509
TD3,Hopper-v4,2layers,all-actor,fprelu,0.1,35.09361168385386
TD3,Hopper-v4,2layers,all-actor,fprelu,0.2,23.662273571336986
TD3,Hopper-v4,2layers,all-actor,fprelu,0.3,21.41109175304666
TD3,Hopper-v4,2layers,all-actor,fprelu,0.4,19.600876758398094
TD3,Hopper-v4,2layers,all-actor,fprelu,0.5,28.461136248236443
TD3,Hopper-v4,2layers,all-actor,frelu,0.1,-10.331147574896011
TD3,Hopper-v4,2layers,all-actor,frelu,0.2,13.924793498629754
TD3,Hopper-v4,2layers,all-actor,frelu,0.3,0.10684262276288195
TD3,Hopper-v4,2layers,all-actor,frelu,0.4,-15.237595516945177
TD3,Hopper-v4,2layers,all-actor,frelu,0.5,27.734567101113395
TD3,Hopper-v4,2layers,all-actor,fswish,0.1,-16.090404224073495
TD3,Hopper-v4,2layers,all-actor,fswish,0.2,-7.994418801200365
TD3,Hopper-v4,2layers,all-actor,fswish,0.3,12.738799496567939
TD3,Hopper-v4,2layers,all-actor,fswish,0.4,1.349525494090598
TD3,Hopper-v4,2layers,all-actor,fswish,0.5,-2.5434985080060786
TD3,Hopper-v4,2layers,all-both,fgelu,0.1,6.584854460448627
TD3,Hopper-v4,2layers,all-both,fgelu,0.2,28.0971997942183
TD3,Hopper-v4,2layers,all-both,fgelu,0.3,-0.5348560042524987
TD3,Hopper-v4,2layers,all-both,fgelu,0.4,28.635962448977022
TD3,Hopper-v4,2layers,all-both,fgelu,0.5,9.901414936098025
TD3,Hopper-v4,2layers,all-both,flrelu,0.1,-6.5650720573108075
TD3,Hopper-v4,2layers,all-both,flrelu,0.2,-0.8062107532912168
TD3,Hopper-v4,2layers,all-both,flrelu,0.3,-12.214019354231665
TD3,Hopper-v4,2layers,all-both,flrelu,0.4,-2.5537003187630836
TD3,Hopper-v4,2layers,all-both,flrelu,0.5,-7.760409634682297
TD3,Hopper-v4,2layers,all-both,fprelu,0.1,35.09361168385386
TD3,Hopper-v4,2layers,all-both,fprelu,0.2,23.662273571336986
TD3,Hopper-v4,2layers,all-both,fprelu,0.3,21.41109175304666
TD3,Hopper-v4,2layers,all-both,fprelu,0.4,19.600876758398094
TD3,Hopper-v4,2layers,all-both,fprelu,0.5,28.461136248236443
TD3,Hopper-v4,2layers,all-both,frelu,0.1,1.1136383698610808
TD3,Hopper-v4,2layers,all-both,frelu,0.2,-19.79284857772824
TD3,Hopper-v4,2layers,all-both,frelu,0.3,-5.754654974288579
TD3,Hopper-v4,2layers,all-both,frelu,0.4,-24.552817386183612
TD3,Hopper-v4,2layers,all-both,frelu,0.5,-29.244662654816402
TD3,Hopper-v4,2layers,all-both,fswish,0.1,8.761906197126038
TD3,Hopper-v4,2layers,all-both,fswish,0.2,16.36511473915197
TD3,Hopper-v4,2layers,all-both,fswish,0.3,8.490856833248756
TD3,Hopper-v4,2layers,all-both,fswish,0.4,-14.442050444448526
TD3,Hopper-v4,2layers,all-both,fswish,0.5,9.109497605468528
TD3,Hopper-v4,2layers,all-critic,fgelu,0.1,-9.934838228370154
TD3,Hopper-v4,2layers,all-critic,fgelu,0.2,-1.661632587934416
TD3,Hopper-v4,2layers,all-critic,fgelu,0.3,15.006235753896737
TD3,Hopper-v4,2layers,all-critic,fgelu,0.4,-4.387204272481473
TD3,Hopper-v4,2layers,all-critic,fgelu,0.5,10.974720666261396
TD3,Hopper-v4,2layers,all-critic,flrelu,0.1,-27.669906815628025
TD3,Hopper-v4,2layers,all-critic,flrelu,0.2,6.881619206660997
TD3,Hopper-v4,2layers,all-critic,flrelu,0.3,-9.96957133287485
TD3,Hopper-v4,2layers,all-critic,flrelu,0.4,-5.38671209514828
TD3,Hopper-v4,2layers,all-critic,flrelu,0.5,-11.780952019508193
TD3,Hopper-v4,2layers,all-critic,fprelu,0.1,27.896661320929876
TD3,Hopper-v4,2layers,all-critic,fprelu,0.2,19.87752660933159
TD3,Hopper-v4,2layers,all-critic,fprelu,0.3,17.660549440827133
TD3,Hopper-v4,2layers,all-critic,fprelu,0.4,6.210133735151296
TD3,Hopper-v4,2layers,all-critic,fprelu,0.5,27.600728838749745
TD3,Hopper-v4,2layers,all-critic,frelu,0.1,3.582190243625462
TD3,Hopper-v4,2layers,all-critic,frelu,0.2,-23.120571516743723
TD3,Hopper-v4,2layers,all-critic,frelu,0.3,12.674234124401522
TD3,Hopper-v4,2layers,all-critic,frelu,0.4,1.7349991998214847
TD3,Hopper-v4,2layers,all-critic,frelu,0.5,-11.476598389930595
TD3,Hopper-v4,2layers,all-critic,fswish,0.1,16.42166096188514
TD3,Hopper-v4,2layers,all-critic,fswish,0.2,-7.147084686801188
TD3,Hopper-v4,2layers,all-critic,fswish,0.3,19.334089514147568
TD3,Hopper-v4,2layers,all-critic,fswish,0.4,-10.337503775808488
TD3,Hopper-v4,2layers,all-critic,fswish,0.5,10.384599680373857
TD3,Hopper-v4,2layers,first-actor,fgelu,0.1,1.436957114032811
TD3,Hopper-v4,2layers,first-actor,fgelu,0.2,-5.251745430722201
TD3,Hopper-v4,2layers,first-actor,fgelu,0.3,5.089833049354556
TD3,Hopper-v4,2layers,first-actor,fgelu,0.4,3.2616316950313426
TD3,Hopper-v4,2layers,first-actor,fgelu,0.5,12.603241833363068
TD3,Hopper-v4,2layers,first-actor,flrelu,0.1,21.728056720515305
TD3,Hopper-v4,2layers,first-actor,flrelu,0.2,10.471495972808011
TD3,Hopper-v4,2layers,first-actor,flrelu,0.3,13.780754355690027
TD3,Hopper-v4,2layers,first-actor,flrelu,0.4,-7.449668144083932
TD3,Hopper-v4,2layers,first-actor,flrelu,0.5,-0.457512149438827
TD3,Hopper-v4,2layers,first-actor,fprelu,0.1,15.605436856728318
TD3,Hopper-v4,2layers,first-actor,fprelu,0.2,-9.763156821219397
TD3,Hopper-v4,2layers,first-actor,fprelu,0.3,4.764054221905044
TD3,Hopper-v4,2layers,first-actor,fprelu,0.4,10.97638978426636
TD3,Hopper-v4,2layers,first-actor,fprelu,0.5,-0.720764824433352
TD3,Hopper-v4,2layers,first-actor,frelu,0.1,-13.5970748103417
TD3,Hopper-v4,2layers,first-actor,frelu,0.2,17.188874095342076
TD3,Hopper-v4,2layers,first-actor,frelu,0.3,-22.557911884489595
TD3,Hopper-v4,2layers,first-actor,frelu,0.4,-10.987471503317376
TD3,Hopper-v4,2layers,first-actor,frelu,0.5,3.2012574503550786
TD3,Hopper-v4,2layers,first-actor,fswish,0.1,0.9010807582042382
TD3,Hopper-v4,2layers,first-actor,fswish,0.2,-1.1455152687949446
TD3,Hopper-v4,2layers,first-actor,fswish,0.3,-15.926199657324938
TD3,Hopper-v4,2layers,first-actor,fswish,0.4,-7.190268402319722
TD3,Hopper-v4,2layers,first-actor,fswish,0.5,-3.5368594981934516
TD3,Hopper-v4,2layers,first-both,fgelu,0.1,15.314420568932382
TD3,Hopper-v4,2layers,first-both,fgelu,0.2,14.556057060156638
TD3,Hopper-v4,2layers,first-both,fgelu,0.3,18.758887676050158
TD3,Hopper-v4,2layers,first-both,fgelu,0.4,12.633149193745197
TD3,Hopper-v4,2layers,first-both,fgelu,0.5,19.80912410676077
TD3,Hopper-v4,2layers,first-both,flrelu,0.1,5.861040266072064
TD3,Hopper-v4,2layers,first-both,flrelu,0.2,-7.630019862808244
TD3,Hopper-v4,2layers,first-both,flrelu,0.3,-9.589764067111116
TD3,Hopper-v4,2layers,first-both,flrelu,0.4,-13.30443583452222
TD3,Hopper-v4,2layers,first-both,flrelu,0.5,-19.60151595640987
TD3,Hopper-v4,2layers,first-both,fprelu,0.1,27.62889593156399
TD3,Hopper-v4,2layers,first-both,fprelu,0.2,22.66224204960377
TD3,Hopper-v4,2layers,first-both,fprelu,0.3,15.08163099053094
TD3,Hopper-v4,2layers,first-both,fprelu,0.4,25.178704207939354
TD3,Hopper-v4,2layers,first-both,fprelu,0.5,-10.798617565680706
TD3,Hopper-v4,2layers,first-both,frelu,0.1,-13.478650706338806
TD3,Hopper-v4,2layers,first-both,frelu,0.2,9.729406412600266
TD3,Hopper-v4,2layers,first-both,frelu,0.3,-23.456796712895464
TD3,Hopper-v4,2layers,first-both,frelu,0.4,-15.042758259355997
TD3,Hopper-v4,2layers,first-both,frelu,0.5,-19.068547532062933
TD3,Hopper-v4,2layers,first-both,fswish,0.1,24.15632236966429
TD3,Hopper-v4,2layers,first-both,fswish,0.2,4.092575790598806
TD3,Hopper-v4,2layers,first-both,fswish,0.3,2.2882175120719785
TD3,Hopper-v4,2layers,first-both,fswish,0.4,9.381984042672354
TD3,Hopper-v4,2layers,first-both,fswish,0.5,10.255268146550325
TD3,Humanoid-v4,1layer,none,fgelu,0.1,-26.046621834592692
TD3,Humanoid-v4,1layer,none,fgelu,0.2,-9.501870016985922
TD3,Humanoid-v4,1layer,none,fgelu,0.3,7.476924611242045
TD3,Humanoid-v4,1layer,none,fgelu,0.4,-35.596758615068225
TD3,Humanoid-v4,1layer,none,fgelu,0.5,3.6088391110385674
TD3,Humanoid-v4,1layer,none,flrelu,0.1,4.832554532851258
TD3,Humanoid-v4,1layer,none,flrelu,0.2,8.15122601606771
TD3,Humanoid-v4,1layer,none,flrelu,0.3,4.744791328938978
TD3,Humanoid-v4,1layer,none,flrelu,0.4,-33.38017245631882
TD3,Humanoid-v4,1layer,none,flrelu,0.5,-53.75999564411626
TD3,Humanoid-v4,1layer,none,fprelu,0.1,-32.09726803572026
TD3,Humanoid-v4,1layer,none,fprelu,0.2,-46.89096466861152
TD3,Humanoid-v4,1layer,none,fprelu,0.3,-62.908352118739245
TD3,Humanoid-v4,1layer,none,fprelu,0.4,-32.28031518758622
TD3,Humanoid-v4,1layer,none,fprelu,0.5,-67.22664240899103
TD3,Humanoid-v4,1layer,none,frelu,0.1,-8.779302923415276
TD3,Humanoid-v4,1layer,none,frelu,0.2,3.4438229022905076
TD3,Humanoid-v4,1layer,none,frelu,0.3,5.759560055990095
TD3,Humanoid-v4,1layer,none,frelu,0.4,-47.51412045133583
TD3,Humanoid-v4,1layer,none,frelu,0.5,-58.86286213256487
TD3,Humanoid-v4,1layer,none,fswish,0.1,-3.6039415570821505
TD3,Humanoid-v4,1layer,none,fswish,0.2,-5.037969079370248
TD3,Humanoid-v4,1layer,none,fswish,0.3,-1.3178549768914132
TD3,Humanoid-v4,1layer,none,fswish,0.4,7.148446662470407
TD3,Humanoid-v4,1layer,none,fswish,0.5,-19.4818142959451
TD3,Humanoid-v4,2layers,all-actor,fgelu,0.1,6.483179069726312
TD3,Humanoid-v4,2layers,all-actor,fgelu,0.2,3.1268247937050218
TD3,Humanoid-v4,2layers,all-actor,fgelu,0.3,2.1141019338244313
TD3,Humanoid-v4,2layers,all-actor,fgelu,0.4,-0.06040712174004028
TD3,Humanoid-v4,2layers,all-actor,fgelu,0.5,6.67170362617189
TD3,Humanoid-v4,2layers,all-actor,flrelu,0.1,0.705333398511544
TD3,Humanoid-v4,2layers,all-actor,flrelu,0.2,4.841021058713235
TD3,Humanoid-v4,2layers,all-actor,flrelu,0.3,-2.6498720415626567
TD3,Humanoid-v4,2layers,all-actor,flrelu,0.4,6.389898144693456
TD3,Humanoid-v4,2layers,all-actor,flrelu,0.5,5.785814484967284
TD3,Humanoid-v4,2layers,all-actor,fprelu,0.1,-73.69435423961929
TD3,Humanoid-v4,2layers,all-actor,fprelu,0.2,-16.50653307489126
TD3,Humanoid-v4,2layers,all-actor,fprelu,0.3,-7.8441572429748145
TD3,Humanoid-v4,2layers,all-actor,fprelu,0.4,2.215450720016275
TD3,Humanoid-v4,2layers,all-actor,fprelu,0.5,-5.221135531701464
TD3,Humanoid-v4,2layers,all-actor,frelu,0.1,-8.866784932448958
TD3,Humanoid-v4,2layers,all-actor,frelu,0.2,2.3859742290202286
TD3,Humanoid-v4,2layers,all-actor,frelu,0.3,1.6022679335540684
TD3,Humanoid-v4,2layers,all-actor,frelu,0.4,4.787181821450877
TD3,Humanoid-v4,2layers,all-actor,frelu,0.5,-2.0928017325357913
TD3,Humanoid-v4,2layers,all-actor,fswish,0.1,-5.256696452461233
TD3,Humanoid-v4,2layers,all-actor,fswish,0.2,-6.8475090451860385
TD3,Humanoid-v4,2layers,all-actor,fswish,0.3,-1.4179914128605156
TD3,Humanoid-v4,2layers,all-actor,fswish,0.4,-0.1700741467489273
TD3,Humanoid-v4,2layers,all-actor,fswish,0.5,-0.146562683189077
TD3,Humanoid-v4,2layers,all-both,fgelu,0.1,-3.628772043501408
TD3,Humanoid-v4,2layers,all-both,fgelu,0.2,9.086655752682907
TD3,Humanoid-v4,2layers,all-both,fgelu,0.3,-14.331586548494533
TD3,Humanoid-v4,2layers,all-both,fgelu,0.4,3.312161466349552
TD3,Humanoid-v4,2layers,all-both,fgelu,0.5,-8.431796619673886
TD3,Humanoid-v4,2layers,all-both,flrelu,0.1,2.075722249378499
TD3,Humanoid-v4,2layers,all-both,flrelu,0.2,-7.901883970210005
TD3,Humanoid-v4,2layers,all-both,flrelu,0.3,-9.887607479332909
TD3,Humanoid-v4,2layers,all-both,flrelu,0.4,-14.049772642403166
TD3,Humanoid-v4,2layers,all-both,flrelu,0.5,-35.83201970884504
TD3,Humanoid-v4,2layers,all-both,fprelu,0.1,-45.64802464572118
TD3,Humanoid-v4,2layers,all-both,fprelu,0.2,-6.864281101423802
TD3,Humanoid-v4,2layers,all-both,fprelu,0.3,-45.02547005903459
TD3,Humanoid-v4,2layers,all-both,fprelu,0.4,-36.57680926398437
TD3,Humanoid-v4,2layers,all-both,fprelu,0.5,-61.54506587923904
TD3,Humanoid-v4,2layers,all-both,frelu,0.1,-1.478698146762077
TD3,Humanoid-v4,2layers,all-both,frelu,0.2,2.7922974643539527
TD3,Humanoid-v4,2layers,all-both,frelu,0.3,-10.786223786066268
TD3,Humanoid-v4,2layers,all-both,frelu,0.4,-39.397899504753966
TD3,Humanoid-v4,2layers,all-both,frelu,0.5,-66.77559022498028
TD3,Humanoid-v4,2layers,all-both,fswish,0.1,4.461171809708613
TD3,Humanoid-v4,2layers,all-both,fswish,0.2,3.626069660024572
TD3,Humanoid-v4,2layers,all-both,fswish,0.3,-2.336609000267543
TD3,Humanoid-v4,2layers,all-both,fswish,0.4,4.098917138516074
TD3,Humanoid-v4,2layers,all-both,fswish,0.5,8.19676384381405
TD3,Humanoid-v4,2layers,all-critic,fgelu,0.1,1.8693961121090346
TD3,Humanoid-v4,2layers,all-critic,fgelu,0.2,1.4561454823101054
TD3,Humanoid-v4,2layers,all-critic,fgelu,0.3,-8.761768107220863
TD3,Humanoid-v4,2layers,all-critic,fgelu,0.4,6.391522985477049
TD3,Humanoid-v4,2layers,all-critic,fgelu,0.5,-11.839003359781316
TD3,Humanoid-v4,2layers,all-critic,flrelu,0.1,-1.374614146083009
TD3,Humanoid-v4,2layers,all-critic,flrelu,0.2,-1.0353163199902096
TD3,Humanoid-v4,2layers,all-critic,flrelu,0.3,-11.457958880108887
TD3,Humanoid-v4,2layers,all-critic,flrelu,0.4,-40.03248712196448
TD3,Humanoid-v4,2layers,all-critic,flrelu,0.5,-83.82748365067111
TD3,Humanoid-v4,2layers,all-critic,fprelu,0.1,3.101479630598429
TD3,Humanoid-v4,2layers,all-critic,fprelu,0.2,-44.1260760788453
TD3,Humanoid-v4,2layers,all-critic,fprelu,0.3,-16.81906088479726
TD3,Humanoid-v4,2layers,all-critic,fprelu,0.4,-42.404023417855356
TD3,Humanoid-v4,2layers,all-critic,fprelu,0.5,-86.62428720093571
TD3,Humanoid-v4,2layers,all-critic,frelu,0.1,4.643407315837264
TD3,Humanoid-v4,2layers,all-critic,frelu,0.2,-10.40601412052971
TD3,Humanoid-v4,2layers,all-critic,frelu,0.3,-18.671082677162396
TD3,Humanoid-v4,2layers,all-critic,frelu,0.4,-40.244818795289774
TD3,Humanoid-v4,2layers,all-critic,frelu,0.5,-79.9669665172927
TD3,Humanoid-v4,2layers,all-critic,fswish,0.1,0.6753064147320194
TD3,Humanoid-v4,2layers,all-critic,fswish,0.2,3.567277287333811
TD3,Humanoid-v4,2layers,all-critic,fswish,0.3,-1.801793586044522
TD3,Humanoid-v4,2layers,all-critic,fswish,0.4,6.140439026600886
TD3,Humanoid-v4,2layers,all-critic,fswish,0.5,10.978104218814455
TD3,Humanoid-v4,2layers,first-actor,fgelu,0.1,0.855991043477524
TD3,Humanoid-v4,2layers,first-actor,fgelu,0.2,-9.840697150343033
TD3,Humanoid-v4,2layers,first-actor,fgelu,0.3,-20.60183694469316
TD3,Humanoid-v4,2layers,first-actor,fgelu,0.4,-13.345373503701818
TD3,Humanoid-v4,2layers,first-actor,fgelu,0.5,-23.31018971874461
TD3,Humanoid-v4,2layers,first-actor,flrelu,0.1,-4.396982014538309
TD3,Humanoid-v4,2layers,first-actor,flrelu,0.2,-3.996775452657618
TD3,Humanoid-v4,2layers,first-actor,flrelu,0.3,2.9240838314451176
TD3,Humanoid-v4,2layers,first-actor,flrelu,0.4,-6.14592368245069
TD3,Humanoid-v4,2layers,first-actor,flrelu,0.5,-1.9148605929240887
TD3,Humanoid-v4,2layers,first-actor,fprelu,0.1,-17.454685643931537
TD3,Humanoid-v4,2layers,first-actor,fprelu,0.2,-11.514308306232902
TD3,Humanoid-v4,2layers,first-actor,fprelu,0.3,3.691824921354241
TD3,Humanoid-v4,2layers,first-actor,fprelu,0.4,1.0511700056723698
TD3,Humanoid-v4,2layers,first-actor,fprelu,0.5,1.6515249598926105
TD3,Humanoid-v4,2layers,first-actor,frelu,0.1,-50.58194855020783
TD3,Humanoid-v4,2layers,first-actor,frelu,0.2,-61.88001180359707
TD3,Humanoid-v4,2layers,first-actor,frelu,0.3,-59.835689725896486
TD3,Humanoid-v4,2layers,first-actor,frelu,0.4,-55.38353048051806
TD3,Humanoid-v4,2layers,first-actor,frelu,0.5,-44.78459717299235
TD3,Humanoid-v4,2layers,first-actor,fswish,0.1,-13.53318549208384
TD3,Humanoid-v4,2layers,first-actor,fswish,0.2,-8.16412354303402
TD3,Humanoid-v4,2layers,first-actor,fswish,0.3,3.3183355657683706
TD3,Humanoid-v4,2layers,first-actor,fswish,0.4,-5.935703478796787
TD3,Humanoid-v4,2layers,first-actor,fswish,0.5,0.596115458677255
TD3,Humanoid-v4,2layers,first-both,fgelu,0.1,-13.896146491630986
TD3,Humanoid-v4,2layers,first-both,fgelu,0.2,-10.963851109368454
TD3,Humanoid-v4,2layers,first-both,fgelu,0.3,-2.6470759073458967
TD3,Humanoid-v4,2layers,first-both,fgelu,0.4,-5.36857482551248
TD3,Humanoid-v4,2layers,first-both,fgelu,0.5,-15.040605614448069
TD3,Humanoid-v4,2layers,first-both,flrelu,0.1,3.8346904903074437
TD3,Humanoid-v4,2layers,first-both,flrelu,0.2,8.06758474740142
TD3,Humanoid-v4,2layers,first-both,flrelu,0.3,-9.168317959022769
TD3,Humanoid-v4,2layers,first-both,flrelu,0.4,-5.738498981363287
TD3,Humanoid-v4,2layers,first-both,flrelu,0.5,-33.4887284766676
TD3,Humanoid-v4,2layers,first-both,fprelu,0.1,7.2553531288277355
TD3,Humanoid-v4,2layers,first-both,fprelu,0.2,6.553398191347277
TD3,Humanoid-v4,2layers,first-both,fprelu,0.3,-8.199050304403698
TD3,Humanoid-v4,2layers,first-both,fprelu,0.4,-9.775767156043404
TD3,Humanoid-v4,2layers,first-both,fprelu,0.5,-49.168755440580654
TD3,Humanoid-v4,2layers,first-both,frelu,0.1,-0.7256324109962037
TD3,Humanoid-v4,2layers,first-both,frelu,0.2,-6.283616153216208
TD3,Humanoid-v4,2layers,first-both,frelu,0.3,-10.236613597211662
TD3,Humanoid-v4,2layers,first-both,frelu,0.4,-22.551384410073773
TD3,Humanoid-v4,2layers,first-both,frelu,0.5,-41.573558935417175
TD3,Humanoid-v4,2layers,first-both,fswish,0.1,4.40014712728048
TD3,Humanoid-v4,2layers,first-both,fswish,0.2,-7.861291810988517
TD3,Humanoid-v4,2layers,first-both,fswish,0.3,6.662966774043943
TD3,Humanoid-v4,2layers,first-both,fswish,0.4,6.581294663373214
TD3,Humanoid-v4,2layers,first-both,fswish,0.5,4.645189192523525
TD3,Walker-Walk,1layer,none,fgelu,0.1,0.11753378687857179
TD3,Walker-Walk,1layer,none,fgelu,0.2,13.622508205308065
TD3,Walker-Walk,1layer,none,fgelu,0.3,23.956080120552475
TD3,Walker-Walk,1layer,none,fgelu,0.4,19.241811007244856
TD3,Walker-Walk,1layer,none,fgelu,0.5,11.163164016484373
TD3,Walker-Walk,1layer,none,flrelu,0.1,-7.086004222484625
TD3,Walker-Walk,1layer,none,flrelu,0.2,-11.249893037467327
TD3,Walker-Walk,1layer,none,flrelu,0.3,-19.066686403797654
TD3,Walker-Walk,1layer,none,flrelu,0.4,-2.407127262093506
TD3,Walker-Walk,1layer,none,flrelu,0.5,-40.34849738476713
TD3,Walker-Walk,1layer,none,fprelu,0.1,15.37877428901694
TD3,Walker-Walk,1layer,none,fprelu,0.2,17.764894035482758
TD3,Walker-Walk,1layer,none,fprelu,0.3,-15.19493371789471
TD3,Walker-Walk,1layer,none,fprelu,0.4,-6.168782496457145
TD3,Walker-Walk,1layer,none,fprelu,0.5,-35.814467402098465
TD3,Walker-Walk,1layer,none,frelu,0.1,28.483973409685518
TD3,Walker-Walk,1layer,none,frelu,0.2,0.03627727499342015
TD3,Walker-Walk,1layer,none,frelu,0.3,3.1457500183799394
TD3,Walker-Walk,1layer,none,frelu,0.4,-23.404426912478407
TD3,Walker-Walk,1layer,none,frelu,0.5,1.999761830590741
TD3,Walker-Walk,1layer,none,fswish,0.1,13.124661436919027
TD3,Walker-Walk,1layer,none,fswish,0.2,14.376230536236605
TD3,Walker-Walk,1layer,none,fswish,0.3,9.941873281048647
TD3,Walker-Walk,1layer,none,fswish,0.4,21.760046754964193
TD3,Walker-Walk,1layer,none,fswish,0.5,20.218518981759093
TD3,Walker-Walk,2layers,all-actor,fgelu,0.1,7.862580734492677
TD3,Walker-Walk,2layers,all-actor,fgelu,0.2,6.21077765263141
TD3,Walker-Walk,2layers,all-actor,fgelu,0.3,11.431777096047146
TD3,Walker-Walk,2layers,all-actor,fgelu,0.4,2.041115517177829
TD3,Walker-Walk,2layers,all-actor,fgelu,0.5,-1.4655415719123988
TD3,Walker-Walk,2layers,all-actor,flrelu,0.1,6.92540580639656
TD3,Walker-Walk,2layers,all-actor,flrelu,0.2,-16.46697330749576
TD3,Walker-Walk,2layers,all-actor,flrelu,0.3,4.673632768786357
TD3,Walker-Walk,2layers,all-actor,flrelu,0.4,-11.647291253112238
TD3,Walker-Walk,2layers,all-actor,flrelu,0.5,0.9361344591072582
TD3,Walker-Walk,2layers,all-actor,fprelu,0.1,7.8110431368669255
TD3,Walker-Walk,2layers,all-actor,fprelu,0.2,-2.1399195566198452
TD3,Walker-Walk,2layers,all-actor,fprelu,0.3,2.9018517905252295
TD3,Walker-Walk,2layers,all-actor,fprelu,0.4,7.181431738550799
TD3,Walker-Walk,2layers,all-actor,fprelu,0.5,9.095506062247873
TD3,Walker-Walk,2layers,all-actor,frelu,0.1,-8.243670976226813
TD3,Walker-Walk,2layers,all-actor,frelu,0.2,-5.978873772777251
TD3,Walker-Walk,2layers,all-actor,frelu,0.3,5.570055163901521
TD3,Walker-Walk,2layers,all-actor,frelu,0.4,1.0867814872692232
TD3,Walker-Walk,2layers,all-actor,frelu,0.5,-8.524482753485314
TD3,Walker-Walk,2layers,all-actor,fswish,0.1,-2.473922573934103
TD3,Walker-Walk,2layers,all-actor,fswish,0.2,-4.0768984821053245
TD3,Walker-Walk,2layers,all-actor,fswish,0.3,4.38218060560831
TD3,Walker-Walk,2layers,all-actor,fswish,0.4,3.8201846207115424
TD3,Walker-Walk,2layers,all-actor,fswish,0.5,-0.7474786483514222
TD3,Walker-Walk,2layers,all-both,fgelu,0.1,-6.273043796748006
TD3,Walker-Walk,2layers,all-both,fgelu,0.2,7.249686930301588
TD3,Walker-Walk,2layers,all-both,fgelu,0.3,-6.719702130597222
TD3,Walker-Walk,2layers,all-both,fgelu,0.4,-1.9646479847061276
TD3,Walker-Walk,2layers,all-both,fgelu,0.5,-9.497347998525669
TD3,Walker-Walk,2layers,all-both,flrelu,0.1,-2.7788057176703886
TD3,Walker-Walk,2layers,all-both,flrelu,0.2,2.475651547046208
TD3,Walker-Walk,2layers,all-both,flrelu,0.3,-3.0022057513257683
TD3,Walker-Walk,2layers,all-both,flrelu,0.4,-6.7797916100142475
TD3,Walker-Walk,2layers,all-both,flrelu,0.5,-21.77458119618444
TD3,Walker-Walk,2layers,all-both,fprelu,0.1,0.11743821177685368
TD3,Walker-Walk,2layers,all-both,fprelu,0.2,4.604895605952509
TD3,Walker-Walk,2layers,all-both,fprelu,0.3,-8.67356333401143
TD3,Walker-Walk,2layers,all-both,fprelu,0.4,-5.017126225730014
TD3,Walker-Walk,2layers,all-both,fprelu,0.5,-14.258419105136653
TD3,Walker-Walk,2layers,all-both,frelu,0.1,-2.230406987543482
TD3,Walker-Walk,2layers,all-both,frelu,0.2,-8.103377417918406
TD3,Walker-Walk,2layers,all-both,frelu,0.3,-8.601707343503936
TD3,Walker-Walk,2layers,all-both,frelu,0.4,1.674703462414616
TD3,Walker-Walk,2layers,all-both,frelu,0.5,-18.252160404111454
TD3,Walker-Walk,2layers,all-both,fswish,0.1,3.10167769599957
TD3,Walker-Walk,2layers,all-both,fswish,0.2,4.921498326832678
TD3,Walker-Walk,2layers,all-both,fswish,0.3,0.7209378923698232
TD3,Walker-Walk,2layers,all-both,fswish,0.4,-5.050995813597335
TD3,Walker-Walk,2layers,all-both,fswish,0.5,-3.844911399847952
TD3,Walker-Walk,2layers,all-critic,fgelu,0.1,-21.603256038266412
TD3,Walker-Walk,2layers,all-critic,fgelu,0.2,-7.221406595230174
TD3,Walker-Walk,2layers,all-critic,fgelu,0.3,-6.420149500342783
TD3,Walker-Walk,2layers,all-critic,fgelu,0.4,-0.6622861740139486
TD3,Walker-Walk,2layers,all-critic,fgelu,0.5,4.66325333603354
TD3,Walker-Walk,2layers,all-critic,flrelu,0.1,-15.132334982794058
TD3,Walker-Walk,2layers,all-critic,flrelu,0.2,-1.3523565254941616
TD3,Walker-Walk,2layers,all-critic,flrelu,0.3,3.5960191268982697
TD3,Walker-Walk,2layers,all-critic,flrelu,0.4,-0.8224524539531363
TD3,Walker-Walk,2layers,all-critic,flrelu,0.5,-22.269808260674548
TD3,Walker-Walk,2layers,all-critic,fprelu,0.1,7.747304790660154
TD3,Walker-Walk,2layers,all-critic,fprelu,0.2,-0.4597218126507684
TD3,Walker-Walk,2layers,all-critic,fprelu,0.3,4.492215490594525
TD3,Walker-Walk,2layers,all-critic,fprelu,0.4,4.812868547865779
TD3,Walker-Walk,2layers,all-critic,fprelu,0.5,-8.769924300365247
TD3,Walker-Walk,2layers,all-critic,frelu,0.1,9.971618331383944
TD3,Walker-Walk,2layers,all-critic,frelu,0.2,2.661488514881634
TD3,Walker-Walk,2layers,all-critic,frelu,0.3,-10.468926729338502
TD3,Walker-Walk,2layers,all-critic,frelu,0.4,-12.498499552454499
TD3,Walker-Walk,2layers,all-critic,frelu,0.5,-19.413667812024038
TD3,Walker-Walk,2layers,all-critic,fswish,0.1,2.6126985455622327
TD3,Walker-Walk,2layers,all-critic,fswish,0.2,-10.468223343908013
TD3,Walker-Walk,2layers,all-critic,fswish,0.3,-9.119796294630687
TD3,Walker-Walk,2layers,all-critic,fswish,0.4,-2.7542301045182427
TD3,Walker-Walk,2layers,all-critic,fswish,0.5,0.9839191561865966
TD3,Walker-Walk,2layers,first-actor,fgelu,0.1,-12.430225872903005
TD3,Walker-Walk,2layers,first-actor,fgelu,0.2,-13.155506605273008
TD3,Walker-Walk,2layers,first-actor,fgelu,0.3,-4.438705221429329
TD3,Walker-Walk,2layers,first-actor,fgelu,0.4,3.15361017767623
TD3,Walker-Walk,2layers,first-actor,fgelu,0.5,3.249286809760399
TD3,Walker-Walk,2layers,first-actor,flrelu,0.1,-0.4473608492889035
TD3,Walker-Walk,2layers,first-actor,flrelu,0.2,-5.232712149124921
TD3,Walker-Walk,2layers,first-actor,flrelu,0.3,-1.5806351678652533
TD3,Walker-Walk,2layers,first-actor,flrelu,0.4,-3.3487982121657383
TD3,Walker-Walk,2layers,first-actor,flrelu,0.5,-1.944688598688106
TD3,Walker-Walk,2layers,first-actor,fprelu,0.1,4.749596083868544
TD3,Walker-Walk,2layers,first-actor,fprelu,0.2,-0.5934108172387311
TD3,Walker-Walk,2layers,first-actor,fprelu,0.3,4.1475963408383505
TD3,Walker-Walk,2layers,first-actor,fprelu,0.4,6.206178109706442
TD3,Walker-Walk,2layers,first-actor,fprelu,0.5,1.8194689892783356
TD3,Walker-Walk,2layers,first-actor,frelu,0.1,-2.4747533225606064
TD3,Walker-Walk,2layers,first-actor,frelu,0.2,8.58557510607341
TD3,Walker-Walk,2layers,first-actor,frelu,0.3,7.771600395611053
TD3,Walker-Walk,2layers,first-actor,frelu,0.4,-8.344687778090854
TD3,Walker-Walk,2layers,first-actor,frelu,0.5,-2.726958289882279
TD3,Walker-Walk,2layers,first-actor,fswish,0.1,-0.5153733482563879
TD3,Walker-Walk,2layers,first-actor,fswish,0.2,5.6764594506956785
TD3,Walker-Walk,2layers,first-actor,fswish,0.3,5.884356942615507
TD3,Walker-Walk,2layers,first-actor,fswish,0.4,-2.352846287584705
TD3,Walker-Walk,2layers,first-actor,fswish,0.5,5.262506395066533
TD3,Walker-Walk,2layers,first-both,fgelu,0.1,-2.9664924988140284
TD3,Walker-Walk,2layers,first-both,fgelu,0.2,2.8593816940748953
TD3,Walker-Walk,2layers,first-both,fgelu,0.3,-0.8305222524094908
TD3,Walker-Walk,2layers,first-both,fgelu,0.4,0.12524514596195607
TD3,Walker-Walk,2layers,first-both,fgelu,0.5,-1.248067235614599
TD3,Walker-Walk,2layers,first-both,flrelu,0.1,3.5070330931333196
TD3,Walker-Walk,2layers,first-both,flrelu,0.2,-10.605558755576194
TD3,Walker-Walk,2layers,first-both,flrelu,0.3,5.074556963961646
TD3,Walker-Walk,2layers,first-both,flrelu,0.4,-8.223935954884515
TD3,Walker-Walk,2layers,first-both,flrelu,0.5,3.7905284940565367
TD3,Walker-Walk,2layers,first-both,fprelu,0.1,1.0101265433662703
TD3,Walker-Walk,2layers,first-both,fprelu,0.2,-3.0885303616932127
TD3,Walker-Walk,2layers,first-both,fprelu,0.3,2.612367560498826
TD3,Walker-Walk,2layers,first-both,fprelu,0.4,-11.237441654629686
TD3,Walker-Walk,2layers,first-both,fprelu,0.5,-6.509932021354575
TD3,Walker-Walk,2layers,first-both,frelu,0.1,3.395577172651329
TD3,Walker-Walk,2layers,first-both,frelu,0.2,-12.808502067960433
TD3,Walker-Walk,2layers,first-both,frelu,0.3,-5.4873671830633475
TD3,Walker-Walk,2layers,first-both,frelu,0.4,-7.529612121233747
TD3,Walker-Walk,2layers,first-both,frelu,0.5,-4.776977869083282
TD3,Walker-Walk,2layers,first-both,fswish,0.1,3.9600948248332086
TD3,Walker-Walk,2layers,first-both,fswish,0.2,3.459379277096262
TD3,Walker-Walk,2layers,first-both,fswish,0.3,5.092827263781311
TD3,Walker-Walk,2layers,first-both,fswish,0.4,-2.0270718723439223
TD3,Walker-Walk,2layers,first-both,fswish,0.5,6.8867887558732175
