algo,layers,placement,activation,alpha,task,auc_mean,auc_std,auc_n,final_return_mean,final_return_std,final_return_n,n_points_mean,first_step_min,last_step_max
SAC,1layer,NA,fgelu,0.1,Ant-v4,1783494489.1357422,457740010.44893163,5,3020.727734375,505.65657411017037,5,100.0,10000.0,1000000.0
SAC,1layer,NA,fgelu,0.1,Cartpole-Swingup,720427476.8562317,32170144.85463338,5,803.2301879882813,52.358764184430115,5,100.0,10000.0,1000000.0
SAC,1layer,NA,fgelu,0.1,Cheetah-Run,284334956.0190178,19420107.601403628,5,405.9400329589844,88.62714646119805,5,100.0,10000.0,1000000.0
SAC,1layer,NA,fgelu,0.1,Finger-Spin,430506000.0,59524642.41807757,5,608.0,98.30055951010655,5,100.0,10000.0,1000000.0
SAC,1layer,NA,fgelu,0.1,HalfCheetah-v4,4133303333.7306976,1666257904.7032313,5,4955.98212890625,1972.6247776194232,5,100.0,10000.0,1000000.0
SAC,1layer,NA,fgelu,0.1,Hopper-v4,2369666090.85083,120747754.83598788,5,2579.8998168945313,1029.7899145135677,5,100.0,10000.0,1000000.0
SAC,1layer,NA,fgelu,0.1,Humanoid-v4,3532016426.147461,238874369.3600157,5,4517.567529296875,1651.0391023447762,5,100.0,10000.0,1000000.0
SAC,1layer,NA,fgelu,0.1,Walker-Walk,638431058.5727692,89995969.35272476,5,810.3755126953125,71.9237365974911,5,100.0,10000.0,1000000.0
SAC,1layer,NA,fgelu,0.2,Ant-v4,1291975238.243103,489429159.5474587,5,1752.5884521484375,1075.196566551134,5,100.0,10000.0,1000000.0
SAC,1layer,NA,fgelu,0.2,Cartpole-Swingup,740042148.9753723,32938204.275728457,5,827.1851196289062,32.033189507067476,5,100.0,10000.0,1000000.0
SAC,1layer,NA,fgelu,0.2,Cheetah-Run,327769507.419765,42422235.11008031,5,494.6384338378906,67.408657621612,5,100.0,10000.0,1000000.0
SAC,1layer,NA,fgelu,0.2,Finger-Spin,590320000.0,49783408.75733601,5,771.4,42.85790475513239,5,100.0,10000.0,1000000.0
SAC,1layer,NA,fgelu,0.2,HalfCheetah-v4,4460330108.7117195,783619014.7000701,5,5522.1888671875,710.8121698902839,5,100.0,10000.0,1000000.0
SAC,1layer,NA,fgelu,0.2,Hopper-v4,2263088847.1984863,139928463.44257438,5,3137.759130859375,50.503027827132385,5,100.0,10000.0,1000000.0
SAC,1layer,NA,fgelu,0.2,Humanoid-v4,3408920011.993408,234245415.1482603,5,4692.223779296875,1109.5766256280663,5,100.0,10000.0,1000000.0
SAC,1layer,NA,fgelu,0.2,Walker-Walk,590640326.6811371,93095822.750194,5,726.9778564453125,110.0212930559115,5,100.0,10000.0,1000000.0
SAC,1layer,NA,fgelu,0.3,Ant-v4,1100366386.4021301,267661279.56826887,5,1499.912353515625,747.8157798758142,5,100.0,10000.0,1000000.0
SAC,1layer,NA,fgelu,0.3,Cartpole-Swingup,728343463.4342194,30190025.610047724,5,775.050048828125,82.781100017196,5,100.0,10000.0,1000000.0
SAC,1layer,NA,fgelu,0.3,Cheetah-Run,289202486.0626161,23753846.264099993,5,330.73314208984374,152.1910111756382,5,100.0,10000.0,1000000.0
SAC,1layer,NA,fgelu,0.3,Finger-Spin,634701000.0,65023348.72951408,5,792.2,61.896688118186105,5,100.0,10000.0,1000000.0
SAC,1layer,NA,fgelu,0.3,HalfCheetah-v4,4050766490.392685,1602554897.4206293,5,4891.338208007813,1924.2208718254783,5,100.0,10000.0,1000000.0
SAC,1layer,NA,fgelu,0.3,Hopper-v4,2023387670.1507568,542176946.8693798,5,2074.653369140625,916.8503418392195,5,100.0,10000.0,1000000.0
SAC,1layer,NA,fgelu,0.3,Humanoid-v4,3528713253.9978027,224809644.38267967,5,5209.29755859375,117.80510974066868,5,100.0,10000.0,1000000.0
SAC,1layer,NA,fgelu,0.3,Walker-Walk,483880954.61940765,101291173.25460969,5,576.1860008239746,325.4537806255312,5,100.0,10000.0,1000000.0
SAC,1layer,NA,fgelu,0.4,Ant-v4,942618496.3989258,19552185.176853083,5,1128.238525390625,338.86970211720865,5,100.0,10000.0,1000000.0
SAC,1layer,NA,fgelu,0.4,Cartpole-Swingup,726963335.5236053,43169501.72483003,5,824.1869995117188,21.925377315653545,5,100.0,10000.0,1000000.0
SAC,1layer,NA,fgelu,0.4,Cheetah-Run,297492688.53127956,46614945.166769706,5,468.97235717773435,123.86765954481297,5,100.0,10000.0,1000000.0
SAC,1layer,NA,fgelu,0.4,Finger-Spin,620336000.0,79632924.67629203,5,765.6,99.37454402411113,5,100.0,10000.0,1000000.0
SAC,1layer,NA,fgelu,0.4,HalfCheetah-v4,4738446798.704147,890291279.0018264,5,5956.45107421875,956.8061114467661,5,100.0,10000.0,1000000.0
SAC,1layer,NA,fgelu,0.4,Hopper-v4,2336285842.689514,212232837.1663274,5,2836.4865966796874,706.2550365363061,5,100.0,10000.0,1000000.0
SAC,1layer,NA,fgelu,0.4,Humanoid-v4,3494074159.301758,162975739.75442705,5,5192.951171875,39.210158907921645,5,100.0,10000.0,1000000.0
SAC,1layer,NA,fgelu,0.4,Walker-Walk,504050738.46435547,46515885.48188924,5,614.3803161621094,99.60711376114426,5,100.0,10000.0,1000000.0
SAC,1layer,NA,fgelu,0.5,Ant-v4,975824644.6342468,56095304.658217825,5,1333.1453369140625,317.1925567184011,5,100.0,10000.0,1000000.0
SAC,1layer,NA,fgelu,0.5,Cartpole-Swingup,716658785.5810747,33555688.607766114,5,778.19794921875,55.87961633214082,5,100.0,10000.0,1000000.0
SAC,1layer,NA,fgelu,0.5,Cheetah-Run,320031628.0825138,39130722.347001724,5,406.42004241943357,190.44123329258915,5,100.0,10000.0,1000000.0
SAC,1layer,NA,fgelu,0.5,Finger-Spin,644171000.0,25996272.90593789,5,777.8,48.23069562011314,5,100.0,10000.0,1000000.0
SAC,1layer,NA,fgelu,0.5,HalfCheetah-v4,3977931671.2932587,1601133459.4610987,5,4709.135571289063,1844.3270880842724,5,100.0,10000.0,1000000.0
SAC,1layer,NA,fgelu,0.5,Hopper-v4,1835832428.6956787,792762487.2859972,5,2295.6481201171873,1218.4155105162301,5,100.0,10000.0,1000000.0
SAC,1layer,NA,fgelu,0.5,Humanoid-v4,3111542417.5720215,451125227.3605415,5,4682.109619140625,1087.5094298762049,5,100.0,10000.0,1000000.0
SAC,1layer,NA,fgelu,0.5,Walker-Walk,472544547.6412773,88489731.17100409,5,613.0535522460938,67.99258553029182,5,100.0,10000.0,1000000.0
SAC,1layer,NA,flrelu,0.1,Ant-v4,1128041591.1513581,227992525.0951222,5,2170.2880461630275,1050.927356236092,5,100.0,10000.0,1000000.0
SAC,1layer,NA,flrelu,0.1,Cartpole-Swingup,727673184.0630462,18198734.033904362,5,785.1773460151051,56.38632732501094,5,100.0,10000.0,1000000.0
SAC,1layer,NA,flrelu,0.1,Cheetah-Run,346592900.1697501,57450372.932351336,5,461.90853820304244,159.9737093994484,5,100.0,10000.0,1000000.0
SAC,1layer,NA,flrelu,0.1,Finger-Spin,539280000.0,50678425.51322997,5,724.8,59.24272107187513,5,100.0,10000.0,1000000.0
SAC,1layer,NA,flrelu,0.1,HalfCheetah-v4,2899804337.9196234,1563059853.1992164,5,3576.067820310139,1907.1243644920353,5,100.0,10000.0,1000000.0
SAC,1layer,NA,flrelu,0.1,Hopper-v4,1417975000.7153049,624287062.2027972,5,1587.0635410090417,837.4500523540861,5,100.0,10000.0,1000000.0
SAC,1layer,NA,flrelu,0.1,Humanoid-v4,3327319255.4639573,329876347.14001423,5,5111.939124676737,117.17252807186081,5,100.0,10000.0,1000000.0
SAC,1layer,NA,flrelu,0.1,Walker-Walk,613137574.9069238,115192530.94344331,5,826.3901265458823,169.07399255270917,5,100.0,10000.0,1000000.0
SAC,1layer,NA,flrelu,0.2,Ant-v4,934701270.2201916,42778838.03444875,5,1232.105819689258,332.58949540106437,5,100.0,10000.0,1000000.0
SAC,1layer,NA,flrelu,0.2,Cartpole-Swingup,753736120.5455277,38044728.58794436,5,812.5236179849046,33.36241851691751,5,100.0,10000.0,1000000.0
SAC,1layer,NA,flrelu,0.2,Cheetah-Run,313193074.0008027,31861102.917458437,5,477.90305352448667,83.8777141309218,5,100.0,10000.0,1000000.0
SAC,1layer,NA,flrelu,0.2,Finger-Spin,574318000.0,58925599.7636002,5,764.4,63.50826717837608,5,100.0,10000.0,1000000.0
SAC,1layer,NA,flrelu,0.2,HalfCheetah-v4,3871333604.6968737,1537237818.1717527,5,4611.904699183931,1778.8362585064997,5,100.0,10000.0,1000000.0
SAC,1layer,NA,flrelu,0.2,Hopper-v4,2013396707.7439148,203762103.43939683,5,1928.801222515844,895.4034261789333,5,100.0,10000.0,1000000.0
SAC,1layer,NA,flrelu,0.2,Humanoid-v4,3086147401.1443233,250939022.10555226,5,4427.497856549436,1590.5579928278069,5,100.0,10000.0,1000000.0
SAC,1layer,NA,flrelu,0.2,Walker-Walk,504433729.56636924,95774284.92139624,5,650.9400642885913,126.23294307623071,5,100.0,10000.0,1000000.0
SAC,1layer,NA,flrelu,0.3,Ant-v4,920734412.6042736,14190867.937157614,5,964.6804471675292,15.496642335649577,5,100.0,10000.0,1000000.0
SAC,1layer,NA,flrelu,0.3,Cartpole-Swingup,722282539.4811299,23335077.91585248,5,758.3428660702448,119.50154820588574,5,100.0,10000.0,1000000.0
SAC,1layer,NA,flrelu,0.3,Cheetah-Run,310196728.07660055,54168864.44408443,5,406.00096400695253,141.85694526808334,5,100.0,10000.0,1000000.0
SAC,1layer,NA,flrelu,0.3,Finger-Spin,584790000.0,31181055.34615529,5,795.2,53.21372003534428,5,100.0,10000.0,1000000.0
SAC,1layer,NA,flrelu,0.3,HalfCheetah-v4,4067292519.400238,1491802254.9813325,5,4671.408208573422,1684.5937038416155,5,100.0,10000.0,1000000.0
SAC,1layer,NA,flrelu,0.3,Hopper-v4,1478959660.5427766,804182367.6870918,5,2565.8091292722324,1213.1226753946657,5,100.0,10000.0,1000000.0
SAC,1layer,NA,flrelu,0.3,Humanoid-v4,3176092823.7133904,393125036.22884154,5,5213.55854809236,148.7377668168985,5,100.0,10000.0,1000000.0
SAC,1layer,NA,flrelu,0.3,Walker-Walk,584902523.5688906,30984927.954704404,5,797.8270218715828,134.38064302153037,5,100.0,10000.0,1000000.0
SAC,1layer,NA,flrelu,0.4,Ant-v4,924693297.3194501,22812620.33095549,5,975.2125777077305,29.398279985039323,5,100.0,10000.0,1000000.0
SAC,1layer,NA,flrelu,0.4,Cartpole-Swingup,704634433.0887921,26065762.57097169,5,767.1000234065739,49.03685300437401,5,100.0,10000.0,1000000.0
SAC,1layer,NA,flrelu,0.4,Cheetah-Run,322971767.34890425,41903350.60637213,5,418.3497433770207,192.50024150451827,5,100.0,10000.0,1000000.0
SAC,1layer,NA,flrelu,0.4,Finger-Spin,600917000.0,78368685.43940239,5,808.2,53.960170496394845,5,100.0,10000.0,1000000.0
SAC,1layer,NA,flrelu,0.4,HalfCheetah-v4,4764783502.488401,808223762.6973338,5,5784.496226511882,1294.3337213620582,5,100.0,10000.0,1000000.0
SAC,1layer,NA,flrelu,0.4,Hopper-v4,1364956741.9401526,601005403.5992136,5,2680.7083503834383,998.2462228501985,5,100.0,10000.0,1000000.0
SAC,1layer,NA,flrelu,0.4,Humanoid-v4,3387714825.9587355,258626347.25824708,5,5229.110258148903,91.98424813482796,5,100.0,10000.0,1000000.0
SAC,1layer,NA,flrelu,0.4,Walker-Walk,544426638.1070068,60884956.34204316,5,785.7878432491414,156.81752782791696,5,100.0,10000.0,1000000.0
SAC,1layer,NA,flrelu,0.5,Ant-v4,908981137.3248199,11947217.07515216,5,953.7400162265994,9.559529591979581,5,100.0,10000.0,1000000.0
SAC,1layer,NA,flrelu,0.5,Cartpole-Swingup,669855231.1586926,39551371.31298398,5,793.259697139299,21.26411016947599,5,100.0,10000.0,1000000.0
SAC,1layer,NA,flrelu,0.5,Cheetah-Run,306778788.782027,32254386.48530792,5,448.8497615830328,25.792350511624512,5,100.0,10000.0,1000000.0
SAC,1layer,NA,flrelu,0.5,Finger-Spin,572470000.0,51827489.56876069,5,713.4,80.53756887316626,5,100.0,10000.0,1000000.0
SAC,1layer,NA,flrelu,0.5,HalfCheetah-v4,3119643650.945591,905257208.5345776,5,3780.4593533454945,949.4518359031814,5,100.0,10000.0,1000000.0
SAC,1layer,NA,flrelu,0.5,Hopper-v4,1479472262.233129,427298038.6015598,5,2603.337984744826,779.8226322356105,5,100.0,10000.0,1000000.0
SAC,1layer,NA,flrelu,0.5,Humanoid-v4,2535539956.2134156,437386330.9971461,5,4629.637438912752,1117.0818252876109,5,100.0,10000.0,1000000.0
SAC,1layer,NA,flrelu,0.5,Walker-Walk,478720882.7715936,62404134.028819226,5,663.7503862949071,50.66386178308824,5,100.0,10000.0,1000000.0
SAC,1layer,NA,fprelu,0.1,Ant-v4,904895658.0787758,8293272.48306417,5,953.6228055487281,8.725464982129571,5,100.0,10000.0,1000000.0
SAC,1layer,NA,fprelu,0.1,Cartpole-Swingup,717859298.4246448,19771835.522403304,5,811.3504334131788,41.81502586756182,5,100.0,10000.0,1000000.0
SAC,1layer,NA,fprelu,0.1,Cheetah-Run,315649234.14927775,32362704.67321732,5,427.9147427455092,59.155034236000645,5,100.0,10000.0,1000000.0
SAC,1layer,NA,fprelu,0.1,Finger-Spin,545641000.0,57987904.81643564,5,757.0,23.515952032609686,5,100.0,10000.0,1000000.0
SAC,1layer,NA,fprelu,0.1,HalfCheetah-v4,4425111462.903968,188954615.27837512,5,5592.107041698436,677.2812077279051,5,100.0,10000.0,1000000.0
SAC,1layer,NA,fprelu,0.1,Hopper-v4,2149236196.750801,207068632.6599636,5,3255.54174673241,66.90870671051887,5,100.0,10000.0,1000000.0
SAC,1layer,NA,fprelu,0.1,Humanoid-v4,3028660931.473489,298952437.95516455,5,5079.102532394233,53.772904671054434,5,100.0,10000.0,1000000.0
SAC,1layer,NA,fprelu,0.1,Walker-Walk,530737658.0809352,126715373.77852437,5,631.7970489372434,339.4087956824271,5,100.0,10000.0,1000000.0
SAC,1layer,NA,fprelu,0.2,Ant-v4,922955531.7525918,25962903.35887576,5,1014.0914840816456,159.34555744762696,5,100.0,10000.0,1000000.0
SAC,1layer,NA,fprelu,0.2,Cartpole-Swingup,697493293.2014531,21017287.329186086,5,811.037093754079,28.65993647612216,5,100.0,10000.0,1000000.0
SAC,1layer,NA,fprelu,0.2,Cheetah-Run,260467114.5953672,42655177.68270417,5,399.538979432825,36.54498585856091,5,100.0,10000.0,1000000.0
SAC,1layer,NA,fprelu,0.2,Finger-Spin,501293000.0,100025760.96936229,5,658.6,253.93759075804434,5,100.0,10000.0,1000000.0
SAC,1layer,NA,fprelu,0.2,HalfCheetah-v4,4092873656.974575,1666726092.0309203,5,5176.377602869465,2168.238077753982,5,100.0,10000.0,1000000.0
SAC,1layer,NA,fprelu,0.2,Hopper-v4,1644913826.5261118,828536362.7487134,5,2246.9604845338745,1278.7736772806782,5,100.0,10000.0,1000000.0
SAC,1layer,NA,fprelu,0.2,Humanoid-v4,3256313161.8520026,414339976.75941163,5,5217.105805805511,52.40828547564045,5,100.0,10000.0,1000000.0
SAC,1layer,NA,fprelu,0.2,Walker-Walk,547159953.0260102,113733171.0340938,5,648.7455050053244,355.66467815938995,5,100.0,10000.0,1000000.0
SAC,1layer,NA,fprelu,0.3,Ant-v4,981420913.8582833,155897240.36719304,5,1255.567600750595,655.7135233183623,5,100.0,10000.0,1000000.0
SAC,1layer,NA,fprelu,0.3,Cartpole-Swingup,734348412.1171566,11712763.963720996,5,770.2577524188837,86.05228681415234,5,100.0,10000.0,1000000.0
SAC,1layer,NA,fprelu,0.3,Cheetah-Run,303539877.34599745,20928951.042647656,5,464.75913889389614,54.924840766571855,5,100.0,10000.0,1000000.0
SAC,1layer,NA,fprelu,0.3,Finger-Spin,540949000.0,103595139.4492039,5,788.4,60.16892885867258,5,100.0,10000.0,1000000.0
SAC,1layer,NA,fprelu,0.3,HalfCheetah-v4,4184360767.166323,715227778.778749,5,5023.616625244426,669.0666012490285,5,100.0,10000.0,1000000.0
SAC,1layer,NA,fprelu,0.3,Hopper-v4,1722963834.3857856,487517921.29197985,5,2947.542130448974,882.6811894779944,5,100.0,10000.0,1000000.0
SAC,1layer,NA,fprelu,0.3,Humanoid-v4,2530676606.863349,579831434.4440795,5,4675.996016345931,1008.8755361930743,5,100.0,10000.0,1000000.0
SAC,1layer,NA,fprelu,0.3,Walker-Walk,458134545.2411812,68090382.3166725,5,687.3385278788193,42.50202610407005,5,100.0,10000.0,1000000.0
SAC,1layer,NA,fprelu,0.4,Ant-v4,914455328.1753159,15073311.638848685,5,944.3478144194032,32.5186554394661,5,100.0,10000.0,1000000.0
SAC,1layer,NA,fprelu,0.4,Cartpole-Swingup,720386033.1703899,19089820.683738366,5,723.8019210238847,104.61977908944665,5,100.0,10000.0,1000000.0
SAC,1layer,NA,fprelu,0.4,Cheetah-Run,309525832.72245914,42725475.30214922,5,440.9279974237885,91.67541985955347,5,100.0,10000.0,1000000.0
SAC,1layer,NA,fprelu,0.4,Finger-Spin,531220000.0,19282756.86980469,5,712.8,75.88609885875013,5,100.0,10000.0,1000000.0
SAC,1layer,NA,fprelu,0.4,HalfCheetah-v4,3916354846.838399,1094389304.8202097,5,4786.5915851342,1337.91148588376,5,100.0,10000.0,1000000.0
SAC,1layer,NA,fprelu,0.4,Hopper-v4,1951863845.9613597,368169530.35291636,5,2389.7261405721574,1492.340958826499,5,100.0,10000.0,1000000.0
SAC,1layer,NA,fprelu,0.4,Humanoid-v4,2443197274.575806,486042218.93585515,5,5057.603883465341,142.00574135058525,5,100.0,10000.0,1000000.0
SAC,1layer,NA,fprelu,0.4,Walker-Walk,481504483.23880327,61921340.492785126,5,675.6256049317449,115.53173723056652,5,100.0,10000.0,1000000.0
SAC,1layer,NA,fprelu,0.5,Ant-v4,904367914.2334192,10195718.483324869,5,952.5241572389634,17.901863255250923,5,100.0,10000.0,1000000.0
SAC,1layer,NA,fprelu,0.5,Cartpole-Swingup,688390796.3389617,46870172.56200462,5,730.8228005888808,97.29309685181599,5,100.0,10000.0,1000000.0
SAC,1layer,NA,fprelu,0.5,Cheetah-Run,277033285.10292304,36295065.14237921,5,398.1398030299216,68.62287211182837,5,100.0,10000.0,1000000.0
SAC,1layer,NA,fprelu,0.5,Finger-Spin,550834000.0,39393925.67389038,5,764.8,65.79665645000512,5,100.0,10000.0,1000000.0
SAC,1layer,NA,fprelu,0.5,HalfCheetah-v4,3386693214.880829,1271682436.0442271,5,4042.3585585852124,1507.5563566076785,5,100.0,10000.0,1000000.0
SAC,1layer,NA,fprelu,0.5,Hopper-v4,1524779292.593533,302831318.7265217,5,2153.4569399334882,1179.8327606284597,5,100.0,10000.0,1000000.0
SAC,1layer,NA,fprelu,0.5,Humanoid-v4,2897053063.02004,254891059.35240114,5,5174.670307428643,86.69231221032165,5,100.0,10000.0,1000000.0
SAC,1layer,NA,fprelu,0.5,Walker-Walk,370761157.48351574,121992661.98995541,5,605.4019388891013,251.37797948340375,5,100.0,10000.0,1000000.0
SAC,1layer,NA,frelu,0.1,Ant-v4,946451636.4251388,27722166.529327963,5,1109.5111095134566,200.0144447226066,5,100.0,10000.0,1000000.0
SAC,1layer,NA,frelu,0.1,Cartpole-Swingup,718991440.0952514,45250486.09730955,5,817.9148638833792,30.17966065220666,5,100.0,10000.0,1000000.0
SAC,1layer,NA,frelu,0.1,Cheetah-Run,327983505.73746675,44783450.23673783,5,505.9034232042657,17.651712837939773,5,100.0,10000.0,1000000.0
SAC,1layer,NA,frelu,0.1,Finger-Spin,581300000.0,40137027.325152025,5,758.8,67.9683749989655,5,100.0,10000.0,1000000.0
SAC,1layer,NA,frelu,0.1,HalfCheetah-v4,4580191211.123759,745044356.6720686,5,5485.370269886147,986.2685399678389,5,100.0,10000.0,1000000.0
SAC,1layer,NA,frelu,0.1,Hopper-v4,1319739714.2336626,458420909.4582219,5,2582.6111487965363,703.052537659672,5,100.0,10000.0,1000000.0
SAC,1layer,NA,frelu,0.1,Humanoid-v4,2991308700.385691,453618284.18923813,5,5238.20466699691,134.2726509387032,5,100.0,10000.0,1000000.0
SAC,1layer,NA,frelu,0.1,Walker-Walk,591766850.4024825,116303923.91835289,5,768.5892736807125,145.2894148441753,5,100.0,10000.0,1000000.0
SAC,1layer,NA,frelu,0.2,Ant-v4,1113271274.005239,476247731.79496074,5,1428.1517763281513,906.3248998961775,5,100.0,10000.0,1000000.0
SAC,1layer,NA,frelu,0.2,Cartpole-Swingup,748401559.4162486,25360152.35872597,5,812.5916339893074,19.059212569919527,5,100.0,10000.0,1000000.0
SAC,1layer,NA,frelu,0.2,Cheetah-Run,319743807.8694328,35469869.95398961,5,417.2458687587232,179.24676992276648,5,100.0,10000.0,1000000.0
SAC,1layer,NA,frelu,0.2,Finger-Spin,593558000.0,51545367.83261906,5,759.2,82.29945321811077,5,100.0,10000.0,1000000.0
SAC,1layer,NA,frelu,0.2,HalfCheetah-v4,4891648562.553833,695468969.0581399,5,6249.262944355905,675.7295881401827,5,100.0,10000.0,1000000.0
SAC,1layer,NA,frelu,0.2,Hopper-v4,1577760150.576505,292846103.2010615,5,1897.3542318432278,1248.2510417319597,5,100.0,10000.0,1000000.0
SAC,1layer,NA,frelu,0.2,Humanoid-v4,3016739952.1479692,196087176.03119406,5,4483.976515923928,1518.0403932531958,5,100.0,10000.0,1000000.0
SAC,1layer,NA,frelu,0.2,Walker-Walk,510632824.12273234,63590885.65555079,5,721.0030982684818,139.47040536192299,5,100.0,10000.0,1000000.0
SAC,1layer,NA,frelu,0.3,Ant-v4,919096270.6114702,15410064.10644074,5,996.6660549582587,75.83423380447528,5,100.0,10000.0,1000000.0
SAC,1layer,NA,frelu,0.3,Cartpole-Swingup,740188074.3418796,13664572.847094852,5,821.693399871729,16.258709680554514,5,100.0,10000.0,1000000.0
SAC,1layer,NA,frelu,0.3,Cheetah-Run,307556393.0220032,35991541.529905304,5,447.88351286669894,70.49491701169877,5,100.0,10000.0,1000000.0
SAC,1layer,NA,frelu,0.3,Finger-Spin,632664000.0,59934882.935566016,5,793.6,74.8485136792976,5,100.0,10000.0,1000000.0
SAC,1layer,NA,frelu,0.3,HalfCheetah-v4,4605025954.135716,832431801.9456985,5,5552.219727964695,1003.5975907262668,5,100.0,10000.0,1000000.0
SAC,1layer,NA,frelu,0.3,Hopper-v4,1623981247.3324392,491280372.3224631,5,2827.4991144566,793.1398745786684,5,100.0,10000.0,1000000.0
SAC,1layer,NA,frelu,0.3,Humanoid-v4,3008055942.479056,345771152.4659209,5,4712.632367777058,952.1413237070988,5,100.0,10000.0,1000000.0
SAC,1layer,NA,frelu,0.3,Walker-Walk,556756092.4209535,119656712.3662153,5,705.6069754615387,162.17253447863186,5,100.0,10000.0,1000000.0
SAC,1layer,NA,frelu,0.4,Ant-v4,914300729.7794378,5003576.618313399,5,959.9672996647045,10.556084856445954,5,100.0,10000.0,1000000.0
SAC,1layer,NA,frelu,0.4,Cartpole-Swingup,696940651.6692998,45595677.02722236,5,728.8708384465832,128.65977715744972,5,100.0,10000.0,1000000.0
SAC,1layer,NA,frelu,0.4,Cheetah-Run,320316033.42373073,34650955.94621145,5,331.0938304871016,233.60863812393464,5,100.0,10000.0,1000000.0
SAC,1layer,NA,frelu,0.4,Finger-Spin,604293000.0,56201758.04634585,5,787.4,52.30009560220708,5,100.0,10000.0,1000000.0
SAC,1layer,NA,frelu,0.4,HalfCheetah-v4,3830360507.600722,1950933740.6668637,5,4529.204650292662,2383.1459076523647,5,100.0,10000.0,1000000.0
SAC,1layer,NA,frelu,0.4,Hopper-v4,1081311476.3528194,426722218.01584834,5,2163.494534738692,1043.0073503981305,5,100.0,10000.0,1000000.0
SAC,1layer,NA,frelu,0.4,Humanoid-v4,2631555655.089992,451893010.56315374,5,4395.949635262346,1457.5696431932938,5,100.0,10000.0,1000000.0
SAC,1layer,NA,frelu,0.4,Walker-Walk,502631562.5518645,73851433.19752654,5,699.8733748180887,120.70973194324932,5,100.0,10000.0,1000000.0
SAC,1layer,NA,frelu,0.5,Ant-v4,902506649.9582081,7090551.765756929,5,957.7212187423171,8.318230705711377,5,100.0,10000.0,1000000.0
SAC,1layer,NA,frelu,0.5,Cartpole-Swingup,703417518.6749502,50014644.151883505,5,761.3168829924055,47.545112397437656,5,100.0,10000.0,1000000.0
SAC,1layer,NA,frelu,0.5,Cheetah-Run,301720335.4828415,29867738.165495884,5,382.79974839524704,179.08755243137898,5,100.0,10000.0,1000000.0
SAC,1layer,NA,frelu,0.5,Finger-Spin,570625000.0,37914290.676471844,5,756.4,64.81743592583713,5,100.0,10000.0,1000000.0
SAC,1layer,NA,frelu,0.5,HalfCheetah-v4,3990898030.9659333,1181200492.756337,5,4843.232671881168,1338.133266176911,5,100.0,10000.0,1000000.0
SAC,1layer,NA,frelu,0.5,Hopper-v4,771234755.3551818,293652550.4983457,5,1196.643630272778,582.4070009678904,5,100.0,10000.0,1000000.0
SAC,1layer,NA,frelu,0.5,Humanoid-v4,2631555655.089992,451893010.56315374,5,4395.949635262346,1457.5696431932938,5,100.0,10000.0,1000000.0
SAC,1layer,NA,frelu,0.5,Walker-Walk,549919380.1479276,107283197.75010437,5,728.44236215076,106.3351713211524,5,100.0,10000.0,1000000.0
SAC,1layer,NA,fswish,0.1,Ant-v4,1363981001.4133453,312068542.6722198,5,2479.0028076171875,721.6818562904052,5,100.0,10000.0,1000000.0
SAC,1layer,NA,fswish,0.1,Cartpole-Swingup,740732044.3954468,14231017.69344569,5,782.540673828125,49.974750188085025,5,100.0,10000.0,1000000.0
SAC,1layer,NA,fswish,0.1,Cheetah-Run,307527046.2989993,57213706.06502401,5,459.431103515625,95.7746439238962,5,100.0,10000.0,1000000.0
SAC,1layer,NA,fswish,0.1,Finger-Spin,592599000.0,26566242.06582481,5,811.2,34.78792894094157,5,100.0,10000.0,1000000.0
SAC,1layer,NA,fswish,0.1,HalfCheetah-v4,4338962675.738335,571130290.2130206,5,5424.655859375,749.6451825622813,5,100.0,10000.0,1000000.0
SAC,1layer,NA,fswish,0.1,Hopper-v4,2004487038.0706787,412123104.7001626,5,3115.9654296875,95.20922736286899,5,100.0,10000.0,1000000.0
SAC,1layer,NA,fswish,0.1,Humanoid-v4,3508523168.121338,437392307.1359692,5,5170.28662109375,115.86317508816488,5,100.0,10000.0,1000000.0
SAC,1layer,NA,fswish,0.1,Walker-Walk,552996768.6424255,134736476.31022692,5,716.9091674804688,219.85625645015338,5,100.0,10000.0,1000000.0
SAC,1layer,NA,fswish,0.2,Ant-v4,981668632.9345703,118630127.68108019,5,859.1731567382812,241.15010476890802,5,100.0,10000.0,1000000.0
SAC,1layer,NA,fswish,0.2,Cartpole-Swingup,726369457.5195312,39098356.33325432,5,793.91064453125,26.899774711214555,5,100.0,10000.0,1000000.0
SAC,1layer,NA,fswish,0.2,Cheetah-Run,355627212.35560626,52707625.774525225,5,523.6697692871094,48.3995289034907,5,100.0,10000.0,1000000.0
SAC,1layer,NA,fswish,0.2,Finger-Spin,534739000.0,81759585.63067698,5,785.0,53.174241884581676,5,100.0,10000.0,1000000.0
SAC,1layer,NA,fswish,0.2,HalfCheetah-v4,3603623064.682007,2056325204.5202456,5,4383.062719726562,2571.7410981523517,5,100.0,10000.0,1000000.0
SAC,1layer,NA,fswish,0.2,Hopper-v4,1731688496.9797134,507870694.778325,5,2360.192431640625,1030.4729534803912,5,100.0,10000.0,1000000.0
SAC,1layer,NA,fswish,0.2,Humanoid-v4,3102467150.9399414,367413808.7006866,5,5221.90244140625,54.25267251788807,5,100.0,10000.0,1000000.0
SAC,1layer,NA,fswish,0.2,Walker-Walk,639044933.5756302,135594892.24038923,5,843.4859741210937,162.6193517937192,5,100.0,10000.0,1000000.0
SAC,1layer,NA,fswish,0.3,Ant-v4,963124754.0283203,136143739.0385654,5,1168.6560791015625,587.6624189493002,5,100.0,10000.0,1000000.0
SAC,1layer,NA,fswish,0.3,Cartpole-Swingup,724328296.7758179,40286822.0956794,5,793.1160888671875,40.12830885516095,5,100.0,10000.0,1000000.0
SAC,1layer,NA,fswish,0.3,Cheetah-Run,335379072.4514127,56905157.03004904,5,417.54613342285154,165.460644978523,5,100.0,10000.0,1000000.0
SAC,1layer,NA,fswish,0.3,Finger-Spin,578388000.0,77621400.7700196,5,834.0,38.3079626187559,5,100.0,10000.0,1000000.0
SAC,1layer,NA,fswish,0.3,HalfCheetah-v4,4043501713.197708,1440861308.6232057,5,4971.004565429687,1811.8034129525788,5,100.0,10000.0,1000000.0
SAC,1layer,NA,fswish,0.3,Hopper-v4,1447534441.1849976,183369557.16200686,5,1780.9978515625,868.4141573785162,5,100.0,10000.0,1000000.0
SAC,1layer,NA,fswish,0.3,Humanoid-v4,3298518916.229248,332611117.51374936,5,5216.11611328125,58.94158646644934,5,100.0,10000.0,1000000.0
SAC,1layer,NA,fswish,0.3,Walker-Walk,540199477.6859283,80045736.81688593,5,671.8736328125,111.23766538446864,5,100.0,10000.0,1000000.0
SAC,1layer,NA,fswish,0.4,Ant-v4,1179052114.0766144,552304210.8194778,5,1235.61611328125,402.3958415798535,5,100.0,10000.0,1000000.0
SAC,1layer,NA,fswish,0.4,Cartpole-Swingup,761650149.2462158,9687643.882881239,5,806.0250366210937,25.689078661807574,5,100.0,10000.0,1000000.0
SAC,1layer,NA,fswish,0.4,Cheetah-Run,286284724.30354357,6020557.067810617,5,393.4943786621094,114.66551588641134,5,100.0,10000.0,1000000.0
SAC,1layer,NA,fswish,0.4,Finger-Spin,630119000.0,77245138.55253287,5,826.2,34.01764248151244,5,100.0,10000.0,1000000.0
SAC,1layer,NA,fswish,0.4,HalfCheetah-v4,4053913380.683899,1596480657.2307763,5,4998.700634765625,2072.209318006487,5,100.0,10000.0,1000000.0
SAC,1layer,NA,fswish,0.4,Hopper-v4,1383867364.0327454,252247590.89163712,5,2339.63642578125,529.2052668800216,5,100.0,10000.0,1000000.0
SAC,1layer,NA,fswish,0.4,Humanoid-v4,3172262861.557007,269756471.7129618,5,5023.0578125,375.73932244712853,5,98.4,10000.0,990000.0
SAC,1layer,NA,fswish,0.4,Walker-Walk,608746474.6627808,102169237.69225714,5,822.9860473632813,144.93856130011466,5,100.0,10000.0,1000000.0
SAC,1layer,NA,fswish,0.5,Ant-v4,909869957.4627876,17256751.709015418,5,928.1045043945312,52.43635866580634,5,100.0,10000.0,1000000.0
SAC,1layer,NA,fswish,0.5,Cartpole-Swingup,721530498.2699274,48163911.50485364,5,785.017236328125,43.63142429106736,5,100.0,10000.0,1000000.0
SAC,1layer,NA,fswish,0.5,Cheetah-Run,299668261.1195445,28127554.763875667,5,455.36888427734374,77.22511588627657,5,100.0,10000.0,1000000.0
SAC,1layer,NA,fswish,0.5,Finger-Spin,611552000.0,38763036.45226983,5,772.0,38.07886552931954,5,100.0,10000.0,1000000.0
SAC,1layer,NA,fswish,0.5,HalfCheetah-v4,4415295011.796236,518068292.8489484,5,5434.08525390625,707.5879392135215,5,100.0,10000.0,1000000.0
SAC,1layer,NA,fswish,0.5,Hopper-v4,1037785023.0102539,388375351.2167464,5,1777.231884765625,1107.4369379481675,5,100.0,10000.0,1000000.0
SAC,1layer,NA,fswish,0.5,Humanoid-v4,3341218972.808838,388854057.584998,5,5240.9171875,68.84424277435296,5,100.0,10000.0,1000000.0
SAC,1layer,NA,fswish,0.5,Walker-Walk,517489365.8771515,42987489.25251996,5,672.2565795898438,42.621607801336076,5,100.0,10000.0,1000000.0
SAC,1layer,NA,gelu,NA,Ant-v4,1610488240.0655746,600908825.7458553,5,2402.9125,822.8721760967017,5,100.0,10000.0,1000000.0
SAC,1layer,NA,gelu,NA,Cartpole-Swingup,679874516.8628693,21012627.386095576,5,814.8447631835937,25.38822492295137,5,100.0,10000.0,1000000.0
SAC,1layer,NA,gelu,NA,Cheetah-Run,313360565.96854,27914645.5396201,5,370.35333557128905,165.7834048853205,5,100.0,10000.0,1000000.0
SAC,1layer,NA,gelu,NA,Finger-Spin,508964000.0,17430171.901045613,5,712.8,75.51622342252028,5,100.0,10000.0,1000000.0
SAC,1layer,NA,gelu,NA,HalfCheetah-v4,4738757870.954514,438901921.90281004,5,6047.32060546875,752.8216703363579,5,100.0,10000.0,1000000.0
SAC,1layer,NA,gelu,NA,Hopper-v4,2022928198.8983154,415878513.50751126,5,3048.918017578125,149.9426977521007,5,100.0,10000.0,1000000.0
SAC,1layer,NA,gelu,NA,Humanoid-v4,2974999914.1845703,380070614.35438,5,3576.514794921875,1535.7306515898833,5,100.0,10000.0,1000000.0
SAC,1layer,NA,gelu,NA,Walker-Walk,587646149.3778229,112587333.52210882,5,761.9768920898438,129.27724572582707,5,100.0,10000.0,1000000.0
SAC,1layer,NA,lrelu,NA,Ant-v4,960563081.5124512,89731769.79455678,5,1174.1099731445313,446.1573478215835,5,100.0,10000.0,1000000.0
SAC,1layer,NA,lrelu,NA,Cartpole-Swingup,734525254.2190552,23364345.083363906,5,763.704296875,39.53393732060282,5,100.0,10000.0,1000000.0
SAC,1layer,NA,lrelu,NA,Cheetah-Run,299568682.1127534,75157700.28849526,5,309.4270355224609,197.73600135495457,5,100.0,10000.0,1000000.0
SAC,1layer,NA,lrelu,NA,Finger-Spin,582853000.0,67510565.80269492,5,760.2,67.40326401592135,5,100.0,10000.0,1000000.0
SAC,1layer,NA,lrelu,NA,HalfCheetah-v4,4116500895.6432343,1637624457.4714432,5,5174.7200927734375,2115.151209048381,5,100.0,10000.0,1000000.0
SAC,1layer,NA,lrelu,NA,Hopper-v4,1391531799.7512817,487876451.57913035,5,2488.764501953125,521.591300439045,5,100.0,10000.0,1000000.0
SAC,1layer,NA,lrelu,NA,Humanoid-v4,3157926396.3165283,190625612.20306966,5,5224.34462890625,81.63893332186161,5,100.0,10000.0,1000000.0
SAC,1layer,NA,lrelu,NA,Walker-Walk,690775117.2561646,154934994.26987913,5,864.4119262695312,159.9477287893104,5,100.0,10000.0,1000000.0
SAC,1layer,NA,prelu,NA,Ant-v4,1075766556.6974878,371201308.3459123,5,1344.0864379882812,572.6124580665193,5,100.0,10000.0,1000000.0
SAC,1layer,NA,prelu,NA,Cartpole-Swingup,743669885.5724335,13407890.974534092,5,748.0857666015625,103.90085429053656,5,100.0,10000.0,1000000.0
SAC,1layer,NA,prelu,NA,Cheetah-Run,302778078.638643,34748115.53882386,5,423.04961547851565,62.51736973970275,5,100.0,10000.0,1000000.0
SAC,1layer,NA,prelu,NA,Finger-Spin,573667000.0,103447618.54436281,5,780.6,39.042284769208884,5,100.0,10000.0,1000000.0
SAC,1layer,NA,prelu,NA,HalfCheetah-v4,3914642906.949997,1541457500.3825493,5,4888.241918945312,1914.5516763212906,5,100.0,10000.0,1000000.0
SAC,1layer,NA,prelu,NA,Hopper-v4,1780236300.959587,351263351.1526296,5,2678.731591796875,819.5070443625696,5,100.0,10000.0,1000000.0
SAC,1layer,NA,prelu,NA,Humanoid-v4,3512929230.773926,376096881.0252265,5,5216.66640625,81.93098765098513,5,100.0,10000.0,1000000.0
SAC,1layer,NA,prelu,NA,Walker-Walk,629719679.7008514,79365366.96206875,5,789.3373046875,111.93194140182163,5,100.0,10000.0,1000000.0
SAC,1layer,NA,relu,NA,Ant-v4,1344453637.8356307,497898036.6936598,5,1916.6875566894173,841.5836311727041,5,100.0,10000.0,1000000.0
SAC,1layer,NA,relu,NA,Cartpole-Swingup,725148736.2683398,23316717.192775395,5,801.4270876884888,33.20925896451564,5,100.0,10000.0,1000000.0
SAC,1layer,NA,relu,NA,Cheetah-Run,271976269.1009747,11330783.260267785,5,287.6203539892079,178.1444007531841,5,100.0,10000.0,1000000.0
SAC,1layer,NA,relu,NA,Finger-Spin,592910000.0,54693111.65494244,5,788.8,69.53200701835091,5,100.0,10000.0,1000000.0
SAC,1layer,NA,relu,NA,HalfCheetah-v4,3805528421.1800604,1404548665.8398757,5,4858.161174252933,1897.1078345499968,5,100.0,10000.0,1000000.0
SAC,1layer,NA,relu,NA,Hopper-v4,1497596894.951844,537926763.1205238,5,2519.4209189509975,831.6060907491584,5,100.0,10000.0,1000000.0
SAC,1layer,NA,relu,NA,Humanoid-v4,3349341174.3395467,312440341.3026379,5,5172.363561551507,66.08775956037572,5,100.0,10000.0,1000000.0
SAC,1layer,NA,relu,NA,Walker-Walk,572533753.6142914,93673949.8468855,5,734.7408941207347,78.16878576183522,5,100.0,10000.0,1000000.0
SAC,1layer,NA,swish,NA,Ant-v4,1628245562.0355606,386274398.37352437,5,2640.054052734375,364.31942569766335,5,100.0,10000.0,1000000.0
SAC,1layer,NA,swish,NA,Cartpole-Swingup,663190659.2129585,42872074.359849155,5,779.0899536132813,87.72311650185512,5,100.0,10000.0,1000000.0
SAC,1layer,NA,swish,NA,Cheetah-Run,258041011.19475812,63264839.152791135,5,269.92186584472654,165.63571653239336,5,100.0,10000.0,1000000.0
SAC,1layer,NA,swish,NA,Finger-Spin,391775000.0,67196463.54161802,5,714.6,135.04184536653815,5,100.0,10000.0,1000000.0
SAC,1layer,NA,swish,NA,HalfCheetah-v4,3008716257.750511,1539029484.6579916,5,3894.371337890625,2160.5354666868266,5,100.0,10000.0,1000000.0
SAC,1layer,NA,swish,NA,Hopper-v4,2018652118.2250977,211639924.78677502,5,2319.1105712890626,798.2635705862155,5,100.0,10000.0,1000000.0
SAC,1layer,NA,swish,NA,Humanoid-v4,3103919162.765503,194572636.49123192,5,4713.6326171875,1200.0831405426864,5,100.0,10000.0,1000000.0
SAC,1layer,NA,swish,NA,Walker-Walk,623515667.4699783,125935011.52510418,5,763.681982421875,165.72490946747183,5,100.0,10000.0,1000000.0
SAC,2layers,all-actor,fgelu,0.1,Ant-v4,2900688992.9213524,811517333.0761683,5,5332.77138671875,661.8824312985581,5,100.0,10000.0,1000000.0
SAC,2layers,all-actor,fgelu,0.1,Cartpole-Swingup,765553574.8596191,54881132.28370474,5,797.0142822265625,37.206107670417275,5,100.0,10000.0,1000000.0
SAC,2layers,all-actor,fgelu,0.1,Cheetah-Run,471170376.72019005,46004883.65046907,5,619.6883544921875,54.67042287174707,5,100.0,10000.0,1000000.0
SAC,2layers,all-actor,fgelu,0.1,Finger-Spin,773718000.0,33672096.868178554,5,894.4,22.21035794398641,5,100.0,10000.0,1000000.0
SAC,2layers,all-actor,fgelu,0.1,HalfCheetah-v4,7635364864.064217,750706852.9853302,5,9964.5177734375,852.8975798724606,5,100.0,10000.0,1000000.0
SAC,2layers,all-actor,fgelu,0.1,Hopper-v4,2560482993.724823,152768021.2754847,5,3398.84091796875,121.35719417853637,5,100.0,10000.0,1000000.0
SAC,2layers,all-actor,fgelu,0.1,Humanoid-v4,3560420780.7617188,245604718.59422052,5,5487.4607421875,321.52832306716004,5,100.0,10000.0,1000000.0
SAC,2layers,all-actor,fgelu,0.1,Walker-Walk,754713841.0263062,126819631.85606527,5,900.2297119140625,113.16414789616658,5,100.0,10000.0,1000000.0
SAC,2layers,all-actor,fgelu,0.2,Ant-v4,1941878218.6403275,553284467.7294406,5,3084.40859375,1575.0372818808612,5,100.0,10000.0,1000000.0
SAC,2layers,all-actor,fgelu,0.2,Cartpole-Swingup,784304150.2685547,12291175.383251326,5,799.9629760742188,36.82885814613416,5,100.0,10000.0,1000000.0
SAC,2layers,all-actor,fgelu,0.2,Cheetah-Run,480797054.58307266,38870023.828568906,5,621.2341674804687,47.345202779012496,5,100.0,10000.0,1000000.0
SAC,2layers,all-actor,fgelu,0.2,Finger-Spin,759483000.0,33038845.621480186,5,881.4,26.24499952371881,5,100.0,10000.0,1000000.0
SAC,2layers,all-actor,fgelu,0.2,HalfCheetah-v4,7299868204.15616,1159347832.3956945,5,9519.65986328125,1713.6935174514085,5,100.0,10000.0,1000000.0
SAC,2layers,all-actor,fgelu,0.2,Hopper-v4,2324487965.8470154,351997516.9773122,5,2161.062841796875,1157.0184590442377,5,100.0,10000.0,1000000.0
SAC,2layers,all-actor,fgelu,0.2,Humanoid-v4,3734770970.550537,295694664.66271156,5,5543.12109375,354.04534882672306,5,100.0,10000.0,1000000.0
SAC,2layers,all-actor,fgelu,0.2,Walker-Walk,787158808.221817,89544850.3825674,5,923.3736450195313,98.16054933364448,5,100.0,10000.0,1000000.0
SAC,2layers,all-actor,fgelu,0.3,Ant-v4,2775683795.3469753,331017139.2050514,5,5166.748291015625,895.8709173149406,5,100.0,10000.0,1000000.0
SAC,2layers,all-actor,fgelu,0.3,Cartpole-Swingup,751239001.8005371,55592981.79454973,5,836.949609375,15.551958880994606,5,100.0,10000.0,1000000.0
SAC,2layers,all-actor,fgelu,0.3,Cheetah-Run,481264978.12092304,22095582.677964486,5,645.8998291015625,86.06164472589309,5,100.0,10000.0,1000000.0
SAC,2layers,all-actor,fgelu,0.3,Finger-Spin,795994000.0,15281886.091055634,5,896.4,7.765307463326857,5,100.0,10000.0,1000000.0
SAC,2layers,all-actor,fgelu,0.3,HalfCheetah-v4,7218271656.862259,1276716835.2709532,5,9361.70458984375,1809.5933349608636,5,100.0,10000.0,1000000.0
SAC,2layers,all-actor,fgelu,0.3,Hopper-v4,2746639169.2562103,187312972.30879557,5,3428.11494140625,91.03827333143464,5,100.0,10000.0,1000000.0
SAC,2layers,all-actor,fgelu,0.3,Humanoid-v4,3507976791.6870117,95945179.38543895,5,5390.20009765625,244.6176938653953,5,100.0,10000.0,1000000.0
SAC,2layers,all-actor,fgelu,0.3,Walker-Walk,683672117.8627014,172537267.12838808,5,818.9807250976562,140.3779359393579,5,100.0,10000.0,1000000.0
SAC,2layers,all-actor,fgelu,0.4,Ant-v4,2483713492.7282333,756139349.2784549,5,4166.09375,2258.2902438729034,5,100.0,10000.0,1000000.0
SAC,2layers,all-actor,fgelu,0.4,Cartpole-Swingup,735971389.0151978,85613434.61741303,5,805.7547729492187,26.048063604107995,5,100.0,10000.0,1000000.0
SAC,2layers,all-actor,fgelu,0.4,Cheetah-Run,488305213.0291462,39955523.09341484,5,684.0268676757812,68.54782066096703,5,100.0,10000.0,1000000.0
SAC,2layers,all-actor,fgelu,0.4,Finger-Spin,772679000.0,39219039.28578566,5,894.6,23.26585480914038,5,100.0,10000.0,1000000.0
SAC,2layers,all-actor,fgelu,0.4,HalfCheetah-v4,7567559511.648178,684201488.2070643,5,9865.853125,1038.1638182065344,5,100.0,10000.0,1000000.0
SAC,2layers,all-actor,fgelu,0.4,Hopper-v4,2484420741.1842346,383268976.58318794,5,3383.382568359375,130.4371546889013,5,100.0,10000.0,1000000.0
SAC,2layers,all-actor,fgelu,0.4,Humanoid-v4,3612932444.5495605,147493301.18092063,5,5565.8498046875,91.77880555996535,5,100.0,10000.0,1000000.0
SAC,2layers,all-actor,fgelu,0.4,Walker-Walk,818643578.4053802,48695904.39792852,5,953.0321044921875,51.45129612748484,5,100.0,10000.0,1000000.0
SAC,2layers,all-actor,fgelu,0.5,Ant-v4,2746379749.148369,618946253.0931028,5,5063.47958984375,1211.6507472463804,5,100.0,10000.0,1000000.0
SAC,2layers,all-actor,fgelu,0.5,Cartpole-Swingup,778558206.993103,17317622.27152369,5,839.9282470703125,12.598515296714995,5,100.0,10000.0,1000000.0
SAC,2layers,all-actor,fgelu,0.5,Cheetah-Run,471717380.73158264,38429740.355517805,5,619.5738525390625,60.87723497411907,5,100.0,10000.0,1000000.0
SAC,2layers,all-actor,fgelu,0.5,Finger-Spin,753411000.0,29288057.59178986,5,873.8,39.0217887852415,5,100.0,10000.0,1000000.0
SAC,2layers,all-actor,fgelu,0.5,HalfCheetah-v4,6158070826.455116,2402649211.1145625,5,8058.472607421875,3323.372935374599,5,100.0,10000.0,1000000.0
SAC,2layers,all-actor,fgelu,0.5,Hopper-v4,2217444545.162201,266109296.10644028,5,2576.438134765625,1171.8920035498597,5,100.0,10000.0,1000000.0
SAC,2layers,all-actor,fgelu,0.5,Humanoid-v4,3975592853.6987305,337097863.7623817,5,5667.50712890625,230.74510497044585,5,100.0,10000.0,1000000.0
SAC,2layers,all-actor,fgelu,0.5,Walker-Walk,737037854.3376923,68113081.94767015,5,916.0366333007812,84.50278040400845,5,100.0,10000.0,1000000.0
SAC,2layers,all-actor,flrelu,0.1,Ant-v4,2390661557.655552,619645059.5022849,5,4680.348115855022,679.89947305985,5,100.0,10000.0,1000000.0
SAC,2layers,all-actor,flrelu,0.1,Cartpole-Swingup,780872284.4753845,26890949.055023152,5,839.8684349834257,21.033929513244548,5,100.0,10000.0,1000000.0
SAC,2layers,all-actor,flrelu,0.1,Cheetah-Run,505673205.40080947,29760054.963643022,5,674.3887271673939,67.7908806893981,5,100.0,10000.0,1000000.0
SAC,2layers,all-actor,flrelu,0.1,Finger-Spin,756493000.0,18501875.78328209,5,894.0,27.504545078950134,5,100.0,10000.0,1000000.0
SAC,2layers,all-actor,flrelu,0.1,HalfCheetah-v4,5919978619.455446,2315830009.6929774,5,7915.65507124725,3266.6212446671793,5,100.0,10000.0,1000000.0
SAC,2layers,all-actor,flrelu,0.1,Hopper-v4,2424732557.2468195,371791722.75361043,5,3431.7527947886338,104.61044799806784,5,100.0,10000.0,1000000.0
SAC,2layers,all-actor,flrelu,0.1,Humanoid-v4,3627656759.941701,143743616.6879405,5,5414.277968352564,132.88404249046783,5,100.0,10000.0,1000000.0
SAC,2layers,all-actor,flrelu,0.1,Walker-Walk,824994320.9287096,47471720.328123935,5,921.546431663475,54.96780901753828,5,100.0,10000.0,1000000.0
SAC,2layers,all-actor,flrelu,0.2,Ant-v4,2782033048.859934,917759348.3014287,5,4548.399624956886,1858.848009939761,5,100.0,10000.0,1000000.0
SAC,2layers,all-actor,flrelu,0.2,Cartpole-Swingup,766302857.7300402,34104699.53890395,5,758.9428535869405,117.09059416731185,5,100.0,10000.0,1000000.0
SAC,2layers,all-actor,flrelu,0.2,Cheetah-Run,457862239.4050001,84188693.90008843,5,588.7521005524246,97.4314847053458,5,100.0,10000.0,1000000.0
SAC,2layers,all-actor,flrelu,0.2,Finger-Spin,737302000.0,111134010.52333172,5,886.8,51.47037983151087,5,100.0,10000.0,1000000.0
SAC,2layers,all-actor,flrelu,0.2,HalfCheetah-v4,6379804963.017696,2637369760.0210686,5,8478.736570773366,3598.510240001923,5,100.0,10000.0,1000000.0
SAC,2layers,all-actor,flrelu,0.2,Hopper-v4,2302423374.412225,604234823.5469184,5,3143.480475688583,571.2693985829885,5,100.0,10000.0,1000000.0
SAC,2layers,all-actor,flrelu,0.2,Humanoid-v4,3530612229.0328584,240541524.60353446,5,5380.531084911529,61.90708346632793,5,100.0,10000.0,1000000.0
SAC,2layers,all-actor,flrelu,0.2,Walker-Walk,823483066.7337711,80877165.12684533,5,920.8597127886621,94.98205501065208,5,100.0,10000.0,1000000.0
SAC,2layers,all-actor,flrelu,0.3,Ant-v4,2896378921.3141274,317489838.5297322,5,5257.497736245356,443.6540750229856,5,100.0,10000.0,1000000.0
SAC,2layers,all-actor,flrelu,0.3,Cartpole-Swingup,796849459.8152974,9293297.789422536,5,840.1035506426877,13.197843765133335,5,100.0,10000.0,1000000.0
SAC,2layers,all-actor,flrelu,0.3,Cheetah-Run,500284565.60570157,26112805.005565573,5,655.1424639847453,45.110922804784636,5,100.0,10000.0,1000000.0
SAC,2layers,all-actor,flrelu,0.3,Finger-Spin,813040000.0,35017247.000585295,5,921.6,35.416098034650844,5,100.0,10000.0,1000000.0
SAC,2layers,all-actor,flrelu,0.3,HalfCheetah-v4,5275285489.193619,2543720598.9000025,5,7041.522758347363,3071.1105083497137,5,100.0,10000.0,1000000.0
SAC,2layers,all-actor,flrelu,0.3,Hopper-v4,2555102471.086585,120288881.25409314,5,3220.3461298249495,405.81495204236575,5,100.0,10000.0,1000000.0
SAC,2layers,all-actor,flrelu,0.3,Humanoid-v4,3784277307.8708673,143418068.96164477,5,5475.895018874012,347.7329305952785,5,100.0,10000.0,1000000.0
SAC,2layers,all-actor,flrelu,0.3,Walker-Walk,822889807.9481949,34762199.56995121,5,965.4072897244802,25.457187487535478,5,100.0,10000.0,1000000.0
SAC,2layers,all-actor,flrelu,0.4,Ant-v4,3136955607.516839,1151581288.1865997,5,5055.6201430999745,1178.0329265562618,5,100.0,10000.0,1000000.0
SAC,2layers,all-actor,flrelu,0.4,Cartpole-Swingup,777806393.4018223,18295184.232114833,5,802.132079993479,62.5254666888218,5,100.0,10000.0,1000000.0
SAC,2layers,all-actor,flrelu,0.4,Cheetah-Run,471546228.15771484,33360213.648295265,5,626.7102946038324,81.34549321283738,5,100.0,10000.0,1000000.0
SAC,2layers,all-actor,flrelu,0.4,Finger-Spin,799054000.0,28409074.562540743,5,897.6,38.08280451857504,5,100.0,10000.0,1000000.0
SAC,2layers,all-actor,flrelu,0.4,HalfCheetah-v4,5703706790.153643,2139540823.8385112,5,7478.968209795287,2900.6763010485897,5,100.0,10000.0,1000000.0
SAC,2layers,all-actor,flrelu,0.4,Hopper-v4,2553582857.563159,328081612.27276355,5,2831.5695160305454,611.6814426561826,5,100.0,10000.0,1000000.0
SAC,2layers,all-actor,flrelu,0.4,Humanoid-v4,3821166471.328055,136638785.4479513,5,5231.219890406764,890.0418698459553,5,100.0,10000.0,1000000.0
SAC,2layers,all-actor,flrelu,0.4,Walker-Walk,732130816.4661285,119228892.61090276,5,864.064880577539,121.14555033709564,5,100.0,10000.0,1000000.0
SAC,2layers,all-actor,flrelu,0.5,Ant-v4,3016522024.8826118,851105926.7483945,5,4306.696367094561,1726.2626630631876,5,100.0,10000.0,1000000.0
SAC,2layers,all-actor,flrelu,0.5,Cartpole-Swingup,776827742.2799072,26325154.90537491,5,812.1350155303987,23.85139511358534,5,100.0,10000.0,1000000.0
SAC,2layers,all-actor,flrelu,0.5,Cheetah-Run,461255905.037321,51598638.19559848,5,601.0435625344526,26.847531276701936,5,100.0,10000.0,1000000.0
SAC,2layers,all-actor,flrelu,0.5,Finger-Spin,756122000.0,49844151.562645756,5,885.6,18.91560202584099,5,100.0,10000.0,1000000.0
SAC,2layers,all-actor,flrelu,0.5,HalfCheetah-v4,6332230095.153991,2714403540.9592395,5,7951.999428802304,3550.4238049595497,5,100.0,10000.0,1000000.0
SAC,2layers,all-actor,flrelu,0.5,Hopper-v4,2389051237.153225,421162495.81670845,5,3334.518205880014,214.69079754872243,5,100.0,10000.0,1000000.0
SAC,2layers,all-actor,flrelu,0.5,Humanoid-v4,3894723322.571247,242789269.32206345,5,5073.952175700132,887.5183027865921,5,100.0,10000.0,1000000.0
SAC,2layers,all-actor,flrelu,0.5,Walker-Walk,793427879.8859383,93386426.76394552,5,925.5617287374214,95.41532488141961,5,100.0,10000.0,1000000.0
SAC,2layers,all-actor,fprelu,0.1,Ant-v4,2593227296.3463864,918472280.0111934,5,3439.5699451842825,2185.451297666122,5,100.0,10000.0,1000000.0
SAC,2layers,all-actor,fprelu,0.1,Cartpole-Swingup,773530922.6727983,7453907.709672098,5,776.597179709676,68.0832540773752,5,100.0,10000.0,1000000.0
SAC,2layers,all-actor,fprelu,0.1,Cheetah-Run,494028868.7970788,42607057.88081779,5,676.7318909205542,54.83428991447634,5,100.0,10000.0,1000000.0
SAC,2layers,all-actor,fprelu,0.1,Finger-Spin,753954000.0,23110968.283479612,5,881.2,38.95125158451267,5,100.0,10000.0,1000000.0
SAC,2layers,all-actor,fprelu,0.1,HalfCheetah-v4,6063842834.3011875,2695748794.299215,5,7874.876171772436,3728.5903364561855,5,100.0,10000.0,1000000.0
SAC,2layers,all-actor,fprelu,0.1,Hopper-v4,2193231632.6255846,261223176.85770974,5,3368.97973557932,91.18799696948783,5,100.0,10000.0,1000000.0
SAC,2layers,all-actor,fprelu,0.1,Humanoid-v4,3725842179.9166756,228585965.56650254,5,5502.387028865413,395.26127387356917,5,100.0,10000.0,1000000.0
SAC,2layers,all-actor,fprelu,0.1,Walker-Walk,784946483.9698157,130872554.06593053,5,906.7194058775528,111.88092129461124,5,100.0,10000.0,1000000.0
SAC,2layers,all-actor,fprelu,0.2,Ant-v4,2963411673.917756,762615853.1419733,5,4877.2252876577795,1068.1848525536097,5,100.0,10000.0,1000000.0
SAC,2layers,all-actor,fprelu,0.2,Cartpole-Swingup,773291575.0635233,23881732.239916846,5,784.8559748379764,129.06387238982202,5,100.0,10000.0,1000000.0
SAC,2layers,all-actor,fprelu,0.2,Cheetah-Run,463520182.4120368,69573337.81960946,5,606.1177259242799,126.65986826433446,5,100.0,10000.0,1000000.0
SAC,2layers,all-actor,fprelu,0.2,Finger-Spin,755365000.0,31040168.93478513,5,865.4,21.125813593800356,5,100.0,10000.0,1000000.0
SAC,2layers,all-actor,fprelu,0.2,HalfCheetah-v4,7294305559.941691,1184429587.473185,5,9658.413584600301,1668.209624874621,5,100.0,10000.0,1000000.0
SAC,2layers,all-actor,fprelu,0.2,Hopper-v4,2550169632.3664303,171633512.04223484,5,3477.14492453842,156.0137669949901,5,100.0,10000.0,1000000.0
SAC,2layers,all-actor,fprelu,0.2,Humanoid-v4,3586947453.387076,320436546.62255204,5,5451.953089968817,157.73970507742084,5,100.0,10000.0,1000000.0
SAC,2layers,all-actor,fprelu,0.2,Walker-Walk,761596715.1484267,95286301.07233974,5,878.1745622521,96.47618035583818,5,100.0,10000.0,1000000.0
SAC,2layers,all-actor,fprelu,0.3,Ant-v4,2908642314.5700502,1001939462.3802724,5,3904.005527506744,1482.084189197186,5,100.0,10000.0,1000000.0
SAC,2layers,all-actor,fprelu,0.3,Cartpole-Swingup,763179898.7602322,34235050.1719228,5,838.5427022718334,21.4242571294492,5,100.0,10000.0,1000000.0
SAC,2layers,all-actor,fprelu,0.3,Cheetah-Run,536997136.2512954,17384268.571691025,5,732.4854867863885,39.563178933458246,5,100.0,10000.0,1000000.0
SAC,2layers,all-actor,fprelu,0.3,Finger-Spin,753036000.0,57074754.86149721,5,876.4,29.056840846864272,5,100.0,10000.0,1000000.0
SAC,2layers,all-actor,fprelu,0.3,HalfCheetah-v4,7397996096.163223,794532394.7588867,5,10078.6501843921,817.5137882436806,5,100.0,10000.0,1000000.0
SAC,2layers,all-actor,fprelu,0.3,Hopper-v4,2813165298.8031626,215352279.95182875,5,3376.0366996630955,349.23641873006466,5,100.0,10000.0,1000000.0
SAC,2layers,all-actor,fprelu,0.3,Humanoid-v4,3385777091.7727933,208479683.68957588,5,4744.39295954233,1606.2468458541819,5,100.0,10000.0,1000000.0
SAC,2layers,all-actor,fprelu,0.3,Walker-Walk,816563215.376971,84794696.58981459,5,921.5139182311792,97.94099659379724,5,100.0,10000.0,1000000.0
SAC,2layers,all-actor,fprelu,0.4,Ant-v4,3440829967.3727493,390450005.8696867,5,5455.093755681858,825.9076677435708,5,100.0,10000.0,1000000.0
SAC,2layers,all-actor,fprelu,0.4,Cartpole-Swingup,768120237.164776,29898725.81065541,5,823.3112150367072,12.11607692026815,5,100.0,10000.0,1000000.0
SAC,2layers,all-actor,fprelu,0.4,Cheetah-Run,468976924.6522074,22468825.47667587,5,646.058155500684,35.87304081955423,5,100.0,10000.0,1000000.0
SAC,2layers,all-actor,fprelu,0.4,Finger-Spin,760745000.0,52350738.17531134,5,883.2,61.70251210445162,5,100.0,10000.0,1000000.0
SAC,2layers,all-actor,fprelu,0.4,HalfCheetah-v4,7392656047.411463,851188311.1894386,5,9864.506920347336,984.6480890896553,5,100.0,10000.0,1000000.0
SAC,2layers,all-actor,fprelu,0.4,Hopper-v4,2414852627.961998,407500143.70652777,5,3032.992856564589,983.922196415958,5,100.0,10000.0,1000000.0
SAC,2layers,all-actor,fprelu,0.4,Humanoid-v4,3793294334.5864363,168469052.3834774,5,5648.31801493902,108.46033263728049,5,100.0,10000.0,1000000.0
SAC,2layers,all-actor,fprelu,0.4,Walker-Walk,790504597.3243473,112509062.57536264,5,914.4848032193828,124.95332190116162,5,100.0,10000.0,1000000.0
SAC,2layers,all-actor,fprelu,0.5,Ant-v4,3168912173.7463317,815322107.7860155,5,4795.15580564162,1137.458929440485,5,100.0,10000.0,1000000.0
SAC,2layers,all-actor,fprelu,0.5,Cartpole-Swingup,772810015.8071892,26152814.9265889,5,816.0399518273765,34.4301402883861,5,100.0,10000.0,1000000.0
SAC,2layers,all-actor,fprelu,0.5,Cheetah-Run,522298790.93888104,44785136.22402019,5,650.5462017373782,108.80949250584595,5,100.0,10000.0,1000000.0
SAC,2layers,all-actor,fprelu,0.5,Finger-Spin,787795000.0,42361083.99816982,5,901.0,40.44131550778237,5,100.0,10000.0,1000000.0
SAC,2layers,all-actor,fprelu,0.5,HalfCheetah-v4,7249921891.424988,762271865.0044011,5,9530.501865998198,1134.2176725126067,5,100.0,10000.0,1000000.0
SAC,2layers,all-actor,fprelu,0.5,Hopper-v4,2685747058.794844,168579492.65529016,5,3128.3447045054954,819.7860998140972,5,100.0,10000.0,1000000.0
SAC,2layers,all-actor,fprelu,0.5,Humanoid-v4,3735938807.1290064,161834623.5272816,5,5492.071147374006,49.563259794388635,5,100.0,10000.0,1000000.0
SAC,2layers,all-actor,fprelu,0.5,Walker-Walk,820894311.6270564,61622867.671505764,5,961.9270254505379,19.969112639358652,5,100.0,10000.0,1000000.0
SAC,2layers,all-actor,frelu,0.1,Ant-v4,2668199832.149082,293458125.88194346,5,3792.868039798451,2049.7045109416713,5,100.0,10000.0,1000000.0
SAC,2layers,all-actor,frelu,0.1,Cartpole-Swingup,758635621.8132566,36036584.19028134,5,835.3214921877989,20.383200018885006,5,100.0,10000.0,1000000.0
SAC,2layers,all-actor,frelu,0.1,Cheetah-Run,445162788.6576049,17943068.72843862,5,630.0859998163558,49.708245701171876,5,100.0,10000.0,1000000.0
SAC,2layers,all-actor,frelu,0.1,Finger-Spin,765661000.0,35462956.97625903,5,880.2,29.99499958326388,5,100.0,10000.0,1000000.0
SAC,2layers,all-actor,frelu,0.1,HalfCheetah-v4,7179968916.376282,663052682.173296,5,9657.8537177184,478.44685489601085,5,100.0,10000.0,1000000.0
SAC,2layers,all-actor,frelu,0.1,Hopper-v4,2292606042.0593805,421740000.56445765,5,3024.222032140288,936.3986661451523,5,100.0,10000.0,1000000.0
SAC,2layers,all-actor,frelu,0.1,Humanoid-v4,3629909790.6757593,232368059.79336846,5,5558.52202739271,173.2686811604304,5,100.0,10000.0,1000000.0
SAC,2layers,all-actor,frelu,0.1,Walker-Walk,762430485.9675508,111946234.27907026,5,864.9648244417867,108.38873657033862,5,100.0,10000.0,1000000.0
SAC,2layers,all-actor,frelu,0.2,Ant-v4,2986047059.361294,403888264.75037456,5,5274.778486549799,469.0869027936218,5,100.0,10000.0,1000000.0
SAC,2layers,all-actor,frelu,0.2,Cartpole-Swingup,777833730.0094125,27482924.21144476,5,837.4034873183115,26.9163241265205,5,100.0,10000.0,1000000.0
SAC,2layers,all-actor,frelu,0.2,Cheetah-Run,480685630.98520786,55937074.80496401,5,646.8441899552279,59.34381305770039,5,100.0,10000.0,1000000.0
SAC,2layers,all-actor,frelu,0.2,Finger-Spin,718692000.0,140444686.33593798,5,833.2,151.6746518044462,5,100.0,10000.0,1000000.0
SAC,2layers,all-actor,frelu,0.2,HalfCheetah-v4,6204564244.320905,1100793590.3911364,5,8414.740804632645,1344.0069317730201,5,100.0,10000.0,1000000.0
SAC,2layers,all-actor,frelu,0.2,Hopper-v4,2313933076.44506,376475468.87967616,5,2400.5878132145544,1040.7358268989396,5,100.0,10000.0,1000000.0
SAC,2layers,all-actor,frelu,0.2,Humanoid-v4,3691681688.9409437,210679365.59630165,5,5615.391305107983,204.68308724673062,5,100.0,10000.0,1000000.0
SAC,2layers,all-actor,frelu,0.2,Walker-Walk,757078120.4324716,62509472.60917989,5,875.5662295502179,64.20919395560249,5,100.0,10000.0,1000000.0
SAC,2layers,all-actor,frelu,0.3,Ant-v4,2487886483.2090406,806620241.1592418,5,4353.158580707992,1006.0274791152283,5,100.0,10000.0,1000000.0
SAC,2layers,all-actor,frelu,0.3,Cartpole-Swingup,777792641.7902981,21519035.71823266,5,845.854393576501,7.284120167038632,5,100.0,10000.0,1000000.0
SAC,2layers,all-actor,frelu,0.3,Cheetah-Run,461418501.75459987,67265918.29178698,5,638.7622524153826,46.78279042399127,5,100.0,10000.0,1000000.0
SAC,2layers,all-actor,frelu,0.3,Finger-Spin,742404000.0,46430140.72237989,5,858.0,46.90948731333566,5,100.0,10000.0,1000000.0
SAC,2layers,all-actor,frelu,0.3,HalfCheetah-v4,6613291706.054419,2840951986.997969,5,8995.235556250662,4053.0522975612057,5,100.0,10000.0,1000000.0
SAC,2layers,all-actor,frelu,0.3,Hopper-v4,2336275945.25776,249198637.42423314,5,3036.3139286253972,823.0153266194993,5,100.0,10000.0,1000000.0
SAC,2layers,all-actor,frelu,0.3,Humanoid-v4,3901524432.2664785,248589122.99255288,5,5626.464897771822,252.9045732887985,5,100.0,10000.0,1000000.0
SAC,2layers,all-actor,frelu,0.3,Walker-Walk,787624853.6091201,84517085.5462456,5,922.4769492679352,74.78248733390963,5,100.0,10000.0,1000000.0
SAC,2layers,all-actor,frelu,0.4,Ant-v4,2958928510.5209546,714950108.4448268,5,4667.587969317605,1023.1436824075791,5,100.0,10000.0,1000000.0
SAC,2layers,all-actor,frelu,0.4,Cartpole-Swingup,787407850.9816815,4656227.933546363,5,831.4824676405636,18.424096903626413,5,100.0,10000.0,1000000.0
SAC,2layers,all-actor,frelu,0.4,Cheetah-Run,463748066.9544014,47942790.45915933,5,629.6502984524375,40.0854155856021,5,100.0,10000.0,1000000.0
SAC,2layers,all-actor,frelu,0.4,Finger-Spin,754757000.0,43713651.271656536,5,864.2,27.76148411018404,5,100.0,10000.0,1000000.0
SAC,2layers,all-actor,frelu,0.4,HalfCheetah-v4,5996219220.911628,2464481544.4959326,5,7655.834434460919,3144.044453932694,5,100.0,10000.0,1000000.0
SAC,2layers,all-actor,frelu,0.4,Hopper-v4,2497469805.8539443,265310449.4796216,5,2797.8961531369705,819.8668174628566,5,100.0,10000.0,1000000.0
SAC,2layers,all-actor,frelu,0.4,Humanoid-v4,3723559201.4336157,179439232.93552294,5,4764.552206413265,1254.6789167309316,5,100.0,10000.0,1000000.0
SAC,2layers,all-actor,frelu,0.4,Walker-Walk,787182858.6428818,80459357.27834216,5,902.5524662596493,73.69140253040855,5,100.0,10000.0,1000000.0
SAC,2layers,all-actor,frelu,0.5,Ant-v4,2642410316.0232215,1336819574.9770546,5,3932.7165642998834,1901.8856149756732,5,100.0,10000.0,1000000.0
SAC,2layers,all-actor,frelu,0.5,Cartpole-Swingup,768409071.9301387,24166030.994603407,5,816.2088172938795,34.065614395581356,5,100.0,10000.0,1000000.0
SAC,2layers,all-actor,frelu,0.5,Cheetah-Run,495264066.91747034,16605094.807597436,5,666.304557401227,23.730530635799948,5,100.0,10000.0,1000000.0
SAC,2layers,all-actor,frelu,0.5,Finger-Spin,784189000.0,27640726.835595332,5,898.2,14.394443372357255,5,100.0,10000.0,1000000.0
SAC,2layers,all-actor,frelu,0.5,HalfCheetah-v4,5235101119.677782,2178027168.169065,5,6619.544409910033,2710.376893682341,5,100.0,10000.0,1000000.0
SAC,2layers,all-actor,frelu,0.5,Hopper-v4,2643832442.387762,259558405.28939387,5,3481.1514565599145,99.05135510211736,5,100.0,10000.0,1000000.0
SAC,2layers,all-actor,frelu,0.5,Humanoid-v4,3802468618.354963,165690264.33979255,5,4680.441540624599,2037.1023534408534,5,100.0,10000.0,1000000.0
SAC,2layers,all-actor,frelu,0.5,Walker-Walk,694616326.7121029,85151175.71227445,5,879.7459879463786,108.65520791529416,5,100.0,10000.0,1000000.0
SAC,2layers,all-actor,fswish,0.1,Ant-v4,2449613618.0636883,604788537.3077728,5,4592.178369140625,1504.7947091261624,5,100.0,10000.0,1000000.0
SAC,2layers,all-actor,fswish,0.1,Cartpole-Swingup,779530213.6688232,3933224.741519492,5,815.9320190429687,34.063412931478034,5,100.0,10000.0,1000000.0
SAC,2layers,all-actor,fswish,0.1,Cheetah-Run,470832229.0058136,25869138.905057926,5,643.040234375,35.08357021920017,5,100.0,10000.0,1000000.0
SAC,2layers,all-actor,fswish,0.1,Finger-Spin,759858000.0,33260295.887138467,5,881.2,38.140529624010206,5,100.0,10000.0,1000000.0
SAC,2layers,all-actor,fswish,0.1,HalfCheetah-v4,8020715089.400291,492061919.51095074,5,10571.841796875,817.1849477931589,5,100.0,10000.0,1000000.0
SAC,2layers,all-actor,fswish,0.1,Hopper-v4,2328302924.9572754,362723862.14549905,5,3010.890771484375,1001.7088364657207,5,100.0,10000.0,1000000.0
SAC,2layers,all-actor,fswish,0.1,Humanoid-v4,3671116100.5859375,202816765.11022976,5,4664.135400390625,1853.556765167576,5,100.0,10000.0,1000000.0
SAC,2layers,all-actor,fswish,0.1,Walker-Walk,790801377.5444031,115501098.87918866,5,882.8159545898437,108.81120347204775,5,100.0,10000.0,1000000.0
SAC,2layers,all-actor,fswish,0.2,Ant-v4,2400820790.222645,656571860.329869,5,4079.0714599609373,1592.762408867403,5,100.0,10000.0,1000000.0
SAC,2layers,all-actor,fswish,0.2,Cartpole-Swingup,755666288.8455391,52398354.42423134,5,824.9698608398437,26.2374652933453,5,100.0,10000.0,1000000.0
SAC,2layers,all-actor,fswish,0.2,Cheetah-Run,456837359.169364,57921136.457509756,5,609.7373291015625,77.14496279753502,5,100.0,10000.0,1000000.0
SAC,2layers,all-actor,fswish,0.2,Finger-Spin,725463000.0,56602452.53078705,5,875.0,27.901612856607404,5,100.0,10000.0,1000000.0
SAC,2layers,all-actor,fswish,0.2,HalfCheetah-v4,6607599955.200195,2813662285.1959815,5,8815.622436523438,3992.5524834984017,5,100.0,10000.0,1000000.0
SAC,2layers,all-actor,fswish,0.2,Hopper-v4,2456460087.966919,390034602.674613,5,3018.644384765625,575.6923255610642,5,100.0,10000.0,1000000.0
SAC,2layers,all-actor,fswish,0.2,Humanoid-v4,3618377572.6623535,271885892.26240355,5,5632.62314453125,227.78847374281173,5,100.0,10000.0,1000000.0
SAC,2layers,all-actor,fswish,0.2,Walker-Walk,766243558.5441589,110162262.23420711,5,891.6761352539063,107.8726086177527,5,100.0,10000.0,1000000.0
SAC,2layers,all-actor,fswish,0.3,Ant-v4,2500872080.2628994,507398166.95176715,5,4733.232421875,1030.1029055858462,5,100.0,10000.0,1000000.0
SAC,2layers,all-actor,fswish,0.3,Cartpole-Swingup,781377041.0614014,11999355.46209251,5,833.2530029296875,29.01786176897606,5,100.0,10000.0,1000000.0
SAC,2layers,all-actor,fswish,0.3,Cheetah-Run,455565600.7037163,50462753.40491679,5,630.0627075195313,67.16102297711528,5,100.0,10000.0,1000000.0
SAC,2layers,all-actor,fswish,0.3,Finger-Spin,767683000.0,71902396.30916344,5,885.4,57.62638284674824,5,100.0,10000.0,1000000.0
SAC,2layers,all-actor,fswish,0.3,HalfCheetah-v4,7962845666.851044,665220047.7922997,5,10340.9177734375,999.4378429115253,5,100.0,10000.0,1000000.0
SAC,2layers,all-actor,fswish,0.3,Hopper-v4,2355371873.0506897,411656126.67363685,5,2435.8982666015627,788.8781979071879,5,100.0,10000.0,1000000.0
SAC,2layers,all-actor,fswish,0.3,Humanoid-v4,3378997728.0578613,135610024.91998905,5,5542.44443359375,173.18599608225057,5,100.0,10000.0,1000000.0
SAC,2layers,all-actor,fswish,0.3,Walker-Walk,779286388.8788223,98509896.07629734,5,898.81943359375,84.60775362231436,5,100.0,10000.0,1000000.0
SAC,2layers,all-actor,fswish,0.4,Ant-v4,2622670533.481598,886589619.5627478,5,4410.085668945312,2177.955028676444,5,100.0,10000.0,1000000.0
SAC,2layers,all-actor,fswish,0.4,Cartpole-Swingup,768461474.5941162,28241809.07501326,5,831.36962890625,18.195227476142872,5,100.0,10000.0,1000000.0
SAC,2layers,all-actor,fswish,0.4,Cheetah-Run,386961409.10705924,54631715.86957809,5,552.6534423828125,91.24895141544657,5,100.0,10000.0,1000000.0
SAC,2layers,all-actor,fswish,0.4,Finger-Spin,778455000.0,51644722.8669106,5,908.2,48.78729342769486,5,100.0,10000.0,1000000.0
SAC,2layers,all-actor,fswish,0.4,HalfCheetah-v4,7750131731.359482,1088161740.4852903,5,8565.744189453126,4277.954508001664,5,100.0,10000.0,1000000.0
SAC,2layers,all-actor,fswish,0.4,Hopper-v4,2420431486.869812,333759961.5595767,5,2499.8123046875,938.463649765008,5,100.0,10000.0,1000000.0
SAC,2layers,all-actor,fswish,0.4,Humanoid-v4,3493010738.861084,121299181.36394386,5,5578.1560546875,61.12415413339496,5,100.0,10000.0,1000000.0
SAC,2layers,all-actor,fswish,0.4,Walker-Walk,839463608.6730957,21884843.395340294,5,971.4431518554687,15.812240411607542,5,100.0,10000.0,1000000.0
SAC,2layers,all-actor,fswish,0.5,Ant-v4,2534486476.0422707,829470857.92855,5,4565.31005859375,1385.8263913455228,5,100.0,10000.0,1000000.0
SAC,2layers,all-actor,fswish,0.5,Cartpole-Swingup,784616210.5140686,19912415.12852368,5,835.4281616210938,19.10349644673734,5,100.0,10000.0,1000000.0
SAC,2layers,all-actor,fswish,0.5,Cheetah-Run,451712760.3256405,11896124.9457514,5,579.6768310546875,69.48729541223628,5,100.0,10000.0,1000000.0
SAC,2layers,all-actor,fswish,0.5,Finger-Spin,796441000.0,12287273.599135,5,917.2,41.93089553062275,5,100.0,10000.0,1000000.0
SAC,2layers,all-actor,fswish,0.5,HalfCheetah-v4,6966969105.102539,913941615.9847102,5,9484.04833984375,1257.16927106956,5,100.0,10000.0,1000000.0
SAC,2layers,all-actor,fswish,0.5,Hopper-v4,2314144538.6505127,289547191.22305506,5,2493.449169921875,1254.7250658557348,5,100.0,10000.0,1000000.0
SAC,2layers,all-actor,fswish,0.5,Humanoid-v4,3485654725.7385254,295654613.50360316,5,4645.794201660156,2068.254629436811,5,100.0,10000.0,1000000.0
SAC,2layers,all-actor,fswish,0.5,Walker-Walk,861976947.5650787,16493596.636388952,5,953.24892578125,20.21127259709698,5,100.0,10000.0,1000000.0
SAC,2layers,all-actor,gelu,NA,Ant-v4,2263733914.9131775,677006016.3751014,5,3394.2385498046874,1677.9995189702902,5,100.0,10000.0,1000000.0
SAC,2layers,all-actor,gelu,NA,Cartpole-Swingup,768423211.9598389,24118706.234475274,5,844.22939453125,10.495815747646471,5,100.0,10000.0,1000000.0
SAC,2layers,all-actor,gelu,NA,Cheetah-Run,456691850.5015373,90180051.37514989,5,585.4867126464844,102.17626331957085,5,100.0,10000.0,1000000.0
SAC,2layers,all-actor,gelu,NA,Finger-Spin,783614000.0,64171978.73682874,5,888.4,59.3952860082347,5,100.0,10000.0,1000000.0
SAC,2layers,all-actor,gelu,NA,HalfCheetah-v4,6660212441.146851,1031598782.4267037,5,9060.37646484375,1579.2964317295869,5,100.0,10000.0,1000000.0
SAC,2layers,all-actor,gelu,NA,Hopper-v4,2342473811.267853,361621896.00020117,5,3025.3944580078123,827.579926519998,5,100.0,10000.0,1000000.0
SAC,2layers,all-actor,gelu,NA,Humanoid-v4,3698209115.2038574,157821837.13955212,5,5564.108203125,139.35869998881748,5,100.0,10000.0,1000000.0
SAC,2layers,all-actor,gelu,NA,Walker-Walk,810048551.8398285,81305239.08438043,5,939.2846069335938,35.2725403754262,5,100.0,10000.0,1000000.0
SAC,2layers,all-actor,lrelu,NA,Ant-v4,3125500486.6685867,317517484.4015277,5,4979.283251953125,761.2527175455963,5,100.0,10000.0,1000000.0
SAC,2layers,all-actor,lrelu,NA,Cartpole-Swingup,767520617.1569824,20925105.611836284,5,828.7566772460938,16.12063247234711,5,100.0,10000.0,1000000.0
SAC,2layers,all-actor,lrelu,NA,Cheetah-Run,471952995.4805374,21954475.37714288,5,640.5817016601562,16.452202186138926,5,100.0,10000.0,1000000.0
SAC,2layers,all-actor,lrelu,NA,Finger-Spin,756190000.0,29846540.209880285,5,880.0,27.865749586185554,5,100.0,10000.0,1000000.0
SAC,2layers,all-actor,lrelu,NA,HalfCheetah-v4,6593052619.520187,2781611760.4904423,5,8434.644921875,3585.8513755557087,5,100.0,10000.0,1000000.0
SAC,2layers,all-actor,lrelu,NA,Hopper-v4,2380133461.856842,389013825.31359154,5,2329.6407958984373,1027.379822716898,5,100.0,10000.0,1000000.0
SAC,2layers,all-actor,lrelu,NA,Humanoid-v4,3649342253.90625,331157495.5585478,5,5559.29228515625,242.02984721886094,5,100.0,10000.0,1000000.0
SAC,2layers,all-actor,lrelu,NA,Walker-Walk,759286713.6688232,79134173.40758695,5,885.733251953125,63.661468145468106,5,100.0,10000.0,1000000.0
SAC,2layers,all-actor,prelu,NA,Ant-v4,3043922097.9247093,948017076.0521384,5,5309.91640625,541.0626336423302,5,100.0,10000.0,1000000.0
SAC,2layers,all-actor,prelu,NA,Cartpole-Swingup,777955152.4658203,15039014.18375273,5,824.9006469726562,56.42214978204847,5,100.0,10000.0,1000000.0
SAC,2layers,all-actor,prelu,NA,Cheetah-Run,499704259.7544193,36164855.73773724,5,673.1640380859375,49.72899174962543,5,100.0,10000.0,1000000.0
SAC,2layers,all-actor,prelu,NA,Finger-Spin,802343000.0,38591342.55244303,5,911.0,42.68489194082609,5,100.0,10000.0,1000000.0
SAC,2layers,all-actor,prelu,NA,HalfCheetah-v4,7344280860.486984,859157383.0626063,5,9847.10361328125,1550.9588507219519,5,100.0,10000.0,1000000.0
SAC,2layers,all-actor,prelu,NA,Hopper-v4,2248714659.96933,525600810.4413208,5,2946.9453125,1005.8334502369747,5,100.0,10000.0,1000000.0
SAC,2layers,all-actor,prelu,NA,Humanoid-v4,3518536747.970581,327009309.35329765,5,5487.36083984375,231.62869809739936,5,100.0,10000.0,1000000.0
SAC,2layers,all-actor,prelu,NA,Walker-Walk,823454181.1351776,52476144.23884999,5,936.4154418945312,79.5413070151938,5,100.0,10000.0,1000000.0
SAC,2layers,all-actor,swish,NA,Ant-v4,1779133794.1221,573217612.594196,5,3215.1414794921875,1420.3539361748994,5,100.0,10000.0,1000000.0
SAC,2layers,all-actor,swish,NA,Cartpole-Swingup,784696870.1095581,14726608.049569933,5,844.1939208984375,15.01138343080424,5,100.0,10000.0,1000000.0
SAC,2layers,all-actor,swish,NA,Cheetah-Run,491703514.1825676,34884336.70862812,5,651.8523559570312,39.50248575622435,5,100.0,10000.0,1000000.0
SAC,2layers,all-actor,swish,NA,Finger-Spin,761554000.0,17761190.979210835,5,884.6,10.644247272588132,5,100.0,10000.0,1000000.0
SAC,2layers,all-actor,swish,NA,HalfCheetah-v4,6762913247.238159,564721897.1969054,5,9176.2435546875,1269.7352223817143,5,100.0,10000.0,1000000.0
SAC,2layers,all-actor,swish,NA,Hopper-v4,2510512070.5537796,303415605.47088957,5,3166.288720703125,686.9519923690409,5,100.0,10000.0,1000000.0
SAC,2layers,all-actor,swish,NA,Humanoid-v4,3597877008.31604,183092612.96030322,5,5498.08642578125,224.48863738070457,5,100.0,10000.0,1000000.0
SAC,2layers,all-actor,swish,NA,Walker-Walk,838378758.7852478,14629617.873699326,5,959.8656372070312,17.50629544231581,5,100.0,10000.0,1000000.0
SAC,2layers,all-both,fgelu,0.1,Ant-v4,2981704149.7454643,658793686.2479941,5,4952.85986328125,953.9929297645554,5,100.0,10000.0,1000000.0
SAC,2layers,all-both,fgelu,0.1,Cartpole-Swingup,779808430.0231934,20159275.614972603,5,825.9037353515625,52.20115257520379,5,100.0,10000.0,1000000.0
SAC,2layers,all-both,fgelu,0.1,Cheetah-Run,484904607.24663734,24652457.415727425,5,632.0349731445312,40.567003248828506,5,100.0,10000.0,1000000.0
SAC,2layers,all-both,fgelu,0.1,Finger-Spin,809619000.0,51929164.42135384,5,923.0,54.62142436809938,5,100.0,10000.0,1000000.0
SAC,2layers,all-both,fgelu,0.1,HalfCheetah-v4,7618876212.49485,957738030.1432989,5,9799.6634765625,1588.9206133424211,5,100.0,10000.0,1000000.0
SAC,2layers,all-both,fgelu,0.1,Hopper-v4,2336735609.642029,418210992.6822332,5,2378.34296875,839.6829116465788,5,100.0,10000.0,1000000.0
SAC,2layers,all-both,fgelu,0.1,Humanoid-v4,3863098629.2266846,193426670.59206071,5,5285.865625,97.8132816352936,5,100.0,10000.0,1000000.0
SAC,2layers,all-both,fgelu,0.1,Walker-Walk,820395184.4015121,41121719.02815624,5,957.421044921875,22.719661949265827,5,100.0,10000.0,1000000.0
SAC,2layers,all-both,fgelu,0.2,Ant-v4,2868353662.834406,302574678.97341657,5,4680.28271484375,903.9778817915922,5,100.0,10000.0,1000000.0
SAC,2layers,all-both,fgelu,0.2,Cartpole-Swingup,723511121.1166382,78116629.67271408,5,803.8802490234375,68.15177791267858,5,100.0,10000.0,1000000.0
SAC,2layers,all-both,fgelu,0.2,Cheetah-Run,419522712.3606205,56293953.63606775,5,577.0458190917968,74.79805025867807,5,100.0,10000.0,1000000.0
SAC,2layers,all-both,fgelu,0.2,Finger-Spin,767289000.0,41060253.65240697,5,885.4,32.02811265123188,5,100.0,10000.0,1000000.0
SAC,2layers,all-both,fgelu,0.2,HalfCheetah-v4,6958317703.178406,1100167388.713747,5,8898.83203125,1532.205418993934,5,100.0,10000.0,1000000.0
SAC,2layers,all-both,fgelu,0.2,Hopper-v4,2146437314.3615723,437210766.4508997,5,2301.325390625,1095.0399745736056,5,100.0,10000.0,1000000.0
SAC,2layers,all-both,fgelu,0.2,Humanoid-v4,3541344224.7314453,171799064.31206506,5,5222.2669921875,60.08137099387704,5,100.0,10000.0,1000000.0
SAC,2layers,all-both,fgelu,0.2,Walker-Walk,810485723.0930328,83255712.87985525,5,909.4905029296875,76.19487361929953,5,100.0,10000.0,1000000.0
SAC,2layers,all-both,fgelu,0.3,Ant-v4,2644604873.764038,559006103.3276806,5,3493.225732421875,937.4663098077193,5,100.0,10000.0,1000000.0
SAC,2layers,all-both,fgelu,0.3,Cartpole-Swingup,777800653.2592773,22796333.5562051,5,839.4473754882813,27.042004472142132,5,100.0,10000.0,1000000.0
SAC,2layers,all-both,fgelu,0.3,Cheetah-Run,444000980.2621007,76705133.73938754,5,572.4416870117187,122.67198012488633,5,100.0,10000.0,1000000.0
SAC,2layers,all-both,fgelu,0.3,Finger-Spin,785139000.0,16782340.94219279,5,878.2,19.69009903479412,5,100.0,10000.0,1000000.0
SAC,2layers,all-both,fgelu,0.3,HalfCheetah-v4,8000194782.272339,378269512.40798885,5,10749.776171875,277.0282200177157,5,100.0,10000.0,1000000.0
SAC,2layers,all-both,fgelu,0.3,Hopper-v4,2435260552.394867,379991323.533239,5,1844.4848388671876,310.8592591805157,5,100.0,10000.0,1000000.0
SAC,2layers,all-both,fgelu,0.3,Humanoid-v4,3651759703.7963867,221612167.406972,5,4452.69814453125,1760.1310483020925,5,100.0,10000.0,1000000.0
SAC,2layers,all-both,fgelu,0.3,Walker-Walk,784091793.3473587,85851321.47062354,5,909.249951171875,61.86562058179058,5,100.0,10000.0,1000000.0
SAC,2layers,all-both,fgelu,0.4,Ant-v4,2750556482.331991,885766950.1434242,5,3983.965771484375,1984.2037875792441,5,100.0,10000.0,1000000.0
SAC,2layers,all-both,fgelu,0.4,Cartpole-Swingup,751854762.1612549,66855020.27716969,5,818.3097045898437,33.81638886908007,5,100.0,10000.0,1000000.0
SAC,2layers,all-both,fgelu,0.4,Cheetah-Run,496604608.0763936,22074960.840681404,5,647.9302124023437,36.3010181284786,5,100.0,10000.0,1000000.0
SAC,2layers,all-both,fgelu,0.4,Finger-Spin,780192000.0,42593507.66255346,5,900.0,15.066519173319358,5,100.0,10000.0,1000000.0
SAC,2layers,all-both,fgelu,0.4,HalfCheetah-v4,7750500183.940887,758077472.759521,5,9837.31708984375,1097.9140124212074,5,100.0,10000.0,1000000.0
SAC,2layers,all-both,fgelu,0.4,Hopper-v4,2675164301.2008667,237138626.4810123,5,3339.3435546875,96.63549929657071,5,100.0,10000.0,1000000.0
SAC,2layers,all-both,fgelu,0.4,Humanoid-v4,3759078234.8632812,78749947.41110075,5,5269.6421875,190.93107421176612,5,100.0,10000.0,1000000.0
SAC,2layers,all-both,fgelu,0.4,Walker-Walk,677739061.7580414,120440586.5420107,5,850.7986328125,110.10863270075977,5,100.0,10000.0,1000000.0
SAC,2layers,all-both,fgelu,0.5,Ant-v4,2524313334.5975876,583065085.0866306,5,1771.746696472168,1976.7289783035187,5,100.0,10000.0,1000000.0
SAC,2layers,all-both,fgelu,0.5,Cartpole-Swingup,750688097.0840454,44326787.87464624,5,790.8403076171875,44.26310844728512,5,100.0,10000.0,1000000.0
SAC,2layers,all-both,fgelu,0.5,Cheetah-Run,428605851.6497612,57035501.13993344,5,587.1792846679688,81.43486700044765,5,100.0,10000.0,1000000.0
SAC,2layers,all-both,fgelu,0.5,Finger-Spin,792314000.0,35626855.460452855,5,878.4,30.262187627466723,5,100.0,10000.0,1000000.0
SAC,2layers,all-both,fgelu,0.5,HalfCheetah-v4,7360311667.640686,766478440.2526231,5,9445.1263671875,1198.6341756955408,5,100.0,10000.0,1000000.0
SAC,2layers,all-both,fgelu,0.5,Hopper-v4,2736123990.4556274,118587387.1871898,5,3201.0294677734373,675.137516375224,5,100.0,10000.0,1000000.0
SAC,2layers,all-both,fgelu,0.5,Humanoid-v4,3637636303.009033,225505505.38302916,5,4353.383801269531,2001.4162442556817,5,100.0,10000.0,1000000.0
SAC,2layers,all-both,fgelu,0.5,Walker-Walk,744900351.0131836,78523952.00288333,5,858.2095336914062,82.87520771792613,5,100.0,10000.0,1000000.0
SAC,2layers,all-both,flrelu,0.1,Ant-v4,2811641708.953067,898638916.8334726,5,4572.042679489977,1704.379853529398,5,100.0,10000.0,1000000.0
SAC,2layers,all-both,flrelu,0.1,Cartpole-Swingup,774508182.2160431,32245852.99051597,5,811.537475642701,66.22738981795791,5,100.0,10000.0,1000000.0
SAC,2layers,all-both,flrelu,0.1,Cheetah-Run,452376447.2253698,66848069.6035346,5,626.0302725254184,87.30591467419544,5,100.0,10000.0,1000000.0
SAC,2layers,all-both,flrelu,0.1,Finger-Spin,776705000.0,35532139.85253351,5,905.4,44.32042418569569,5,100.0,10000.0,1000000.0
SAC,2layers,all-both,flrelu,0.1,HalfCheetah-v4,7228147436.870201,877635921.2742707,5,9545.895849017536,1108.3488180831614,5,100.0,10000.0,1000000.0
SAC,2layers,all-both,flrelu,0.1,Hopper-v4,2600491690.5584044,263718456.9820609,5,3160.586479624064,571.9055622742723,5,100.0,10000.0,1000000.0
SAC,2layers,all-both,flrelu,0.1,Humanoid-v4,3911903619.4672394,284432012.4654139,5,5684.235987307236,296.7403395865725,5,100.0,10000.0,1000000.0
SAC,2layers,all-both,flrelu,0.1,Walker-Walk,768051353.3290703,45204216.74247709,5,949.8986527720275,23.068303620219265,5,100.0,10000.0,1000000.0
SAC,2layers,all-both,flrelu,0.2,Ant-v4,2274664710.5944223,744993191.4616791,5,3960.7837528244067,1652.9499650553482,5,100.0,10000.0,1000000.0
SAC,2layers,all-both,flrelu,0.2,Cartpole-Swingup,772024739.2289431,21498024.376724023,5,820.3915007091894,45.81890957947547,5,100.0,10000.0,1000000.0
SAC,2layers,all-both,flrelu,0.2,Cheetah-Run,452724479.00254345,43219403.61819417,5,604.2939843238127,40.35569683980428,5,100.0,10000.0,1000000.0
SAC,2layers,all-both,flrelu,0.2,Finger-Spin,752707000.0,44401486.2645385,5,871.0,30.911163032147456,5,100.0,10000.0,1000000.0
SAC,2layers,all-both,flrelu,0.2,HalfCheetah-v4,6447396346.183849,906080147.7184644,5,7897.104232146198,1303.7560514652378,5,100.0,10000.0,1000000.0
SAC,2layers,all-both,flrelu,0.2,Hopper-v4,2341109280.906501,534310403.6219896,5,2641.618499713661,1175.6063176420478,5,100.0,10000.0,1000000.0
SAC,2layers,all-both,flrelu,0.2,Humanoid-v4,3634957949.0944033,261769765.94704524,5,5590.172902646162,98.52350420835442,5,100.0,10000.0,1000000.0
SAC,2layers,all-both,flrelu,0.2,Walker-Walk,719819590.3524797,124767916.09683539,5,893.9928609172208,140.64101393950645,5,100.0,10000.0,1000000.0
SAC,2layers,all-both,flrelu,0.3,Ant-v4,2583464107.7324324,881233089.0052209,5,4227.853352794093,1011.4726094839118,5,100.0,10000.0,1000000.0
SAC,2layers,all-both,flrelu,0.3,Cartpole-Swingup,751574656.8445053,26119298.723535683,5,799.2212683977712,66.46937093058975,5,100.0,10000.0,1000000.0
SAC,2layers,all-both,flrelu,0.3,Cheetah-Run,405570742.0300383,34581032.21556087,5,539.313864097958,28.41851332907092,5,100.0,10000.0,1000000.0
SAC,2layers,all-both,flrelu,0.3,Finger-Spin,742820000.0,52696911.67421484,5,867.6,39.125439294658406,5,100.0,10000.0,1000000.0
SAC,2layers,all-both,flrelu,0.3,HalfCheetah-v4,6388054596.76969,2650589083.3002553,5,8409.410875593192,3567.1787837168367,5,100.0,10000.0,1000000.0
SAC,2layers,all-both,flrelu,0.3,Hopper-v4,1950877375.8422046,799363354.0409107,5,2614.3061754793875,1217.5595996429543,5,100.0,10000.0,1000000.0
SAC,2layers,all-both,flrelu,0.3,Humanoid-v4,3716323809.444983,162876708.9478011,5,5629.631768874878,180.8786106071916,5,100.0,10000.0,1000000.0
SAC,2layers,all-both,flrelu,0.3,Walker-Walk,768242462.8976889,117642044.44256113,5,708.3884462879103,373.5988181788649,5,100.0,10000.0,1000000.0
SAC,2layers,all-both,flrelu,0.4,Ant-v4,1688164173.9682808,653684425.274272,5,2514.344135091527,1343.2789367591429,5,100.0,10000.0,1000000.0
SAC,2layers,all-both,flrelu,0.4,Cartpole-Swingup,777080653.108867,9375905.623909755,5,818.1633919036892,39.82545820026723,5,100.0,10000.0,1000000.0
SAC,2layers,all-both,flrelu,0.4,Cheetah-Run,409511419.98974895,36611171.75064614,5,477.0682185291863,137.4089029536665,5,100.0,10000.0,1000000.0
SAC,2layers,all-both,flrelu,0.4,Finger-Spin,773855000.0,20510699.03733172,5,884.2,24.78305872970487,5,100.0,10000.0,1000000.0
SAC,2layers,all-both,flrelu,0.4,HalfCheetah-v4,6216166943.663365,1015747460.0441707,5,7581.6623236049245,1352.9298744940597,5,100.0,10000.0,1000000.0
SAC,2layers,all-both,flrelu,0.4,Hopper-v4,2371886334.918988,363988273.48743445,5,3071.642719401331,652.6712214737845,5,100.0,10000.0,1000000.0
SAC,2layers,all-both,flrelu,0.4,Humanoid-v4,4107823214.7648,75285010.78630054,5,5708.448798992499,199.7937179349106,5,100.0,10000.0,1000000.0
SAC,2layers,all-both,flrelu,0.4,Walker-Walk,748160902.7126448,70001910.96379802,5,944.4569130799616,17.817856577845784,5,100.0,10000.0,1000000.0
SAC,2layers,all-both,flrelu,0.5,Ant-v4,1291649892.5656056,328150348.812183,5,2200.95168262985,888.2576540509784,5,100.0,10000.0,1000000.0
SAC,2layers,all-both,flrelu,0.5,Cartpole-Swingup,773819061.9455372,12229288.886451839,5,809.5530776715561,43.84374143322483,5,100.0,10000.0,1000000.0
SAC,2layers,all-both,flrelu,0.5,Cheetah-Run,368000242.18739897,27705470.829520404,5,485.09180048875197,46.1538250691283,5,100.0,10000.0,1000000.0
SAC,2layers,all-both,flrelu,0.5,Finger-Spin,730585000.0,51553817.51141228,5,894.2,47.27790181469562,5,100.0,10000.0,1000000.0
SAC,2layers,all-both,flrelu,0.5,HalfCheetah-v4,5891766289.992613,1928038610.0457757,5,7487.280572452759,2664.032742336741,5,100.0,10000.0,1000000.0
SAC,2layers,all-both,flrelu,0.5,Hopper-v4,2254565809.643374,1059714780.6408067,5,2757.2288968108874,1295.3551767563984,5,100.0,10000.0,1000000.0
SAC,2layers,all-both,flrelu,0.5,Humanoid-v4,3676898776.049838,177174247.78629908,5,5293.658904158709,66.08689022431408,5,100.0,10000.0,1000000.0
SAC,2layers,all-both,flrelu,0.5,Walker-Walk,565600731.2915163,82473539.97475398,5,789.3369497614298,126.95156797389372,5,100.0,10000.0,1000000.0
SAC,2layers,all-both,fprelu,0.1,Ant-v4,2241638785.620129,528226296.2280909,5,4546.415281657188,1177.9030824833517,5,100.0,10000.0,1000000.0
SAC,2layers,all-both,fprelu,0.1,Cartpole-Swingup,729539512.2763128,38130725.18117749,5,790.3950358662339,115.57829718184422,5,100.0,10000.0,1000000.0
SAC,2layers,all-both,fprelu,0.1,Cheetah-Run,439138407.6094944,49766237.336538404,5,609.4344140536892,57.64152448614745,5,100.0,10000.0,1000000.0
SAC,2layers,all-both,fprelu,0.1,Finger-Spin,713590000.0,24691231.49014645,5,873.6,19.781304304822775,5,100.0,10000.0,1000000.0
SAC,2layers,all-both,fprelu,0.1,HalfCheetah-v4,5962357508.109579,2337259194.062993,5,8155.474067175356,3323.5228823521866,5,100.0,10000.0,1000000.0
SAC,2layers,all-both,fprelu,0.1,Hopper-v4,2614724272.5680404,248581758.66752622,5,3457.314740362337,150.28536839401633,5,100.0,10000.0,1000000.0
SAC,2layers,all-both,fprelu,0.1,Humanoid-v4,4001660860.1388335,306983542.84230494,5,5493.38489071385,204.28733499974643,5,100.0,10000.0,1000000.0
SAC,2layers,all-both,fprelu,0.1,Walker-Walk,664486505.5013831,134792379.15210012,5,798.4651755773407,150.56118961014064,5,100.0,10000.0,1000000.0
SAC,2layers,all-both,fprelu,0.2,Ant-v4,2991252422.995468,797094324.3376403,5,4445.279718358838,1892.2529877521285,5,100.0,10000.0,1000000.0
SAC,2layers,all-both,fprelu,0.2,Cartpole-Swingup,766576994.4366376,13564394.51051816,5,785.7042706572527,68.62572867344879,5,100.0,10000.0,1000000.0
SAC,2layers,all-both,fprelu,0.2,Cheetah-Run,462351065.98112756,38736056.19583804,5,639.930804515414,58.391413692383274,5,100.0,10000.0,1000000.0
SAC,2layers,all-both,fprelu,0.2,Finger-Spin,777125000.0,56408710.20950577,5,900.2,78.91577789010258,5,100.0,10000.0,1000000.0
SAC,2layers,all-both,fprelu,0.2,HalfCheetah-v4,6961131075.232405,1410412557.854538,5,9176.465205009645,2019.64629867414,5,100.0,10000.0,1000000.0
SAC,2layers,all-both,fprelu,0.2,Hopper-v4,2885250326.951711,299867838.8618157,5,3536.1585558886845,111.17591935604439,5,100.0,10000.0,1000000.0
SAC,2layers,all-both,fprelu,0.2,Humanoid-v4,3891273073.5021486,256140262.16112706,5,5464.420561797908,122.8775300917791,5,100.0,10000.0,1000000.0
SAC,2layers,all-both,fprelu,0.2,Walker-Walk,656053725.6860776,153469232.84372795,5,780.8963386694919,160.0323245455301,5,100.0,10000.0,1000000.0
SAC,2layers,all-both,fprelu,0.3,Ant-v4,1376066323.4194527,241015724.66117167,5,2204.120553590693,1060.1041147409633,5,100.0,10000.0,1000000.0
SAC,2layers,all-both,fprelu,0.3,Cartpole-Swingup,756860519.5926894,24959372.050375108,5,827.900525276618,28.94758889437599,5,100.0,10000.0,1000000.0
SAC,2layers,all-both,fprelu,0.3,Cheetah-Run,413903275.20118177,44069404.97288928,5,584.756816135224,58.22772458501836,5,100.0,10000.0,1000000.0
SAC,2layers,all-both,fprelu,0.3,Finger-Spin,729592000.0,31264788.82065255,5,860.4,27.19926469594353,5,100.0,10000.0,1000000.0
SAC,2layers,all-both,fprelu,0.3,HalfCheetah-v4,5497319895.660418,2017863608.539381,5,7000.36380177285,2740.341526460845,5,100.0,10000.0,1000000.0
SAC,2layers,all-both,fprelu,0.3,Hopper-v4,2757942165.537794,322005856.2938853,5,3170.9158158906926,790.8556366093146,5,100.0,10000.0,1000000.0
SAC,2layers,all-both,fprelu,0.3,Humanoid-v4,4238073764.0009093,136512238.6700728,5,5734.7703823267175,193.3277985094665,5,100.0,10000.0,1000000.0
SAC,2layers,all-both,fprelu,0.3,Walker-Walk,709325388.7745717,202337421.91529253,5,860.5366754071656,158.20348764730784,5,100.0,10000.0,1000000.0
SAC,2layers,all-both,fprelu,0.4,Ant-v4,1467342389.888349,876368946.5499581,5,2666.336352106321,1985.3167390604638,5,100.0,10000.0,1000000.0
SAC,2layers,all-both,fprelu,0.4,Cartpole-Swingup,771476153.0258572,9306804.243735997,5,834.6000762972271,16.526553377322724,5,100.0,10000.0,1000000.0
SAC,2layers,all-both,fprelu,0.4,Cheetah-Run,382677637.6546637,32313738.089320805,5,513.649503420966,51.137800578187885,5,100.0,10000.0,1000000.0
SAC,2layers,all-both,fprelu,0.4,Finger-Spin,739468000.0,32227132.706773646,5,855.6,37.20618228198105,5,100.0,10000.0,1000000.0
SAC,2layers,all-both,fprelu,0.4,HalfCheetah-v4,4673388060.913504,2058581827.51862,5,5984.813937496155,2601.96942617178,5,100.0,10000.0,1000000.0
SAC,2layers,all-both,fprelu,0.4,Hopper-v4,2431682883.9141736,721908258.3554637,5,3065.707617000965,990.8538046244678,5,100.0,10000.0,1000000.0
SAC,2layers,all-both,fprelu,0.4,Humanoid-v4,4115474921.1704116,336127511.8354853,5,5403.917276987246,311.92892061946213,5,100.0,10000.0,1000000.0
SAC,2layers,all-both,fprelu,0.4,Walker-Walk,673526266.3417377,96640975.2239705,5,870.0668434545772,127.00792921807425,5,100.0,10000.0,1000000.0
SAC,2layers,all-both,fprelu,0.5,Ant-v4,1070148437.1590351,167233409.05728564,5,1619.8391888233202,623.9518090517353,5,100.0,10000.0,1000000.0
SAC,2layers,all-both,fprelu,0.5,Cartpole-Swingup,786954895.3418863,7904337.393278988,5,830.4085833369276,17.46738150719003,5,100.0,10000.0,1000000.0
SAC,2layers,all-both,fprelu,0.5,Cheetah-Run,373890396.0389658,42690290.47294399,5,483.7155958451737,48.14941776797018,5,100.0,10000.0,1000000.0
SAC,2layers,all-both,fprelu,0.5,Finger-Spin,717427000.0,44257678.797017805,5,868.6,33.32116444543917,5,100.0,10000.0,1000000.0
SAC,2layers,all-both,fprelu,0.5,HalfCheetah-v4,4557876795.477775,1462529793.217838,5,5951.878989039818,2070.430680348521,5,100.0,10000.0,1000000.0
SAC,2layers,all-both,fprelu,0.5,Hopper-v4,2729501026.353367,412694901.41255003,5,3455.9150807852593,113.29362181926325,5,100.0,10000.0,1000000.0
SAC,2layers,all-both,fprelu,0.5,Humanoid-v4,4011164928.231632,406459320.47041625,5,5387.828520107547,223.1601864877473,5,100.0,10000.0,1000000.0
SAC,2layers,all-both,fprelu,0.5,Walker-Walk,757154577.2275265,99764032.86101799,5,909.1482434087329,115.10046703390604,5,100.0,10000.0,1000000.0
SAC,2layers,all-both,frelu,0.1,Ant-v4,2457386556.791252,443794589.7860639,5,3722.0653748418567,1858.5819569666594,5,100.0,10000.0,1000000.0
SAC,2layers,all-both,frelu,0.1,Cartpole-Swingup,775143049.1367034,15064781.533038074,5,808.1409399905682,80.924672647628,5,100.0,10000.0,1000000.0
SAC,2layers,all-both,frelu,0.1,Cheetah-Run,441667024.2610682,50684349.79905199,5,626.3324282397676,55.204037545659006,5,100.0,10000.0,1000000.0
SAC,2layers,all-both,frelu,0.1,Finger-Spin,749930000.0,40121551.87676568,5,886.4,35.50774563387544,5,100.0,10000.0,1000000.0
SAC,2layers,all-both,frelu,0.1,HalfCheetah-v4,6974182017.727709,813167217.7885584,5,8942.387461864051,1027.0014672230686,5,100.0,10000.0,1000000.0
SAC,2layers,all-both,frelu,0.1,Hopper-v4,2531763334.8788514,185855360.1922499,5,2721.6361544008387,839.7011855129405,5,100.0,10000.0,1000000.0
SAC,2layers,all-both,frelu,0.1,Humanoid-v4,3736240341.1068444,199239363.56685695,5,5565.284184007144,88.65344871973289,5,100.0,10000.0,1000000.0
SAC,2layers,all-both,frelu,0.1,Walker-Walk,755645815.945075,101022416.25325014,5,876.9850244090269,95.40846020441631,5,100.0,10000.0,1000000.0
SAC,2layers,all-both,frelu,0.2,Ant-v4,2579576867.4878774,904370682.9423981,5,3591.117887937501,1806.447853711592,5,100.0,10000.0,1000000.0
SAC,2layers,all-both,frelu,0.2,Cartpole-Swingup,747761157.7006819,36825314.07512302,5,841.2448736879338,27.1832614683948,5,100.0,10000.0,1000000.0
SAC,2layers,all-both,frelu,0.2,Cheetah-Run,414813192.44788945,77668107.97106856,5,560.8640517746318,100.59037368175785,5,100.0,10000.0,1000000.0
SAC,2layers,all-both,frelu,0.2,Finger-Spin,762112000.0,47640587.42291073,5,876.4,45.79082877607699,5,100.0,10000.0,1000000.0
SAC,2layers,all-both,frelu,0.2,HalfCheetah-v4,6549191648.109208,1174743828.9423494,5,8688.183886447763,1613.6498567621736,5,100.0,10000.0,1000000.0
SAC,2layers,all-both,frelu,0.2,Hopper-v4,2848067904.289815,136997680.4055016,5,3541.9846737635794,82.34109721385667,5,100.0,10000.0,1000000.0
SAC,2layers,all-both,frelu,0.2,Humanoid-v4,3507656278.282309,119362474.64912532,5,5429.942467930371,171.64199842983032,5,100.0,10000.0,1000000.0
SAC,2layers,all-both,frelu,0.2,Walker-Walk,782879040.4813756,94089032.45237778,5,904.8259739831635,100.91135107112851,5,100.0,10000.0,1000000.0
SAC,2layers,all-both,frelu,0.3,Ant-v4,1944141813.7852178,544106309.2109547,5,3553.324164081424,507.6628485656601,5,100.0,10000.0,1000000.0
SAC,2layers,all-both,frelu,0.3,Cartpole-Swingup,770017006.0943439,19943887.038696647,5,824.2174572499905,18.04891698341319,5,100.0,10000.0,1000000.0
SAC,2layers,all-both,frelu,0.3,Cheetah-Run,394137301.075666,66631191.874084,5,538.8680366862807,109.01466224618723,5,100.0,10000.0,1000000.0
SAC,2layers,all-both,frelu,0.3,Finger-Spin,776624000.0,13097567.713129032,5,902.4,21.090282122342508,5,100.0,10000.0,1000000.0
SAC,2layers,all-both,frelu,0.3,HalfCheetah-v4,6153158366.648445,467374753.02137923,5,7622.008915707311,1168.3135656444072,5,100.0,10000.0,1000000.0
SAC,2layers,all-both,frelu,0.3,Hopper-v4,2249836266.3109226,546993477.9901865,5,3000.135357216572,929.78654704725,5,100.0,10000.0,1000000.0
SAC,2layers,all-both,frelu,0.3,Humanoid-v4,3580213608.587851,202762782.9478363,5,5261.7534898712665,336.6823351533728,5,100.0,10000.0,1000000.0
SAC,2layers,all-both,frelu,0.3,Walker-Walk,754956704.2274201,72043580.45947371,5,934.9153657095248,50.16227254681316,5,100.0,10000.0,1000000.0
SAC,2layers,all-both,frelu,0.4,Ant-v4,1541528235.0704207,504468196.7101156,5,3121.1516384029624,1048.416853882859,5,100.0,10000.0,1000000.0
SAC,2layers,all-both,frelu,0.4,Cartpole-Swingup,775574066.2968314,14841709.655528422,5,785.2375584684587,46.771058258027715,5,100.0,10000.0,1000000.0
SAC,2layers,all-both,frelu,0.4,Cheetah-Run,390901752.4773587,27072310.717130233,5,538.9926320711746,28.727532055782056,5,100.0,10000.0,1000000.0
SAC,2layers,all-both,frelu,0.4,Finger-Spin,772299000.0,18871569.357104354,5,906.6,33.328666339954275,5,100.0,10000.0,1000000.0
SAC,2layers,all-both,frelu,0.4,HalfCheetah-v4,5951801530.562509,848604152.1950334,5,7561.340500704956,1122.8962089419906,5,100.0,10000.0,1000000.0
SAC,2layers,all-both,frelu,0.4,Hopper-v4,2527934992.347941,183167982.41321626,5,2926.969334331112,709.2355768093688,5,100.0,10000.0,1000000.0
SAC,2layers,all-both,frelu,0.4,Humanoid-v4,3884373998.968859,151661002.51283056,5,5581.205242220816,286.7332661874802,5,100.0,10000.0,1000000.0
SAC,2layers,all-both,frelu,0.4,Walker-Walk,758190170.70099,79815134.90424858,5,926.6344380631288,103.23322337400452,5,100.0,10000.0,1000000.0
SAC,2layers,all-both,frelu,0.5,Ant-v4,1095734807.2091932,218931305.0201823,5,1873.3237921849056,854.486549604173,5,100.0,10000.0,1000000.0
SAC,2layers,all-both,frelu,0.5,Cartpole-Swingup,758948975.2150407,25953116.569937583,5,838.6226032628153,11.772991420874314,5,100.0,10000.0,1000000.0
SAC,2layers,all-both,frelu,0.5,Cheetah-Run,329229331.3019389,34808488.43918659,5,451.91583970666306,36.76364990108247,5,100.0,10000.0,1000000.0
SAC,2layers,all-both,frelu,0.5,Finger-Spin,684788000.0,59838910.8983444,5,854.0,71.03168307171103,5,100.0,10000.0,1000000.0
SAC,2layers,all-both,frelu,0.5,HalfCheetah-v4,4750409775.31263,2049988765.441467,5,6122.9746378885975,2737.2844045477495,5,100.0,10000.0,1000000.0
SAC,2layers,all-both,frelu,0.5,Hopper-v4,2171331825.2931995,886782421.1221317,5,2792.568404610191,1188.5365321779695,5,100.0,10000.0,1000000.0
SAC,2layers,all-both,frelu,0.5,Humanoid-v4,3489369894.4733343,429457770.9890839,5,5364.991613979648,312.3948082046637,5,100.0,10000.0,1000000.0
SAC,2layers,all-both,frelu,0.5,Walker-Walk,600546360.3616177,126246626.84959103,5,799.2045170438404,128.2919835735179,5,100.0,10000.0,1000000.0
SAC,2layers,all-both,fswish,0.1,Ant-v4,3630007476.1769776,369231020.2499534,5,4938.79296875,1736.8678593559812,5,100.0,10000.0,1000000.0
SAC,2layers,all-both,fswish,0.1,Cartpole-Swingup,679219964.6968842,126705095.69674227,5,746.5788696289062,131.84037586574223,5,100.0,10000.0,1000000.0
SAC,2layers,all-both,fswish,0.1,Cheetah-Run,451827951.9665241,33001189.299092337,5,589.7270751953125,40.831044764792495,5,100.0,10000.0,1000000.0
SAC,2layers,all-both,fswish,0.1,Finger-Spin,802544000.0,14396346.064192815,5,904.8,12.969194269498786,5,100.0,10000.0,1000000.0
SAC,2layers,all-both,fswish,0.1,HalfCheetah-v4,7977374539.958954,1030923334.7097288,5,10286.08583984375,1311.6355712492616,5,100.0,10000.0,1000000.0
SAC,2layers,all-both,fswish,0.1,Hopper-v4,2378195488.7924194,419610315.07151157,5,3203.64794921875,493.4602441955125,5,100.0,10000.0,1000000.0
SAC,2layers,all-both,fswish,0.1,Humanoid-v4,3620316812.072754,346103913.0082607,5,4045.0521240234375,1823.9769540778627,5,100.0,10000.0,1000000.0
SAC,2layers,all-both,fswish,0.1,Walker-Walk,819560419.4583893,85033598.82766585,5,941.9306518554688,46.04259001360969,5,100.0,10000.0,1000000.0
SAC,2layers,all-both,fswish,0.2,Ant-v4,3195491680.9557676,594596873.6106697,5,4863.933349609375,782.3945744469844,5,100.0,10000.0,1000000.0
SAC,2layers,all-both,fswish,0.2,Cartpole-Swingup,755362479.9880981,20697550.640187055,5,804.9112060546875,61.2888331364819,5,100.0,10000.0,1000000.0
SAC,2layers,all-both,fswish,0.2,Cheetah-Run,485552644.39320564,24505775.20021721,5,623.4373046875,25.70844017210089,5,100.0,10000.0,1000000.0
SAC,2layers,all-both,fswish,0.2,Finger-Spin,773670000.0,45436207.34062209,5,872.0,39.70516339218364,5,100.0,10000.0,1000000.0
SAC,2layers,all-both,fswish,0.2,HalfCheetah-v4,8621216663.33562,270185852.2586328,5,10988.37578125,577.8637168336422,5,100.0,10000.0,1000000.0
SAC,2layers,all-both,fswish,0.2,Hopper-v4,2233776826.6067505,283461199.19262296,5,2603.717578125,1107.7473248029887,5,100.0,10000.0,1000000.0
SAC,2layers,all-both,fswish,0.2,Humanoid-v4,3481640447.113037,235962539.8658143,5,4832.3017578125,901.0665873583459,5,100.0,10000.0,1000000.0
SAC,2layers,all-both,fswish,0.2,Walker-Walk,796178617.2275543,102135797.36020291,5,921.0403076171875,95.90633403176834,5,100.0,10000.0,1000000.0
SAC,2layers,all-both,fswish,0.3,Ant-v4,2920401252.649069,644593383.5463706,5,4015.8608154296876,2107.6720031446407,5,100.0,10000.0,1000000.0
SAC,2layers,all-both,fswish,0.3,Cartpole-Swingup,787924961.4486694,16883018.154901728,5,828.0804077148438,26.553375723565225,5,100.0,10000.0,1000000.0
SAC,2layers,all-both,fswish,0.3,Cheetah-Run,470211309.0774417,62402149.803160004,5,627.3126342773437,79.19897283569286,5,100.0,10000.0,1000000.0
SAC,2layers,all-both,fswish,0.3,Finger-Spin,766241000.0,34467595.361440584,5,876.2,29.141036357686392,5,100.0,10000.0,1000000.0
SAC,2layers,all-both,fswish,0.3,HalfCheetah-v4,6630502641.176224,2669203300.8080335,5,8774.131103515625,3706.3693019865777,5,100.0,10000.0,1000000.0
SAC,2layers,all-both,fswish,0.3,Hopper-v4,2296774275.001526,106547037.3341821,5,3345.781396484375,46.328158720046055,5,100.0,10000.0,1000000.0
SAC,2layers,all-both,fswish,0.3,Humanoid-v4,3602760277.8930664,147902298.53691852,5,5282.41015625,185.28621553402877,5,100.0,10000.0,1000000.0
SAC,2layers,all-both,fswish,0.3,Walker-Walk,805978320.8675385,63666593.98014819,5,911.77001953125,89.12594769089229,5,100.0,10000.0,1000000.0
SAC,2layers,all-both,fswish,0.4,Ant-v4,3075824614.9349213,805198741.7631463,5,4666.771728515625,1124.526605633538,5,100.0,10000.0,1000000.0
SAC,2layers,all-both,fswish,0.4,Cartpole-Swingup,757578010.559082,36917734.12025403,5,822.0979370117187,21.64187108067362,5,100.0,10000.0,1000000.0
SAC,2layers,all-both,fswish,0.4,Cheetah-Run,437163871.27812207,29876393.64443715,5,595.9329956054687,37.48710058566987,5,100.0,10000.0,1000000.0
SAC,2layers,all-both,fswish,0.4,Finger-Spin,804741000.0,40848676.447346486,5,912.4,23.501063805708874,5,100.0,10000.0,1000000.0
SAC,2layers,all-both,fswish,0.4,HalfCheetah-v4,7053078453.926086,341822633.9192491,5,9443.8203125,1091.7789660800408,5,100.0,10000.0,1000000.0
SAC,2layers,all-both,fswish,0.4,Hopper-v4,2166350546.798706,334718450.71034724,5,2201.5015380859377,1009.8938924550994,5,100.0,10000.0,1000000.0
SAC,2layers,all-both,fswish,0.4,Humanoid-v4,3655591833.4350586,74944944.77573311,5,4858.34892578125,687.3039155397452,5,100.0,10000.0,1000000.0
SAC,2layers,all-both,fswish,0.4,Walker-Walk,799867968.7871933,86833712.65964045,5,920.8474609375,82.85492774282874,5,100.0,10000.0,1000000.0
SAC,2layers,all-both,fswish,0.5,Ant-v4,3310055903.6643505,477312277.81098324,5,5037.944189453125,607.9323610057307,5,100.0,10000.0,1000000.0
SAC,2layers,all-both,fswish,0.5,Cartpole-Swingup,767867200.012207,42340988.1559104,5,814.4117309570313,27.82446327308212,5,100.0,10000.0,1000000.0
SAC,2layers,all-both,fswish,0.5,Cheetah-Run,433808662.0787978,68245774.9864027,5,568.9864074707032,107.91092130265875,5,100.0,10000.0,1000000.0
SAC,2layers,all-both,fswish,0.5,Finger-Spin,796904000.0,30096647.113922846,5,913.2,32.67567902890466,5,100.0,10000.0,1000000.0
SAC,2layers,all-both,fswish,0.5,HalfCheetah-v4,7967510553.016663,933300665.0836513,5,10447.241796875,1564.9969877166216,5,100.0,10000.0,1000000.0
SAC,2layers,all-both,fswish,0.5,Hopper-v4,2013846998.664856,388239919.3693273,5,2227.5839599609376,1100.957588853405,5,100.0,10000.0,1000000.0
SAC,2layers,all-both,fswish,0.5,Humanoid-v4,3720359777.923584,186665002.46333665,5,5316.399609375,85.0786154892079,5,100.0,10000.0,1000000.0
SAC,2layers,all-both,fswish,0.5,Walker-Walk,693030339.0846252,127952011.75434898,5,793.4968505859375,147.98435235021185,5,100.0,10000.0,1000000.0
SAC,2layers,all-both,gelu,NA,Ant-v4,3182546809.7195625,968096484.1209655,5,5614.86376953125,598.8260870321673,5,100.0,10000.0,1000000.0
SAC,2layers,all-both,gelu,NA,Cartpole-Swingup,713441446.9833374,111917163.08521147,5,758.5533935546875,137.14327124221208,5,100.0,10000.0,1000000.0
SAC,2layers,all-both,gelu,NA,Cheetah-Run,462972626.4462471,33323634.83785716,5,590.818603515625,50.24907932118993,5,100.0,10000.0,1000000.0
SAC,2layers,all-both,gelu,NA,Finger-Spin,779555000.0,25764735.104401916,5,873.0,14.38749456993815,5,100.0,10000.0,1000000.0
SAC,2layers,all-both,gelu,NA,HalfCheetah-v4,7011135113.981247,2829990091.342612,5,9029.034814453125,3705.7174853273364,5,100.0,10000.0,1000000.0
SAC,2layers,all-both,gelu,NA,Hopper-v4,2225610435.361862,324927447.6793072,5,2400.1663330078127,973.7365516678333,5,100.0,10000.0,1000000.0
SAC,2layers,all-both,gelu,NA,Humanoid-v4,3951724352.0202637,211844236.2263923,5,5593.0943359375,181.0142723449165,5,100.0,10000.0,1000000.0
SAC,2layers,all-both,gelu,NA,Walker-Walk,775927758.6669922,107290019.1081619,5,906.3876342773438,123.8932444403571,5,100.0,10000.0,1000000.0
SAC,2layers,all-both,lrelu,NA,Ant-v4,2812328935.8491898,828820706.3264328,5,4885.571630859375,1238.661568292844,5,100.0,10000.0,1000000.0
SAC,2layers,all-both,lrelu,NA,Cartpole-Swingup,757244267.2805786,38529797.2455825,5,831.3672729492188,18.562833368724796,5,100.0,10000.0,1000000.0
SAC,2layers,all-both,lrelu,NA,Cheetah-Run,477173468.4969783,30955295.897507846,5,611.9606811523438,33.42824759805098,5,100.0,10000.0,1000000.0
SAC,2layers,all-both,lrelu,NA,Finger-Spin,763661000.0,31855378.745197788,5,893.0,50.21951811795888,5,100.0,10000.0,1000000.0
SAC,2layers,all-both,lrelu,NA,HalfCheetah-v4,7781237497.348785,1052744554.1086072,5,10433.738671875,1150.2753962997863,5,100.0,10000.0,1000000.0
SAC,2layers,all-both,lrelu,NA,Hopper-v4,2414330398.651123,356844109.3006829,5,3052.1963623046877,783.694339505465,5,100.0,10000.0,1000000.0
SAC,2layers,all-both,lrelu,NA,Humanoid-v4,3566977427.368164,181720007.38763595,5,5385.38017578125,121.39336432563775,5,100.0,10000.0,1000000.0
SAC,2layers,all-both,lrelu,NA,Walker-Walk,808374833.6906433,63916659.28038795,5,963.8868530273437,16.846218619566944,5,100.0,10000.0,1000000.0
SAC,2layers,all-both,prelu,NA,Ant-v4,2705145957.326889,320239346.23771423,5,3648.222790527344,2244.218364961305,5,100.0,10000.0,1000000.0
SAC,2layers,all-both,prelu,NA,Cartpole-Swingup,772868199.2034912,20327012.003855716,5,839.7191284179687,15.099158489061448,5,100.0,10000.0,1000000.0
SAC,2layers,all-both,prelu,NA,Cheetah-Run,455339068.38972867,44810088.726459235,5,604.9051635742187,67.23775008530383,5,100.0,10000.0,1000000.0
SAC,2layers,all-both,prelu,NA,Finger-Spin,776649000.0,33259671.6009043,5,878.2,22.163032283512116,5,100.0,10000.0,1000000.0
SAC,2layers,all-both,prelu,NA,HalfCheetah-v4,7345577823.8220215,408973284.76228184,5,10268.493359375,590.5819140577569,5,100.0,10000.0,1000000.0
SAC,2layers,all-both,prelu,NA,Hopper-v4,2489365677.2499084,208545203.0182145,5,3249.260791015625,222.00286872572602,5,100.0,10000.0,1000000.0
SAC,2layers,all-both,prelu,NA,Humanoid-v4,3952523391.3879395,183068803.6688993,5,4569.1001953125,1811.4862662150117,5,100.0,10000.0,1000000.0
SAC,2layers,all-both,prelu,NA,Walker-Walk,718250339.5957947,123826202.08535813,5,852.00400390625,153.774867089381,5,100.0,10000.0,1000000.0
SAC,2layers,all-both,swish,NA,Ant-v4,3741403897.157907,542331993.7817348,5,5831.009765625,725.7879536208883,5,100.0,10000.0,1000000.0
SAC,2layers,all-both,swish,NA,Cartpole-Swingup,769571921.6003418,44159035.13298859,5,817.4231689453125,67.80372858923448,5,100.0,10000.0,1000000.0
SAC,2layers,all-both,swish,NA,Cheetah-Run,389375064.9471283,48257500.20171768,5,528.9330200195312,51.853635161311196,5,100.0,10000.0,1000000.0
SAC,2layers,all-both,swish,NA,Finger-Spin,754552000.0,29284379.710009225,5,885.6,31.508728949292763,5,100.0,10000.0,1000000.0
SAC,2layers,all-both,swish,NA,HalfCheetah-v4,8336908073.307037,637654848.7271738,5,11273.333203125,898.5380109786355,5,100.0,10000.0,1000000.0
SAC,2layers,all-both,swish,NA,Hopper-v4,2267263852.5218964,310806983.3582086,5,3096.6361572265623,697.765210554697,5,100.0,10000.0,1000000.0
SAC,2layers,all-both,swish,NA,Humanoid-v4,3974438822.6013184,197742022.23259702,5,5441.41083984375,75.10182994309588,5,100.0,10000.0,1000000.0
SAC,2layers,all-both,swish,NA,Walker-Walk,726282179.769516,125243995.33660953,5,893.280126953125,141.93309344551935,5,100.0,10000.0,1000000.0
SAC,2layers,all-critic,fgelu,0.1,Ant-v4,3477289066.649437,644583965.6593063,5,4755.129858398437,1930.0873898377263,5,100.0,10000.0,1000000.0
SAC,2layers,all-critic,fgelu,0.1,Cartpole-Swingup,732936968.7461853,94684790.71763562,5,792.508837890625,92.35642083579445,5,100.0,10000.0,1000000.0
SAC,2layers,all-critic,fgelu,0.1,Cheetah-Run,479009090.61312675,27711281.394479394,5,598.5427978515625,23.80866088456383,5,100.0,10000.0,1000000.0
SAC,2layers,all-critic,fgelu,0.1,Finger-Spin,790388000.0,25789480.558941074,5,896.0,53.474292889200505,5,100.0,10000.0,1000000.0
SAC,2layers,all-critic,fgelu,0.1,HalfCheetah-v4,7777627535.422803,598556414.307705,5,9677.9384765625,753.1015880636986,5,100.0,10000.0,1000000.0
SAC,2layers,all-critic,fgelu,0.1,Hopper-v4,2324287112.9875183,379568535.86542475,5,2487.999194717407,1484.1365452099294,5,100.0,10000.0,1000000.0
SAC,2layers,all-critic,fgelu,0.1,Humanoid-v4,3927682983.062744,234348259.83184567,5,5234.015234375,415.44435787600924,5,100.0,10000.0,1000000.0
SAC,2layers,all-critic,fgelu,0.1,Walker-Walk,799983575.9468079,24850856.02697677,5,964.723193359375,18.061794498035944,5,100.0,10000.0,1000000.0
SAC,2layers,all-critic,fgelu,0.2,Ant-v4,2834047679.9960136,839349529.0301323,5,4692.6072265625,1071.211348542564,5,100.0,10000.0,1000000.0
SAC,2layers,all-critic,fgelu,0.2,Cartpole-Swingup,758085692.4285889,36491155.815161355,5,825.5455444335937,27.26097454234398,5,100.0,10000.0,1000000.0
SAC,2layers,all-critic,fgelu,0.2,Cheetah-Run,442176389.8843527,50568676.87569311,5,595.4196411132813,46.205865871584244,5,100.0,10000.0,1000000.0
SAC,2layers,all-critic,fgelu,0.2,Finger-Spin,778692000.0,33120148.43716737,5,876.8,39.74543999001647,5,100.0,10000.0,1000000.0
SAC,2layers,all-critic,fgelu,0.2,HalfCheetah-v4,7815006711.547852,1196386210.639219,5,9914.29248046875,1691.6704477414107,5,100.0,10000.0,1000000.0
SAC,2layers,all-critic,fgelu,0.2,Hopper-v4,2418898452.6367188,425722241.4002934,5,2737.715576171875,1120.4389909672873,5,100.0,10000.0,1000000.0
SAC,2layers,all-critic,fgelu,0.2,Humanoid-v4,3817402322.0214844,135376814.9291835,5,5243.45068359375,99.70135770222885,5,100.0,10000.0,1000000.0
SAC,2layers,all-critic,fgelu,0.2,Walker-Walk,769891079.4506073,81576910.7849797,5,903.9291015625,64.9337395820978,5,100.0,10000.0,1000000.0
SAC,2layers,all-critic,fgelu,0.3,Ant-v4,3393118322.9260445,549938775.271698,5,4823.89482421875,1023.839674056356,5,100.0,10000.0,1000000.0
SAC,2layers,all-critic,fgelu,0.3,Cartpole-Swingup,713624769.9050903,96638095.54963958,5,807.7238891601562,49.111532681711026,5,100.0,10000.0,1000000.0
SAC,2layers,all-critic,fgelu,0.3,Cheetah-Run,445780251.7132759,34004117.29850076,5,615.872314453125,50.71157521130964,5,100.0,10000.0,1000000.0
SAC,2layers,all-critic,fgelu,0.3,Finger-Spin,754850000.0,49868490.05133403,5,858.4,70.46133691607051,5,100.0,10000.0,1000000.0
SAC,2layers,all-critic,fgelu,0.3,HalfCheetah-v4,7090170317.605972,706413221.6667198,5,9071.271875,1174.736999777621,5,100.0,10000.0,1000000.0
SAC,2layers,all-critic,fgelu,0.3,Hopper-v4,2485647497.6329803,596139421.9504656,5,3011.9076171875,1026.122114080667,5,100.0,10000.0,1000000.0
SAC,2layers,all-critic,fgelu,0.3,Humanoid-v4,3701580438.6291504,173757440.17899147,5,5261.12236328125,77.90292057844657,5,100.0,10000.0,1000000.0
SAC,2layers,all-critic,fgelu,0.3,Walker-Walk,741893225.1300812,128044146.99973257,5,859.3510131835938,148.5001802251894,5,100.0,10000.0,1000000.0
SAC,2layers,all-critic,fgelu,0.4,Ant-v4,3488998857.281685,909596342.2209698,5,4581.4097900390625,1865.634365668786,5,100.0,10000.0,1000000.0
SAC,2layers,all-critic,fgelu,0.4,Cartpole-Swingup,733838840.9881592,94210390.25143169,5,779.019921875,101.23274315105422,5,100.0,10000.0,1000000.0
SAC,2layers,all-critic,fgelu,0.4,Cheetah-Run,438432617.75541306,40756513.79543007,5,602.8126586914062,36.849233546513766,5,100.0,10000.0,1000000.0
SAC,2layers,all-critic,fgelu,0.4,Finger-Spin,786325000.0,37291678.193666734,5,871.0,47.058474263409764,5,100.0,10000.0,1000000.0
SAC,2layers,all-critic,fgelu,0.4,HalfCheetah-v4,7242671815.502167,1009972430.7519804,5,9160.20830078125,1756.7190297280538,5,100.0,10000.0,1000000.0
SAC,2layers,all-critic,fgelu,0.4,Hopper-v4,2453332281.7382812,289464349.85568076,5,2064.625146484375,906.8622671049071,5,100.0,10000.0,1000000.0
SAC,2layers,all-critic,fgelu,0.4,Humanoid-v4,3855510347.3358154,191943040.17043772,5,5318.00537109375,134.6219732281663,5,100.0,10000.0,1000000.0
SAC,2layers,all-critic,fgelu,0.4,Walker-Walk,779516392.1852112,81110885.0053072,5,892.7828369140625,91.02319788542128,5,100.0,10000.0,1000000.0
SAC,2layers,all-critic,fgelu,0.5,Ant-v4,2867400584.8999023,442945977.44460803,5,4275.58076171875,1923.9380263190558,5,100.0,10000.0,1000000.0
SAC,2layers,all-critic,fgelu,0.5,Cartpole-Swingup,708171530.7159424,62257863.336326435,5,815.6706787109375,32.8514508859698,5,100.0,10000.0,1000000.0
SAC,2layers,all-critic,fgelu,0.5,Cheetah-Run,448617409.8353386,40005315.34876822,5,614.4592956542969,84.50871699177144,5,100.0,10000.0,1000000.0
SAC,2layers,all-critic,fgelu,0.5,Finger-Spin,781831000.0,20083143.553736802,5,907.8,50.726718797887955,5,100.0,10000.0,1000000.0
SAC,2layers,all-critic,fgelu,0.5,HalfCheetah-v4,6734861960.548401,1140729338.9606755,5,8638.4140625,1573.4953285581444,5,100.0,10000.0,1000000.0
SAC,2layers,all-critic,fgelu,0.5,Hopper-v4,2295512102.661133,377948912.38425976,5,2732.5231689453126,1106.3036545798554,5,100.0,10000.0,1000000.0
SAC,2layers,all-critic,fgelu,0.5,Humanoid-v4,3875808293.548584,163654155.18115735,5,5323.26279296875,200.64563130048495,5,100.0,10000.0,1000000.0
SAC,2layers,all-critic,fgelu,0.5,Walker-Walk,740442716.8369293,120113580.80895054,5,927.754248046875,83.81901789720206,5,100.0,10000.0,1000000.0
SAC,2layers,all-critic,flrelu,0.1,Ant-v4,2511978247.2193823,593215969.8264458,5,4543.006579283156,1274.1332672575925,5,100.0,10000.0,1000000.0
SAC,2layers,all-critic,flrelu,0.1,Cartpole-Swingup,779219753.8338382,26068579.949255403,5,823.1236010887266,67.72578125640398,5,100.0,10000.0,1000000.0
SAC,2layers,all-critic,flrelu,0.1,Cheetah-Run,446245592.1934479,40504722.26384403,5,605.7474884064602,54.74287613731993,5,100.0,10000.0,1000000.0
SAC,2layers,all-critic,flrelu,0.1,Finger-Spin,759039000.0,39349828.36684298,5,897.0,33.63777638310832,5,100.0,10000.0,1000000.0
SAC,2layers,all-critic,flrelu,0.1,HalfCheetah-v4,7223471053.64271,992748486.694127,5,9677.707137225794,1710.4742575878176,5,100.0,10000.0,1000000.0
SAC,2layers,all-critic,flrelu,0.1,Hopper-v4,2449816894.902789,469946912.4874181,5,2623.3291987157972,979.8256995517448,5,100.0,10000.0,1000000.0
SAC,2layers,all-critic,flrelu,0.1,Humanoid-v4,3464369811.299693,274951116.37377036,5,5549.25683158763,164.02556179593154,5,100.0,10000.0,1000000.0
SAC,2layers,all-critic,flrelu,0.1,Walker-Walk,749455985.3470232,112689768.40132166,5,870.5217810947463,133.02259496754064,5,100.0,10000.0,1000000.0
SAC,2layers,all-critic,flrelu,0.2,Ant-v4,2110333707.9937968,749651535.7791042,5,3219.7350248155913,1565.3779914620184,5,100.0,10000.0,1000000.0
SAC,2layers,all-critic,flrelu,0.2,Cartpole-Swingup,770482125.1538334,26536044.603226073,5,830.0518160832289,15.202530162533145,5,100.0,10000.0,1000000.0
SAC,2layers,all-critic,flrelu,0.2,Cheetah-Run,435087336.94542676,31505391.87104856,5,587.7049930477998,80.26438594502133,5,100.0,10000.0,1000000.0
SAC,2layers,all-critic,flrelu,0.2,Finger-Spin,755102000.0,31139570.806290813,5,918.4,23.490423580684958,5,100.0,10000.0,1000000.0
SAC,2layers,all-critic,flrelu,0.2,HalfCheetah-v4,7534004008.555659,915614617.0797251,5,10105.843634570974,551.2103688887071,5,100.0,10000.0,1000000.0
SAC,2layers,all-critic,flrelu,0.2,Hopper-v4,2553348816.2413774,194640418.2375129,5,2971.0387847070715,1012.3902788958644,5,100.0,10000.0,1000000.0
SAC,2layers,all-critic,flrelu,0.2,Humanoid-v4,3582407008.9118814,248305149.93159962,5,5481.491886316675,270.73037198917405,5,100.0,10000.0,1000000.0
SAC,2layers,all-critic,flrelu,0.2,Walker-Walk,717434598.3714508,127280125.54563026,5,846.5464604488368,141.17349276043052,5,100.0,10000.0,1000000.0
SAC,2layers,all-critic,flrelu,0.3,Ant-v4,2036791463.1905754,930822258.1596107,5,2839.779558108695,2120.6399047733553,5,100.0,10000.0,1000000.0
SAC,2layers,all-critic,flrelu,0.3,Cartpole-Swingup,757492188.8048165,24868479.379546974,5,816.4036293254165,46.47361593894389,5,100.0,10000.0,1000000.0
SAC,2layers,all-critic,flrelu,0.3,Cheetah-Run,421315660.59585917,47391215.59531108,5,549.6393910982154,45.5018497188716,5,100.0,10000.0,1000000.0
SAC,2layers,all-critic,flrelu,0.3,Finger-Spin,786811000.0,13287063.915703872,5,907.0,11.683321445547923,5,100.0,10000.0,1000000.0
SAC,2layers,all-critic,flrelu,0.3,HalfCheetah-v4,6971022478.81561,1141109184.943517,5,8861.163365689981,1924.1735195329422,5,100.0,10000.0,1000000.0
SAC,2layers,all-critic,flrelu,0.3,Hopper-v4,2328406110.2872767,459216154.1491714,5,3060.8462073710057,724.9095231101161,5,100.0,10000.0,1000000.0
SAC,2layers,all-critic,flrelu,0.3,Humanoid-v4,3538465805.517958,357013900.8826404,5,5426.546309935645,91.36496959266547,5,100.0,10000.0,1000000.0
SAC,2layers,all-critic,flrelu,0.3,Walker-Walk,791017804.1876882,118920142.3507169,5,963.1006080330702,21.76202913382853,5,100.0,10000.0,1000000.0
SAC,2layers,all-critic,flrelu,0.4,Ant-v4,1178675103.2089214,194290201.6209954,5,1815.526367141399,693.8914620631276,5,100.0,10000.0,1000000.0
SAC,2layers,all-critic,flrelu,0.4,Cartpole-Swingup,778849738.2369093,20048920.22600427,5,822.1675185815699,46.550306469368515,5,100.0,10000.0,1000000.0
SAC,2layers,all-critic,flrelu,0.4,Cheetah-Run,386023218.43745553,39541700.505315535,5,520.1250860205852,30.7172341401943,5,100.0,10000.0,1000000.0
SAC,2layers,all-critic,flrelu,0.4,Finger-Spin,727995000.0,27160805.400429495,5,861.0,43.26661530556786,5,100.0,10000.0,1000000.0
SAC,2layers,all-critic,flrelu,0.4,HalfCheetah-v4,5555709550.372363,2269729977.479296,5,6913.852321378261,3109.407746807077,5,100.0,10000.0,1000000.0
SAC,2layers,all-critic,flrelu,0.4,Hopper-v4,2424688042.1848764,229937561.01989266,5,3078.230128681354,945.2145876273141,5,100.0,10000.0,1000000.0
SAC,2layers,all-critic,flrelu,0.4,Humanoid-v4,3489737573.504129,476507737.36697096,5,5431.856166243519,232.97276191825085,5,100.0,10000.0,1000000.0
SAC,2layers,all-critic,flrelu,0.4,Walker-Walk,711964762.0254688,88487407.53788596,5,911.4471798954031,93.82752747635823,5,100.0,10000.0,1000000.0
SAC,2layers,all-critic,flrelu,0.5,Ant-v4,1425966694.1915553,564275376.7200607,5,1929.2226307204098,1247.749720338729,5,97.0,10000.0,1000000.0
SAC,2layers,all-critic,flrelu,0.5,Cartpole-Swingup,775468729.7804378,17407591.586610824,5,794.1862408648058,40.64452325930813,5,100.0,10000.0,1000000.0
SAC,2layers,all-critic,flrelu,0.5,Cheetah-Run,375526296.18418366,48579211.714006916,5,511.2484178991693,29.559951804675247,5,100.0,10000.0,1000000.0
SAC,2layers,all-critic,flrelu,0.5,Finger-Spin,733435000.0,40792128.070253946,5,860.2,29.14961406262525,5,100.0,10000.0,1000000.0
SAC,2layers,all-critic,flrelu,0.5,HalfCheetah-v4,5932854746.908796,1167735791.2035232,5,7678.235283701813,1498.2924085403,5,100.0,10000.0,1000000.0
SAC,2layers,all-critic,flrelu,0.5,Hopper-v4,2344872311.9978085,449693685.43488276,5,3295.6536334540797,135.16075104991867,5,100.0,10000.0,1000000.0
SAC,2layers,all-critic,flrelu,0.5,Humanoid-v4,3752630842.5504127,231978614.38891023,5,5450.642872979915,322.00808174091964,5,100.0,10000.0,1000000.0
SAC,2layers,all-critic,flrelu,0.5,Walker-Walk,702746504.833766,104997107.74246253,5,883.4411132274038,103.03386615861483,5,100.0,10000.0,1000000.0
SAC,2layers,all-critic,fprelu,0.1,Ant-v4,3041987549.226515,602604837.3175285,5,5533.741876191092,291.66303560435455,5,100.0,10000.0,1000000.0
SAC,2layers,all-critic,fprelu,0.1,Cartpole-Swingup,740754557.0252798,38750253.13884971,5,821.6838128147389,63.67944449855927,5,100.0,10000.0,1000000.0
SAC,2layers,all-critic,fprelu,0.1,Cheetah-Run,380339547.5943109,45489385.25569612,5,541.5622235780047,51.68874691483953,5,100.0,10000.0,1000000.0
SAC,2layers,all-critic,fprelu,0.1,Finger-Spin,705964000.0,29510302.734807715,5,885.6,33.336166546260245,5,100.0,10000.0,1000000.0
SAC,2layers,all-critic,fprelu,0.1,HalfCheetah-v4,6521357270.763652,407134172.8850223,5,8938.935938231043,809.120160824644,5,100.0,10000.0,1000000.0
SAC,2layers,all-critic,fprelu,0.1,Hopper-v4,2616228361.711555,491003623.1438141,5,3423.1125268936935,136.89353585028275,5,100.0,10000.0,1000000.0
SAC,2layers,all-critic,fprelu,0.1,Humanoid-v4,3982999099.269606,153863549.00096205,5,5374.163966051887,142.83580253430108,5,100.0,10000.0,1000000.0
SAC,2layers,all-critic,fprelu,0.1,Walker-Walk,617395024.9369006,81425960.40347715,5,807.3533466834078,167.24748182417454,5,100.0,10000.0,1000000.0
SAC,2layers,all-critic,fprelu,0.2,Ant-v4,3528593068.6133347,1026662049.241398,5,5045.7051039375765,1230.49069946574,5,100.0,10000.0,1000000.0
SAC,2layers,all-critic,fprelu,0.2,Cartpole-Swingup,758970507.6492531,20787136.94262853,5,842.6337612890063,16.983431317865836,5,100.0,10000.0,1000000.0
SAC,2layers,all-critic,fprelu,0.2,Cheetah-Run,408178820.34480697,42962159.52907886,5,580.4663912505317,86.44978837561264,5,100.0,10000.0,1000000.0
SAC,2layers,all-critic,fprelu,0.2,Finger-Spin,720940000.0,31648593.37316589,5,864.4,19.806564568344502,5,100.0,10000.0,1000000.0
SAC,2layers,all-critic,fprelu,0.2,HalfCheetah-v4,5636547035.428164,571565818.4062922,5,6820.565886137725,849.2221886659141,5,100.0,10000.0,1000000.0
SAC,2layers,all-critic,fprelu,0.2,Hopper-v4,2605613795.1915226,392649124.0343757,5,3105.6243917601473,831.2758837051908,5,100.0,10000.0,1000000.0
SAC,2layers,all-critic,fprelu,0.2,Humanoid-v4,3916555179.9225206,291020188.40034086,5,5348.364032959302,123.3791228574986,5,100.0,10000.0,1000000.0
SAC,2layers,all-critic,fprelu,0.2,Walker-Walk,705263615.664736,57471065.27287114,5,889.9553432601024,105.89563962577851,5,100.0,10000.0,1000000.0
SAC,2layers,all-critic,fprelu,0.3,Ant-v4,3221566942.004077,883226262.7929922,5,5444.409702932106,1130.7258422995283,5,100.0,10000.0,1000000.0
SAC,2layers,all-critic,fprelu,0.3,Cartpole-Swingup,768958283.032366,25290554.21073576,5,817.8862049956881,50.27590436743893,5,100.0,10000.0,1000000.0
SAC,2layers,all-critic,fprelu,0.3,Cheetah-Run,374452694.7103683,33025489.306637857,5,528.5372487884994,81.55045552174333,5,100.0,10000.0,1000000.0
SAC,2layers,all-critic,fprelu,0.3,Finger-Spin,753530000.0,22397940.75356036,5,884.4,14.993331851193055,5,100.0,10000.0,1000000.0
SAC,2layers,all-critic,fprelu,0.3,HalfCheetah-v4,6217316758.082688,1340238168.3311765,5,7729.548481837573,1786.0121964319108,5,100.0,10000.0,1000000.0
SAC,2layers,all-critic,fprelu,0.3,Hopper-v4,2425094256.263798,228935029.94482598,5,3097.17945437809,726.458208929586,5,100.0,10000.0,1000000.0
SAC,2layers,all-critic,fprelu,0.3,Humanoid-v4,3985672974.463422,172256819.14394167,5,5607.25650129896,152.57093514679846,5,100.0,10000.0,1000000.0
SAC,2layers,all-critic,fprelu,0.3,Walker-Walk,672544092.3334979,110414534.58277754,5,844.1716249552525,135.0102200969745,5,100.0,10000.0,1000000.0
SAC,2layers,all-critic,fprelu,0.4,Ant-v4,1639981556.0814357,812282812.7759321,5,2833.1436520012417,1630.8764553909045,5,100.0,10000.0,1000000.0
SAC,2layers,all-critic,fprelu,0.4,Cartpole-Swingup,781842772.0596136,13372316.414293041,5,812.1846585998409,67.10235031186616,5,100.0,10000.0,1000000.0
SAC,2layers,all-critic,fprelu,0.4,Cheetah-Run,381035332.876185,34324016.648760796,5,451.7705852368839,120.89241678929986,5,100.0,10000.0,1000000.0
SAC,2layers,all-critic,fprelu,0.4,Finger-Spin,748427000.0,40698559.034688205,5,867.8,12.597618822618829,5,100.0,10000.0,1000000.0
SAC,2layers,all-critic,fprelu,0.4,HalfCheetah-v4,4156774672.426465,2389975702.7320485,5,5225.669500054607,3246.752455414309,5,100.0,10000.0,1000000.0
SAC,2layers,all-critic,fprelu,0.4,Hopper-v4,2365588714.387604,358412942.4836049,5,3433.9077975389205,100.00186238705709,5,100.0,10000.0,1000000.0
SAC,2layers,all-critic,fprelu,0.4,Humanoid-v4,3802429852.2341166,207920554.79693267,5,5456.103150802515,190.94451365070492,5,100.0,10000.0,1000000.0
SAC,2layers,all-critic,fprelu,0.4,Walker-Walk,675508746.0182083,124864970.66687201,5,851.272216981269,153.37332989299532,5,100.0,10000.0,1000000.0
SAC,2layers,all-critic,fprelu,0.5,Ant-v4,1285940107.6821854,391236565.4718416,5,2288.810825061499,948.5136139585202,5,100.0,10000.0,1000000.0
SAC,2layers,all-critic,fprelu,0.5,Cartpole-Swingup,775034083.9654982,16273921.71816876,5,830.4331014397446,24.733021562789034,5,100.0,10000.0,1000000.0
SAC,2layers,all-critic,fprelu,0.5,Cheetah-Run,365457815.11597604,42223331.31638394,5,485.8973614675929,49.74935121368078,5,100.0,10000.0,1000000.0
SAC,2layers,all-critic,fprelu,0.5,Finger-Spin,729003000.0,39681961.991564885,5,875.8,34.05436829541845,5,100.0,10000.0,1000000.0
SAC,2layers,all-critic,fprelu,0.5,HalfCheetah-v4,5746619290.493288,1166132124.050333,5,7727.517054025343,1594.4912082242338,5,100.0,10000.0,1000000.0
SAC,2layers,all-critic,fprelu,0.5,Hopper-v4,2668370118.6706915,63125799.98448831,5,3345.386445034802,87.536457284643,5,100.0,10000.0,1000000.0
SAC,2layers,all-critic,fprelu,0.5,Humanoid-v4,4045693811.621917,219639379.7535453,5,5398.26350986372,164.62787024162546,5,100.0,10000.0,1000000.0
SAC,2layers,all-critic,fprelu,0.5,Walker-Walk,655847046.6428028,126762232.05855227,5,794.6742082975401,170.61003505044988,5,100.0,10000.0,1000000.0
SAC,2layers,all-critic,frelu,0.1,Ant-v4,3041987549.226515,602604837.3175285,5,5533.741876191092,291.66303560435455,5,100.0,10000.0,1000000.0
SAC,2layers,all-critic,frelu,0.1,Cartpole-Swingup,763719644.2227325,18031337.904028498,5,805.9379058669181,72.5372161567248,5,100.0,10000.0,1000000.0
SAC,2layers,all-critic,frelu,0.1,Cheetah-Run,459116657.5338861,46157223.146463394,5,648.5008463276531,12.486829944846917,5,100.0,10000.0,1000000.0
SAC,2layers,all-critic,frelu,0.1,Finger-Spin,767230000.0,33600106.02661842,5,885.6,37.38716357254185,5,100.0,10000.0,1000000.0
SAC,2layers,all-critic,frelu,0.1,HalfCheetah-v4,6987741431.6796465,1238510299.9764566,5,9056.536982150452,1527.2776120479673,5,100.0,10000.0,1000000.0
SAC,2layers,all-critic,frelu,0.1,Hopper-v4,2616228361.711555,491003623.1438141,5,3423.1125268936935,136.89353585028275,5,100.0,10000.0,1000000.0
SAC,2layers,all-critic,frelu,0.1,Humanoid-v4,3494546259.780791,144207154.46174145,5,4372.604297033118,1899.4590401496196,5,100.0,10000.0,1000000.0
SAC,2layers,all-critic,frelu,0.1,Walker-Walk,750424242.5477709,102152931.44452956,5,883.4678775873547,119.72178939383964,5,100.0,10000.0,1000000.0
SAC,2layers,all-critic,frelu,0.2,Ant-v4,2389915030.0094385,873296803.3351005,5,4563.646063670732,885.9381106946951,5,100.0,10000.0,1000000.0
SAC,2layers,all-critic,frelu,0.2,Cartpole-Swingup,765196125.4723965,44381988.137968786,5,830.2989203762388,40.84157208797074,5,100.0,10000.0,1000000.0
SAC,2layers,all-critic,frelu,0.2,Cheetah-Run,427635237.0859034,64600349.384811915,5,556.8620511227703,82.71300525901049,5,100.0,10000.0,1000000.0
SAC,2layers,all-critic,frelu,0.2,Finger-Spin,781109000.0,23358281.828935955,5,903.8,35.18806615885563,5,100.0,10000.0,1000000.0
SAC,2layers,all-critic,frelu,0.2,HalfCheetah-v4,7334168087.628519,880961066.593055,5,9247.460677454332,1882.34393782998,5,100.0,10000.0,1000000.0
SAC,2layers,all-critic,frelu,0.2,Hopper-v4,2642988690.241605,159295016.61772695,5,2583.237575140177,1110.1726655864643,5,100.0,10000.0,1000000.0
SAC,2layers,all-critic,frelu,0.2,Humanoid-v4,3477306797.798213,287030084.62193334,5,5460.836321175185,215.00545479071158,5,100.0,10000.0,1000000.0
SAC,2layers,all-critic,frelu,0.2,Walker-Walk,733835655.9173417,100604780.42115831,5,904.3622531320709,63.30859590897042,5,100.0,10000.0,1000000.0
SAC,2layers,all-critic,frelu,0.3,Ant-v4,2161058579.1865153,720154787.9608182,5,3559.3860720886396,400.8938236616583,5,100.0,10000.0,1000000.0
SAC,2layers,all-critic,frelu,0.3,Cartpole-Swingup,773811211.2879493,24953724.229489338,5,818.1329369774093,43.08800989366964,5,100.0,10000.0,1000000.0
SAC,2layers,all-critic,frelu,0.3,Cheetah-Run,414916781.1784361,22155550.281497322,5,567.7502401264139,41.819532956108624,5,100.0,10000.0,1000000.0
SAC,2layers,all-critic,frelu,0.3,Finger-Spin,738976000.0,26465323.160694636,5,840.8,31.62593872124588,5,100.0,10000.0,1000000.0
SAC,2layers,all-critic,frelu,0.3,HalfCheetah-v4,6178650122.500422,615055524.3921101,5,7666.679553101931,1211.7900414752928,5,100.0,10000.0,1000000.0
SAC,2layers,all-critic,frelu,0.3,Hopper-v4,2532380718.4875326,189719551.2296567,5,3320.23477704191,62.7712172477122,5,100.0,10000.0,1000000.0
SAC,2layers,all-critic,frelu,0.3,Humanoid-v4,3380185733.8796353,273883434.5199047,5,5458.795330990517,119.10111202902122,5,100.0,10000.0,1000000.0
SAC,2layers,all-critic,frelu,0.3,Walker-Walk,711535380.2008955,86180537.8063397,5,874.6378838497064,102.16382951489298,5,100.0,10000.0,1000000.0
SAC,2layers,all-critic,frelu,0.4,Ant-v4,1758114945.7977657,446955836.35899067,5,3072.808042117698,926.4440004555993,5,100.0,10000.0,1000000.0
SAC,2layers,all-critic,frelu,0.4,Cartpole-Swingup,774785772.5934782,16999011.19407478,5,822.0607413706196,35.08451485510482,5,100.0,10000.0,1000000.0
SAC,2layers,all-critic,frelu,0.4,Cheetah-Run,383556735.9108281,43596084.929092094,5,543.1441790334553,64.12577621460811,5,100.0,10000.0,1000000.0
SAC,2layers,all-critic,frelu,0.4,Finger-Spin,708740000.0,99125843.56513695,5,868.4,48.4386209547712,5,100.0,10000.0,1000000.0
SAC,2layers,all-critic,frelu,0.4,HalfCheetah-v4,6825082968.863133,1136679844.0530019,5,8950.613954449378,1474.1181833470644,5,100.0,10000.0,1000000.0
SAC,2layers,all-critic,frelu,0.4,Hopper-v4,2191781276.2126126,537801814.1440768,5,3390.661924696514,100.58948483868888,5,100.0,10000.0,1000000.0
SAC,2layers,all-critic,frelu,0.4,Humanoid-v4,3555428552.9467545,330968127.8525451,5,4479.995545805092,2067.0654103503334,5,100.0,10000.0,1000000.0
SAC,2layers,all-critic,frelu,0.4,Walker-Walk,591055475.4630154,171694318.5589482,5,685.9182668437128,180.9755134949326,5,100.0,10000.0,1000000.0
SAC,2layers,all-critic,frelu,0.5,Ant-v4,1240655069.62181,255526222.99840966,5,2098.7049230319326,714.5463866071359,5,100.0,10000.0,1000000.0
SAC,2layers,all-critic,frelu,0.5,Cartpole-Swingup,769361530.0235052,27406757.385500927,5,807.6076473358987,35.47001330957396,5,100.0,10000.0,1000000.0
SAC,2layers,all-critic,frelu,0.5,Cheetah-Run,377469136.9469805,71349942.58538298,5,513.302071248637,125.6089085563336,5,100.0,10000.0,1000000.0
SAC,2layers,all-critic,frelu,0.5,Finger-Spin,647757000.0,139676171.31243253,5,847.8,26.677706048309332,5,100.0,10000.0,1000000.0
SAC,2layers,all-critic,frelu,0.5,HalfCheetah-v4,6688410033.096306,1079355954.8575957,5,8403.106513898976,1336.5585758530815,5,100.0,10000.0,1000000.0
SAC,2layers,all-critic,frelu,0.5,Hopper-v4,2162861331.4593415,569370897.4800785,5,2936.9812869779494,761.4536453002918,5,100.0,10000.0,1000000.0
SAC,2layers,all-critic,frelu,0.5,Humanoid-v4,3553106754.147059,280324759.7301504,5,5408.196350643052,131.67083915382696,5,100.0,10000.0,1000000.0
SAC,2layers,all-critic,frelu,0.5,Walker-Walk,678511873.7460519,60705420.17382558,5,762.0423457581669,385.19810233084206,5,100.0,10000.0,1000000.0
SAC,2layers,all-critic,fswish,0.1,Ant-v4,3594550021.185875,483287328.5626231,5,5441.70380859375,610.0739150521194,5,100.0,10000.0,1000000.0
SAC,2layers,all-critic,fswish,0.1,Cartpole-Swingup,760433689.9490356,61607679.22251615,5,849.583642578125,19.10327850859025,5,100.0,10000.0,1000000.0
SAC,2layers,all-critic,fswish,0.1,Cheetah-Run,446542959.83606577,80552558.67688088,5,587.78642578125,89.52184682404625,5,100.0,10000.0,1000000.0
SAC,2layers,all-critic,fswish,0.1,Finger-Spin,692291000.0,22083930.63972082,5,904.2,26.338185207033543,5,89.0,10000.0,890000.0
SAC,2layers,all-critic,fswish,0.1,HalfCheetah-v4,8683692290.819168,891714221.5370318,5,10946.6294921875,743.8015535254793,5,100.0,10000.0,1000000.0
SAC,2layers,all-critic,fswish,0.1,Hopper-v4,2288696319.618225,392698949.2069695,5,2843.367724609375,790.309329758904,5,100.0,10000.0,1000000.0
SAC,2layers,all-critic,fswish,0.1,Humanoid-v4,3799617396.92688,206205806.2402375,5,5211.4794921875,61.97032043017619,5,100.0,10000.0,1000000.0
SAC,2layers,all-critic,fswish,0.1,Walker-Walk,841299908.7219238,20591724.395603098,5,965.7213500976562,17.616629442851632,5,100.0,10000.0,1000000.0
SAC,2layers,all-critic,fswish,0.2,Ant-v4,3441917621.8481064,814360102.4746226,5,4796.004248046875,1794.2593009511165,5,100.0,10000.0,1000000.0
SAC,2layers,all-critic,fswish,0.2,Cartpole-Swingup,783084049.8771667,21670769.27088181,5,808.67978515625,60.93644378553097,5,100.0,10000.0,1000000.0
SAC,2layers,all-critic,fswish,0.2,Cheetah-Run,473456933.2830906,58017994.8577037,5,633.8903198242188,46.72146674182352,5,100.0,10000.0,1000000.0
SAC,2layers,all-critic,fswish,0.2,Finger-Spin,797373000.0,37827997.33662886,5,906.2,43.76871028485988,5,100.0,10000.0,1000000.0
SAC,2layers,all-critic,fswish,0.2,HalfCheetah-v4,8080695662.817001,476474030.9748142,5,10710.0046875,483.33262211531354,5,100.0,10000.0,1000000.0
SAC,2layers,all-critic,fswish,0.2,Hopper-v4,2497960049.9801636,358065420.6880083,5,2607.9108642578126,1116.7899604933107,5,100.0,10000.0,1000000.0
SAC,2layers,all-critic,fswish,0.2,Humanoid-v4,3920877959.5947266,195592049.16907772,5,5303.4076171875,279.0465413598713,5,100.0,10000.0,1000000.0
SAC,2layers,all-critic,fswish,0.2,Walker-Walk,690806074.97406,118104883.4246843,5,861.6265869140625,117.74985576746754,5,100.0,10000.0,1000000.0
SAC,2layers,all-critic,fswish,0.3,Ant-v4,3051817868.1554794,519803898.5245677,5,4797.758544921875,821.2131602724771,5,100.0,10000.0,1000000.0
SAC,2layers,all-critic,fswish,0.3,Cartpole-Swingup,736457965.4769897,103189094.40576673,5,798.1471313476562,56.084688723351,5,100.0,10000.0,1000000.0
SAC,2layers,all-critic,fswish,0.3,Cheetah-Run,469375631.8477392,46352048.6755681,5,639.9248168945312,50.9214568523025,5,100.0,10000.0,1000000.0
SAC,2layers,all-critic,fswish,0.3,Finger-Spin,818623000.0,37235951.14267931,5,919.4,31.73798985443155,5,100.0,10000.0,1000000.0
SAC,2layers,all-critic,fswish,0.3,HalfCheetah-v4,8087959679.0905,1262814649.3031054,5,10101.62373046875,1892.7111611905957,5,100.0,10000.0,1000000.0
SAC,2layers,all-critic,fswish,0.3,Hopper-v4,2075604164.8788452,660405981.62552,5,2426.425341796875,936.3635657503681,5,100.0,10000.0,1000000.0
SAC,2layers,all-critic,fswish,0.3,Humanoid-v4,3783256075.592041,165402320.45519397,5,5213.435546875,36.43800710910832,5,100.0,10000.0,1000000.0
SAC,2layers,all-critic,fswish,0.3,Walker-Walk,717966611.9556427,109140419.22181502,5,863.9568115234375,92.9300835508255,5,100.0,10000.0,1000000.0
SAC,2layers,all-critic,fswish,0.4,Ant-v4,3688984191.010475,498910893.0084239,5,4750.114013671875,1567.2427572433319,5,100.0,10000.0,1000000.0
SAC,2layers,all-critic,fswish,0.4,Cartpole-Swingup,771479362.6174927,25548989.25571686,5,854.1908569335938,10.466629655886408,5,100.0,10000.0,1000000.0
SAC,2layers,all-critic,fswish,0.4,Cheetah-Run,429475453.5100609,58890076.49626595,5,574.3254211425781,109.77207209155539,5,100.0,10000.0,1000000.0
SAC,2layers,all-critic,fswish,0.4,Finger-Spin,756746000.0,44563654.108477235,5,884.4,34.5586458068021,5,100.0,10000.0,1000000.0
SAC,2layers,all-critic,fswish,0.4,HalfCheetah-v4,8473290172.32132,243077904.7099334,5,10658.534375,381.37822705731804,5,100.0,10000.0,1000000.0
SAC,2layers,all-critic,fswish,0.4,Hopper-v4,2180294777.0233154,373246471.08268046,5,2442.9894897460936,1087.4341485019584,5,100.0,10000.0,1000000.0
SAC,2layers,all-critic,fswish,0.4,Humanoid-v4,3766772391.0217285,246735650.25123248,5,5236.719140625,96.03687820513822,5,100.0,10000.0,1000000.0
SAC,2layers,all-critic,fswish,0.4,Walker-Walk,745592549.5567322,97371956.8477404,5,898.9567504882813,90.12357220694504,5,100.0,10000.0,1000000.0
SAC,2layers,all-critic,fswish,0.5,Ant-v4,2967219290.915966,633703941.7231107,5,4337.51298828125,827.3487157698639,5,100.0,10000.0,1000000.0
SAC,2layers,all-critic,fswish,0.5,Cartpole-Swingup,776476889.8429871,16792541.375435546,5,838.7518432617187,21.371450245660153,5,100.0,10000.0,1000000.0
SAC,2layers,all-critic,fswish,0.5,Cheetah-Run,452214614.4171357,29919473.334662996,5,604.5173706054687,50.366641406673,5,100.0,10000.0,1000000.0
SAC,2layers,all-critic,fswish,0.5,Finger-Spin,755630000.0,39754943.40330522,5,864.0,14.317821063276359,5,100.0,10000.0,1000000.0
SAC,2layers,all-critic,fswish,0.5,HalfCheetah-v4,8348815573.112488,1041226366.6761264,5,10481.30703125,1466.3158561906826,5,100.0,10000.0,1000000.0
SAC,2layers,all-critic,fswish,0.5,Hopper-v4,2203696224.5635986,485586094.40858865,5,2732.6902587890627,938.6020142229893,5,100.0,10000.0,1000000.0
SAC,2layers,all-critic,fswish,0.5,Humanoid-v4,3740717884.6740723,223126971.53293407,5,5347.51484375,168.32726625347212,5,100.0,10000.0,1000000.0
SAC,2layers,all-critic,fswish,0.5,Walker-Walk,811520199.2754936,73678588.13762434,5,943.379150390625,18.795856005658962,5,100.0,10000.0,1000000.0
SAC,2layers,all-critic,gelu,NA,Ant-v4,3341940537.3125076,591631440.3854629,5,5098.22900390625,888.9490645242491,5,100.0,10000.0,1000000.0
SAC,2layers,all-critic,gelu,NA,Cartpole-Swingup,745867038.4216309,77941357.5842299,5,831.0716918945312,35.78284834303334,5,100.0,10000.0,1000000.0
SAC,2layers,all-critic,gelu,NA,Cheetah-Run,407756855.312109,10226878.208108913,5,553.1515502929688,46.16686188500393,5,100.0,10000.0,1000000.0
SAC,2layers,all-critic,gelu,NA,Finger-Spin,774874000.0,36002964.35711926,5,877.2,19.740820651634525,5,100.0,10000.0,1000000.0
SAC,2layers,all-critic,gelu,NA,HalfCheetah-v4,7255520234.836578,1053515684.4808532,5,9350.51083984375,1691.1886452710212,5,100.0,10000.0,1000000.0
SAC,2layers,all-critic,gelu,NA,Hopper-v4,2248861784.0099335,502133805.1039787,5,1932.3241455078125,883.8909369511169,5,100.0,10000.0,1000000.0
SAC,2layers,all-critic,gelu,NA,Humanoid-v4,3772813106.994629,178482465.3326683,5,5564.84951171875,152.16608615216467,5,100.0,10000.0,1000000.0
SAC,2layers,all-critic,gelu,NA,Walker-Walk,834105489.5439148,28938143.777195897,5,955.2284545898438,35.75962287091045,5,100.0,10000.0,1000000.0
SAC,2layers,all-critic,lrelu,NA,Ant-v4,3263279813.8809204,591631400.7784704,5,5583.61708984375,480.5705777989528,5,100.0,10000.0,1000000.0
SAC,2layers,all-critic,lrelu,NA,Cartpole-Swingup,772992126.5106201,23760651.85262862,5,802.9905517578125,41.5276821640788,5,100.0,10000.0,1000000.0
SAC,2layers,all-critic,lrelu,NA,Cheetah-Run,444142709.4846964,35532615.075489454,5,588.20283203125,40.98284865174706,5,100.0,10000.0,1000000.0
SAC,2layers,all-critic,lrelu,NA,Finger-Spin,782514000.0,40345763.16046084,5,897.2,23.857912733514656,5,100.0,10000.0,1000000.0
SAC,2layers,all-critic,lrelu,NA,HalfCheetah-v4,7058982790.529251,964917901.3746439,5,9219.96083984375,1547.0551287087596,5,100.0,10000.0,1000000.0
SAC,2layers,all-critic,lrelu,NA,Hopper-v4,2484038064.632416,138334296.14193687,5,2141.4634521484377,809.2359787800553,5,100.0,10000.0,1000000.0
SAC,2layers,all-critic,lrelu,NA,Humanoid-v4,3644660686.065674,53247249.73025273,5,5578.39228515625,162.53977295866727,5,100.0,10000.0,1000000.0
SAC,2layers,all-critic,lrelu,NA,Walker-Walk,729325353.9905548,149246755.48451012,5,865.8361083984375,132.57697018067716,5,100.0,10000.0,1000000.0
SAC,2layers,all-critic,prelu,NA,Ant-v4,2510842953.462124,450321198.7064341,5,5003.97744140625,473.9878804104294,5,100.0,10000.0,1000000.0
SAC,2layers,all-critic,prelu,NA,Cartpole-Swingup,758738408.0505371,70437189.8759008,5,820.9972045898437,89.91158647702557,5,100.0,10000.0,1000000.0
SAC,2layers,all-critic,prelu,NA,Cheetah-Run,432054108.2532033,82322545.57827312,5,614.1015502929688,107.99715122154021,5,100.0,10000.0,1000000.0
SAC,2layers,all-critic,prelu,NA,Finger-Spin,763235000.0,32690313.5500411,5,887.4,21.858636736997113,5,100.0,10000.0,1000000.0
SAC,2layers,all-critic,prelu,NA,HalfCheetah-v4,7888900827.2743225,399220984.51282966,5,10294.8279296875,833.5022428151158,5,100.0,10000.0,1000000.0
SAC,2layers,all-critic,prelu,NA,Hopper-v4,2148874757.8849792,288322440.96077675,5,2996.6677978515627,887.6814519875594,5,100.0,10000.0,1000000.0
SAC,2layers,all-critic,prelu,NA,Humanoid-v4,3861276465.911865,321937204.9446623,5,5586.88125,273.2895206949972,5,100.0,10000.0,1000000.0
SAC,2layers,all-critic,prelu,NA,Walker-Walk,785194030.5557251,80245104.41759308,5,915.132666015625,59.72249194106753,5,100.0,10000.0,1000000.0
SAC,2layers,all-critic,swish,NA,Ant-v4,3664413996.3181014,668469320.6316823,5,5193.53720703125,726.6089002791248,5,100.0,10000.0,1000000.0
SAC,2layers,all-critic,swish,NA,Cartpole-Swingup,757724853.3859253,23615296.705961358,5,845.8633056640625,22.878328570919,5,100.0,10000.0,1000000.0
SAC,2layers,all-critic,swish,NA,Cheetah-Run,467356853.0935645,36540542.66952538,5,599.2606567382812,40.33031519283901,5,100.0,10000.0,1000000.0
SAC,2layers,all-critic,swish,NA,Finger-Spin,763107000.0,25475577.176974814,5,893.4,14.673104647619736,5,100.0,10000.0,1000000.0
SAC,2layers,all-critic,swish,NA,HalfCheetah-v4,7966271038.517088,537426196.441676,5,10863.544140625,437.2665383935944,5,100.0,10000.0,1000000.0
SAC,2layers,all-critic,swish,NA,Hopper-v4,2344023048.5248566,203754006.0964203,5,3380.3390625,125.38903672224319,5,100.0,10000.0,1000000.0
SAC,2layers,all-critic,swish,NA,Humanoid-v4,3697753116.5771484,185281478.40889594,5,5321.8724609375,228.33768374742164,5,100.0,10000.0,1000000.0
SAC,2layers,all-critic,swish,NA,Walker-Walk,797382171.535492,107182950.32212533,5,911.4611206054688,73.02688423215193,5,100.0,10000.0,1000000.0
SAC,2layers,first-actor,fgelu,0.1,Ant-v4,2574172763.4911537,854636417.7465097,5,4973.437890625,985.7811039646467,5,100.0,10000.0,1000000.0
SAC,2layers,first-actor,fgelu,0.1,Cartpole-Swingup,783494141.1361694,10616366.93911345,5,838.9443969726562,11.052447650420653,5,100.0,10000.0,1000000.0
SAC,2layers,first-actor,fgelu,0.1,Cheetah-Run,485544602.12385654,57779197.82746589,5,650.219873046875,58.9983639962665,5,100.0,10000.0,1000000.0
SAC,2layers,first-actor,fgelu,0.1,Finger-Spin,749331000.0,80380389.1972414,5,843.0,63.70635761052424,5,100.0,10000.0,1000000.0
SAC,2layers,first-actor,fgelu,0.1,HalfCheetah-v4,7725594370.562553,383128909.8205187,5,10638.061328125,741.2177934022931,5,100.0,10000.0,1000000.0
SAC,2layers,first-actor,fgelu,0.1,Hopper-v4,2328785581.7108154,429624887.4829719,5,2233.2350463867188,1049.785299393432,5,100.0,10000.0,1000000.0
SAC,2layers,first-actor,fgelu,0.1,Humanoid-v4,4019975162.963867,116698573.00244613,5,5666.59228515625,222.67158102452828,5,100.0,10000.0,1000000.0
SAC,2layers,first-actor,fgelu,0.1,Walker-Walk,853801066.9670105,25130808.729383804,5,971.6903564453125,15.962919244387047,5,100.0,10000.0,1000000.0
SAC,2layers,first-actor,fgelu,0.2,Ant-v4,3083347378.5743713,451143757.4078607,5,4456.8978271484375,1600.7842159727675,5,100.0,10000.0,1000000.0
SAC,2layers,first-actor,fgelu,0.2,Cartpole-Swingup,772556033.2984924,10553496.897294706,5,787.5323608398437,64.86736980119095,5,100.0,10000.0,1000000.0
SAC,2layers,first-actor,fgelu,0.2,Cheetah-Run,502776445.4591274,22528573.357268848,5,625.3827697753907,133.24136719614305,5,100.0,10000.0,1000000.0
SAC,2layers,first-actor,fgelu,0.2,Finger-Spin,720317000.0,77372445.80598445,5,863.4,72.48310147889646,5,100.0,10000.0,1000000.0
SAC,2layers,first-actor,fgelu,0.2,HalfCheetah-v4,7356105279.372215,1166198963.6281695,5,10097.0380859375,1242.263401137124,5,100.0,10000.0,1000000.0
SAC,2layers,first-actor,fgelu,0.2,Hopper-v4,2355372918.308258,324085416.257402,5,3020.4212158203127,942.8601565436394,5,100.0,10000.0,1000000.0
SAC,2layers,first-actor,fgelu,0.2,Humanoid-v4,3836929449.7680664,153039622.054911,5,5435.95341796875,194.90416154988733,5,100.0,10000.0,1000000.0
SAC,2layers,first-actor,fgelu,0.2,Walker-Walk,794180521.9917297,49011504.26035555,5,947.8671020507812,27.43781036820403,5,100.0,10000.0,1000000.0
SAC,2layers,first-actor,fgelu,0.3,Ant-v4,2298578924.9072075,853756652.3449928,5,3880.0638916015623,2125.1393950590864,5,100.0,10000.0,1000000.0
SAC,2layers,first-actor,fgelu,0.3,Cartpole-Swingup,776644768.1808472,20564568.658944774,5,847.9731079101563,11.302925989617396,5,100.0,10000.0,1000000.0
SAC,2layers,first-actor,fgelu,0.3,Cheetah-Run,438424509.20820236,43640822.968154624,5,601.5945434570312,32.29343896500204,5,100.0,10000.0,1000000.0
SAC,2layers,first-actor,fgelu,0.3,Finger-Spin,738961000.0,38752991.4006648,5,862.6,27.042559050504078,5,100.0,10000.0,1000000.0
SAC,2layers,first-actor,fgelu,0.3,HalfCheetah-v4,7073725424.012184,889861074.8234388,5,9568.5650390625,1027.7747592104827,5,100.0,10000.0,1000000.0
SAC,2layers,first-actor,fgelu,0.3,Hopper-v4,2466759801.940918,313706958.28193134,5,3097.7376708984375,702.8825745438388,5,100.0,10000.0,1000000.0
SAC,2layers,first-actor,fgelu,0.3,Humanoid-v4,3971683150.100708,233774589.16214013,5,5571.137109375,237.2808605884203,5,100.0,10000.0,1000000.0
SAC,2layers,first-actor,fgelu,0.3,Walker-Walk,807297126.4724731,96763192.9080489,5,930.0698120117188,60.227763711605824,5,100.0,10000.0,1000000.0
SAC,2layers,first-actor,fgelu,0.4,Ant-v4,2866688457.8790665,421535477.0129469,5,4217.997680282593,2361.12212557089,5,100.0,10000.0,1000000.0
SAC,2layers,first-actor,fgelu,0.4,Cartpole-Swingup,768555518.8293457,42818628.918896526,5,789.1581787109375,71.4947283689207,5,100.0,10000.0,1000000.0
SAC,2layers,first-actor,fgelu,0.4,Cheetah-Run,451884980.9370041,36210123.791658044,5,616.9495483398438,79.08369133937079,5,100.0,10000.0,1000000.0
SAC,2layers,first-actor,fgelu,0.4,Finger-Spin,761721000.0,34558021.75327747,5,869.0,28.57446412445909,5,100.0,10000.0,1000000.0
SAC,2layers,first-actor,fgelu,0.4,HalfCheetah-v4,5814133073.587418,2639251852.876908,5,8020.624560546875,3601.400958335031,5,100.0,10000.0,1000000.0
SAC,2layers,first-actor,fgelu,0.4,Hopper-v4,2645637058.084488,192812962.97661054,5,2848.1339599609373,992.8135663521789,5,100.0,10000.0,1000000.0
SAC,2layers,first-actor,fgelu,0.4,Humanoid-v4,4025265324.737549,265494268.4521584,5,5564.3267578125,247.75109709699828,5,100.0,10000.0,1000000.0
SAC,2layers,first-actor,fgelu,0.4,Walker-Walk,823565908.5464478,44079193.52692158,5,966.7243774414062,14.388635585711121,5,100.0,10000.0,1000000.0
SAC,2layers,first-actor,fgelu,0.5,Ant-v4,2624303237.2756004,586961572.324148,5,4170.587190246582,2290.1638196700237,5,100.0,10000.0,1000000.0
SAC,2layers,first-actor,fgelu,0.5,Cartpole-Swingup,757827356.3156128,50664283.74305754,5,814.8878784179688,39.776511442495995,5,100.0,10000.0,1000000.0
SAC,2layers,first-actor,fgelu,0.5,Cheetah-Run,459997151.11112595,36430749.37249681,5,642.1181762695312,54.8475181050548,5,100.0,10000.0,1000000.0
SAC,2layers,first-actor,fgelu,0.5,Finger-Spin,745756000.0,35678057.927807674,5,870.8,11.734564329364773,5,100.0,10000.0,1000000.0
SAC,2layers,first-actor,fgelu,0.5,HalfCheetah-v4,6834325202.262878,899018840.5976516,5,9222.45068359375,1645.8767958267154,5,100.0,10000.0,1000000.0
SAC,2layers,first-actor,fgelu,0.5,Hopper-v4,2691967222.7516174,177867721.51060313,5,2730.7153537750246,1519.7480855961214,5,100.0,10000.0,1000000.0
SAC,2layers,first-actor,fgelu,0.5,Humanoid-v4,3772895367.614746,135761675.21165335,5,5577.924609375,227.92132162046676,5,100.0,10000.0,1000000.0
SAC,2layers,first-actor,fgelu,0.5,Walker-Walk,763169566.8869019,77745815.19919045,5,887.609326171875,86.38820478641605,5,100.0,10000.0,1000000.0
SAC,2layers,first-actor,flrelu,0.1,Ant-v4,2341945568.5514784,210919557.559582,5,3399.953989808548,2730.273539663896,5,100.0,10000.0,1000000.0
SAC,2layers,first-actor,flrelu,0.1,Cartpole-Swingup,771466919.2407553,6570248.088492385,5,788.1793934506547,71.23072085614659,5,100.0,10000.0,1000000.0
SAC,2layers,first-actor,flrelu,0.1,Cheetah-Run,480865032.15821135,56925006.05602358,5,629.1587860340172,66.34872137540614,5,100.0,10000.0,1000000.0
SAC,2layers,first-actor,flrelu,0.1,Finger-Spin,747228000.0,124678281.61913365,5,896.0,96.85814369478696,5,100.0,10000.0,1000000.0
SAC,2layers,first-actor,flrelu,0.1,HalfCheetah-v4,6511670336.41735,2664648988.4941354,5,8381.73491383881,3618.611631171371,5,100.0,10000.0,1000000.0
SAC,2layers,first-actor,flrelu,0.1,Hopper-v4,2294304774.172847,336778770.9229605,5,3051.665427190491,746.04851613049,5,100.0,10000.0,1000000.0
SAC,2layers,first-actor,flrelu,0.1,Humanoid-v4,3599770679.947651,156920071.65779403,5,5470.268712681627,109.30197139282687,5,100.0,10000.0,1000000.0
SAC,2layers,first-actor,flrelu,0.1,Walker-Walk,820448461.8934333,50961581.27008835,5,941.7020565135624,32.6498259501841,5,100.0,10000.0,1000000.0
SAC,2layers,first-actor,flrelu,0.2,Ant-v4,3053341614.656935,569605484.4642776,5,5124.681481632859,815.9454789884176,5,100.0,10000.0,1000000.0
SAC,2layers,first-actor,flrelu,0.2,Cartpole-Swingup,778394179.3263665,17234409.569411058,5,843.7380134936478,15.99351865955684,5,100.0,10000.0,1000000.0
SAC,2layers,first-actor,flrelu,0.2,Cheetah-Run,481468021.4199503,18190939.91454477,5,630.0967839794841,41.95098257100558,5,100.0,10000.0,1000000.0
SAC,2layers,first-actor,flrelu,0.2,Finger-Spin,759821000.0,27754005.88203439,5,883.0,47.43943507252169,5,100.0,10000.0,1000000.0
SAC,2layers,first-actor,flrelu,0.2,HalfCheetah-v4,7066887936.574468,1256528037.0859685,5,9711.391409577398,1478.0683568150148,5,100.0,10000.0,1000000.0
SAC,2layers,first-actor,flrelu,0.2,Hopper-v4,2483702852.187,107807808.75736496,5,3364.0900481163408,144.0306328230904,5,100.0,10000.0,1000000.0
SAC,2layers,first-actor,flrelu,0.2,Humanoid-v4,3583395023.370899,72904406.51606451,5,5442.760003003439,183.81997029728356,5,100.0,10000.0,1000000.0
SAC,2layers,first-actor,flrelu,0.2,Walker-Walk,793659915.5770557,73832161.89566079,5,902.6714638259031,65.95102806429041,5,100.0,10000.0,1000000.0
SAC,2layers,first-actor,flrelu,0.3,Ant-v4,2562749531.4862285,296085515.01897085,5,4833.978006567073,872.3801407194373,5,100.0,10000.0,1000000.0
SAC,2layers,first-actor,flrelu,0.3,Cartpole-Swingup,771589842.6082904,37522555.48776462,5,845.5111673280708,2.1414125037074303,5,100.0,10000.0,1000000.0
SAC,2layers,first-actor,flrelu,0.3,Cheetah-Run,455626245.55364573,72132212.24451378,5,598.7611532615934,99.56162856130442,5,100.0,10000.0,1000000.0
SAC,2layers,first-actor,flrelu,0.3,Finger-Spin,752765000.0,47078155.36424511,5,871.8,34.05436829541843,5,100.0,10000.0,1000000.0
SAC,2layers,first-actor,flrelu,0.3,HalfCheetah-v4,7397077321.297667,653122674.8021494,5,10029.183186707649,699.5689242895313,5,100.0,10000.0,1000000.0
SAC,2layers,first-actor,flrelu,0.3,Hopper-v4,2396638670.795469,552644571.7933794,5,2673.25342499812,1021.9438950367752,5,100.0,10000.0,1000000.0
SAC,2layers,first-actor,flrelu,0.3,Humanoid-v4,3642903808.3555474,208584591.68673623,5,5537.2336852102035,124.15147999246938,5,100.0,10000.0,1000000.0
SAC,2layers,first-actor,flrelu,0.3,Walker-Walk,809038478.1044539,92602709.88448,5,919.7630273515495,106.70130103805981,5,100.0,10000.0,1000000.0
SAC,2layers,first-actor,flrelu,0.4,Ant-v4,3181413609.4418,354179418.07877046,5,3585.008549926265,2400.3379482019964,5,100.0,10000.0,1000000.0
SAC,2layers,first-actor,flrelu,0.4,Cartpole-Swingup,792381397.6899873,15571195.264792988,5,830.9575914864727,23.117789243085724,5,100.0,10000.0,1000000.0
SAC,2layers,first-actor,flrelu,0.4,Cheetah-Run,471994322.82547617,84966973.88633615,5,627.6807489144907,129.0544879368327,5,100.0,10000.0,1000000.0
SAC,2layers,first-actor,flrelu,0.4,Finger-Spin,751419000.0,23255755.846671592,5,874.2,25.22300537208048,5,100.0,10000.0,1000000.0
SAC,2layers,first-actor,flrelu,0.4,HalfCheetah-v4,7088229314.90273,886695027.8610324,5,9095.383155559659,1407.8995854179375,5,100.0,10000.0,1000000.0
SAC,2layers,first-actor,flrelu,0.4,Hopper-v4,2503254829.422973,248773662.54140708,5,2614.369551765998,1126.6978981852262,5,100.0,10000.0,1000000.0
SAC,2layers,first-actor,flrelu,0.4,Humanoid-v4,3561613484.840111,217446610.86436567,5,5623.2056847765625,187.6858916194562,5,100.0,10000.0,1000000.0
SAC,2layers,first-actor,flrelu,0.4,Walker-Walk,764256344.1698073,91728396.65020409,5,931.4629933602425,73.84345827426219,5,100.0,10000.0,1000000.0
SAC,2layers,first-actor,flrelu,0.5,Ant-v4,3180039734.945517,590417493.3695112,5,4986.643610321147,1474.408062203881,5,100.0,10000.0,1000000.0
SAC,2layers,first-actor,flrelu,0.5,Cartpole-Swingup,775379623.8951056,29363650.57219586,5,812.7674963425652,41.670893420481605,5,100.0,10000.0,1000000.0
SAC,2layers,first-actor,flrelu,0.5,Cheetah-Run,504008451.2255844,44893721.669301204,5,661.85640320979,47.89739684230926,5,100.0,10000.0,1000000.0
SAC,2layers,first-actor,flrelu,0.5,Finger-Spin,751469000.0,43577135.26036332,5,861.0,37.19542982679458,5,100.0,10000.0,1000000.0
SAC,2layers,first-actor,flrelu,0.5,HalfCheetah-v4,6435026969.804808,2671169935.306231,5,8338.229901914654,3646.8134070794576,5,100.0,10000.0,1000000.0
SAC,2layers,first-actor,flrelu,0.5,Hopper-v4,2376395665.006944,128447898.42815194,5,2833.9008619134547,827.387336172496,5,100.0,10000.0,1000000.0
SAC,2layers,first-actor,flrelu,0.5,Humanoid-v4,3524921271.5896544,201210336.81852487,5,5569.935782579704,190.83050418953115,5,100.0,10000.0,1000000.0
SAC,2layers,first-actor,flrelu,0.5,Walker-Walk,706005131.7086146,138274020.2980371,5,832.4834264008907,147.18712183327116,5,100.0,10000.0,1000000.0
SAC,2layers,first-actor,fprelu,0.1,Ant-v4,2263853495.3688984,402697755.6774437,5,3566.8790342865955,933.2431571170908,5,100.0,10000.0,1000000.0
SAC,2layers,first-actor,fprelu,0.1,Cartpole-Swingup,773636855.758363,25298539.206307206,5,826.6554335099275,22.949331478101406,5,100.0,10000.0,1000000.0
SAC,2layers,first-actor,fprelu,0.1,Cheetah-Run,429689288.0116972,54597403.467055425,5,597.3291358980157,28.382953069577407,5,100.0,10000.0,1000000.0
SAC,2layers,first-actor,fprelu,0.1,Finger-Spin,735440000.0,54379981.26608725,5,873.6,43.038354987150704,5,100.0,10000.0,1000000.0
SAC,2layers,first-actor,fprelu,0.1,HalfCheetah-v4,7472438773.090475,439807416.4336553,5,9921.657376516932,730.294143797018,5,100.0,10000.0,1000000.0
SAC,2layers,first-actor,fprelu,0.1,Hopper-v4,2401082981.0142426,450984405.8821813,5,3066.8051139482004,970.9201446789934,5,100.0,10000.0,1000000.0
SAC,2layers,first-actor,fprelu,0.1,Humanoid-v4,3651173449.209916,186999112.41230243,5,4869.149554933476,1627.2303615197352,5,100.0,10000.0,1000000.0
SAC,2layers,first-actor,fprelu,0.1,Walker-Walk,796763247.8637859,74034460.26757844,5,923.5337431848586,79.729969245747,5,100.0,10000.0,1000000.0
SAC,2layers,first-actor,fprelu,0.2,Ant-v4,3288790905.8976946,738574684.0245032,5,5227.84577301501,868.2252645235242,5,100.0,10000.0,1000000.0
SAC,2layers,first-actor,fprelu,0.2,Cartpole-Swingup,783635080.2055795,15365011.598221615,5,815.6008225291821,47.42955761988951,5,100.0,10000.0,1000000.0
SAC,2layers,first-actor,fprelu,0.2,Cheetah-Run,477235856.67098296,25439768.699081678,5,634.7922336180698,29.394104866617088,5,100.0,10000.0,1000000.0
SAC,2layers,first-actor,fprelu,0.2,Finger-Spin,744369000.0,46713367.385578185,5,882.6,46.918013598190626,5,100.0,10000.0,1000000.0
SAC,2layers,first-actor,fprelu,0.2,HalfCheetah-v4,6415491813.142794,2526996126.555669,5,8412.446403084203,3372.134785047756,5,100.0,10000.0,1000000.0
SAC,2layers,first-actor,fprelu,0.2,Hopper-v4,2571606079.0174913,425262969.5298678,5,2870.283648432406,860.0644966636311,5,100.0,10000.0,1000000.0
SAC,2layers,first-actor,fprelu,0.2,Humanoid-v4,3695746756.8991814,170263407.1253766,5,5496.055504895548,245.95962228924324,5,100.0,10000.0,1000000.0
SAC,2layers,first-actor,fprelu,0.2,Walker-Walk,726387094.1090192,96669652.09814213,5,837.2858836195137,90.67516369951169,5,100.0,10000.0,1000000.0
SAC,2layers,first-actor,fprelu,0.3,Ant-v4,2999594750.38431,854750352.0798942,5,4931.282986764441,1242.8594089302146,5,100.0,10000.0,1000000.0
SAC,2layers,first-actor,fprelu,0.3,Cartpole-Swingup,730835726.6864349,118141580.52029559,5,777.512932249893,122.54015777056485,5,100.0,10000.0,1000000.0
SAC,2layers,first-actor,fprelu,0.3,Cheetah-Run,480550069.88563424,38544502.692778125,5,666.463172860204,75.12100643521009,5,100.0,10000.0,1000000.0
SAC,2layers,first-actor,fprelu,0.3,Finger-Spin,830729000.0,57469513.265730746,5,948.6,45.0088880111473,5,100.0,10000.0,1000000.0
SAC,2layers,first-actor,fprelu,0.3,HalfCheetah-v4,7513086907.1616,829171079.5032169,5,10202.57381479764,1577.2603837631807,5,100.0,10000.0,1000000.0
SAC,2layers,first-actor,fprelu,0.3,Hopper-v4,2538175988.665276,225702054.15376842,5,3125.050060590761,631.7078134399111,5,100.0,10000.0,1000000.0
SAC,2layers,first-actor,fprelu,0.3,Humanoid-v4,3730373201.649089,264112115.53164533,5,5474.355650449411,187.39939474255215,5,100.0,10000.0,1000000.0
SAC,2layers,first-actor,fprelu,0.3,Walker-Walk,782895750.5183913,97510919.21602179,5,914.2354077092314,126.9169966995586,5,100.0,10000.0,1000000.0
SAC,2layers,first-actor,fprelu,0.4,Ant-v4,2568415784.793669,790307010.3603798,5,4760.022502678441,900.5088106709062,5,100.0,10000.0,1000000.0
SAC,2layers,first-actor,fprelu,0.4,Cartpole-Swingup,762244117.7791636,62445910.14383311,5,801.8065365323515,60.357128400710714,5,100.0,10000.0,1000000.0
SAC,2layers,first-actor,fprelu,0.4,Cheetah-Run,498221301.85557157,49537333.03350202,5,650.5818040200983,54.92787733590595,5,100.0,10000.0,1000000.0
SAC,2layers,first-actor,fprelu,0.4,Finger-Spin,773610000.0,41611086.263158284,5,889.2,26.46129248543992,5,100.0,10000.0,1000000.0
SAC,2layers,first-actor,fprelu,0.4,HalfCheetah-v4,7404737505.315518,525172056.98391384,5,9838.156243764133,686.5969278262236,5,100.0,10000.0,1000000.0
SAC,2layers,first-actor,fprelu,0.4,Hopper-v4,2545534765.5460973,249458982.5273089,5,3490.37673889024,126.41036051073534,5,100.0,10000.0,1000000.0
SAC,2layers,first-actor,fprelu,0.4,Humanoid-v4,3650236171.5424423,205194171.4967959,5,5471.915511537487,70.85424992244917,5,100.0,10000.0,1000000.0
SAC,2layers,first-actor,fprelu,0.4,Walker-Walk,812956534.1505718,60222263.18178604,5,945.5119475108377,41.14441535194253,5,100.0,10000.0,1000000.0
SAC,2layers,first-actor,fprelu,0.5,Ant-v4,3239262642.476657,735966919.7401743,5,4405.658889427252,2750.022937979714,5,100.0,10000.0,1000000.0
SAC,2layers,first-actor,fprelu,0.5,Cartpole-Swingup,766647073.6784409,26997169.33808428,5,829.4120760441652,22.372686409101117,5,100.0,10000.0,1000000.0
SAC,2layers,first-actor,fprelu,0.5,Cheetah-Run,481362616.81074715,25270092.002198964,5,628.8571361725325,62.374196393319515,5,100.0,10000.0,1000000.0
SAC,2layers,first-actor,fprelu,0.5,Finger-Spin,766648000.0,31125538.870837238,5,882.8,50.25136814057903,5,100.0,10000.0,1000000.0
SAC,2layers,first-actor,fprelu,0.5,HalfCheetah-v4,6793983123.270106,327357430.5515553,5,9080.96123131367,557.9446239113255,5,100.0,10000.0,1000000.0
SAC,2layers,first-actor,fprelu,0.5,Hopper-v4,2576360934.45994,203674171.42511952,5,3065.4081265343766,800.7190711904601,5,100.0,10000.0,1000000.0
SAC,2layers,first-actor,fprelu,0.5,Humanoid-v4,3858854450.2333055,229167667.06277883,5,5214.413766050785,745.2623956360708,5,100.0,10000.0,1000000.0
SAC,2layers,first-actor,fprelu,0.5,Walker-Walk,851151547.5547087,26886495.09446679,5,959.0568089038949,20.09411435414533,5,100.0,10000.0,1000000.0
SAC,2layers,first-actor,frelu,0.1,Ant-v4,2896078646.0805306,1058420592.2419877,5,4282.5169585609765,2163.1672393188187,5,100.0,10000.0,1000000.0
SAC,2layers,first-actor,frelu,0.1,Cartpole-Swingup,774927652.505456,15285694.122912774,5,828.6619521679755,25.449353403917108,5,100.0,10000.0,1000000.0
SAC,2layers,first-actor,frelu,0.1,Cheetah-Run,508726642.0647162,44117480.73959258,5,669.3631286709635,63.876885169733185,5,100.0,10000.0,1000000.0
SAC,2layers,first-actor,frelu,0.1,Finger-Spin,763894000.0,40066752.02084642,5,892.4,45.89444410819243,5,100.0,10000.0,1000000.0
SAC,2layers,first-actor,frelu,0.1,HalfCheetah-v4,6659004461.466774,2852815130.9966054,5,8489.652053361127,3826.9191014013404,5,100.0,10000.0,1000000.0
SAC,2layers,first-actor,frelu,0.1,Hopper-v4,2552330744.0064244,277171737.56041414,5,3426.460686149733,135.73450259967095,5,100.0,10000.0,1000000.0
SAC,2layers,first-actor,frelu,0.1,Humanoid-v4,3598055246.1905084,205891485.32129657,5,4637.297779144756,2068.51938749268,5,100.0,10000.0,1000000.0
SAC,2layers,first-actor,frelu,0.1,Walker-Walk,827077117.6691713,68679804.8996211,5,962.283667758926,22.375901408409117,5,100.0,10000.0,1000000.0
SAC,2layers,first-actor,frelu,0.2,Ant-v4,3394784690.1918583,585572570.5284449,5,5393.995329004002,322.8356501866061,5,100.0,10000.0,1000000.0
SAC,2layers,first-actor,frelu,0.2,Cartpole-Swingup,782381809.7254021,13076710.75968466,5,788.6843043447467,85.48694679085617,5,100.0,10000.0,1000000.0
SAC,2layers,first-actor,frelu,0.2,Cheetah-Run,482631009.83467245,49505974.67812694,5,644.1580903036,80.61318013760108,5,100.0,10000.0,1000000.0
SAC,2layers,first-actor,frelu,0.2,Finger-Spin,761466000.0,36850402.20268972,5,882.0,29.65636525267384,5,100.0,10000.0,1000000.0
SAC,2layers,first-actor,frelu,0.2,HalfCheetah-v4,7832322534.194496,906019797.6785702,5,10204.865487898624,1582.1410649586855,5,100.0,10000.0,1000000.0
SAC,2layers,first-actor,frelu,0.2,Hopper-v4,2488744754.680609,312040626.8834541,5,2604.4148107725514,1225.9564735761007,5,100.0,10000.0,1000000.0
SAC,2layers,first-actor,frelu,0.2,Humanoid-v4,3853184245.4947405,125165186.90404089,5,5611.686802797556,163.25100596356765,5,100.0,10000.0,1000000.0
SAC,2layers,first-actor,frelu,0.2,Walker-Walk,809126843.6911873,52537264.07995082,5,934.1061380282715,58.99711503925353,5,100.0,10000.0,1000000.0
SAC,2layers,first-actor,frelu,0.3,Ant-v4,3332523125.6124725,666106657.4724383,5,4662.435619063514,1965.84807216975,5,100.0,10000.0,1000000.0
SAC,2layers,first-actor,frelu,0.3,Cartpole-Swingup,751533963.2479441,32852203.65076021,5,837.5756139247391,16.57034313028743,5,100.0,10000.0,1000000.0
SAC,2layers,first-actor,frelu,0.3,Cheetah-Run,494741391.98076934,25422236.24000223,5,651.1905020556594,38.41100904021805,5,100.0,10000.0,1000000.0
SAC,2layers,first-actor,frelu,0.3,Finger-Spin,759393000.0,47615460.93444859,5,873.6,17.966635745180557,5,100.0,10000.0,1000000.0
SAC,2layers,first-actor,frelu,0.3,HalfCheetah-v4,6143579721.581772,2602864401.8758283,5,8088.653783995613,3506.889597068911,5,100.0,10000.0,1000000.0
SAC,2layers,first-actor,frelu,0.3,Hopper-v4,2329300564.910552,223410192.95896742,5,3087.6889473199667,311.04504111009163,5,100.0,10000.0,1000000.0
SAC,2layers,first-actor,frelu,0.3,Humanoid-v4,3643424135.9089966,273522804.3605964,5,5481.706752938528,247.30222335700023,5,100.0,10000.0,1000000.0
SAC,2layers,first-actor,frelu,0.3,Walker-Walk,733476533.2315533,100939917.341998,5,878.6329022050201,99.2612317683903,5,100.0,10000.0,1000000.0
SAC,2layers,first-actor,frelu,0.4,Ant-v4,2979591840.1226544,316024505.6929485,5,5409.981585349808,500.52042587961665,5,100.0,10000.0,1000000.0
SAC,2layers,first-actor,frelu,0.4,Cartpole-Swingup,788470059.9555784,16046919.482676547,5,830.2081133319731,39.06209622990216,5,100.0,10000.0,1000000.0
SAC,2layers,first-actor,frelu,0.4,Cheetah-Run,487120923.12933666,41687869.12637017,5,641.8414033379585,28.293712230672252,5,100.0,10000.0,1000000.0
SAC,2layers,first-actor,frelu,0.4,Finger-Spin,730721000.0,40055308.231244445,5,853.8,34.14234906974034,5,100.0,10000.0,1000000.0
SAC,2layers,first-actor,frelu,0.4,HalfCheetah-v4,6090505812.689643,2514034841.2749157,5,7531.997866950837,3200.9967699328104,5,100.0,10000.0,1000000.0
SAC,2layers,first-actor,frelu,0.4,Hopper-v4,2730046861.7757382,172472479.58730182,5,2720.4142199100656,1054.7248744638007,5,100.0,10000.0,1000000.0
SAC,2layers,first-actor,frelu,0.4,Humanoid-v4,3678014596.892497,285335689.9889984,5,3820.045551462915,2709.327740322731,5,100.0,10000.0,1000000.0
SAC,2layers,first-actor,frelu,0.4,Walker-Walk,810548181.0556178,64571651.01956979,5,933.746725312498,59.43346408214523,5,100.0,10000.0,1000000.0
SAC,2layers,first-actor,frelu,0.5,Ant-v4,2727741554.7478247,927107819.9216791,5,4589.812107142136,1117.3336335124673,5,100.0,10000.0,1000000.0
SAC,2layers,first-actor,frelu,0.5,Cartpole-Swingup,793076474.9517558,10458167.125727342,5,841.5654231128598,12.557431639735357,5,100.0,10000.0,1000000.0
SAC,2layers,first-actor,frelu,0.5,Cheetah-Run,495787109.3155674,29175400.213566598,5,673.531894897962,72.38791821755507,5,100.0,10000.0,1000000.0
SAC,2layers,first-actor,frelu,0.5,Finger-Spin,769301000.0,37161980.80700221,5,886.2,38.048653064201886,5,100.0,10000.0,1000000.0
SAC,2layers,first-actor,frelu,0.5,HalfCheetah-v4,6401459195.404587,2834020170.0978575,5,8494.523766170067,3922.9254261974465,5,100.0,10000.0,1000000.0
SAC,2layers,first-actor,frelu,0.5,Hopper-v4,2530937071.848905,266952918.4648942,5,3421.2101075148994,135.93338705021418,5,100.0,10000.0,1000000.0
SAC,2layers,first-actor,frelu,0.5,Humanoid-v4,3701456828.8814607,271700959.95729226,5,5012.655241526065,1030.0088201193505,5,100.0,10000.0,1000000.0
SAC,2layers,first-actor,frelu,0.5,Walker-Walk,823070483.5380526,47481240.54812147,5,930.3784558014264,51.01490268849329,5,100.0,10000.0,1000000.0
SAC,2layers,first-actor,fswish,0.1,Ant-v4,2811936614.31396,757999154.7439978,5,5085.514013671875,678.8429953420663,5,100.0,10000.0,1000000.0
SAC,2layers,first-actor,fswish,0.1,Cartpole-Swingup,789547696.4569092,13076256.540679578,5,835.9260864257812,32.55121548727629,5,100.0,10000.0,1000000.0
SAC,2layers,first-actor,fswish,0.1,Cheetah-Run,455213063.9491081,46257593.691005014,5,652.0284057617188,85.63817200209992,5,100.0,10000.0,1000000.0
SAC,2layers,first-actor,fswish,0.1,Finger-Spin,779999000.0,58953377.59619884,5,876.6,45.46207210411774,5,100.0,10000.0,1000000.0
SAC,2layers,first-actor,fswish,0.1,HalfCheetah-v4,6514603287.261963,2817399893.913953,5,8627.13681640625,3705.822999350807,5,100.0,10000.0,1000000.0
SAC,2layers,first-actor,fswish,0.1,Hopper-v4,2399035337.371826,279275267.2721814,5,2980.3113037109374,702.1809073640812,5,100.0,10000.0,1000000.0
SAC,2layers,first-actor,fswish,0.1,Humanoid-v4,4037978962.82959,388259434.3954382,5,5667.790234375,244.13250481066314,5,100.0,10000.0,1000000.0
SAC,2layers,first-actor,fswish,0.1,Walker-Walk,803748762.9327774,117876711.5043352,5,914.2816650390625,125.16408325263389,5,100.0,10000.0,1000000.0
SAC,2layers,first-actor,fswish,0.2,Ant-v4,2166570158.7942243,636159075.0446031,5,4078.4688232421877,1747.4899383350628,5,100.0,10000.0,1000000.0
SAC,2layers,first-actor,fswish,0.2,Cartpole-Swingup,782127966.2399292,13656120.299787316,5,833.7098022460938,21.01823140593033,5,100.0,10000.0,1000000.0
SAC,2layers,first-actor,fswish,0.2,Cheetah-Run,464187981.21619225,56486334.365870245,5,590.6818359375,41.87143266181522,5,100.0,10000.0,1000000.0
SAC,2layers,first-actor,fswish,0.2,Finger-Spin,799839000.0,47074597.3694943,5,904.6,36.184250717681024,5,100.0,10000.0,1000000.0
SAC,2layers,first-actor,fswish,0.2,HalfCheetah-v4,7722616326.557159,566980916.6530893,5,10479.353125,790.6104026549369,5,100.0,10000.0,1000000.0
SAC,2layers,first-actor,fswish,0.2,Hopper-v4,2411652887.5808716,151940351.4089127,5,2689.9892578125,859.2291638887161,5,100.0,10000.0,1000000.0
SAC,2layers,first-actor,fswish,0.2,Humanoid-v4,3871606555.999756,302558494.19928867,5,5591.9083984375,178.07536809912133,5,100.0,10000.0,1000000.0
SAC,2layers,first-actor,fswish,0.2,Walker-Walk,732909863.0237579,118150685.19446692,5,893.2673461914062,92.93506452195622,5,100.0,10000.0,1000000.0
SAC,2layers,first-actor,fswish,0.3,Ant-v4,2743082811.887741,656488859.5851244,5,4382.467565917968,2218.053465114717,5,100.0,10000.0,1000000.0
SAC,2layers,first-actor,fswish,0.3,Cartpole-Swingup,769086541.8319702,16477524.848473608,5,844.15615234375,20.565003603401372,5,100.0,10000.0,1000000.0
SAC,2layers,first-actor,fswish,0.3,Cheetah-Run,478220046.42546177,23829281.11704111,5,636.8804931640625,22.328442506387976,5,100.0,10000.0,1000000.0
SAC,2layers,first-actor,fswish,0.3,Finger-Spin,762408000.0,37450450.030673854,5,881.6,25.304149857286262,5,100.0,10000.0,1000000.0
SAC,2layers,first-actor,fswish,0.3,HalfCheetah-v4,6859707308.563232,2829153624.0924225,5,9171.524560546875,3830.8508074136366,5,100.0,10000.0,1000000.0
SAC,2layers,first-actor,fswish,0.3,Hopper-v4,2431995311.285019,233748562.2059591,5,2656.001318359375,1036.7169595198252,5,100.0,10000.0,1000000.0
SAC,2layers,first-actor,fswish,0.3,Humanoid-v4,3865123029.9072266,297752931.01327306,5,5459.5271484375,56.2217953548914,5,100.0,10000.0,1000000.0
SAC,2layers,first-actor,fswish,0.3,Walker-Walk,820663420.7305908,41724614.81542788,5,955.4803466796875,20.632448484249448,5,100.0,10000.0,1000000.0
SAC,2layers,first-actor,fswish,0.4,Ant-v4,26189781.68773651,13299609.720634798,5,507.1996223449707,454.89745402006224,5,6.0,10000.0,60000.0
SAC,2layers,first-actor,fswish,0.4,Cartpole-Swingup,783981389.0304565,9858113.27168789,5,821.1110717773438,17.65827356002096,5,100.0,10000.0,1000000.0
SAC,2layers,first-actor,fswish,0.4,Cheetah-Run,477265469.45524216,42124070.70283798,5,632.4012817382812,47.417316266993986,5,100.0,10000.0,1000000.0
SAC,2layers,first-actor,fswish,0.4,Finger-Spin,781311000.0,23484080.086305276,5,891.0,14.645818515876808,5,100.0,10000.0,1000000.0
SAC,2layers,first-actor,fswish,0.4,HalfCheetah-v4,6693418178.89595,2737455547.464501,5,8774.2498046875,3693.969572382792,5,100.0,10000.0,1000000.0
SAC,2layers,first-actor,fswish,0.4,Hopper-v4,2391969007.5683594,152403343.73276106,5,3143.4174072265623,627.5459157893963,5,100.0,10000.0,1000000.0
SAC,2layers,first-actor,fswish,0.4,Humanoid-v4,3976170144.0734863,133147879.68802226,5,5245.4662109375,835.5860192487855,5,100.0,10000.0,1000000.0
SAC,2layers,first-actor,fswish,0.4,Walker-Walk,744070928.6475182,166899173.34226018,5,835.605029296875,178.62254287778035,5,100.0,10000.0,1000000.0
SAC,2layers,first-actor,fswish,0.5,Ant-v4,2352189411.5293026,497540546.61754566,5,3995.2524169921876,1494.304458913223,5,100.0,10000.0,1000000.0
SAC,2layers,first-actor,fswish,0.5,Cartpole-Swingup,790569938.5948181,11994256.08927324,5,840.845263671875,16.683931307625546,5,100.0,10000.0,1000000.0
SAC,2layers,first-actor,fswish,0.5,Cheetah-Run,470355613.5635376,61834290.557116225,5,642.9705200195312,50.65678480461389,5,100.0,10000.0,1000000.0
SAC,2layers,first-actor,fswish,0.5,Finger-Spin,781907000.0,49149993.463885635,5,899.4,43.23540216072934,5,100.0,10000.0,1000000.0
SAC,2layers,first-actor,fswish,0.5,HalfCheetah-v4,7957838525.71106,778741526.2808474,5,10711.6232421875,847.7347092272909,5,100.0,10000.0,1000000.0
SAC,2layers,first-actor,fswish,0.5,Hopper-v4,2476750550.6153107,357215691.7934825,5,3411.215234375,90.44990891376368,5,100.0,10000.0,1000000.0
SAC,2layers,first-actor,fswish,0.5,Humanoid-v4,3772895367.614746,135761675.21165335,5,5577.924609375,227.92132162046676,5,100.0,10000.0,1000000.0
SAC,2layers,first-actor,fswish,0.5,Walker-Walk,803607483.5519791,98431685.89817391,5,922.9720581054687,103.01338862230342,5,100.0,10000.0,1000000.0
SAC,2layers,first-actor,gelu,NA,Ant-v4,3319918496.254921,797462247.2292292,5,5343.7935546875,904.0371974701695,5,100.0,10000.0,1000000.0
SAC,2layers,first-actor,gelu,NA,Cartpole-Swingup,751741915.3900146,37414493.47455496,5,816.9442260742187,24.997538452647014,5,100.0,10000.0,1000000.0
SAC,2layers,first-actor,gelu,NA,Cheetah-Run,462973560.8165264,30936471.515298396,5,612.5010864257813,30.82101169396832,5,100.0,10000.0,1000000.0
SAC,2layers,first-actor,gelu,NA,Finger-Spin,759159000.0,49461740.31511629,5,888.2,45.958677091491644,5,100.0,10000.0,1000000.0
SAC,2layers,first-actor,gelu,NA,HalfCheetah-v4,6892409846.3459015,1348890275.6174393,5,8877.49248046875,2123.0321741191706,5,100.0,10000.0,1000000.0
SAC,2layers,first-actor,gelu,NA,Hopper-v4,2195549075.843811,471839971.62279445,5,3024.9968505859374,877.8514732800962,5,100.0,10000.0,1000000.0
SAC,2layers,first-actor,gelu,NA,Humanoid-v4,3640765187.0422363,265307140.98410293,5,5531.1265625,335.02473221985855,5,100.0,10000.0,1000000.0
SAC,2layers,first-actor,gelu,NA,Walker-Walk,816635411.195755,76918803.59800194,5,907.9301025390625,100.91909585940736,5,100.0,10000.0,1000000.0
SAC,2layers,first-actor,lrelu,NA,Ant-v4,2676294131.3066483,357973207.2757192,5,4591.112744140625,822.6864455468964,5,100.0,10000.0,1000000.0
SAC,2layers,first-actor,lrelu,NA,Cartpole-Swingup,739095876.4648438,35124996.11894461,5,833.6072875976563,32.52456805957414,5,100.0,10000.0,1000000.0
SAC,2layers,first-actor,lrelu,NA,Cheetah-Run,459784235.96322536,44633139.31296349,5,605.1821044921875,67.45408404418548,5,100.0,10000.0,1000000.0
SAC,2layers,first-actor,lrelu,NA,Finger-Spin,751845000.0,40614365.2234034,5,875.0,26.485845276298054,5,100.0,10000.0,1000000.0
SAC,2layers,first-actor,lrelu,NA,HalfCheetah-v4,6561701193.631649,2780749861.212072,5,8677.460302734375,3762.546126245566,5,100.0,10000.0,1000000.0
SAC,2layers,first-actor,lrelu,NA,Hopper-v4,2478965368.07251,211064232.06131518,5,3098.9749267578127,640.3943733275357,5,100.0,10000.0,1000000.0
SAC,2layers,first-actor,lrelu,NA,Humanoid-v4,3581386053.7109375,173367005.9225622,5,5102.8083984375,967.2362173404757,5,100.0,10000.0,1000000.0
SAC,2layers,first-actor,lrelu,NA,Walker-Walk,684531300.8766174,150365621.85992804,5,806.6461059570313,155.18920051522775,5,100.0,10000.0,1000000.0
SAC,2layers,first-actor,prelu,NA,Ant-v4,3376932231.353998,199366638.44554058,5,5588.833984375,211.409954133891,5,100.0,10000.0,1000000.0
SAC,2layers,first-actor,prelu,NA,Cartpole-Swingup,766837647.6211548,18459832.378035586,5,823.9370483398437,27.344846915743137,5,100.0,10000.0,1000000.0
SAC,2layers,first-actor,prelu,NA,Cheetah-Run,453415255.3188801,79695256.842804,5,590.6058898925781,112.80823741474602,5,100.0,10000.0,1000000.0
SAC,2layers,first-actor,prelu,NA,Finger-Spin,757302000.0,82670998.58777563,5,865.2,57.98879202052755,5,100.0,10000.0,1000000.0
SAC,2layers,first-actor,prelu,NA,HalfCheetah-v4,7380511858.188629,1115242596.520693,5,9382.17392578125,1472.6678518423903,5,100.0,10000.0,1000000.0
SAC,2layers,first-actor,prelu,NA,Hopper-v4,2565656887.7544403,370584910.8074038,5,2505.74912109375,843.3265333297153,5,100.0,10000.0,1000000.0
SAC,2layers,first-actor,prelu,NA,Humanoid-v4,3828768167.96875,269649208.42933124,5,4033.7043212890626,2081.3450769129336,5,100.0,10000.0,1000000.0
SAC,2layers,first-actor,prelu,NA,Walker-Walk,687657812.2787476,173323178.02346194,5,798.1952575683594,215.99886313385716,5,100.0,10000.0,1000000.0
SAC,2layers,first-actor,swish,NA,Ant-v4,3057195320.7798004,825059152.9511926,5,5251.72958984375,790.0123087946728,5,100.0,10000.0,1000000.0
SAC,2layers,first-actor,swish,NA,Cartpole-Swingup,780004637.9394531,25206247.27811598,5,831.2832885742188,34.37292190075257,5,100.0,10000.0,1000000.0
SAC,2layers,first-actor,swish,NA,Cheetah-Run,442786870.58103085,50254225.64520323,5,596.5082397460938,34.85019274530505,5,100.0,10000.0,1000000.0
SAC,2layers,first-actor,swish,NA,Finger-Spin,786185000.0,21680825.918308556,5,892.6,8.203657720797478,5,100.0,10000.0,1000000.0
SAC,2layers,first-actor,swish,NA,HalfCheetah-v4,7742383707.16095,1074994125.381608,5,9962.151171875,1466.8323603424024,5,100.0,10000.0,1000000.0
SAC,2layers,first-actor,swish,NA,Hopper-v4,2140851388.0615234,272771562.99680966,5,1588.55283203125,201.6533518306391,5,100.0,10000.0,1000000.0
SAC,2layers,first-actor,swish,NA,Humanoid-v4,3626668486.022949,336055369.52678925,5,5530.49638671875,81.8021355487484,5,100.0,10000.0,1000000.0
SAC,2layers,first-actor,swish,NA,Walker-Walk,799469119.4810867,65297959.85972574,5,923.4364990234375,75.09557612145792,5,100.0,10000.0,1000000.0
SAC,2layers,first-both,fgelu,0.1,Ant-v4,2945789885.239601,811731938.0902437,5,3442.386193847656,2344.319427443868,5,100.0,10000.0,1000000.0
SAC,2layers,first-both,fgelu,0.1,Cartpole-Swingup,769423667.5949097,25504945.414527226,5,828.8218627929688,25.376745129584823,5,100.0,10000.0,1000000.0
SAC,2layers,first-both,fgelu,0.1,Cheetah-Run,462559663.0268097,46249665.23434427,5,611.3142578125,51.20072581974179,5,100.0,10000.0,1000000.0
SAC,2layers,first-both,fgelu,0.1,Finger-Spin,767384000.0,33024139.731414653,5,884.4,16.42558979154172,5,100.0,10000.0,1000000.0
SAC,2layers,first-both,fgelu,0.1,HalfCheetah-v4,8067578815.105438,576247514.8165432,5,10366.8357421875,1325.9762511471977,5,100.0,10000.0,1000000.0
SAC,2layers,first-both,fgelu,0.1,Hopper-v4,2501696471.0388184,365074222.2675486,5,3164.145068359375,640.1131679514257,5,100.0,10000.0,1000000.0
SAC,2layers,first-both,fgelu,0.1,Humanoid-v4,3812140411.376953,158887546.50300524,5,4809.1546875,1109.1815476079366,5,100.0,10000.0,1000000.0
SAC,2layers,first-both,fgelu,0.1,Walker-Walk,818606519.2890167,29721192.973399423,5,956.81982421875,24.29419009424286,5,100.0,10000.0,1000000.0
SAC,2layers,first-both,fgelu,0.2,Ant-v4,3369275440.2313232,378490198.66763735,5,5781.19765625,178.21313099726356,5,100.0,10000.0,1000000.0
SAC,2layers,first-both,fgelu,0.2,Cartpole-Swingup,746966948.638916,43348317.533510536,5,824.6976928710938,14.506733455700427,5,100.0,10000.0,1000000.0
SAC,2layers,first-both,fgelu,0.2,Cheetah-Run,441329470.99637985,12350660.79250984,5,604.2355590820313,28.194358140803836,5,100.0,10000.0,1000000.0
SAC,2layers,first-both,fgelu,0.2,Finger-Spin,787276000.0,45674840.91378973,5,908.8,34.08372045419926,5,100.0,10000.0,1000000.0
SAC,2layers,first-both,fgelu,0.2,HalfCheetah-v4,6979607462.806702,764737582.8721173,5,9539.2265625,636.6485203690511,5,100.0,10000.0,1000000.0
SAC,2layers,first-both,fgelu,0.2,Hopper-v4,2592579053.179741,305889273.84278536,5,3107.8406982421875,664.5073285080732,5,100.0,10000.0,1000000.0
SAC,2layers,first-both,fgelu,0.2,Humanoid-v4,3857831073.120117,236850446.2144212,5,5365.5984375,170.6932487639246,5,100.0,10000.0,1000000.0
SAC,2layers,first-both,fgelu,0.2,Walker-Walk,787758453.125,93982712.20516807,5,941.8836059570312,31.52974418664179,5,100.0,10000.0,1000000.0
SAC,2layers,first-both,fgelu,0.3,Ant-v4,2639336361.929178,430831164.5410092,5,4055.0803955078127,1973.0709554938287,5,100.0,10000.0,1000000.0
SAC,2layers,first-both,fgelu,0.3,Cartpole-Swingup,757948047.2717285,36474572.472696565,5,799.452294921875,63.18949658298305,5,100.0,10000.0,1000000.0
SAC,2layers,first-both,fgelu,0.3,Cheetah-Run,444800328.414917,49240997.48946606,5,584.9192443847656,89.57870753151217,5,100.0,10000.0,1000000.0
SAC,2layers,first-both,fgelu,0.3,Finger-Spin,756191000.0,71333688.34218514,5,884.6,33.91607288587521,5,100.0,10000.0,1000000.0
SAC,2layers,first-both,fgelu,0.3,HalfCheetah-v4,7349272461.86924,898180775.0110294,5,9529.3978515625,1253.4759444020756,5,100.0,10000.0,1000000.0
SAC,2layers,first-both,fgelu,0.3,Hopper-v4,2807818656.2194824,175124556.75100926,5,3286.72890625,497.48577422610776,5,100.0,10000.0,1000000.0
SAC,2layers,first-both,fgelu,0.3,Humanoid-v4,3767835013.397217,240070565.23440433,5,4651.159375,1393.6691656799856,5,100.0,10000.0,1000000.0
SAC,2layers,first-both,fgelu,0.3,Walker-Walk,788041025.3582001,113124072.76170711,5,923.4108032226562,82.71980204049441,5,100.0,10000.0,1000000.0
SAC,2layers,first-both,fgelu,0.4,Ant-v4,2590260789.791107,664642243.8411593,5,4443.985302734375,1124.211242696025,5,100.0,10000.0,1000000.0
SAC,2layers,first-both,fgelu,0.4,Cartpole-Swingup,793824850.9216309,8111386.776698057,5,797.5850219726562,57.54135636059822,5,100.0,10000.0,1000000.0
SAC,2layers,first-both,fgelu,0.4,Cheetah-Run,461935726.84800625,33594672.198455215,5,651.9487548828125,61.3804095473958,5,100.0,10000.0,1000000.0
SAC,2layers,first-both,fgelu,0.4,Finger-Spin,784453000.0,53391011.25189519,5,890.2,54.062001442787896,5,100.0,10000.0,1000000.0
SAC,2layers,first-both,fgelu,0.4,HalfCheetah-v4,7241410721.08078,894633203.0858717,5,9157.0115234375,1101.8270302229732,5,100.0,10000.0,1000000.0
SAC,2layers,first-both,fgelu,0.4,Hopper-v4,2514322544.1818237,406675669.19676375,5,2177.9576904296873,803.0686021692985,5,100.0,10000.0,1000000.0
SAC,2layers,first-both,fgelu,0.4,Humanoid-v4,3768853025.817871,101214078.72740181,5,5410.65693359375,187.00873263057366,5,100.0,10000.0,1000000.0
SAC,2layers,first-both,fgelu,0.4,Walker-Walk,799935555.2444458,47275342.86199594,5,924.0160522460938,52.5905823323138,5,100.0,10000.0,1000000.0
SAC,2layers,first-both,fgelu,0.5,Ant-v4,3030224491.5339947,457232475.094551,5,5184.82783203125,577.1693174466773,5,100.0,10000.0,1000000.0
SAC,2layers,first-both,fgelu,0.5,Cartpole-Swingup,788072992.263794,35953835.98830407,5,839.33291015625,9.079254751296881,5,100.0,10000.0,1000000.0
SAC,2layers,first-both,fgelu,0.5,Cheetah-Run,447527285.37786007,47267781.29793866,5,592.9255493164062,54.79083716963781,5,100.0,10000.0,1000000.0
SAC,2layers,first-both,fgelu,0.5,Finger-Spin,759745000.0,24582481.821410947,5,892.2,47.20910929047487,5,100.0,10000.0,1000000.0
SAC,2layers,first-both,fgelu,0.5,HalfCheetah-v4,6838934499.93515,774841350.4458767,5,9049.4716796875,1325.8818983004376,5,100.0,10000.0,1000000.0
SAC,2layers,first-both,fgelu,0.5,Hopper-v4,2730855282.9437256,277384424.2569382,5,3226.93271484375,569.5574328301584,5,100.0,10000.0,1000000.0
SAC,2layers,first-both,fgelu,0.5,Humanoid-v4,3650847955.1086426,213886225.58969972,5,5402.00205078125,183.49866946047243,5,100.0,10000.0,1000000.0
SAC,2layers,first-both,fgelu,0.5,Walker-Walk,795038570.2152252,80014509.10288845,5,925.1148681640625,86.73907549093319,5,100.0,10000.0,1000000.0
SAC,2layers,first-both,flrelu,0.1,Ant-v4,2945495854.714351,825323505.9299672,5,4799.167821529482,980.5651650772312,5,100.0,10000.0,1000000.0
SAC,2layers,first-both,flrelu,0.1,Cartpole-Swingup,785415853.3351665,20744586.8987514,5,835.8559712165157,51.842383809839276,5,100.0,10000.0,1000000.0
SAC,2layers,first-both,flrelu,0.1,Cheetah-Run,446435485.99849594,73249406.95696062,5,609.5587835261626,113.45523295720069,5,100.0,10000.0,1000000.0
SAC,2layers,first-both,flrelu,0.1,Finger-Spin,779677000.0,28107778.4163032,5,913.4,41.39202821800352,5,100.0,10000.0,1000000.0
SAC,2layers,first-both,flrelu,0.1,HalfCheetah-v4,7403905214.565007,929420924.0166451,5,9807.486122390359,1507.2403964849816,5,100.0,10000.0,1000000.0
SAC,2layers,first-both,flrelu,0.1,Hopper-v4,2632324457.7817254,96030050.54922442,5,2707.104340736194,1017.5999469671676,5,100.0,10000.0,1000000.0
SAC,2layers,first-both,flrelu,0.1,Humanoid-v4,3611899324.8744965,215706708.25593215,5,5540.387305011376,200.84448618298313,5,100.0,10000.0,1000000.0
SAC,2layers,first-both,flrelu,0.1,Walker-Walk,822458930.5464666,74502742.19206555,5,928.2851278322092,68.22013919367679,5,100.0,10000.0,1000000.0
SAC,2layers,first-both,flrelu,0.2,Ant-v4,2737314196.260934,888384838.8117108,5,4285.053663539577,1005.1693668074889,5,100.0,10000.0,1000000.0
SAC,2layers,first-both,flrelu,0.2,Cartpole-Swingup,771902181.1461439,15959303.652767945,5,839.743816675273,11.09158938087779,5,100.0,10000.0,1000000.0
SAC,2layers,first-both,flrelu,0.2,Cheetah-Run,418855516.87770385,49625118.82275878,5,599.0316104161602,19.10316599301795,5,100.0,10000.0,1000000.0
SAC,2layers,first-both,flrelu,0.2,Finger-Spin,767645000.0,36216980.30620443,5,883.4,26.254523419784256,5,100.0,10000.0,1000000.0
SAC,2layers,first-both,flrelu,0.2,HalfCheetah-v4,6290271027.260285,753484719.8022562,5,8595.189654079979,1277.5805647882482,5,100.0,10000.0,1000000.0
SAC,2layers,first-both,flrelu,0.2,Hopper-v4,2677828091.6637306,371803673.02155375,5,3046.6950853370863,725.6813441558392,5,100.0,10000.0,1000000.0
SAC,2layers,first-both,flrelu,0.2,Humanoid-v4,3816914670.4589233,297526096.17642736,5,5413.702229153579,324.79358547153777,5,100.0,10000.0,1000000.0
SAC,2layers,first-both,flrelu,0.2,Walker-Walk,770205625.9915522,120006643.11601365,5,918.2587201678722,83.16237471536449,5,100.0,10000.0,1000000.0
SAC,2layers,first-both,flrelu,0.3,Ant-v4,1452345158.3766677,346742355.1103567,5,2672.2699445116464,795.8296925685198,5,100.0,10000.0,1000000.0
SAC,2layers,first-both,flrelu,0.3,Cartpole-Swingup,783417966.6225466,9903500.380003823,5,825.4796991849817,51.79162389196808,5,100.0,10000.0,1000000.0
SAC,2layers,first-both,flrelu,0.3,Cheetah-Run,450549521.2651,51334053.05755736,5,604.0268608950208,98.38451713700135,5,100.0,10000.0,1000000.0
SAC,2layers,first-both,flrelu,0.3,Finger-Spin,756921000.0,47909910.03957323,5,877.0,40.914545090957574,5,100.0,10000.0,1000000.0
SAC,2layers,first-both,flrelu,0.3,HalfCheetah-v4,7630122633.333466,734321236.0905209,5,9969.25032496402,976.135168219871,5,100.0,10000.0,1000000.0
SAC,2layers,first-both,flrelu,0.3,Hopper-v4,2686523507.5629005,219644893.04670072,5,3105.798979317828,762.454898086877,5,100.0,10000.0,1000000.0
SAC,2layers,first-both,flrelu,0.3,Humanoid-v4,3639098016.6285257,165637685.371953,5,5623.417723754146,336.4015287251069,5,100.0,10000.0,1000000.0
SAC,2layers,first-both,flrelu,0.3,Walker-Walk,796720931.6495082,91622091.85550347,5,917.5696502253559,74.12243298269242,5,100.0,10000.0,1000000.0
SAC,2layers,first-both,flrelu,0.4,Ant-v4,1594553188.69549,1034466995.4804997,5,2887.7736579544157,1975.6641890312596,5,100.0,10000.0,1000000.0
SAC,2layers,first-both,flrelu,0.4,Cartpole-Swingup,773655392.2942493,28223321.39036887,5,795.7350734254182,28.830995517251424,5,100.0,10000.0,1000000.0
SAC,2layers,first-both,flrelu,0.4,Cheetah-Run,475187182.9278471,19157404.59429366,5,659.0913961971374,23.5934878267941,5,100.0,10000.0,1000000.0
SAC,2layers,first-both,flrelu,0.4,Finger-Spin,772629000.0,29668646.413343493,5,890.2,25.92682009040059,5,100.0,10000.0,1000000.0
SAC,2layers,first-both,flrelu,0.4,HalfCheetah-v4,6472911384.774336,2834165108.709574,5,8034.676300364923,3585.391825688782,5,100.0,10000.0,1000000.0
SAC,2layers,first-both,flrelu,0.4,Hopper-v4,2685771749.1501637,219620649.38204098,5,3401.0458550778835,175.61939983221427,5,100.0,10000.0,1000000.0
SAC,2layers,first-both,flrelu,0.4,Humanoid-v4,3791759594.048281,188047054.75650138,5,5508.543027925546,160.71868715722454,5,100.0,10000.0,1000000.0
SAC,2layers,first-both,flrelu,0.4,Walker-Walk,799531482.9382395,75012639.26797618,5,965.4521520692058,11.465049856732728,5,100.0,10000.0,1000000.0
SAC,2layers,first-both,flrelu,0.5,Ant-v4,1201174375.700702,196412374.8386553,5,1960.2432659278861,1143.2991396516506,5,100.0,10000.0,1000000.0
SAC,2layers,first-both,flrelu,0.5,Cartpole-Swingup,786706922.2778784,19767144.149535462,5,842.0080523432034,20.861576466356656,5,100.0,10000.0,1000000.0
SAC,2layers,first-both,flrelu,0.5,Cheetah-Run,448427532.43072194,42189321.50765822,5,596.2092347303224,74.69478026696207,5,100.0,10000.0,1000000.0
SAC,2layers,first-both,flrelu,0.5,Finger-Spin,631999000.0,340717833.357017,5,729.8,337.29467828591663,5,100.0,10000.0,1000000.0
SAC,2layers,first-both,flrelu,0.5,HalfCheetah-v4,5887692378.197583,2582199989.9908195,5,7471.065781458792,3343.4402589691645,5,100.0,10000.0,1000000.0
SAC,2layers,first-both,flrelu,0.5,Hopper-v4,2641818079.2470565,251079164.04369402,5,3043.5741166589787,884.816421989998,5,100.0,10000.0,1000000.0
SAC,2layers,first-both,flrelu,0.5,Humanoid-v4,4192119393.6704865,153155048.5559799,5,5563.984420185799,67.6979669747041,5,100.0,10000.0,1000000.0
SAC,2layers,first-both,flrelu,0.5,Walker-Walk,763064626.0506781,109600668.21607225,5,916.0391472694198,102.73023328061954,5,100.0,10000.0,1000000.0
SAC,2layers,first-both,fprelu,0.1,Ant-v4,3294685097.960206,832664325.0031792,5,4706.202587363607,1434.4069332499841,5,100.0,10000.0,1000000.0
SAC,2layers,first-both,fprelu,0.1,Cartpole-Swingup,748474767.7477888,39518560.26783498,5,836.3666306037874,29.40585993562676,5,100.0,10000.0,1000000.0
SAC,2layers,first-both,fprelu,0.1,Cheetah-Run,474255498.12912875,8561208.273644574,5,625.7634809200447,19.265221442548377,5,100.0,10000.0,1000000.0
SAC,2layers,first-both,fprelu,0.1,Finger-Spin,774228000.0,29782557.521139786,5,880.8,11.562871615649813,5,100.0,10000.0,1000000.0
SAC,2layers,first-both,fprelu,0.1,HalfCheetah-v4,7485556147.809677,836920471.7366424,5,9508.089320601972,1289.3951907955545,5,100.0,10000.0,1000000.0
SAC,2layers,first-both,fprelu,0.1,Hopper-v4,2339037672.017661,511785132.7155248,5,2527.7790141546757,1357.89922757407,5,100.0,10000.0,1000000.0
SAC,2layers,first-both,fprelu,0.1,Humanoid-v4,4231646969.699753,179000972.29059556,5,5531.415600675814,297.76146479193466,5,100.0,10000.0,1000000.0
SAC,2layers,first-both,fprelu,0.1,Walker-Walk,740874803.0467815,100819708.73693441,5,952.9566015158669,24.844942144986657,5,100.0,10000.0,1000000.0
SAC,2layers,first-both,fprelu,0.2,Ant-v4,2087860930.2488875,229130151.49707085,5,2674.2823006763847,1758.4511046335838,5,100.0,10000.0,1000000.0
SAC,2layers,first-both,fprelu,0.2,Cartpole-Swingup,780152856.6746663,16557773.23022714,5,817.0693295968529,47.341034574529665,5,100.0,10000.0,1000000.0
SAC,2layers,first-both,fprelu,0.2,Cheetah-Run,458266821.7939515,48174706.25155719,5,625.3018332783471,75.2676378463738,5,100.0,10000.0,1000000.0
SAC,2layers,first-both,fprelu,0.2,Finger-Spin,772425000.0,35324214.428632386,5,889.0,13.820274961085266,5,100.0,10000.0,1000000.0
SAC,2layers,first-both,fprelu,0.2,HalfCheetah-v4,7543258018.694946,913629377.0732497,5,9387.60223038766,1340.9303757103664,5,100.0,10000.0,1000000.0
SAC,2layers,first-both,fprelu,0.2,Hopper-v4,2843124174.6299033,275666791.966723,5,3197.7491863915266,676.3647963818953,5,100.0,10000.0,1000000.0
SAC,2layers,first-both,fprelu,0.2,Humanoid-v4,4046419991.712161,163367090.67359674,5,4649.30303687815,2095.7442494093,5,100.0,10000.0,1000000.0
SAC,2layers,first-both,fprelu,0.2,Walker-Walk,815765899.2002872,44983622.156665936,5,955.8127113158113,29.742641904114777,5,100.0,10000.0,1000000.0
SAC,2layers,first-both,fprelu,0.3,Ant-v4,2493502541.9010487,741862375.185808,5,4059.6338823766005,1445.0641192094663,5,100.0,10000.0,1000000.0
SAC,2layers,first-both,fprelu,0.3,Cartpole-Swingup,776767559.6598933,15634152.584606033,5,833.5155889938098,27.838465739989864,5,100.0,10000.0,1000000.0
SAC,2layers,first-both,fprelu,0.3,Cheetah-Run,440791982.7112899,61178493.10037124,5,611.0851751938696,52.230868052857915,5,100.0,10000.0,1000000.0
SAC,2layers,first-both,fprelu,0.3,Finger-Spin,795126000.0,7512879.274951775,5,898.4,9.044335243676008,5,100.0,10000.0,1000000.0
SAC,2layers,first-both,fprelu,0.3,HalfCheetah-v4,8094409400.616826,444204811.42700505,5,10390.611413916524,842.3310164703628,5,100.0,10000.0,1000000.0
SAC,2layers,first-both,fprelu,0.3,Hopper-v4,2519947925.2029843,579173906.8533748,5,3054.278965701607,860.5238142208459,5,100.0,10000.0,1000000.0
SAC,2layers,first-both,fprelu,0.3,Humanoid-v4,4194772057.802274,235544507.9482007,5,5458.527654837665,271.4274436740862,5,100.0,10000.0,1000000.0
SAC,2layers,first-both,fprelu,0.3,Walker-Walk,783508469.7871621,92217034.78178047,5,890.880755063508,111.14835031857969,5,100.0,10000.0,1000000.0
SAC,2layers,first-both,fprelu,0.4,Ant-v4,1369431309.4731221,489572002.70638686,5,1540.446048648921,903.7332273027947,5,100.0,10000.0,1000000.0
SAC,2layers,first-both,fprelu,0.4,Cartpole-Swingup,757092968.5178432,34231505.576735355,5,824.0492703826136,51.49327338246034,5,100.0,10000.0,1000000.0
SAC,2layers,first-both,fprelu,0.4,Cheetah-Run,480437655.9101559,30354651.396402247,5,631.1158883051728,36.597786456220334,5,100.0,10000.0,1000000.0
SAC,2layers,first-both,fprelu,0.4,Finger-Spin,802075000.0,41992059.81492215,5,905.8,49.59536268644479,5,100.0,10000.0,1000000.0
SAC,2layers,first-both,fprelu,0.4,HalfCheetah-v4,7322675811.888773,906439068.160099,5,9735.309126451597,1255.2292977064374,5,100.0,10000.0,1000000.0
SAC,2layers,first-both,fprelu,0.4,Hopper-v4,2316702340.396616,343852713.1108843,5,2262.314293645881,993.0462480469719,5,100.0,10000.0,1000000.0
SAC,2layers,first-both,fprelu,0.4,Humanoid-v4,4030763130.7756186,131608622.90273058,5,4822.079166024325,1443.2205074664278,5,100.0,10000.0,1000000.0
SAC,2layers,first-both,fprelu,0.4,Walker-Walk,709501034.8504051,128944938.92091028,5,842.9107912940951,140.283794838938,5,100.0,10000.0,1000000.0
SAC,2layers,first-both,fprelu,0.5,Ant-v4,1399349549.2254498,92017939.21808581,5,2730.58107084796,320.22644169927435,5,100.0,10000.0,1000000.0
SAC,2layers,first-both,fprelu,0.5,Cartpole-Swingup,776070171.7880609,21573887.180980913,5,798.0055886320366,112.8860500912908,5,100.0,10000.0,1000000.0
SAC,2layers,first-both,fprelu,0.5,Cheetah-Run,452659688.20497274,47100686.252407186,5,595.6588549125455,71.40647154526509,5,100.0,10000.0,1000000.0
SAC,2layers,first-both,fprelu,0.5,Finger-Spin,678436000.0,107523207.80882609,5,860.4,69.20476862182258,5,100.0,10000.0,1000000.0
SAC,2layers,first-both,fprelu,0.5,HalfCheetah-v4,6087699323.3407345,2392685353.5449753,5,8004.349377912338,3367.0277800888516,5,100.0,10000.0,1000000.0
SAC,2layers,first-both,fprelu,0.5,Hopper-v4,2680400923.8808775,300577793.40713364,5,3426.567563568837,76.0831492682228,5,100.0,10000.0,1000000.0
SAC,2layers,first-both,fprelu,0.5,Humanoid-v4,4037664956.9795594,145367982.46181765,5,5536.754654257694,197.3651783179565,5,100.0,10000.0,1000000.0
SAC,2layers,first-both,fprelu,0.5,Walker-Walk,624343015.941081,79657921.07575452,5,781.6593668662615,123.99650861900189,5,100.0,10000.0,1000000.0
SAC,2layers,first-both,frelu,0.1,Ant-v4,2982927087.47544,656911839.6979201,5,4889.926987230685,1035.635488267441,5,100.0,10000.0,1000000.0
SAC,2layers,first-both,frelu,0.1,Cartpole-Swingup,784335445.0199443,6794915.35925131,5,847.8966322267894,9.64871601647183,5,100.0,10000.0,1000000.0
SAC,2layers,first-both,frelu,0.1,Cheetah-Run,504363216.5244932,25893153.47455612,5,654.7997413880496,29.88995501137691,5,100.0,10000.0,1000000.0
SAC,2layers,first-both,frelu,0.1,Finger-Spin,775297000.0,28970442.393929712,5,880.6,20.54993917265937,5,100.0,10000.0,1000000.0
SAC,2layers,first-both,frelu,0.1,HalfCheetah-v4,6353486043.851244,2697942174.144008,5,8368.231429178795,3790.0134219738034,5,100.0,10000.0,1000000.0
SAC,2layers,first-both,frelu,0.1,Hopper-v4,2473011439.857503,165857362.73797247,5,2717.133415946058,975.8625129322786,5,100.0,10000.0,1000000.0
SAC,2layers,first-both,frelu,0.1,Humanoid-v4,3678290441.3877096,104550472.86428152,5,5488.499291623326,266.5386062446937,5,100.0,10000.0,1000000.0
SAC,2layers,first-both,frelu,0.1,Walker-Walk,756929889.2299855,135075308.83080754,5,896.702831768929,88.65799773806815,5,100.0,10000.0,1000000.0
SAC,2layers,first-both,frelu,0.2,Ant-v4,2894698065.4450145,969906750.1890917,5,5022.753338293763,943.5244812885846,5,100.0,10000.0,1000000.0
SAC,2layers,first-both,frelu,0.2,Cartpole-Swingup,764868500.3920937,30415858.65597568,5,836.5440043435465,15.761654309079379,5,100.0,10000.0,1000000.0
SAC,2layers,first-both,frelu,0.2,Cheetah-Run,447364072.6576108,55312226.92256707,5,591.1839704149104,63.41430409050708,5,100.0,10000.0,1000000.0
SAC,2layers,first-both,frelu,0.2,Finger-Spin,748954000.0,50582395.57889683,5,866.4,44.30914126904289,5,100.0,10000.0,1000000.0
SAC,2layers,first-both,frelu,0.2,HalfCheetah-v4,6887681020.757881,595456713.4959434,5,9028.243234958518,1307.0233469003178,5,100.0,10000.0,1000000.0
SAC,2layers,first-both,frelu,0.2,Hopper-v4,2419485013.6607985,164493825.16558164,5,3317.3305868553334,139.02972423309492,5,100.0,10000.0,1000000.0
SAC,2layers,first-both,frelu,0.2,Humanoid-v4,3746296910.130555,93503748.16712324,5,4738.064988412732,1061.4072777233678,5,100.0,10000.0,1000000.0
SAC,2layers,first-both,frelu,0.2,Walker-Walk,797135224.3587267,56798245.22741029,5,922.8960410137643,55.217246323771185,5,100.0,10000.0,1000000.0
SAC,2layers,first-both,frelu,0.3,Ant-v4,1845063568.587051,594336402.7654032,5,3686.685526502964,1155.9925707320979,5,100.0,10000.0,1000000.0
SAC,2layers,first-both,frelu,0.3,Cartpole-Swingup,775515552.2979887,22468774.116233677,5,851.24001276591,8.590936351985718,5,100.0,10000.0,1000000.0
SAC,2layers,first-both,frelu,0.3,Cheetah-Run,379775225.5217042,61073818.61407281,5,514.4214992188158,87.5990078422178,5,100.0,10000.0,1000000.0
SAC,2layers,first-both,frelu,0.3,Finger-Spin,763553000.0,64174335.07641509,5,908.2,13.51665639128257,5,100.0,10000.0,1000000.0
SAC,2layers,first-both,frelu,0.3,HalfCheetah-v4,6225678541.826616,2632247186.2097135,5,7958.637065353844,3471.9939181108507,5,100.0,10000.0,1000000.0
SAC,2layers,first-both,frelu,0.3,Hopper-v4,2148916386.513395,668615048.7139554,5,2960.426776247248,791.8528152135574,5,100.0,10000.0,1000000.0
SAC,2layers,first-both,frelu,0.3,Humanoid-v4,3864066348.7240815,340149636.06767553,5,5623.511145674742,367.6973491911864,5,100.0,10000.0,1000000.0
SAC,2layers,first-both,frelu,0.3,Walker-Walk,810778333.9381955,44062925.01994625,5,959.8873422648342,14.413124819257984,5,100.0,10000.0,1000000.0
SAC,2layers,first-both,frelu,0.4,Ant-v4,1368671804.9209936,168866466.27695283,5,2018.7532199067289,801.0371080081106,5,100.0,10000.0,1000000.0
SAC,2layers,first-both,frelu,0.4,Cartpole-Swingup,774308492.7628347,17584653.924279377,5,850.7838750630275,9.626771338708567,5,100.0,10000.0,1000000.0
SAC,2layers,first-both,frelu,0.4,Cheetah-Run,482475984.9644995,40845348.463566884,5,631.2573013446685,65.1310273708566,5,100.0,10000.0,1000000.0
SAC,2layers,first-both,frelu,0.4,Finger-Spin,762499000.0,40898996.07569847,5,873.4,36.73962438566839,5,100.0,10000.0,1000000.0
SAC,2layers,first-both,frelu,0.4,HalfCheetah-v4,6667578127.327047,822154914.2885967,5,8490.243636088479,1314.6796113465703,5,100.0,10000.0,1000000.0
SAC,2layers,first-both,frelu,0.4,Hopper-v4,2579771035.3212767,188344803.89416134,5,3368.5118271200226,103.85335126454716,5,100.0,10000.0,1000000.0
SAC,2layers,first-both,frelu,0.4,Humanoid-v4,3814658224.764539,253552661.08792248,5,5448.385216974918,121.65698592612851,5,100.0,10000.0,1000000.0
SAC,2layers,first-both,frelu,0.4,Walker-Walk,746153724.2626528,111806232.4727714,5,906.1235558463492,120.42610584520425,5,100.0,10000.0,1000000.0
SAC,2layers,first-both,frelu,0.5,Ant-v4,1593824209.0889852,154193641.5756212,5,3032.145237719103,487.66817500974304,5,100.0,10000.0,1000000.0
SAC,2layers,first-both,frelu,0.5,Cartpole-Swingup,781197824.0151371,14754066.632633004,5,836.1048727020958,34.01032211600202,5,100.0,10000.0,1000000.0
SAC,2layers,first-both,frelu,0.5,Cheetah-Run,431681279.66993773,25653986.069354467,5,600.4913846528053,35.30029773144543,5,100.0,10000.0,1000000.0
SAC,2layers,first-both,frelu,0.5,Finger-Spin,714353000.0,172216546.6280752,5,845.4,107.62574041557158,5,100.0,10000.0,1000000.0
SAC,2layers,first-both,frelu,0.5,HalfCheetah-v4,5905213361.825876,908015677.48256,5,7475.864166696864,1254.1857453816651,5,100.0,10000.0,1000000.0
SAC,2layers,first-both,frelu,0.5,Hopper-v4,2602700512.088738,282526508.40539414,5,3173.067829761848,540.803896753184,5,100.0,10000.0,1000000.0
SAC,2layers,first-both,frelu,0.5,Humanoid-v4,4120454610.9037423,251708023.35923034,5,5371.100115143823,273.00184157808764,5,100.0,10000.0,1000000.0
SAC,2layers,first-both,frelu,0.5,Walker-Walk,699797947.2573423,106889437.20390262,5,886.9716582924572,128.95639238951088,5,100.0,10000.0,1000000.0
SAC,2layers,first-both,fswish,0.1,Ant-v4,3715257993.4921265,438777996.1658367,5,5800.01953125,306.1112615959365,5,100.0,10000.0,1000000.0
SAC,2layers,first-both,fswish,0.1,Cartpole-Swingup,748536293.6019897,59995294.40246026,5,828.5969848632812,35.81372086185726,5,100.0,10000.0,1000000.0
SAC,2layers,first-both,fswish,0.1,Cheetah-Run,449813512.4299526,27047121.135981396,5,587.5602783203125,31.485617664776008,5,100.0,10000.0,1000000.0
SAC,2layers,first-both,fswish,0.1,Finger-Spin,756561000.0,47519145.40477342,5,874.2,26.855167100578623,5,100.0,10000.0,1000000.0
SAC,2layers,first-both,fswish,0.1,HalfCheetah-v4,8032336192.606448,770333697.9713241,5,10428.651953125,1327.9980246527757,5,100.0,10000.0,1000000.0
SAC,2layers,first-both,fswish,0.1,Hopper-v4,2657573514.7821903,198538652.11289945,5,3075.8720703125,737.1835387647022,5,100.0,10000.0,1000000.0
SAC,2layers,first-both,fswish,0.1,Humanoid-v4,3739769879.058838,272941076.70803475,5,5321.1083984375,122.26220315599426,5,100.0,10000.0,1000000.0
SAC,2layers,first-both,fswish,0.1,Walker-Walk,734098796.1368561,64863361.969278,5,884.124072265625,82.7175715576584,5,100.0,10000.0,1000000.0
SAC,2layers,first-both,fswish,0.2,Ant-v4,3381683998.6400604,124520408.97079436,5,5799.80966796875,272.6170034649052,5,100.0,10000.0,1000000.0
SAC,2layers,first-both,fswish,0.2,Cartpole-Swingup,768444649.635315,22702541.926819183,5,761.574755859375,109.33735656863728,5,100.0,10000.0,1000000.0
SAC,2layers,first-both,fswish,0.2,Cheetah-Run,458487608.32846165,38680555.8502146,5,610.488037109375,51.12698093053531,5,100.0,10000.0,1000000.0
SAC,2layers,first-both,fswish,0.2,Finger-Spin,749239000.0,37508158.34588523,5,861.4,33.91607288587522,5,100.0,10000.0,1000000.0
SAC,2layers,first-both,fswish,0.2,HalfCheetah-v4,7486069646.186829,987515129.5823768,5,9609.95234375,1115.5108691699502,5,100.0,10000.0,1000000.0
SAC,2layers,first-both,fswish,0.2,Hopper-v4,2272559859.0955734,180346639.12023646,5,2638.14833984375,872.1542606809738,5,100.0,10000.0,1000000.0
SAC,2layers,first-both,fswish,0.2,Humanoid-v4,3620404247.406006,211782834.95875818,5,4428.589526367187,1839.9450324035072,5,100.0,10000.0,1000000.0
SAC,2layers,first-both,fswish,0.2,Walker-Walk,819841874.1931915,46572618.63264078,5,954.2887084960937,9.957168114175369,5,100.0,10000.0,1000000.0
SAC,2layers,first-both,fswish,0.3,Ant-v4,3003750657.630801,594301570.0076485,5,4790.471142578125,895.4465009005435,5,100.0,10000.0,1000000.0
SAC,2layers,first-both,fswish,0.3,Cartpole-Swingup,769737357.3608398,25543937.59238046,5,841.528515625,12.91578190961401,5,100.0,10000.0,1000000.0
SAC,2layers,first-both,fswish,0.3,Cheetah-Run,472907427.98137665,25725762.503483575,5,628.28046875,37.38811705012286,5,100.0,10000.0,1000000.0
SAC,2layers,first-both,fswish,0.3,Finger-Spin,787767000.0,41877691.94332467,5,907.0,44.50280890011326,5,100.0,10000.0,1000000.0
SAC,2layers,first-both,fswish,0.3,HalfCheetah-v4,7925671332.019806,1279784962.575857,5,10005.13427734375,1778.5783401603205,5,100.0,10000.0,1000000.0
SAC,2layers,first-both,fswish,0.3,Hopper-v4,2482222160.4537964,283342116.6752236,5,2509.29755859375,1169.5186476057568,5,100.0,10000.0,1000000.0
SAC,2layers,first-both,fswish,0.3,Humanoid-v4,3701629875.3356934,309626823.2144861,5,3962.364465332031,2050.895666186242,5,100.0,10000.0,1000000.0
SAC,2layers,first-both,fswish,0.3,Walker-Walk,771713475.528717,80558625.35229851,5,944.120166015625,20.04543189449315,5,100.0,10000.0,1000000.0
SAC,2layers,first-both,fswish,0.4,Ant-v4,2796807766.31546,748131597.9693363,5,2777.2153610229493,2530.05594302417,5,100.0,10000.0,1000000.0
SAC,2layers,first-both,fswish,0.4,Cartpole-Swingup,783549865.4556274,16150579.374922732,5,835.7440795898438,23.472523254946832,5,100.0,10000.0,1000000.0
SAC,2layers,first-both,fswish,0.4,Cheetah-Run,473886526.8498845,27585298.548744492,5,611.6921142578125,28.649172053953485,5,100.0,10000.0,1000000.0
SAC,2layers,first-both,fswish,0.4,Finger-Spin,799542000.0,18701500.14036307,5,915.6,29.108418026406035,5,100.0,10000.0,1000000.0
SAC,2layers,first-both,fswish,0.4,HalfCheetah-v4,8099956108.16288,1099998967.1803014,5,10766.8248046875,904.4129574679043,5,100.0,10000.0,1000000.0
SAC,2layers,first-both,fswish,0.4,Hopper-v4,2601184543.1575775,317399932.63415724,5,3163.5968994140626,731.4559907033351,5,100.0,10000.0,1000000.0
SAC,2layers,first-both,fswish,0.4,Humanoid-v4,3768577141.143799,208070021.91341725,5,5225.2818359375,69.68569896098377,5,100.0,10000.0,1000000.0
SAC,2layers,first-both,fswish,0.4,Walker-Walk,785226589.2887115,108550488.73386772,5,911.459521484375,108.65538531222968,5,100.0,10000.0,1000000.0
SAC,2layers,first-both,fswish,0.5,Ant-v4,3930721286.6339684,319714309.7006114,5,5810.46806640625,138.34895836939847,5,100.0,10000.0,1000000.0
SAC,2layers,first-both,fswish,0.5,Cartpole-Swingup,789467594.3832397,16761640.73792482,5,836.1588012695313,16.710549092750206,5,100.0,10000.0,1000000.0
SAC,2layers,first-both,fswish,0.5,Cheetah-Run,487650332.4526251,68933395.64237572,5,644.494970703125,84.8107786869719,5,100.0,10000.0,1000000.0
SAC,2layers,first-both,fswish,0.5,Finger-Spin,785833000.0,17712634.120875414,5,891.0,23.674881203503418,5,100.0,10000.0,1000000.0
SAC,2layers,first-both,fswish,0.5,HalfCheetah-v4,7988225827.774048,1004871810.7720479,5,10395.980078125,1085.2467121830637,5,100.0,10000.0,1000000.0
SAC,2layers,first-both,fswish,0.5,Hopper-v4,2021099920.3147888,614199049.7442445,5,2554.5476806640627,921.2508297911297,5,100.0,10000.0,1000000.0
SAC,2layers,first-both,fswish,0.5,Humanoid-v4,3635962331.390381,258848199.89865467,5,5314.69736328125,145.5176927062237,5,100.0,10000.0,1000000.0
SAC,2layers,first-both,fswish,0.5,Walker-Walk,791202967.0219421,83431005.82688966,5,920.9795532226562,105.92414301458332,5,100.0,10000.0,1000000.0
SAC,2layers,first-both,gelu,NA,Ant-v4,3319918496.254921,797462247.2292292,5,5343.7935546875,904.0371974701695,5,100.0,10000.0,1000000.0
SAC,2layers,first-both,gelu,NA,Cartpole-Swingup,780037179.1229248,15243297.77395467,5,834.09912109375,21.002558788501617,5,100.0,10000.0,1000000.0
SAC,2layers,first-both,gelu,NA,Cheetah-Run,400715769.7663754,29019988.84632683,5,554.3611389160156,83.46677319971207,5,100.0,10000.0,1000000.0
SAC,2layers,first-both,gelu,NA,Finger-Spin,774064000.0,31723468.914984696,5,899.6,28.806249321978726,5,100.0,10000.0,1000000.0
SAC,2layers,first-both,gelu,NA,HalfCheetah-v4,6892409846.3459015,1348890275.6174393,5,8877.49248046875,2123.0321741191706,5,100.0,10000.0,1000000.0
SAC,2layers,first-both,gelu,NA,Hopper-v4,2195549075.843811,471839971.62279445,5,3024.9968505859374,877.8514732800962,5,100.0,10000.0,1000000.0
SAC,2layers,first-both,gelu,NA,Humanoid-v4,3640765187.0422363,265307140.98410293,5,5531.1265625,335.02473221985855,5,100.0,10000.0,1000000.0
SAC,2layers,first-both,gelu,NA,Walker-Walk,788388842.496872,98146029.79122654,5,902.080078125,81.38267533997835,5,100.0,10000.0,1000000.0
SAC,2layers,first-both,lrelu,NA,Ant-v4,3013866843.4712887,518852546.0112528,5,3199.3371704101564,2854.095403247813,5,100.0,10000.0,1000000.0
SAC,2layers,first-both,lrelu,NA,Cartpole-Swingup,760529137.7258301,26493334.796488848,5,843.013134765625,19.268757914681284,5,100.0,10000.0,1000000.0
SAC,2layers,first-both,lrelu,NA,Cheetah-Run,455917067.3651695,25665546.19278397,5,624.2322143554687,57.84114261693198,5,100.0,10000.0,1000000.0
SAC,2layers,first-both,lrelu,NA,Finger-Spin,770329000.0,17044091.131532945,5,903.4,50.22250491562523,5,100.0,10000.0,1000000.0
SAC,2layers,first-both,lrelu,NA,HalfCheetah-v4,7650174183.280945,1101562211.9051065,5,10188.5625,1526.4512003060556,5,100.0,10000.0,1000000.0
SAC,2layers,first-both,lrelu,NA,Hopper-v4,2375259669.7235107,231648100.1050147,5,2495.02431640625,1027.6740460011595,5,100.0,10000.0,1000000.0
SAC,2layers,first-both,lrelu,NA,Humanoid-v4,3683835414.7338867,68337035.97926594,5,5507.22255859375,97.17974127583902,5,100.0,10000.0,1000000.0
SAC,2layers,first-both,lrelu,NA,Walker-Walk,727389185.084343,94564975.33463313,5,901.9652587890625,65.60495214391469,5,100.0,10000.0,1000000.0
SAC,2layers,first-both,prelu,NA,Ant-v4,2303217961.055994,242420811.00860342,5,3167.72861328125,392.9603959710306,5,100.0,10000.0,1000000.0
SAC,2layers,first-both,prelu,NA,Cartpole-Swingup,773297369.1594601,18756458.37525795,5,809.3621337890625,46.03437194757771,5,100.0,10000.0,1000000.0
SAC,2layers,first-both,prelu,NA,Cheetah-Run,452100943.83335114,40477763.75570125,5,644.0814453125,70.6169472035561,5,100.0,10000.0,1000000.0
SAC,2layers,first-both,prelu,NA,Finger-Spin,773491000.0,36573105.79510578,5,890.6,41.86048255813591,5,100.0,10000.0,1000000.0
SAC,2layers,first-both,prelu,NA,HalfCheetah-v4,7539344334.224701,672344294.3721546,5,9720.46376953125,1242.200432702952,5,100.0,10000.0,1000000.0
SAC,2layers,first-both,prelu,NA,Hopper-v4,2475360400.8789062,147987613.55794904,5,3365.520751953125,125.90447197814022,5,100.0,10000.0,1000000.0
SAC,2layers,first-both,prelu,NA,Humanoid-v4,3884787682.785034,220429227.55453366,5,5492.430078125,257.09889304410746,5,100.0,10000.0,1000000.0
SAC,2layers,first-both,prelu,NA,Walker-Walk,777843155.538559,69281872.51321638,5,904.7287353515625,74.42964036159638,5,100.0,10000.0,1000000.0
SAC,2layers,first-both,swish,NA,Ant-v4,3057195320.7798004,825059152.9511926,5,5251.72958984375,790.0123087946728,5,100.0,10000.0,1000000.0
SAC,2layers,first-both,swish,NA,Cartpole-Swingup,736531696.3195801,64074387.05728853,5,805.3068359375,90.88304819365923,5,100.0,10000.0,1000000.0
SAC,2layers,first-both,swish,NA,Cheetah-Run,380268168.784976,58399533.66621623,5,496.2855163574219,77.90088468347622,5,100.0,10000.0,1000000.0
SAC,2layers,first-both,swish,NA,Finger-Spin,766779000.0,31820119.303673267,5,878.2,25.762375666851835,5,100.0,10000.0,1000000.0
SAC,2layers,first-both,swish,NA,HalfCheetah-v4,7742383707.16095,1074994125.381608,5,9962.151171875,1466.8323603424024,5,100.0,10000.0,1000000.0
SAC,2layers,first-both,swish,NA,Hopper-v4,2140851388.0615234,272771562.99680966,5,1588.55283203125,201.6533518306391,5,100.0,10000.0,1000000.0
SAC,2layers,first-both,swish,NA,Humanoid-v4,3626668486.022949,336055369.52678925,5,5530.49638671875,81.8021355487484,5,100.0,10000.0,1000000.0
SAC,2layers,first-both,swish,NA,Walker-Walk,763209425.9815216,115157925.20496966,5,898.0176635742188,116.63023101574292,5,100.0,10000.0,1000000.0
SAC,2layers,r,relu,NA,Ant-v4,2372622764.7592154,704845899.3254327,5,3050.136409844251,1799.74201394965,5,100.0,10000.0,1000000.0
SAC,2layers,r,relu,NA,Cartpole-Swingup,765640778.4342302,33315598.152676146,5,836.3757588488954,18.805875009834097,5,100.0,10000.0,1000000.0
SAC,2layers,r,relu,NA,Cheetah-Run,418412081.7445899,50541975.26407032,5,550.7355605079193,68.05683237571198,5,100.0,10000.0,1000000.0
SAC,2layers,r,relu,NA,Finger-Spin,701096000.0,118692572.81944816,5,846.0,28.905016865589268,5,100.0,10000.0,1000000.0
SAC,2layers,r,relu,NA,HalfCheetah-v4,6850674489.653674,642033000.2626348,5,8884.398382220385,1421.1396232118493,5,100.0,10000.0,1000000.0
SAC,2layers,r,relu,NA,Hopper-v4,2333416292.847686,256278298.663009,5,2884.0715076757087,713.5396672308266,5,100.0,10000.0,1000000.0
SAC,2layers,r,relu,NA,Humanoid-v4,3819549534.547168,269070392.5217933,5,5568.868875934602,88.97523207032373,5,99.0,10009.0,990865.0
SAC,2layers,r,relu,NA,Walker-Walk,767541404.4895375,100576865.45380507,5,873.6953271764166,101.7848163682229,5,100.0,10000.0,1000000.0
TD3,1layer,NA,fgelu,0.1,Ant-v4,1198239179.5578003,148333539.03002068,5,2135.5042724609375,411.3382681945799,5,100.0,10000.0,1000000.0
TD3,1layer,NA,fgelu,0.1,Cartpole-Swingup,662774016.2963867,127899273.25046565,5,797.9761108398437,35.57713907110863,5,100.0,10000.0,1000000.0
TD3,1layer,NA,fgelu,0.1,Cheetah-Run,319307003.28946114,49259224.490968235,5,472.73272094726565,30.95948902695086,5,100.0,10000.0,1000000.0
TD3,1layer,NA,fgelu,0.1,Finger-Spin,514023000.0,55002467.74009326,5,671.4,89.2149090679355,5,100.0,10000.0,1000000.0
TD3,1layer,NA,fgelu,0.1,HalfCheetah-v4,964109007.2593689,421398599.5671172,5,3701.045068359375,1728.2185277741387,5,38.4,10000.0,390000.0
TD3,1layer,NA,fgelu,0.1,Hopper-v4,1481394439.5413399,390693425.9639475,5,2578.0268798828124,951.7821693686523,5,100.0,10000.0,1000000.0
TD3,1layer,NA,fgelu,0.1,Humanoid-v4,1660689470.0622559,924522975.9319798,5,3144.103076171875,2093.1611963461196,5,100.0,10000.0,1000000.0
TD3,1layer,NA,fgelu,0.1,Walker-Walk,546997274.1279602,117764744.89420225,5,641.2231323242188,229.233163184045,5,100.0,10000.0,1000000.0
TD3,1layer,NA,fgelu,0.2,Ant-v4,1210804647.8500366,246794072.41331857,5,1907.9913940429688,637.2227492192346,5,100.0,10000.0,1000000.0
TD3,1layer,NA,fgelu,0.2,Cartpole-Swingup,735773794.2047119,54342791.638266385,5,789.1939208984375,85.35988822681384,5,100.0,10000.0,1000000.0
TD3,1layer,NA,fgelu,0.2,Cheetah-Run,316772035.7837677,39202827.93735187,5,458.08319702148435,45.19651367391284,5,100.0,10000.0,1000000.0
TD3,1layer,NA,fgelu,0.2,Finger-Spin,507695000.0,72807461.24196339,5,666.8,116.38169959233284,5,100.0,10000.0,1000000.0
TD3,1layer,NA,fgelu,0.2,HalfCheetah-v4,2620502389.328003,1447269826.069971,5,3259.832763671875,1975.171330041033,5,100.0,10000.0,1000000.0
TD3,1layer,NA,fgelu,0.2,Hopper-v4,1431769348.7012386,702684418.7331846,5,2237.020068359375,1070.4366341355997,5,100.0,10000.0,1000000.0
TD3,1layer,NA,fgelu,0.2,Humanoid-v4,2032216718.8491821,716617191.7391251,5,4684.621826171875,876.054046961492,5,100.0,10000.0,1000000.0
TD3,1layer,NA,fgelu,0.2,Walker-Walk,620782393.623352,181086540.50270867,5,692.3481628417969,307.20916234845816,5,100.0,10000.0,1000000.0
TD3,1layer,NA,fgelu,0.3,Ant-v4,1494459707.6644897,477535263.6191398,5,1656.118962097168,896.740568829999,5,100.0,10000.0,1000000.0
TD3,1layer,NA,fgelu,0.3,Cartpole-Swingup,714003528.6712646,25481944.586019665,5,818.6967895507812,13.085069834667912,5,100.0,10000.0,1000000.0
TD3,1layer,NA,fgelu,0.3,Cheetah-Run,306070530.8008194,29838171.29986939,5,425.2303131103516,159.1679557509605,5,100.0,10000.0,1000000.0
TD3,1layer,NA,fgelu,0.3,Finger-Spin,432959000.0,247583159.75142574,5,617.0,354.92323113597394,5,100.0,10000.0,1000000.0
TD3,1layer,NA,fgelu,0.3,HalfCheetah-v4,2451260893.0683136,1272802603.4343987,5,3361.30576171875,1836.896189676353,5,100.0,10000.0,1000000.0
TD3,1layer,NA,fgelu,0.3,Hopper-v4,1209658310.0738525,644225027.4402585,5,2344.1505615234373,940.5587837998675,5,100.0,10000.0,1000000.0
TD3,1layer,NA,fgelu,0.3,Humanoid-v4,2413490788.444519,1001552541.6106967,5,4233.516198730469,1889.4024246498766,5,100.0,10000.0,1000000.0
TD3,1layer,NA,fgelu,0.3,Walker-Walk,677240393.0950165,126203199.83451223,5,882.7761962890625,70.17892664068597,5,100.0,10000.0,1000000.0
TD3,1layer,NA,fgelu,0.4,Ant-v4,1143484727.5390625,386870661.02227724,5,1650.8778076171875,625.8683515371386,5,100.0,10000.0,1000000.0
TD3,1layer,NA,fgelu,0.4,Cartpole-Swingup,699933998.5046387,45286778.87627217,5,788.1314086914062,55.019331422147694,5,100.0,10000.0,1000000.0
TD3,1layer,NA,fgelu,0.4,Cheetah-Run,323499278.5745859,34478288.230026595,5,336.1989356994629,256.6484856505814,5,100.0,10000.0,1000000.0
TD3,1layer,NA,fgelu,0.4,Finger-Spin,573927000.0,50175199.25222021,5,778.8,71.81712887605576,5,100.0,10000.0,1000000.0
TD3,1layer,NA,fgelu,0.4,HalfCheetah-v4,2753062397.714615,1410638302.6824272,5,3331.149365234375,1698.839532918692,5,100.0,10000.0,1000000.0
TD3,1layer,NA,fgelu,0.4,Hopper-v4,1551734546.2799072,782877337.7468044,5,2384.22548828125,679.3842553285094,5,100.0,10000.0,1000000.0
TD3,1layer,NA,fgelu,0.4,Humanoid-v4,1446232578.6743164,632971633.8635491,5,3574.9723876953126,2207.5285200126627,5,100.0,10000.0,1000000.0
TD3,1layer,NA,fgelu,0.4,Walker-Walk,651483742.3171997,202286160.52338874,5,808.8139282226563,165.38229990091955,5,100.0,10000.0,1000000.0
TD3,1layer,NA,fgelu,0.5,Ant-v4,1497196359.131813,471193492.0771822,5,2122.7505126953124,708.208485040114,5,100.0,10000.0,1000000.0
TD3,1layer,NA,fgelu,0.5,Cartpole-Swingup,688365040.5471772,34539601.31533612,5,770.1526733398438,90.8393114347451,5,100.0,10000.0,1000000.0
TD3,1layer,NA,fgelu,0.5,Cheetah-Run,331477774.75476265,26202960.347939257,5,520.2278259277343,60.90688385008519,5,100.0,10000.0,1000000.0
TD3,1layer,NA,fgelu,0.5,Finger-Spin,591872000.0,19356633.423712913,5,788.6,67.2517657760746,5,100.0,10000.0,1000000.0
TD3,1layer,NA,fgelu,0.5,HalfCheetah-v4,3344317583.6257935,1174594818.4301715,5,4190.412670898438,1475.5981403074675,5,100.0,10000.0,1000000.0
TD3,1layer,NA,fgelu,0.5,Hopper-v4,1390592903.6159515,985930908.4631608,5,2013.7294799804688,1393.7008474319261,5,100.0,10000.0,1000000.0
TD3,1layer,NA,fgelu,0.5,Humanoid-v4,2326629457.4432373,712004817.3845762,5,4699.073486328125,1062.2325531806,5,100.0,10000.0,1000000.0
TD3,1layer,NA,fgelu,0.5,Walker-Walk,607345640.6736374,232370167.1036674,5,677.0263479232788,399.7575842605342,5,100.0,10000.0,1000000.0
TD3,1layer,NA,flrelu,0.1,Ant-v4,1476546167.4999716,150306022.8673606,5,2447.636296807543,321.09781511125357,5,100.0,10000.0,1000000.0
TD3,1layer,NA,flrelu,0.1,Cartpole-Swingup,690339458.1490338,59876718.610092595,5,824.3053707240264,27.87941792759634,5,100.0,10000.0,1000000.0
TD3,1layer,NA,flrelu,0.1,Cheetah-Run,325637249.20150244,50076248.65306142,5,464.5535169700582,43.546797910440084,5,100.0,10000.0,1000000.0
TD3,1layer,NA,flrelu,0.1,Finger-Spin,475539000.0,97490637.97360237,5,649.2,84.38127754425147,5,100.0,10000.0,1000000.0
TD3,1layer,NA,flrelu,0.1,HalfCheetah-v4,2377944026.5614634,1342407977.4059846,5,3162.377913499776,1633.9978947107636,5,100.0,10000.0,1000000.0
TD3,1layer,NA,flrelu,0.1,Hopper-v4,1129385339.1654148,629352908.7393898,5,2295.715002581801,1159.3711205553855,5,100.0,10000.0,1000000.0
TD3,1layer,NA,flrelu,0.1,Humanoid-v4,2354109085.362489,550563775.4760303,5,3325.111081724145,2488.714791256326,5,100.0,10000.0,1000000.0
TD3,1layer,NA,flrelu,0.1,Walker-Walk,507640375.22964513,184582033.1555054,5,691.6116477910421,181.49943966719746,5,100.0,10000.0,1000000.0
TD3,1layer,NA,flrelu,0.2,Ant-v4,1466498301.5217144,346782329.41407424,5,2260.0182679367367,740.4000722516934,5,100.0,10000.0,1000000.0
TD3,1layer,NA,flrelu,0.2,Cartpole-Swingup,691266171.1829004,63116399.59044998,5,795.5423015508197,40.99020458767419,5,100.0,10000.0,1000000.0
TD3,1layer,NA,flrelu,0.2,Cheetah-Run,326114562.143372,54589951.30893449,5,501.4310105292613,60.23503796116342,5,100.0,10000.0,1000000.0
TD3,1layer,NA,flrelu,0.2,Finger-Spin,520139000.0,112245629.83697851,5,732.6,119.40812367674151,5,100.0,10000.0,1000000.0
TD3,1layer,NA,flrelu,0.2,HalfCheetah-v4,3100301400.087842,1103095167.3194685,5,4452.459568314671,1656.276200962686,5,100.0,10000.0,1000000.0
TD3,1layer,NA,flrelu,0.2,Hopper-v4,1267733800.4504662,744040606.8694569,5,2056.1865265217357,822.5895105199762,5,100.0,10000.0,1000000.0
TD3,1layer,NA,flrelu,0.2,Humanoid-v4,2428632831.586045,1021334059.8213704,5,2798.779068391433,2234.6396170180683,5,100.0,10000.0,1000000.0
TD3,1layer,NA,flrelu,0.2,Walker-Walk,484890755.40365267,124218930.60145283,5,690.738628580104,133.02159524897965,5,100.0,10000.0,1000000.0
TD3,1layer,NA,flrelu,0.3,Ant-v4,1888941518.8296075,325206333.3395188,5,2424.370937787388,575.8590883754367,5,100.0,10000.0,1000000.0
TD3,1layer,NA,flrelu,0.3,Cartpole-Swingup,701492259.5067914,21467253.211249933,5,784.7827465474868,45.04926955154678,5,100.0,10000.0,1000000.0
TD3,1layer,NA,flrelu,0.3,Cheetah-Run,321552992.15126365,44797226.09594494,5,377.93558673551894,200.0982513504627,5,100.0,10000.0,1000000.0
TD3,1layer,NA,flrelu,0.3,Finger-Spin,351768000.0,200156108.53156593,5,545.4,213.23531602433965,5,100.0,10000.0,1000000.0
TD3,1layer,NA,flrelu,0.3,HalfCheetah-v4,2493398089.674578,1449430841.9174957,5,3273.632956515379,1827.0828035352806,5,100.0,10000.0,1000000.0
TD3,1layer,NA,flrelu,0.3,Hopper-v4,796546493.4226497,606283633.0134357,5,1698.2746029067875,1344.6239026763972,5,100.0,10000.0,1000000.0
TD3,1layer,NA,flrelu,0.3,Humanoid-v4,2352138283.862792,513410700.95560145,5,4168.381945769594,1900.9491544100845,5,100.0,10000.0,1000000.0
TD3,1layer,NA,flrelu,0.3,Walker-Walk,442183304.4499957,247775585.21535236,5,540.5453009609138,353.5448643435517,5,100.0,10000.0,1000000.0
TD3,1layer,NA,flrelu,0.4,Ant-v4,1335891368.7844815,177806933.18451694,5,2102.83153753917,424.53363575360686,5,100.0,10000.0,1000000.0
TD3,1layer,NA,flrelu,0.4,Cartpole-Swingup,656100760.681215,65972591.1528287,5,746.5407118701107,73.39190595134072,5,100.0,10000.0,1000000.0
TD3,1layer,NA,flrelu,0.4,Cheetah-Run,344194008.8045095,38452185.60298433,5,383.62586986879217,175.34055729115607,5,100.0,10000.0,1000000.0
TD3,1layer,NA,flrelu,0.4,Finger-Spin,207979000.0,186981735.71902683,5,491.6,277.98255340938215,5,100.0,10000.0,1000000.0
TD3,1layer,NA,flrelu,0.4,HalfCheetah-v4,2414386968.1633286,1878000057.141955,5,3088.3845819432136,2253.790000250386,5,100.0,10000.0,1000000.0
TD3,1layer,NA,flrelu,0.4,Hopper-v4,706110939.3578846,405506112.3469976,5,1502.6623925565239,1037.2132071780475,5,100.0,10000.0,1000000.0
TD3,1layer,NA,flrelu,0.4,Humanoid-v4,1496008009.9614127,765925380.5996302,5,3410.7819669490477,2103.499413631201,5,100.0,10000.0,1000000.0
TD3,1layer,NA,flrelu,0.4,Walker-Walk,533203659.1671235,217391839.81860176,5,703.7340889296279,133.53179430721158,5,100.0,10000.0,1000000.0
TD3,1layer,NA,flrelu,0.5,Ant-v4,974599305.5887228,575621350.2936901,5,1485.4567267052776,968.6879900063688,5,100.0,10000.0,1000000.0
TD3,1layer,NA,flrelu,0.5,Cartpole-Swingup,661476781.550687,37143837.23330678,5,779.658686257764,34.09615197298969,5,100.0,10000.0,1000000.0
TD3,1layer,NA,flrelu,0.5,Cheetah-Run,306595864.4877759,27689295.123822734,5,407.77338835073215,114.75581199536786,5,100.0,10000.0,1000000.0
TD3,1layer,NA,flrelu,0.5,Finger-Spin,221150000.0,209444908.77674732,5,339.8,313.56052047411833,5,100.0,10000.0,1000000.0
TD3,1layer,NA,flrelu,0.5,HalfCheetah-v4,3241974852.7034383,1390632510.864422,5,4403.100380794106,1685.6833893775242,5,100.0,10000.0,1000000.0
TD3,1layer,NA,flrelu,0.5,Hopper-v4,532110310.8285341,395524315.59953195,5,995.8699254101169,1037.9144966090896,5,100.0,10000.0,1000000.0
TD3,1layer,NA,flrelu,0.5,Humanoid-v4,1038360792.0884492,590507470.1674682,5,1738.620441179894,1858.532543777006,5,100.0,10000.0,1000000.0
TD3,1layer,NA,flrelu,0.5,Walker-Walk,325909040.045148,169678730.29956746,5,532.4316825114458,208.97063599171705,5,100.0,10000.0,1000000.0
TD3,1layer,NA,fprelu,0.1,Ant-v4,1183039552.4388962,198514690.03509083,5,1825.1998318143578,490.1625733688254,5,100.0,10000.0,1000000.0
TD3,1layer,NA,fprelu,0.1,Cartpole-Swingup,616499791.9821479,87221135.249878,5,787.2090343843058,59.43405689312064,5,100.0,10000.0,1000000.0
TD3,1layer,NA,fprelu,0.1,Cheetah-Run,297312611.28137964,44277909.29380643,5,368.2240449810573,210.79671423717642,5,100.0,10000.0,1000000.0
TD3,1layer,NA,fprelu,0.1,Finger-Spin,526218000.0,43391841.6295045,5,785.6,53.364782394384385,5,100.0,10000.0,1000000.0
TD3,1layer,NA,fprelu,0.1,HalfCheetah-v4,3195152986.5086064,607671504.5540082,5,4260.361935094073,838.0706322940686,5,100.0,10000.0,1000000.0
TD3,1layer,NA,fprelu,0.1,Hopper-v4,1811859929.0179093,240913570.19152218,5,3109.8171837273576,25.320491198655322,5,100.0,10000.0,1000000.0
TD3,1layer,NA,fprelu,0.1,Humanoid-v4,1524816779.962685,707975627.3427616,5,3361.175212353912,2255.5924073349374,5,100.0,10000.0,1000000.0
TD3,1layer,NA,fprelu,0.1,Walker-Walk,630377843.3322626,184302115.43145165,5,783.1145419467191,161.18489310759605,5,100.0,10000.0,1000000.0
TD3,1layer,NA,fprelu,0.2,Ant-v4,1235751055.5070965,290238285.9149703,5,1929.415265377403,684.881928922707,5,100.0,10000.0,1000000.0
TD3,1layer,NA,fprelu,0.2,Cartpole-Swingup,681604291.2545874,61852584.32522232,5,804.928982949244,55.653715914471896,5,100.0,10000.0,1000000.0
TD3,1layer,NA,fprelu,0.2,Cheetah-Run,293589404.156546,33294753.270336464,5,471.09149763760854,19.119346558550227,5,100.0,10000.0,1000000.0
TD3,1layer,NA,fprelu,0.2,Finger-Spin,363261000.0,147348832.85082376,5,687.0,97.83404315472197,5,100.0,10000.0,1000000.0
TD3,1layer,NA,fprelu,0.2,HalfCheetah-v4,2289157058.131424,1074885671.9744053,5,3090.994463848009,1579.7284756198078,5,100.0,10000.0,1000000.0
TD3,1layer,NA,fprelu,0.2,Hopper-v4,1266742604.949516,957696417.2271714,5,1558.3663981553868,1465.6090467303916,5,100.0,10000.0,1000000.0
TD3,1layer,NA,fprelu,0.2,Humanoid-v4,1192611046.688558,605643308.3763174,5,3267.5193340298,2071.5708447310526,5,100.0,10000.0,1000000.0
TD3,1layer,NA,fprelu,0.2,Walker-Walk,643414530.7904065,164711181.12989387,5,821.6145971223835,176.43907100472117,5,100.0,10000.0,1000000.0
TD3,1layer,NA,fprelu,0.3,Ant-v4,1048318816.2978866,226461595.94897613,5,1585.6984742951458,476.64917545687183,5,100.0,10000.0,1000000.0
TD3,1layer,NA,fprelu,0.3,Cartpole-Swingup,674179281.7698294,67155470.25673082,5,786.7631243769665,73.7812143395139,5,100.0,10000.0,1000000.0
TD3,1layer,NA,fprelu,0.3,Cheetah-Run,365807010.9324671,31574738.495210413,5,525.154443641101,61.003063290883624,5,100.0,10000.0,1000000.0
TD3,1layer,NA,fprelu,0.3,Finger-Spin,304336000.0,260875771.259042,5,531.6,327.09295314940675,5,100.0,10000.0,1000000.0
TD3,1layer,NA,fprelu,0.3,HalfCheetah-v4,3226980009.6787376,385517087.118002,5,4333.114433594838,665.2395677238706,5,100.0,10000.0,1000000.0
TD3,1layer,NA,fprelu,0.3,Hopper-v4,996701172.1339972,541733736.8311832,5,2029.3247603982406,960.8986131014598,5,100.0,10000.0,1000000.0
TD3,1layer,NA,fprelu,0.3,Humanoid-v4,832926238.013017,148405121.37429798,5,1770.4201213795793,1395.472165344685,5,100.0,10000.0,1000000.0
TD3,1layer,NA,fprelu,0.3,Walker-Walk,463336823.57078016,88644893.23002608,5,750.3963219757534,165.73076583475694,5,100.0,10000.0,1000000.0
TD3,1layer,NA,fprelu,0.4,Ant-v4,470599015.0877659,278106553.17943585,5,1095.7750408136758,770.8144367868542,5,100.0,10000.0,1000000.0
TD3,1layer,NA,fprelu,0.4,Cartpole-Swingup,548873975.1894356,185416726.22581583,5,653.0165132996098,179.60539374404394,5,100.0,10000.0,1000000.0
TD3,1layer,NA,fprelu,0.4,Cheetah-Run,358243842.0070063,44797895.600989945,5,500.0757115556048,46.2885970098791,5,100.0,10000.0,1000000.0
TD3,1layer,NA,fprelu,0.4,Finger-Spin,222874000.0,141484961.1442856,5,449.2,254.96901772568367,5,100.0,10000.0,1000000.0
TD3,1layer,NA,fprelu,0.4,HalfCheetah-v4,3118085717.307255,510580548.2766446,5,4551.586249599449,343.48007126538056,5,100.0,10000.0,1000000.0
TD3,1layer,NA,fprelu,0.4,Hopper-v4,978431106.2246742,805348187.5202413,5,1280.9496529256548,1157.5320621143935,5,100.0,10000.0,1000000.0
TD3,1layer,NA,fprelu,0.4,Humanoid-v4,1520706291.9069698,521469330.6876308,5,2298.3867074320997,1671.6083834155127,5,100.0,10000.0,1000000.0
TD3,1layer,NA,fprelu,0.4,Walker-Walk,512651663.112305,87611008.57811731,5,775.8393237678115,155.58841877338415,5,100.0,10000.0,1000000.0
TD3,1layer,NA,fprelu,0.5,Ant-v4,-19523333.82092005,13120438.58560399,5,-5.647718606253162,9.87718236382612,5,100.0,10000.0,1000000.0
TD3,1layer,NA,fprelu,0.5,Cartpole-Swingup,648534952.4153528,21883127.425310407,5,802.9220617800364,34.27411649255142,5,100.0,10000.0,1000000.0
TD3,1layer,NA,fprelu,0.5,Cheetah-Run,318509436.87456185,28649708.12238873,5,430.30427863367777,112.49930759526926,5,100.0,10000.0,1000000.0
TD3,1layer,NA,fprelu,0.5,Finger-Spin,177567000.0,192590319.61004686,5,342.2,310.3106508001296,5,100.0,10000.0,1000000.0
TD3,1layer,NA,fprelu,0.5,HalfCheetah-v4,2450848592.7802277,499998727.36626685,5,3284.159650747374,783.8717628514454,5,100.0,10000.0,1000000.0
TD3,1layer,NA,fprelu,0.5,Hopper-v4,1119699847.5166738,550241934.629248,5,2664.1580403814633,1067.997030417346,5,100.0,10000.0,1000000.0
TD3,1layer,NA,fprelu,0.5,Humanoid-v4,735955154.452054,130084604.19276308,5,1811.799745140074,1872.616224908841,5,100.0,10000.0,1000000.0
TD3,1layer,NA,fprelu,0.5,Walker-Walk,350680945.10039663,145449681.28256553,5,476.8282264934287,300.2667920652817,5,100.0,10000.0,1000000.0
TD3,1layer,NA,frelu,0.1,Ant-v4,1502573021.9868503,480094195.03147274,5,1942.3915350181542,1062.932947570513,5,100.0,10000.0,1000000.0
TD3,1layer,NA,frelu,0.1,Cartpole-Swingup,661958472.8686599,34470645.691428445,5,810.3046384942155,32.436269264172246,5,100.0,10000.0,1000000.0
TD3,1layer,NA,frelu,0.1,Cheetah-Run,307120702.8438131,34098473.516794756,5,407.7482788280915,119.69439770843935,5,100.0,10000.0,1000000.0
TD3,1layer,NA,frelu,0.1,Finger-Spin,558769000.0,49773686.37141517,5,819.8,72.78873539222948,5,100.0,10000.0,1000000.0
TD3,1layer,NA,frelu,0.1,HalfCheetah-v4,3458199016.5966234,1075992445.4904113,5,4425.966704324518,1376.2144057830455,5,100.0,10000.0,1000000.0
TD3,1layer,NA,frelu,0.1,Hopper-v4,1383355884.9927492,301246347.9757167,5,2385.518010723166,649.674422121911,5,100.0,10000.0,1000000.0
TD3,1layer,NA,frelu,0.1,Humanoid-v4,2048442611.3435369,324053232.4602242,5,4437.686800239806,1566.4017464615931,5,100.0,10000.0,1000000.0
TD3,1layer,NA,frelu,0.1,Walker-Walk,701978770.0107957,124957952.98153415,5,863.2067964042537,141.18803772411812,5,100.0,10000.0,1000000.0
TD3,1layer,NA,frelu,0.2,Ant-v4,1520888922.8812346,337570647.6275699,5,2672.623950823954,110.92241873856936,5,100.0,10000.0,1000000.0
TD3,1layer,NA,frelu,0.2,Cartpole-Swingup,704704812.3817223,40578858.512868084,5,808.5901016766102,29.015667222728336,5,100.0,10000.0,1000000.0
TD3,1layer,NA,frelu,0.2,Cheetah-Run,318723077.19983304,33151683.757785365,5,509.6865995116374,66.38318201821832,5,100.0,10000.0,1000000.0
TD3,1layer,NA,frelu,0.2,Finger-Spin,417439000.0,238398584.26593056,5,586.4,333.01696653473977,5,100.0,10000.0,1000000.0
TD3,1layer,NA,frelu,0.2,HalfCheetah-v4,2865667204.036484,1566827313.8560438,5,3936.0946652753773,1829.96301741169,5,100.0,10000.0,1000000.0
TD3,1layer,NA,frelu,0.2,Hopper-v4,920549256.3330103,409781474.8221548,5,1709.6380103781516,1044.0871510593568,5,100.0,10000.0,1000000.0
TD3,1layer,NA,frelu,0.2,Humanoid-v4,2322923870.395617,496004476.46950436,5,5134.507311249906,62.47556363425987,5,100.0,10000.0,1000000.0
TD3,1layer,NA,frelu,0.2,Walker-Walk,546553325.0131035,190222300.26603654,5,721.2277189972044,155.44495080389166,5,100.0,10000.0,1000000.0
TD3,1layer,NA,frelu,0.3,Ant-v4,1563724885.4961133,310395463.5730651,5,2113.508278642811,893.5780186587425,5,100.0,10000.0,1000000.0
TD3,1layer,NA,frelu,0.3,Cartpole-Swingup,611829391.2585772,91105346.74419035,5,814.4367479526395,38.965546488048254,5,100.0,10000.0,1000000.0
TD3,1layer,NA,frelu,0.3,Cheetah-Run,323732874.4680458,53323290.01864493,5,464.78491643504304,69.12430491836075,5,100.0,10000.0,1000000.0
TD3,1layer,NA,frelu,0.3,Finger-Spin,459403000.0,112214421.4550875,5,687.8,66.84085576950672,5,100.0,10000.0,1000000.0
TD3,1layer,NA,frelu,0.3,HalfCheetah-v4,4082180507.7026024,356284476.36560625,5,5392.084385631192,686.0583284297247,5,100.0,10000.0,1000000.0
TD3,1layer,NA,frelu,0.3,Hopper-v4,760409099.8397849,589671948.6282816,5,1396.678016315794,1322.0267446428002,5,100.0,10000.0,1000000.0
TD3,1layer,NA,frelu,0.3,Humanoid-v4,2374925826.2492,647136020.2938801,5,4365.637617445428,1616.3619850109317,5,100.0,10000.0,1000000.0
TD3,1layer,NA,frelu,0.3,Walker-Walk,563542088.6219662,222193616.6317981,5,764.4452605983803,222.14750008574217,5,100.0,10000.0,1000000.0
TD3,1layer,NA,frelu,0.4,Ant-v4,1319904546.4555488,333894265.15363085,5,2069.207827319843,588.8078947090285,5,100.0,10000.0,1000000.0
TD3,1layer,NA,frelu,0.4,Cartpole-Swingup,654196448.0295494,61211611.44569422,5,815.9596487754843,20.956968102903424,5,100.0,10000.0,1000000.0
TD3,1layer,NA,frelu,0.4,Cheetah-Run,330642607.2223415,79861366.65396191,5,447.1832993198894,123.98771711642823,5,100.0,10000.0,1000000.0
TD3,1layer,NA,frelu,0.4,Finger-Spin,442955000.0,65358181.67987846,5,713.2,120.04040986267916,5,100.0,10000.0,1000000.0
TD3,1layer,NA,frelu,0.4,HalfCheetah-v4,3494360163.8496933,435772581.79154754,5,4316.684238978688,532.9328274075723,5,100.0,10000.0,1000000.0
TD3,1layer,NA,frelu,0.4,Hopper-v4,429890195.479479,253659085.9748206,5,1011.5785023624464,1063.9322143064023,5,100.0,10000.0,1000000.0
TD3,1layer,NA,frelu,0.4,Humanoid-v4,1178617524.387737,763207737.1350116,5,1666.3874626347915,1877.915863835738,5,100.0,10000.0,1000000.0
TD3,1layer,NA,frelu,0.4,Walker-Walk,418483836.9903431,153804094.9480883,5,648.3925834017197,179.58305838208594,5,100.0,10000.0,1000000.0
TD3,1layer,NA,frelu,0.5,Ant-v4,1321847659.7596128,445074224.02627087,5,1256.3651412684637,1704.0390803823077,5,100.0,10000.0,1000000.0
TD3,1layer,NA,frelu,0.5,Cartpole-Swingup,621826263.4363667,67996636.80820036,5,799.2900004835888,50.98430042438893,5,100.0,10000.0,1000000.0
TD3,1layer,NA,frelu,0.5,Cheetah-Run,314239786.13123107,47134113.20492945,5,395.730141237396,111.30370479496067,5,100.0,10000.0,1000000.0
TD3,1layer,NA,frelu,0.5,Finger-Spin,505629000.0,84923207.98815833,5,685.0,106.97663296253066,5,100.0,10000.0,1000000.0
TD3,1layer,NA,frelu,0.5,HalfCheetah-v4,2788195914.125886,1238071116.3581886,5,4034.2551845477587,1656.6581187427619,5,100.0,10000.0,1000000.0
TD3,1layer,NA,frelu,0.5,Hopper-v4,552996022.7227714,199832752.21991014,5,1340.206101705143,1060.7386900235285,5,100.0,10000.0,1000000.0
TD3,1layer,NA,frelu,0.5,Humanoid-v4,923771345.9437954,461314146.8268017,5,1717.060817851485,1573.7048609694796,5,100.0,10000.0,1000000.0
TD3,1layer,NA,frelu,0.5,Walker-Walk,557280923.4574516,177055206.29978257,5,669.1819527578609,352.84660342726477,5,100.0,10000.0,1000000.0
TD3,1layer,NA,fswish,0.1,Ant-v4,1368390550.283432,408750577.0819099,5,2208.1166015625,519.8376182526058,5,100.0,10000.0,1000000.0
TD3,1layer,NA,fswish,0.1,Cartpole-Swingup,673116997.2991943,70597947.35229218,5,787.1876953125,68.67520131410136,5,100.0,10000.0,1000000.0
TD3,1layer,NA,fswish,0.1,Cheetah-Run,305695589.57087994,56836619.55283126,5,407.9306579589844,109.06761750173759,5,100.0,10000.0,1000000.0
TD3,1layer,NA,fswish,0.1,Finger-Spin,516157000.0,107146516.60226756,5,731.4,129.7104467650929,5,100.0,10000.0,1000000.0
TD3,1layer,NA,fswish,0.1,HalfCheetah-v4,3424792493.871689,1586120694.4005613,5,4182.740185546875,2085.074098225136,5,100.0,10000.0,1000000.0
TD3,1layer,NA,fswish,0.1,Hopper-v4,1540484644.897461,394954217.09760725,5,2635.73857421875,402.3636703361711,5,100.0,10000.0,1000000.0
TD3,1layer,NA,fswish,0.1,Humanoid-v4,2164659995.025635,668232306.9251933,5,3310.8073791503907,2256.4935285654183,5,100.0,10000.0,1000000.0
TD3,1layer,NA,fswish,0.1,Walker-Walk,618062382.3032379,183395947.1716645,5,816.9451293945312,147.4847504810941,5,100.0,10000.0,1000000.0
TD3,1layer,NA,fswish,0.2,Ant-v4,1293982916.0938263,450628655.72391,5,1849.8024047851563,776.4697207157151,5,100.0,10000.0,1000000.0
TD3,1layer,NA,fswish,0.2,Cartpole-Swingup,660718983.5343361,64968783.79974098,5,779.5528076171875,64.0884641029794,5,100.0,10000.0,1000000.0
TD3,1layer,NA,fswish,0.2,Cheetah-Run,285562267.1864927,47608014.51783707,5,431.84223022460935,112.22775366242905,5,100.0,10000.0,1000000.0
TD3,1layer,NA,fswish,0.2,Finger-Spin,516207000.0,64641919.11987143,5,709.0,91.79596941042674,5,100.0,10000.0,1000000.0
TD3,1layer,NA,fswish,0.2,HalfCheetah-v4,3269945203.742981,1410314526.5885372,5,3988.37734375,1734.6682791906035,5,100.0,10000.0,1000000.0
TD3,1layer,NA,fswish,0.2,Hopper-v4,1468587139.0845776,747610945.0531822,5,2027.2551635742188,1044.0298731272426,5,100.0,10000.0,1000000.0
TD3,1layer,NA,fswish,0.2,Humanoid-v4,2132457620.1629639,653538298.2304617,5,4407.1541015625,1593.2231839421945,5,100.0,10000.0,1000000.0
TD3,1layer,NA,fswish,0.2,Walker-Walk,624900394.1860199,150456713.83047217,5,783.90029296875,164.1524587778414,5,100.0,10000.0,1000000.0
TD3,1layer,NA,fswish,0.3,Ant-v4,1949373852.8318405,710649043.9884131,5,2671.469030761719,1139.189381283528,5,100.0,10000.0,1000000.0
TD3,1layer,NA,fswish,0.3,Cartpole-Swingup,678566018.2672832,61561895.60746592,5,803.040625,36.67098234747657,5,100.0,10000.0,1000000.0
TD3,1layer,NA,fswish,0.3,Cheetah-Run,329761622.7196455,47414551.37539797,5,502.98662109375,40.386754686837875,5,100.0,10000.0,1000000.0
TD3,1layer,NA,fswish,0.3,Finger-Spin,522528000.0,65111197.15532805,5,737.6,76.45783151515612,5,100.0,10000.0,1000000.0
TD3,1layer,NA,fswish,0.3,HalfCheetah-v4,3238894182.0640564,1216786026.1427586,5,4117.2990234375,1500.746625535197,5,100.0,10000.0,1000000.0
TD3,1layer,NA,fswish,0.3,Hopper-v4,998630386.9400024,549952871.5212471,5,1715.957781982422,1240.1192153476711,5,100.0,10000.0,1000000.0
TD3,1layer,NA,fswish,0.3,Humanoid-v4,2215996120.6436157,620492892.7912607,5,5223.45078125,161.11726206975806,5,100.0,10000.0,1000000.0
TD3,1layer,NA,fswish,0.3,Walker-Walk,600673056.1828613,144336974.4712374,5,749.3084045410156,195.8214556709036,5,100.0,10000.0,1000000.0
TD3,1layer,NA,fswish,0.4,Ant-v4,1447171156.2919617,340309589.1845689,5,2335.048095703125,672.694497178418,5,100.0,10000.0,1000000.0
TD3,1layer,NA,fswish,0.4,Cartpole-Swingup,647194969.0704346,40655780.767125815,5,743.3233032226562,75.39179278581076,5,100.0,10000.0,1000000.0
TD3,1layer,NA,fswish,0.4,Cheetah-Run,316635060.76961756,30839795.535208754,5,499.83595581054686,43.14773449570055,5,100.0,10000.0,1000000.0
TD3,1layer,NA,fswish,0.4,Finger-Spin,524610000.0,26708749.50273786,5,776.8,41.29406737050734,5,100.0,10000.0,1000000.0
TD3,1layer,NA,fswish,0.4,HalfCheetah-v4,2907010333.340645,1502372506.3206012,5,3677.5083984375,1937.433292061493,5,100.0,10000.0,1000000.0
TD3,1layer,NA,fswish,0.4,Hopper-v4,1389813580.6090832,380118717.84996957,5,2302.092529296875,661.2770136777762,5,100.0,10000.0,1000000.0
TD3,1layer,NA,fswish,0.4,Humanoid-v4,2406114521.3394165,908206985.2841603,5,5069.42822265625,163.08304096541553,5,100.0,10000.0,1000000.0
TD3,1layer,NA,fswish,0.4,Walker-Walk,665242252.3155212,118400361.01246144,5,787.4891723632812,108.31878730181803,5,100.0,10000.0,1000000.0
TD3,1layer,NA,fswish,0.5,Ant-v4,1392008097.3205566,334755903.11275035,5,2324.3458740234373,446.38522303834173,5,100.0,10000.0,1000000.0
TD3,1layer,NA,fswish,0.5,Cartpole-Swingup,687869357.8830063,26228337.263552535,5,768.7884643554687,44.90656189250661,5,100.0,10000.0,1000000.0
TD3,1layer,NA,fswish,0.5,Cheetah-Run,295928775.1419544,65103032.644597165,5,446.630712890625,92.83315072488043,5,100.0,10000.0,1000000.0
TD3,1layer,NA,fswish,0.5,Finger-Spin,538424000.0,39641105.62282541,5,803.2,34.78792894094156,5,100.0,10000.0,1000000.0
TD3,1layer,NA,fswish,0.5,HalfCheetah-v4,2644358056.526184,1471356520.7352693,5,3489.2218017578125,2050.439032681548,5,100.0,10000.0,1000000.0
TD3,1layer,NA,fswish,0.5,Hopper-v4,925944046.9200611,492519490.61713153,5,2179.2912841796874,1003.3605866665257,5,100.0,10000.0,1000000.0
TD3,1layer,NA,fswish,0.5,Humanoid-v4,1808108114.3875122,1082834465.6284196,5,3448.120556640625,2299.2372223640937,5,100.0,10000.0,1000000.0
TD3,1layer,NA,fswish,0.5,Walker-Walk,656820036.365509,171620574.34348524,5,860.432666015625,149.98752525251302,5,100.0,10000.0,1000000.0
TD3,1layer,NA,gelu,NA,Ant-v4,1280352905.5175781,462522078.314062,5,1747.2522338867188,729.2227750739982,5,100.0,10000.0,1000000.0
TD3,1layer,NA,gelu,NA,Cartpole-Swingup,625760348.6616015,53930349.436977156,5,771.862109375,36.67066211985437,5,100.0,10000.0,1000000.0
TD3,1layer,NA,gelu,NA,Cheetah-Run,298765212.2583389,38606692.75313134,5,413.0103820800781,98.83971007908734,5,100.0,10000.0,1000000.0
TD3,1layer,NA,gelu,NA,Finger-Spin,464346000.0,168947103.68189213,5,673.6,153.15449715891467,5,100.0,10000.0,1000000.0
TD3,1layer,NA,gelu,NA,HalfCheetah-v4,2960150211.9750977,1535715443.8620996,5,3623.50712890625,1984.0426681488314,5,100.0,10000.0,1000000.0
TD3,1layer,NA,gelu,NA,Hopper-v4,1200995539.7949219,624537249.2401292,5,2231.880993652344,873.9876857358518,5,100.0,10000.0,1000000.0
TD3,1layer,NA,gelu,NA,Humanoid-v4,1870153266.3726807,1128314004.5569754,5,3624.9631469726564,2135.34624348273,5,100.0,10000.0,1000000.0
TD3,1layer,NA,gelu,NA,Walker-Walk,651068213.4151459,88430199.39330004,5,871.151318359375,146.7049960888263,5,100.0,10000.0,1000000.0
TD3,1layer,NA,lrelu,NA,Ant-v4,1614145898.6729808,436949512.2743644,5,1809.2019044053795,740.0262191569648,5,100.0,10000.0,1000000.0
TD3,1layer,NA,lrelu,NA,Cartpole-Swingup,604264637.3904554,99062348.7910856,5,795.9204065226755,77.42200379449162,5,100.0,10000.0,1000000.0
TD3,1layer,NA,lrelu,NA,Cheetah-Run,314426935.6022955,19400002.662950777,5,491.603713398821,49.33396258906666,5,100.0,10000.0,1000000.0
TD3,1layer,NA,lrelu,NA,Finger-Spin,532126000.0,35091878.58322777,5,719.2,76.05721530532128,5,100.0,10000.0,1000000.0
TD3,1layer,NA,lrelu,NA,HalfCheetah-v4,3004155444.2286677,1696122126.8384764,5,3769.534451575696,2215.0600016148433,5,100.0,10000.0,1000000.0
TD3,1layer,NA,lrelu,NA,Hopper-v4,1013643684.6139901,489863658.42376703,5,1781.6292809847087,1048.8837090716322,5,100.0,10000.0,1000000.0
TD3,1layer,NA,lrelu,NA,Humanoid-v4,1652857144.644257,605570929.8858644,5,3991.6308103871656,1710.3027266285685,5,100.0,10000.0,1000000.0
TD3,1layer,NA,lrelu,NA,Walker-Walk,552684602.4329532,224838764.60367343,5,661.953255069684,278.7111088210521,5,100.0,10000.0,1000000.0
TD3,1layer,NA,prelu,NA,Ant-v4,1498941448.4903991,407468279.7429727,5,2545.79405093371,422.7373615944434,5,100.0,10000.0,1000000.0
TD3,1layer,NA,prelu,NA,Cartpole-Swingup,681661935.5868882,50355387.7593619,5,812.7173123765799,39.51180199383406,5,100.0,10000.0,1000000.0
TD3,1layer,NA,prelu,NA,Cheetah-Run,309922866.837831,42377516.47517966,5,380.3038919348602,134.38273880613727,5,100.0,10000.0,1000000.0
TD3,1layer,NA,prelu,NA,Finger-Spin,392122000.0,208068201.63710743,5,669.4,164.15328202628177,5,100.0,10000.0,1000000.0
TD3,1layer,NA,prelu,NA,HalfCheetah-v4,2662288409.0091085,1330932736.357091,5,3423.219053188768,1747.506070983555,5,100.0,10000.0,1000000.0
TD3,1layer,NA,prelu,NA,Hopper-v4,1010394439.5943117,602480620.7710689,5,1390.9735742111866,1093.8228898691148,5,100.0,10000.0,1000000.0
TD3,1layer,NA,prelu,NA,Humanoid-v4,2743338226.5911813,1009019832.6451687,5,4450.466674539466,1628.1845854832652,5,100.0,10000.0,1000000.0
TD3,1layer,NA,prelu,NA,Walker-Walk,643869339.2827172,196793428.97961456,5,834.9855701979044,160.63168344054188,5,100.0,10000.0,1000000.0
TD3,1layer,NA,relu,NA,Ant-v4,1435997724.7550051,373028460.3327677,5,2312.38619564978,840.1751553470492,5,100.0,10000.0,1000000.0
TD3,1layer,NA,relu,NA,Cartpole-Swingup,656025240.207854,86131725.59718345,5,776.4898153088636,121.36512413477922,5,100.0,10000.0,1000000.0
TD3,1layer,NA,relu,NA,Cheetah-Run,282632550.53843087,31865168.5751589,5,409.38679669989165,45.3818260971078,5,100.0,10000.0,1000000.0
TD3,1layer,NA,relu,NA,Finger-Spin,447739000.0,251334966.63815007,5,498.8,456.55142098125157,5,100.0,10000.0,1000000.0
TD3,1layer,NA,relu,NA,HalfCheetah-v4,2272098573.3879137,924041017.370766,5,2989.3293537255113,1158.6102743215488,5,100.0,10000.0,1000000.0
TD3,1layer,NA,relu,NA,Hopper-v4,1096397127.585713,426613943.62649095,5,1636.957572926034,613.5438246421988,5,100.0,10000.0,1000000.0
TD3,1layer,NA,relu,NA,Humanoid-v4,2245589736.7499375,728881792.3300722,5,5162.216833996834,58.44426538608173,5,100.0,10000.0,1000000.0
TD3,1layer,NA,relu,NA,Walker-Walk,546355122.2629595,242501564.9904121,5,689.6840666502281,297.3816517226484,5,100.0,10000.0,1000000.0
TD3,1layer,NA,swish,NA,Ant-v4,1457188228.8284302,438414015.63116956,5,2354.312353515625,568.7961167806179,5,100.0,10000.0,1000000.0
TD3,1layer,NA,swish,NA,Cartpole-Swingup,441442556.56433105,98160751.94315219,5,707.9187133789062,109.65153181658187,5,100.0,10000.0,1000000.0
TD3,1layer,NA,swish,NA,Cheetah-Run,296033845.2049494,23631155.764416307,5,371.920068359375,109.83746753091127,5,100.0,10000.0,1000000.0
TD3,1layer,NA,swish,NA,Finger-Spin,386776000.0,61746016.30874659,5,597.8,169.9932351595204,5,100.0,10000.0,1000000.0
TD3,1layer,NA,swish,NA,HalfCheetah-v4,3032523307.220459,1527524079.324578,5,3659.6653076171874,1806.1759276997325,5,100.0,10000.0,1000000.0
TD3,1layer,NA,swish,NA,Hopper-v4,1502120327.8045654,156554191.94782665,5,1981.728253173828,1063.0824194121662,5,100.0,10000.0,1000000.0
TD3,1layer,NA,swish,NA,Humanoid-v4,2547570984.359741,416721217.1186691,5,5244.48623046875,250.5456464592574,5,100.0,10000.0,1000000.0
TD3,1layer,NA,swish,NA,Walker-Walk,717265886.2285614,103260163.5780655,5,865.0895629882813,117.13182930974516,5,100.0,10000.0,1000000.0
TD3,2layers,all-actor,fgelu,0.1,Ant-v4,2365706745.0857162,176108363.03117839,5,3299.95771484375,324.29631635416973,5,100.0,10000.0,1000000.0
TD3,2layers,all-actor,fgelu,0.1,Cartpole-Swingup,759374751.1949539,32597388.164124727,5,784.5329345703125,107.59267343951089,5,100.0,10000.0,1000000.0
TD3,2layers,all-actor,fgelu,0.1,Cheetah-Run,534182658.8687897,29751726.913735475,5,699.150048828125,53.927960509554595,5,100.0,10000.0,1000000.0
TD3,2layers,all-actor,fgelu,0.1,Finger-Spin,763886000.0,39832853.65122613,5,891.2,26.281171967779517,5,100.0,10000.0,1000000.0
TD3,2layers,all-actor,fgelu,0.1,HalfCheetah-v4,2113382201.5399933,1514282520.0050113,5,2656.46630859375,1898.0434289103307,5,100.0,10000.0,1000000.0
TD3,2layers,all-actor,fgelu,0.1,Hopper-v4,2244178963.409424,269101285.71442115,5,3364.87763671875,142.32141457222224,5,100.0,10000.0,1000000.0
TD3,2layers,all-actor,fgelu,0.1,Humanoid-v4,3784030804.992676,94149978.39851835,5,5520.84365234375,269.55743761799346,5,100.0,10000.0,1000000.0
TD3,2layers,all-actor,fgelu,0.1,Walker-Walk,840315271.2240219,64818443.09715065,5,949.8568237304687,16.94539007739177,5,100.0,10000.0,1000000.0
TD3,2layers,all-actor,fgelu,0.2,Ant-v4,2526419887.248993,255526443.85381398,5,3674.758056640625,567.4018566169289,5,100.0,10000.0,1000000.0
TD3,2layers,all-actor,fgelu,0.2,Cartpole-Swingup,750262346.1914062,17971531.142002296,5,826.5268432617188,23.329204513365443,5,100.0,10000.0,1000000.0
TD3,2layers,all-actor,fgelu,0.2,Cheetah-Run,498073964.35165405,71116350.67455192,5,684.7377807617188,92.1151658519836,5,100.0,10000.0,1000000.0
TD3,2layers,all-actor,fgelu,0.2,Finger-Spin,749945000.0,79124742.41664235,5,916.6,42.81705267764235,5,100.0,10000.0,1000000.0
TD3,2layers,all-actor,fgelu,0.2,HalfCheetah-v4,3360903510.2615356,2431433577.102545,5,4299.184912109375,3212.32227698347,5,100.0,10000.0,1000000.0
TD3,2layers,all-actor,fgelu,0.2,Hopper-v4,1822747140.3121948,248080662.8126578,5,3285.376220703125,103.59123089821523,5,100.0,10000.0,1000000.0
TD3,2layers,all-actor,fgelu,0.2,Humanoid-v4,3664757995.109558,212539709.80805475,5,5231.759765625,91.81195361310448,5,100.0,10000.0,1000000.0
TD3,2layers,all-actor,fgelu,0.2,Walker-Walk,827446718.0585861,42936357.50419174,5,963.0496337890625,9.372124259028695,5,100.0,10000.0,1000000.0
TD3,2layers,all-actor,fgelu,0.3,Ant-v4,2320197236.7191315,284720082.57900417,5,3330.53916015625,1099.0779097022853,5,100.0,10000.0,1000000.0
TD3,2layers,all-actor,fgelu,0.3,Cartpole-Swingup,754709894.5430266,10243343.65911041,5,839.5951538085938,5.566212415499242,5,100.0,10000.0,1000000.0
TD3,2layers,all-actor,fgelu,0.3,Cheetah-Run,512012948.3947754,37026864.63522103,5,669.04462890625,57.866763892582895,5,100.0,10000.0,1000000.0
TD3,2layers,all-actor,fgelu,0.3,Finger-Spin,611202000.0,342325372.28125525,5,720.4,403.0475158092405,5,100.0,10000.0,1000000.0
TD3,2layers,all-actor,fgelu,0.3,HalfCheetah-v4,2881578691.017151,1940588030.1753504,5,3684.0311279296875,2599.8423303031564,5,100.0,10000.0,1000000.0
TD3,2layers,all-actor,fgelu,0.3,Hopper-v4,2260599103.351593,223813440.6987529,5,3366.84326171875,134.57301898255506,5,100.0,10000.0,1000000.0
TD3,2layers,all-actor,fgelu,0.3,Humanoid-v4,3628769451.828003,565037123.5932717,5,5288.0162109375,251.46488380598325,5,100.0,10000.0,1000000.0
TD3,2layers,all-actor,fgelu,0.3,Walker-Walk,868121487.1349335,48148609.00044433,5,955.6564086914062,8.798132767080318,5,100.0,10000.0,1000000.0
TD3,2layers,all-actor,fgelu,0.4,Ant-v4,2332237844.162941,399947947.62726194,5,3085.612109375,589.7182383543766,5,100.0,10000.0,1000000.0
TD3,2layers,all-actor,fgelu,0.4,Cartpole-Swingup,775047839.8742676,17153558.12531447,5,803.7218383789062,69.04150084054146,5,100.0,10000.0,1000000.0
TD3,2layers,all-actor,fgelu,0.4,Cheetah-Run,465904575.5252838,78261130.51580016,5,590.5136413574219,120.58962990955631,5,100.0,10000.0,1000000.0
TD3,2layers,all-actor,fgelu,0.4,Finger-Spin,606963000.0,336018002.7654768,5,797.8,282.71841114437524,5,100.0,10000.0,1000000.0
TD3,2layers,all-actor,fgelu,0.4,HalfCheetah-v4,2284076011.2571716,1818191484.115155,5,3454.0274169921877,2314.658000244319,5,100.0,10000.0,1000000.0
TD3,2layers,all-actor,fgelu,0.4,Hopper-v4,2042565886.4593506,194632242.89610392,5,3271.985498046875,58.98569055052706,5,100.0,10000.0,1000000.0
TD3,2layers,all-actor,fgelu,0.4,Humanoid-v4,3551495188.194275,643686607.248423,5,5359.23544921875,248.44290832664294,5,100.0,10000.0,1000000.0
TD3,2layers,all-actor,fgelu,0.4,Walker-Walk,794962507.645607,140439446.68967745,5,920.7536499023438,90.41785180939048,5,100.0,10000.0,1000000.0
TD3,2layers,all-actor,fgelu,0.5,Ant-v4,2391795741.1937714,302120855.66434485,5,3590.941748046875,420.709026107226,5,100.0,10000.0,1000000.0
TD3,2layers,all-actor,fgelu,0.5,Cartpole-Swingup,764152021.232605,21089057.850535657,5,817.4430541992188,36.3789369586226,5,100.0,10000.0,1000000.0
TD3,2layers,all-actor,fgelu,0.5,Cheetah-Run,521736147.11380005,43658398.75132986,5,649.7327758789063,34.07209295455398,5,100.0,10000.0,1000000.0
TD3,2layers,all-actor,fgelu,0.5,Finger-Spin,722223000.0,90879610.92841452,5,902.2,43.2862564793954,5,100.0,10000.0,1000000.0
TD3,2layers,all-actor,fgelu,0.5,HalfCheetah-v4,3090889974.927902,1947649434.099183,5,4313.078100585937,3122.1937754955184,5,100.0,10000.0,1000000.0
TD3,2layers,all-actor,fgelu,0.5,Hopper-v4,1995139349.910736,206780385.3249581,5,3264.707080078125,177.7944968691175,5,100.0,10000.0,1000000.0
TD3,2layers,all-actor,fgelu,0.5,Humanoid-v4,3790730292.5109863,322064717.4366717,5,5325.1349609375,232.93166654261358,5,100.0,10000.0,1000000.0
TD3,2layers,all-actor,fgelu,0.5,Walker-Walk,767643510.799408,150530895.73656443,5,890.5602783203125,88.2380916402214,5,100.0,10000.0,1000000.0
TD3,2layers,all-actor,flrelu,0.1,Ant-v4,2416248338.2367697,197313913.93592158,5,2752.2606990552945,924.6505317566983,5,100.0,10000.0,1000000.0
TD3,2layers,all-actor,flrelu,0.1,Cartpole-Swingup,742217978.5772762,39305597.187451325,5,835.6685353189883,9.891388153717173,5,100.0,10000.0,1000000.0
TD3,2layers,all-actor,flrelu,0.1,Cheetah-Run,550209935.8990579,16775318.498562155,5,696.486909848301,38.21690297330704,5,100.0,10000.0,1000000.0
TD3,2layers,all-actor,flrelu,0.1,Finger-Spin,789174000.0,53278393.7680182,5,924.2,50.800590547748556,5,100.0,10000.0,1000000.0
TD3,2layers,all-actor,flrelu,0.1,HalfCheetah-v4,1584714523.0029128,170804682.63686287,5,1978.3434943382676,208.88586774154476,5,100.0,10000.0,1000000.0
TD3,2layers,all-actor,flrelu,0.1,Hopper-v4,1810541729.0425396,535300976.4243199,5,3267.002410784878,185.00543328445673,5,100.0,10000.0,1000000.0
TD3,2layers,all-actor,flrelu,0.1,Humanoid-v4,3578706863.715023,310161252.9406325,5,5032.528429227615,236.80739220782888,5,100.0,10000.0,1000000.0
TD3,2layers,all-actor,flrelu,0.1,Walker-Walk,833014107.1083037,98900849.7855555,5,953.0332764271228,24.480127647494324,5,100.0,10000.0,1000000.0
TD3,2layers,all-actor,flrelu,0.2,Ant-v4,2502223235.576051,303996330.9033132,5,3615.5342244947183,441.2887207854729,5,100.0,10000.0,1000000.0
TD3,2layers,all-actor,flrelu,0.2,Cartpole-Swingup,739609844.7101667,26342459.190374408,5,843.6165268301169,17.476221122551767,5,100.0,10000.0,1000000.0
TD3,2layers,all-actor,flrelu,0.2,Cheetah-Run,499013432.8275668,51223537.37402738,5,687.0055881741156,41.36641713964392,5,100.0,10000.0,1000000.0
TD3,2layers,all-actor,flrelu,0.2,Finger-Spin,772084000.0,37280947.781675294,5,920.6,44.35989179427741,5,100.0,10000.0,1000000.0
TD3,2layers,all-actor,flrelu,0.2,HalfCheetah-v4,3003548189.044716,2067491389.5562394,5,3908.84401856772,2717.613212865222,5,100.0,10000.0,1000000.0
TD3,2layers,all-actor,flrelu,0.2,Hopper-v4,2117296627.810096,471814942.0354932,5,3275.713748165885,176.45806069546128,5,100.0,10000.0,1000000.0
TD3,2layers,all-actor,flrelu,0.2,Humanoid-v4,3725674390.818846,232910858.94176492,5,5385.89137432893,358.06114554548526,5,100.0,10000.0,1000000.0
TD3,2layers,all-actor,flrelu,0.2,Walker-Walk,650773210.7213364,132694109.44198607,5,799.8918230951053,136.42251791906543,5,100.0,10000.0,1000000.0
TD3,2layers,all-actor,flrelu,0.3,Ant-v4,2390376034.468932,176335131.36296913,5,3673.515611831309,122.94471848725273,5,100.0,10000.0,1000000.0
TD3,2layers,all-actor,flrelu,0.3,Cartpole-Swingup,756494850.3603423,5583280.190699877,5,803.3083775049442,49.737548720756585,5,100.0,10000.0,1000000.0
TD3,2layers,all-actor,flrelu,0.3,Cheetah-Run,546585517.226093,60119423.96462907,5,736.6452500955631,37.95639716541265,5,100.0,10000.0,1000000.0
TD3,2layers,all-actor,flrelu,0.3,Finger-Spin,611261000.0,342091597.9748699,5,733.8,411.30061998494483,5,100.0,10000.0,1000000.0
TD3,2layers,all-actor,flrelu,0.3,HalfCheetah-v4,2760153898.9060717,1614646959.2783701,5,3640.494635541289,2293.952965531317,5,100.0,10000.0,1000000.0
TD3,2layers,all-actor,flrelu,0.3,Hopper-v4,1925013091.1561158,777629302.4663258,5,2825.660657670377,1064.9992001969983,5,100.0,10000.0,1000000.0
TD3,2layers,all-actor,flrelu,0.3,Humanoid-v4,3459474879.3468046,272326010.0747462,5,5389.539639674175,42.8512471159039,5,100.0,10000.0,1000000.0
TD3,2layers,all-actor,flrelu,0.3,Walker-Walk,815471422.1665065,29477383.39741852,5,942.7401913034925,28.2066123255302,5,100.0,10000.0,1000000.0
TD3,2layers,all-actor,flrelu,0.4,Ant-v4,2316980813.89433,558608476.9096907,5,3242.7763362702035,644.0138188061366,5,100.0,10000.0,1000000.0
TD3,2layers,all-actor,flrelu,0.4,Cartpole-Swingup,743004014.3602272,29618258.987098172,5,820.4352112497709,16.72880346446917,5,100.0,10000.0,1000000.0
TD3,2layers,all-actor,flrelu,0.4,Cheetah-Run,496553000.2300234,66877567.758564554,5,642.2546436895493,56.49875886100422,5,100.0,10000.0,1000000.0
TD3,2layers,all-actor,flrelu,0.4,Finger-Spin,746827000.0,74440001.47770014,5,902.6,96.53393185818135,5,100.0,10000.0,1000000.0
TD3,2layers,all-actor,flrelu,0.4,HalfCheetah-v4,2824436959.8454576,1597924973.8532157,5,3504.735325404152,1898.2082599860348,5,100.0,10000.0,1000000.0
TD3,2layers,all-actor,flrelu,0.4,Hopper-v4,1864566873.948679,867536970.7949635,5,2792.2703188826863,1089.5739168945413,5,100.0,10000.0,1000000.0
TD3,2layers,all-actor,flrelu,0.4,Humanoid-v4,3780715935.0110855,246710993.39684457,5,5317.1273144315,229.91657383868514,5,100.0,10000.0,1000000.0
TD3,2layers,all-actor,flrelu,0.4,Walker-Walk,688321472.6409374,75646008.87460527,5,851.373480700976,131.82271043719888,5,100.0,10000.0,1000000.0
TD3,2layers,all-actor,flrelu,0.5,Ant-v4,2414136739.7439647,150570196.26234046,5,3784.0292811286718,212.72265125900742,5,100.0,10000.0,1000000.0
TD3,2layers,all-actor,flrelu,0.5,Cartpole-Swingup,768612762.9665238,16728694.567961,5,845.3898804976182,6.291902874597557,5,100.0,10000.0,1000000.0
TD3,2layers,all-actor,flrelu,0.5,Cheetah-Run,488736890.9167608,61852997.86813946,5,675.607307718008,48.63403240840323,5,100.0,10000.0,1000000.0
TD3,2layers,all-actor,flrelu,0.5,Finger-Spin,754453000.0,48791333.45175145,5,905.8,28.464012366495357,5,100.0,10000.0,1000000.0
TD3,2layers,all-actor,flrelu,0.5,HalfCheetah-v4,2873765235.0481157,1998185664.6863964,5,3703.4188646150733,2660.3031747920077,5,100.0,10000.0,1000000.0
TD3,2layers,all-actor,flrelu,0.5,Hopper-v4,1637086587.7088761,628788351.0191618,5,2851.014846746465,895.6432118460748,5,100.0,10000.0,1000000.0
TD3,2layers,all-actor,flrelu,0.5,Humanoid-v4,3759248965.32473,179731247.6746143,5,5373.32274857366,271.2630874840493,5,100.0,10000.0,1000000.0
TD3,2layers,all-actor,flrelu,0.5,Walker-Walk,786354031.4605657,125652042.81151825,5,928.5061688551802,61.28497300723161,5,100.0,10000.0,1000000.0
TD3,2layers,all-actor,fprelu,0.1,Ant-v4,2369179827.6769667,241637897.34612325,5,2838.2318129584864,1664.0375742656674,5,100.0,10000.0,1000000.0
TD3,2layers,all-actor,fprelu,0.1,Cartpole-Swingup,734511410.5788052,59561757.86249263,5,784.0909555743448,88.06067724079996,5,100.0,10000.0,1000000.0
TD3,2layers,all-actor,fprelu,0.1,Cheetah-Run,470136881.349841,58848119.50837081,5,637.561775559607,62.02027140321991,5,100.0,10000.0,1000000.0
TD3,2layers,all-actor,fprelu,0.1,Finger-Spin,263141000.0,279989575.4845169,5,279.4,350.9982905941281,5,100.0,10000.0,1000000.0
TD3,2layers,all-actor,fprelu,0.1,HalfCheetah-v4,2793203578.918749,1732393642.0397735,5,3288.8912872511,1875.4637964167698,5,100.0,10000.0,1000000.0
TD3,2layers,all-actor,fprelu,0.1,Hopper-v4,2618842337.9766345,348730974.2976954,5,3408.826049331333,201.52735277304677,5,100.0,10000.0,1000000.0
TD3,2layers,all-actor,fprelu,0.1,Humanoid-v4,934808434.2722794,271599314.4719904,5,1552.839804861772,1171.4922927333544,5,100.0,10000.0,1000000.0
TD3,2layers,all-actor,fprelu,0.1,Walker-Walk,839913761.9143779,45259892.02774235,5,959.7696209776095,27.159918003184412,5,100.0,10000.0,1000000.0
TD3,2layers,all-actor,fprelu,0.2,Ant-v4,2337981054.628237,220137462.3259497,5,3387.2031047860373,369.18044225424853,5,100.0,10000.0,1000000.0
TD3,2layers,all-actor,fprelu,0.2,Cartpole-Swingup,751979597.1037443,39044303.04587711,5,837.4314644233398,30.15087282438379,5,100.0,10000.0,1000000.0
TD3,2layers,all-actor,fprelu,0.2,Cheetah-Run,504802078.43258274,61600334.88882146,5,686.5371254062744,109.44314714408594,5,100.0,10000.0,1000000.0
TD3,2layers,all-actor,fprelu,0.2,Finger-Spin,626044000.0,159493118.98950374,5,698.8,173.48256396537374,5,100.0,10000.0,1000000.0
TD3,2layers,all-actor,fprelu,0.2,HalfCheetah-v4,3611528704.1727843,1880704344.270691,5,4669.644054716666,2606.495723607874,5,100.0,10000.0,1000000.0
TD3,2layers,all-actor,fprelu,0.2,Hopper-v4,2397241391.3764105,236689337.80899408,5,3484.5559160201738,101.86756004324442,5,100.0,10000.0,1000000.0
TD3,2layers,all-actor,fprelu,0.2,Humanoid-v4,2967058775.1081934,465801699.920432,5,5077.298595810249,273.00021305610466,5,100.0,10000.0,1000000.0
TD3,2layers,all-actor,fprelu,0.2,Walker-Walk,762389695.1084793,168235325.19988224,5,894.4746664464367,138.99771792163224,5,100.0,10000.0,1000000.0
TD3,2layers,all-actor,fprelu,0.3,Ant-v4,2157562942.7609186,158597918.95215717,5,2305.2231009629295,1356.7136934636287,5,100.0,10000.0,1000000.0
TD3,2layers,all-actor,fprelu,0.3,Cartpole-Swingup,731470528.4936715,42069045.50012387,5,822.0995110877304,8.607616336256603,5,100.0,10000.0,1000000.0
TD3,2layers,all-actor,fprelu,0.3,Cheetah-Run,529795300.5268711,89400417.29158127,5,651.4202585810655,86.76535984895354,5,100.0,10000.0,1000000.0
TD3,2layers,all-actor,fprelu,0.3,Finger-Spin,585311000.0,125521013.54952486,5,747.0,93.71499346422641,5,100.0,10000.0,1000000.0
TD3,2layers,all-actor,fprelu,0.3,HalfCheetah-v4,3991378475.786372,1416248270.9904773,5,4927.499215483114,1922.4229137821023,5,100.0,10000.0,1000000.0
TD3,2layers,all-actor,fprelu,0.3,Hopper-v4,2353601354.051636,463196563.0084871,5,3415.6318608384345,139.0298270821038,5,100.0,10000.0,1000000.0
TD3,2layers,all-actor,fprelu,0.3,Humanoid-v4,3274888587.0912867,280833983.7978161,5,4680.021259096036,1516.4640680278817,5,100.0,10000.0,1000000.0
TD3,2layers,all-actor,fprelu,0.3,Walker-Walk,801668168.0337139,196041848.8202193,5,902.5563946636751,115.12919623160245,5,100.0,10000.0,1000000.0
TD3,2layers,all-actor,fprelu,0.4,Ant-v4,2096340013.6607406,366698985.1483888,5,3022.6079072259136,324.39406780418926,5,100.0,10000.0,1000000.0
TD3,2layers,all-actor,fprelu,0.4,Cartpole-Swingup,752210642.0304812,38129420.49356064,5,836.7655749027783,41.85768293629957,5,100.0,10000.0,1000000.0
TD3,2layers,all-actor,fprelu,0.4,Cheetah-Run,551015488.3224518,75273171.44051641,5,716.0403973574732,82.18219491773442,5,100.0,10000.0,1000000.0
TD3,2layers,all-actor,fprelu,0.4,Finger-Spin,645203000.0,109539945.43087924,5,768.2,107.91756112885429,5,100.0,10000.0,1000000.0
TD3,2layers,all-actor,fprelu,0.4,HalfCheetah-v4,2904546087.711608,1834374400.2499313,5,3873.848087536928,2518.838700785647,5,100.0,10000.0,1000000.0
TD3,2layers,all-actor,fprelu,0.4,Hopper-v4,2318509630.5442367,243975158.53729054,5,3032.5332022277944,1138.0269381832875,5,100.0,10000.0,1000000.0
TD3,2layers,all-actor,fprelu,0.4,Humanoid-v4,3632371024.699408,601861642.1585666,5,5273.633739133863,222.6380563981881,5,100.0,10000.0,1000000.0
TD3,2layers,all-actor,fprelu,0.4,Walker-Walk,835008705.2270725,88861231.93202235,5,966.3362768151101,13.342631072231098,5,100.0,10000.0,1000000.0
TD3,2layers,all-actor,fprelu,0.5,Ant-v4,2185301716.4619207,445423509.68902844,5,3348.877805894173,440.5808262031519,5,100.0,10000.0,1000000.0
TD3,2layers,all-actor,fprelu,0.5,Cartpole-Swingup,752914852.6837537,17882674.13576529,5,818.8508266352833,52.29967873435737,5,100.0,10000.0,1000000.0
TD3,2layers,all-actor,fprelu,0.5,Cheetah-Run,523522152.2128776,43841598.25454496,5,671.4677910298831,63.526645375831976,5,100.0,10000.0,1000000.0
TD3,2layers,all-actor,fprelu,0.5,Finger-Spin,706714000.0,55494204.0216814,5,884.0,3.7416573867739413,5,100.0,10000.0,1000000.0
TD3,2layers,all-actor,fprelu,0.5,HalfCheetah-v4,3418270026.5384073,1969765259.4241414,5,4387.108430696129,2477.8211251204516,5,100.0,10000.0,1000000.0
TD3,2layers,all-actor,fprelu,0.5,Hopper-v4,2490269215.532971,139020400.537533,5,3403.2277033438504,142.19244642435137,5,100.0,10000.0,1000000.0
TD3,2layers,all-actor,fprelu,0.5,Humanoid-v4,3368101384.1202292,389332390.19677377,5,5282.619518818789,360.77811560625906,5,100.0,10000.0,1000000.0
TD3,2layers,all-actor,fprelu,0.5,Walker-Walk,849920511.2816637,87827858.19431135,5,926.7600423539212,66.81542731016053,5,100.0,10000.0,1000000.0
TD3,2layers,all-actor,frelu,0.1,Ant-v4,2224021376.20135,217602310.18039575,5,3085.0882713741703,263.422854875248,5,100.0,10000.0,1000000.0
TD3,2layers,all-actor,frelu,0.1,Cartpole-Swingup,753383323.8651279,6972655.067886967,5,844.3903804392437,8.84598332694323,5,100.0,10000.0,1000000.0
TD3,2layers,all-actor,frelu,0.1,Cheetah-Run,540791812.0741136,65672851.716465436,5,707.1243421909037,87.87348083951825,5,100.0,10000.0,1000000.0
TD3,2layers,all-actor,frelu,0.1,Finger-Spin,685159000.0,68792930.54158981,5,871.0,40.25543441574069,5,100.0,10000.0,1000000.0
TD3,2layers,all-actor,frelu,0.1,HalfCheetah-v4,2795321388.0374045,1800308185.216584,5,3769.090608451677,2574.9385670997144,5,100.0,10000.0,1000000.0
TD3,2layers,all-actor,frelu,0.1,Hopper-v4,1738265667.7962475,796784230.5122486,5,2648.0797937933135,1473.7461765821704,5,100.0,10000.0,1000000.0
TD3,2layers,all-actor,frelu,0.1,Humanoid-v4,3238548061.6410203,926525070.269195,5,5382.717624692805,289.85223700696247,5,100.0,10000.0,1000000.0
TD3,2layers,all-actor,frelu,0.1,Walker-Walk,714837749.8951857,108287085.08848578,5,919.058116315198,56.52964164641404,5,100.0,10000.0,1000000.0
TD3,2layers,all-actor,frelu,0.2,Ant-v4,2410681055.5459347,290786009.7019657,5,3013.7302664410136,1433.7730507704034,5,100.0,10000.0,1000000.0
TD3,2layers,all-actor,frelu,0.2,Cartpole-Swingup,758242528.8753171,14386881.341626499,5,835.3085537540907,16.1666708380936,5,100.0,10000.0,1000000.0
TD3,2layers,all-actor,frelu,0.2,Cheetah-Run,507766944.209272,52457412.37396011,5,660.0179686320912,69.35669141346804,5,100.0,10000.0,1000000.0
TD3,2layers,all-actor,frelu,0.2,Finger-Spin,622114000.0,280878131.23310256,5,879.6,45.39603506915554,5,100.0,10000.0,1000000.0
TD3,2layers,all-actor,frelu,0.2,HalfCheetah-v4,3566895454.1243653,1821954013.3064709,5,4631.586075955574,2470.739871851272,5,100.0,10000.0,1000000.0
TD3,2layers,all-actor,frelu,0.2,Hopper-v4,2208476543.3443155,361550340.3302394,5,3097.5313159602356,590.0206051072116,5,100.0,10000.0,1000000.0
TD3,2layers,all-actor,frelu,0.2,Humanoid-v4,3638430819.4640245,191387466.1308612,5,5333.596554908327,207.3392000276563,5,100.0,10000.0,1000000.0
TD3,2layers,all-actor,frelu,0.2,Walker-Walk,732481901.0301263,157057142.31961408,5,773.1797935690602,329.47412084153143,5,100.0,10000.0,1000000.0
TD3,2layers,all-actor,frelu,0.3,Ant-v4,2241826953.845141,311707138.2713177,5,3265.981733467333,223.1923989659102,5,100.0,10000.0,1000000.0
TD3,2layers,all-actor,frelu,0.3,Cartpole-Swingup,718455953.5817603,78323115.91349493,5,800.6796572790024,50.522558906624624,5,100.0,10000.0,1000000.0
TD3,2layers,all-actor,frelu,0.3,Cheetah-Run,523307176.3881725,51990494.05542614,5,674.6704565544876,61.09692547587093,5,100.0,10000.0,1000000.0
TD3,2layers,all-actor,frelu,0.3,Finger-Spin,767196000.0,40785301.02867943,5,941.2,34.831020656879986,5,100.0,10000.0,1000000.0
TD3,2layers,all-actor,frelu,0.3,HalfCheetah-v4,3015995664.1574993,2043265001.6417634,5,3993.385320300372,2939.248487989706,5,100.0,10000.0,1000000.0
TD3,2layers,all-actor,frelu,0.3,Hopper-v4,1940610177.7423184,452725163.97498715,5,3013.5739224685153,443.4516626908377,5,100.0,10000.0,1000000.0
TD3,2layers,all-actor,frelu,0.3,Humanoid-v4,3610580704.6382003,321751484.75837684,5,5331.40604481443,389.78357379575834,5,100.0,10000.0,1000000.0
TD3,2layers,all-actor,frelu,0.3,Walker-Walk,822455099.2021663,101263049.80314103,5,914.5113024440601,104.72327416511351,5,100.0,10000.0,1000000.0
TD3,2layers,all-actor,frelu,0.4,Ant-v4,2185652130.7674994,310111209.64321965,5,2238.1069946282305,2841.4641726840023,5,100.0,10000.0,1000000.0
TD3,2layers,all-actor,frelu,0.4,Cartpole-Swingup,769698489.7235832,15133625.711468056,5,842.1144139179078,15.14561446098307,5,100.0,10000.0,1000000.0
TD3,2layers,all-actor,frelu,0.4,Cheetah-Run,538672632.2283242,56387600.199795745,5,735.5021253946782,91.34566655548392,5,100.0,10000.0,1000000.0
TD3,2layers,all-actor,frelu,0.4,Finger-Spin,622973000.0,348263695.55984443,5,751.8,421.4726562898239,5,100.0,10000.0,1000000.0
TD3,2layers,all-actor,frelu,0.4,HalfCheetah-v4,3057243613.2675247,2051699216.2166224,5,3809.1135556782588,2509.392864657006,5,100.0,10000.0,1000000.0
TD3,2layers,all-actor,frelu,0.4,Hopper-v4,1643152261.3252854,610593011.4849793,5,3258.099063498822,173.94173891251793,5,100.0,10000.0,1000000.0
TD3,2layers,all-actor,frelu,0.4,Humanoid-v4,3723761137.1566443,389061600.06905246,5,5409.7440431550585,279.7538567153444,5,100.0,10000.0,1000000.0
TD3,2layers,all-actor,frelu,0.4,Walker-Walk,787527663.6643103,68873752.62055533,5,939.6897722235302,31.175490154710673,5,100.0,10000.0,1000000.0
TD3,2layers,all-actor,frelu,0.5,Ant-v4,2189230732.9355817,274399396.586352,5,2958.803347328201,1117.0007633175778,5,100.0,10000.0,1000000.0
TD3,2layers,all-actor,frelu,0.5,Cartpole-Swingup,747038430.7423618,17907553.4456902,5,829.1866309740711,26.54442409611556,5,100.0,10000.0,1000000.0
TD3,2layers,all-actor,frelu,0.5,Cheetah-Run,538423001.5896552,27450436.958174195,5,727.5171062551293,64.5299238581481,5,100.0,10000.0,1000000.0
TD3,2layers,all-actor,frelu,0.5,Finger-Spin,747992000.0,26704351.845719837,5,892.4,23.901882771028724,5,100.0,10000.0,1000000.0
TD3,2layers,all-actor,frelu,0.5,HalfCheetah-v4,2549691537.9198804,1562570676.3388562,5,3691.5389218353785,2419.808306174723,5,100.0,10000.0,1000000.0
TD3,2layers,all-actor,frelu,0.5,Hopper-v4,2476184389.31331,451582406.27646744,5,3340.739587350426,158.3516608370605,5,100.0,10000.0,1000000.0
TD3,2layers,all-actor,frelu,0.5,Humanoid-v4,3479271162.931878,553441832.3827088,5,5527.919718002026,326.6422209449745,5,100.0,10000.0,1000000.0
TD3,2layers,all-actor,frelu,0.5,Walker-Walk,712650054.9303237,193574922.54841983,5,836.8164710985609,201.52102201804252,5,100.0,10000.0,1000000.0
TD3,2layers,all-actor,fswish,0.1,Ant-v4,2260049852.1089554,409323719.7738873,5,2838.05234375,966.820306442756,5,100.0,10000.0,1000000.0
TD3,2layers,all-actor,fswish,0.1,Cartpole-Swingup,770709251.5330576,8126020.5335235335,5,836.3652709960937,21.681546451093297,5,100.0,10000.0,1000000.0
TD3,2layers,all-actor,fswish,0.1,Cheetah-Run,488188632.9898834,62354602.49714915,5,637.2675170898438,98.14931775904344,5,100.0,10000.0,1000000.0
TD3,2layers,all-actor,fswish,0.1,Finger-Spin,690131000.0,130817539.31526153,5,889.0,32.45766473423496,5,100.0,10000.0,1000000.0
TD3,2layers,all-actor,fswish,0.1,HalfCheetah-v4,4350439150.969505,2662971388.485797,5,5954.130102539062,3818.478547890309,5,100.0,10000.0,1000000.0
TD3,2layers,all-actor,fswish,0.1,Hopper-v4,1626620232.011795,577936892.2124873,5,2694.041943359375,961.4333211921326,5,100.0,10000.0,1000000.0
TD3,2layers,all-actor,fswish,0.1,Humanoid-v4,3366837676.361084,508554657.8158566,5,5321.5841796875,269.43381534438157,5,100.0,10000.0,1000000.0
TD3,2layers,all-actor,fswish,0.1,Walker-Walk,759787607.9511642,119073172.31206621,5,897.61591796875,112.48783058997451,5,100.0,10000.0,1000000.0
TD3,2layers,all-actor,fswish,0.2,Ant-v4,2424739168.273926,371350802.5124173,5,3491.515625,422.63864547221215,5,100.0,10000.0,1000000.0
TD3,2layers,all-actor,fswish,0.2,Cartpole-Swingup,742125924.2609739,29740428.419101678,5,803.9616821289062,49.63597257614592,5,100.0,10000.0,1000000.0
TD3,2layers,all-actor,fswish,0.2,Cheetah-Run,513968705.8773041,81641474.80463935,5,680.5836120605469,139.25212131664483,5,100.0,10000.0,1000000.0
TD3,2layers,all-actor,fswish,0.2,Finger-Spin,730122000.0,39437068.31776418,5,914.0,24.217762076624677,5,100.0,10000.0,1000000.0
TD3,2layers,all-actor,fswish,0.2,HalfCheetah-v4,3103637983.016968,2089956785.6846986,5,4520.593188476562,3340.939459799884,5,100.0,10000.0,1000000.0
TD3,2layers,all-actor,fswish,0.2,Hopper-v4,1783564066.2078857,755631910.2674311,5,2359.236926269531,1170.126727203112,5,100.0,10000.0,1000000.0
TD3,2layers,all-actor,fswish,0.2,Humanoid-v4,3310305894.454956,433843694.8070482,5,5464.508203125,259.8538924171864,5,100.0,10000.0,1000000.0
TD3,2layers,all-actor,fswish,0.2,Walker-Walk,747299448.2402802,164352225.94027016,5,888.7635131835938,95.93576850854251,5,100.0,10000.0,1000000.0
TD3,2layers,all-actor,fswish,0.3,Ant-v4,2470281812.0298386,522161001.6983161,5,3619.90107421875,547.948760438506,5,100.0,10000.0,1000000.0
TD3,2layers,all-actor,fswish,0.3,Cartpole-Swingup,760998146.774292,24003298.108193073,5,830.5236083984375,32.54495524718532,5,100.0,10000.0,1000000.0
TD3,2layers,all-actor,fswish,0.3,Cheetah-Run,528915490.8871948,52374555.52043701,5,674.8035034179687,52.21826102671969,5,100.0,10000.0,1000000.0
TD3,2layers,all-actor,fswish,0.3,Finger-Spin,644549000.0,280150711.16722155,5,876.8,141.9179340323132,5,100.0,10000.0,1000000.0
TD3,2layers,all-actor,fswish,0.3,HalfCheetah-v4,3608118582.7789307,1787687611.565158,5,4799.410913085938,2619.452805625574,5,100.0,10000.0,1000000.0
TD3,2layers,all-actor,fswish,0.3,Hopper-v4,2185485587.173462,234949485.61089593,5,3371.5072265625,143.9529325383534,5,100.0,10000.0,1000000.0
TD3,2layers,all-actor,fswish,0.3,Humanoid-v4,3503251504.798889,508421932.0642484,5,5390.69248046875,404.31485467405844,5,100.0,10000.0,1000000.0
TD3,2layers,all-actor,fswish,0.3,Walker-Walk,813200832.107544,90384023.13641062,5,931.417041015625,66.61640653462541,5,100.0,10000.0,1000000.0
TD3,2layers,all-actor,fswish,0.4,Ant-v4,2117301871.4904785,167731083.90412644,5,3064.302490234375,547.4633530463645,5,100.0,10000.0,1000000.0
TD3,2layers,all-actor,fswish,0.4,Cartpole-Swingup,759460511.2457275,22250286.894089956,5,813.2524169921875,60.573787747462475,5,100.0,10000.0,1000000.0
TD3,2layers,all-actor,fswish,0.4,Cheetah-Run,529213891.10958576,49558472.3049629,5,720.425830078125,74.02622912906986,5,100.0,10000.0,1000000.0
TD3,2layers,all-actor,fswish,0.4,Finger-Spin,725771000.0,62678401.42345688,5,910.2,26.32869157402242,5,100.0,10000.0,1000000.0
TD3,2layers,all-actor,fswish,0.4,HalfCheetah-v4,2308329674.4995117,1666041341.9913702,5,3060.5454345703124,2471.80408058075,5,100.0,10000.0,1000000.0
TD3,2layers,all-actor,fswish,0.4,Hopper-v4,1964700069.7479248,744633760.8969887,5,1990.1281494140626,1209.8997098881357,5,100.0,10000.0,1000000.0
TD3,2layers,all-actor,fswish,0.4,Humanoid-v4,3547598014.907837,378204241.13508934,5,5305.17578125,243.63728035504013,5,100.0,10000.0,1000000.0
TD3,2layers,all-actor,fswish,0.4,Walker-Walk,808822540.7180786,82591978.77859399,5,924.5644653320312,61.0248914018992,5,100.0,10000.0,1000000.0
TD3,2layers,all-actor,fswish,0.5,Ant-v4,2291683942.768097,192802037.97284523,5,3304.744580078125,304.9309270604626,5,100.0,10000.0,1000000.0
TD3,2layers,all-actor,fswish,0.5,Cartpole-Swingup,758829315.1855469,21621653.343601316,5,856.1482421875,5.67439386176901,5,100.0,10000.0,1000000.0
TD3,2layers,all-actor,fswish,0.5,Cheetah-Run,464277407.3193073,57951805.90461058,5,657.4432495117187,63.66902829890976,5,100.0,10000.0,1000000.0
TD3,2layers,all-actor,fswish,0.5,Finger-Spin,555014000.0,323990906.72810555,5,677.2,388.14520478810505,5,100.0,10000.0,1000000.0
TD3,2layers,all-actor,fswish,0.5,HalfCheetah-v4,3020303289.545059,2122559649.7459319,5,4154.617822265625,3227.4211718985534,5,100.0,10000.0,1000000.0
TD3,2layers,all-actor,fswish,0.5,Hopper-v4,1889232281.5055847,904683477.0847552,5,2756.2290893554687,1331.8868870422843,5,100.0,10000.0,1000000.0
TD3,2layers,all-actor,fswish,0.5,Humanoid-v4,3548433528.114319,386282457.66913617,5,5197.53291015625,377.5711632854734,5,100.0,10000.0,1000000.0
TD3,2layers,all-actor,fswish,0.5,Walker-Walk,773237658.8001251,79275147.1360673,5,889.00166015625,76.28165347090959,5,100.0,10000.0,1000000.0
TD3,2layers,all-actor,gelu,NA,Ant-v4,2545945685.498953,88849035.15809305,5,3713.517822265625,123.86500907890333,5,100.0,10000.0,1000000.0
TD3,2layers,all-actor,gelu,NA,Cartpole-Swingup,764237588.7298584,19449554.02860356,5,830.84306640625,12.349064941915112,5,100.0,10000.0,1000000.0
TD3,2layers,all-actor,gelu,NA,Cheetah-Run,538513893.579483,51210051.217808455,5,695.5202392578125,81.83071235584906,5,100.0,10000.0,1000000.0
TD3,2layers,all-actor,gelu,NA,Finger-Spin,787050000.0,49336090.36496508,5,910.0,15.182226450688976,5,100.0,10000.0,1000000.0
TD3,2layers,all-actor,gelu,NA,HalfCheetah-v4,2414502022.3960876,1886726949.2391968,5,3175.16171875,2681.784478113138,5,100.0,10000.0,1000000.0
TD3,2layers,all-actor,gelu,NA,Hopper-v4,2055256484.1918945,489907249.2339379,5,3360.732373046875,107.46292540305852,5,100.0,10000.0,1000000.0
TD3,2layers,all-actor,gelu,NA,Humanoid-v4,3258920986.595154,285129905.89376265,5,4938.15537109375,361.38786501408015,5,100.0,10000.0,1000000.0
TD3,2layers,all-actor,gelu,NA,Walker-Walk,854425736.0725403,43071869.9932293,5,933.154833984375,59.67270246591837,5,100.0,10000.0,1000000.0
TD3,2layers,all-actor,lrelu,NA,Ant-v4,2181557880.2690506,218544525.2849771,5,2982.62880859375,328.3906516943309,5,100.0,10000.0,1000000.0
TD3,2layers,all-actor,lrelu,NA,Cartpole-Swingup,723102452.2476196,35918413.979268774,5,830.2540649414062,27.574264785910827,5,100.0,10000.0,1000000.0
TD3,2layers,all-actor,lrelu,NA,Cheetah-Run,413416203.86242867,109332314.35792296,5,547.6393981933594,131.13240653345417,5,100.0,10000.0,1000000.0
TD3,2layers,all-actor,lrelu,NA,Finger-Spin,685866000.0,38359548.09431414,5,861.6,27.960686686846593,5,100.0,10000.0,1000000.0
TD3,2layers,all-actor,lrelu,NA,HalfCheetah-v4,3373661201.6744614,1671848176.002035,5,4568.95400390625,2464.4429926382386,5,100.0,10000.0,1000000.0
TD3,2layers,all-actor,lrelu,NA,Hopper-v4,1343386893.9156532,823756813.2249583,5,2270.483575439453,1498.0888133094284,5,100.0,10000.0,1000000.0
TD3,2layers,all-actor,lrelu,NA,Humanoid-v4,2866138681.1676025,1257954570.267766,5,4580.850354003906,2041.2147589481522,5,100.0,10000.0,1000000.0
TD3,2layers,all-actor,lrelu,NA,Walker-Walk,654381486.4416122,137407294.67074233,5,765.2947143554687,300.04269602056183,5,100.0,10000.0,1000000.0
TD3,2layers,all-actor,prelu,NA,Ant-v4,2266815362.7929688,384755568.8149465,5,2704.2397277832033,1314.3058996819598,5,100.0,10000.0,1000000.0
TD3,2layers,all-actor,prelu,NA,Cartpole-Swingup,722590679.3518066,19782808.974194553,5,813.0780151367187,37.28637152486221,5,100.0,10000.0,1000000.0
TD3,2layers,all-actor,prelu,NA,Cheetah-Run,443609562.4239445,88952774.45207904,5,604.2023864746094,107.83383504968076,5,100.0,10000.0,1000000.0
TD3,2layers,all-actor,prelu,NA,Finger-Spin,684490000.0,94381313.2325462,5,843.2,23.188359148503817,5,100.0,10000.0,1000000.0
TD3,2layers,all-actor,prelu,NA,HalfCheetah-v4,2985607395.7948685,2113333503.1396117,5,3951.8166259765626,2925.057722696597,5,100.0,10000.0,1000000.0
TD3,2layers,all-actor,prelu,NA,Hopper-v4,1681323933.6929321,906470247.3028015,5,2667.901416015625,1353.053974003215,5,100.0,10000.0,1000000.0
TD3,2layers,all-actor,prelu,NA,Humanoid-v4,3678366198.7686157,335123381.4813551,5,5433.69453125,338.3163943688666,5,100.0,10000.0,1000000.0
TD3,2layers,all-actor,prelu,NA,Walker-Walk,681976906.1317444,116050598.12947167,5,918.67109375,54.55082795803884,5,100.0,10000.0,1000000.0
TD3,2layers,all-actor,swish,NA,Ant-v4,2424596524.5513916,186262129.9084957,5,3443.6599609375,261.2892338427203,5,100.0,10000.0,1000000.0
TD3,2layers,all-actor,swish,NA,Cartpole-Swingup,751344390.1367188,19811066.565735336,5,779.8299682617187,170.3011646801569,5,100.0,10000.0,1000000.0
TD3,2layers,all-actor,swish,NA,Cheetah-Run,530998874.43208694,49108223.27211976,5,712.13271484375,82.56055126524528,5,100.0,10000.0,1000000.0
TD3,2layers,all-actor,swish,NA,Finger-Spin,733809000.0,75216975.26157242,5,926.2,32.66037354348538,5,100.0,10000.0,1000000.0
TD3,2layers,all-actor,swish,NA,HalfCheetah-v4,3004450617.0520782,2044505628.9110875,5,4168.36201171875,3093.4400235920434,5,100.0,10000.0,1000000.0
TD3,2layers,all-actor,swish,NA,Hopper-v4,2048519930.94635,819583229.1305196,5,2866.421740722656,1093.4238585835315,5,100.0,10000.0,1000000.0
TD3,2layers,all-actor,swish,NA,Humanoid-v4,3565788797.0962524,333749056.1082285,5,5372.56328125,276.8488986671079,5,100.0,10000.0,1000000.0
TD3,2layers,all-actor,swish,NA,Walker-Walk,769386748.8822937,73578780.36243989,5,932.35107421875,50.23343861329723,5,100.0,10000.0,1000000.0
TD3,2layers,all-both,fgelu,0.1,Ant-v4,2358972641.2506104,328175621.8843648,5,3514.511181640625,425.7327172950082,5,100.0,10000.0,1000000.0
TD3,2layers,all-both,fgelu,0.1,Cartpole-Swingup,772481776.5487432,10680692.425097493,5,793.5329711914062,73.66017168551078,5,100.0,10000.0,1000000.0
TD3,2layers,all-both,fgelu,0.1,Cheetah-Run,476750863.0781174,73057373.4341291,5,607.8634460449218,116.52253841281549,5,100.0,10000.0,1000000.0
TD3,2layers,all-both,fgelu,0.1,Finger-Spin,837836000.0,44604852.93104328,5,948.6,29.432974705251922,5,100.0,10000.0,1000000.0
TD3,2layers,all-both,fgelu,0.1,HalfCheetah-v4,3411268260.30159,2491751819.566442,5,4468.195654296875,3350.819054601563,5,100.0,10000.0,1000000.0
TD3,2layers,all-both,fgelu,0.1,Hopper-v4,2066188963.1118774,803137619.483909,5,2868.2328125,916.7750983026887,5,100.0,10000.0,1000000.0
TD3,2layers,all-both,fgelu,0.1,Humanoid-v4,3424688279.296875,391268409.9751284,5,5111.15087890625,190.6918825032275,5,100.0,10000.0,1000000.0
TD3,2layers,all-both,fgelu,0.1,Walker-Walk,730190137.178421,155625358.48822972,5,825.4697387695312,114.31046901789817,5,100.0,10000.0,1000000.0
TD3,2layers,all-both,fgelu,0.2,Ant-v4,2233264540.193081,273320597.16502714,5,3346.958935546875,419.0376529169348,5,100.0,10000.0,1000000.0
TD3,2layers,all-both,fgelu,0.2,Cartpole-Swingup,772291783.3609908,19341377.98336399,5,838.4044921875,32.983253912772135,5,100.0,10000.0,1000000.0
TD3,2layers,all-both,fgelu,0.2,Cheetah-Run,485854076.259017,60059823.44510275,5,637.7336975097656,105.32904196090743,5,100.0,10000.0,1000000.0
TD3,2layers,all-both,fgelu,0.2,Finger-Spin,806811000.0,43036921.85205627,5,923.0,34.32928778754374,5,100.0,10000.0,1000000.0
TD3,2layers,all-both,fgelu,0.2,HalfCheetah-v4,3198791951.0993958,2082787308.6024384,5,4082.8220703125,2764.8188900656173,5,100.0,10000.0,1000000.0
TD3,2layers,all-both,fgelu,0.2,Hopper-v4,2483214165.4663086,435477835.35507834,5,3357.379248046875,171.2652165650693,5,100.0,10000.0,1000000.0
TD3,2layers,all-both,fgelu,0.2,Humanoid-v4,3876549041.7175293,97910526.61716665,5,5031.379296875,112.86862137261872,5,100.0,10000.0,1000000.0
TD3,2layers,all-both,fgelu,0.2,Walker-Walk,835540454.788208,73668924.4065828,5,930.5003662109375,84.46422282580912,5,100.0,10000.0,1000000.0
TD3,2layers,all-both,fgelu,0.3,Ant-v4,2437353864.5442724,134902490.1636912,5,3576.2580078125,471.0334704170123,5,100.0,10000.0,1000000.0
TD3,2layers,all-both,fgelu,0.3,Cartpole-Swingup,756221792.3736572,22011188.97133772,5,833.5742065429688,14.356657549518813,5,100.0,10000.0,1000000.0
TD3,2layers,all-both,fgelu,0.3,Cheetah-Run,519982621.6545105,53100899.88257291,5,646.44921875,62.82912616135441,5,100.0,10000.0,1000000.0
TD3,2layers,all-both,fgelu,0.3,Finger-Spin,812909000.0,20798809.280821826,5,926.0,23.484037131634757,5,100.0,10000.0,1000000.0
TD3,2layers,all-both,fgelu,0.3,HalfCheetah-v4,2730932369.796753,2385352920.453079,5,3489.87431640625,3176.2876577335223,5,100.0,10000.0,1000000.0
TD3,2layers,all-both,fgelu,0.3,Hopper-v4,1928170599.647522,842531740.3377395,5,2529.9149169921875,1217.9102808410944,5,100.0,10000.0,1000000.0
TD3,2layers,all-both,fgelu,0.3,Humanoid-v4,3044348584.8884583,1241248579.3253238,5,4351.663110351563,1767.5434916525708,5,100.0,10000.0,1000000.0
TD3,2layers,all-both,fgelu,0.3,Walker-Walk,726710396.4157104,170589623.64158982,5,849.75400390625,120.32005085193265,5,100.0,10000.0,1000000.0
TD3,2layers,all-both,fgelu,0.4,Ant-v4,2403175193.7761307,393337661.48081523,5,3265.950341796875,920.0577915267205,5,100.0,10000.0,1000000.0
TD3,2layers,all-both,fgelu,0.4,Cartpole-Swingup,771390204.9713135,25791589.525748722,5,820.6012939453125,72.19337176096894,5,100.0,10000.0,1000000.0
TD3,2layers,all-both,fgelu,0.4,Cheetah-Run,498538187.9117489,65605891.59161623,5,631.4533081054688,77.33302187087618,5,100.0,10000.0,1000000.0
TD3,2layers,all-both,fgelu,0.4,Finger-Spin,800585000.0,25113205.44056452,5,907.2,29.29505077653902,5,100.0,10000.0,1000000.0
TD3,2layers,all-both,fgelu,0.4,HalfCheetah-v4,2456414067.0137405,1688181199.1505191,5,3092.997119140625,2241.6967800841144,5,100.0,10000.0,1000000.0
TD3,2layers,all-both,fgelu,0.4,Hopper-v4,2493658289.6022797,275882499.0930084,5,3492.93564453125,52.86484769787635,5,100.0,10000.0,1000000.0
TD3,2layers,all-both,fgelu,0.4,Humanoid-v4,3671344196.6552734,375639733.2762937,5,5258.71953125,130.44272577494957,5,100.0,10000.0,1000000.0
TD3,2layers,all-both,fgelu,0.4,Walker-Walk,763755167.5224304,95866050.13700005,5,897.1449096679687,132.63720918477796,5,100.0,10000.0,1000000.0
TD3,2layers,all-both,fgelu,0.5,Ant-v4,2375803807.3186874,285538614.342223,5,3662.869482421875,484.12199229040647,5,100.0,10000.0,1000000.0
TD3,2layers,all-both,fgelu,0.5,Cartpole-Swingup,760162505.1269531,17612129.062855713,5,805.2557495117187,16.07570850393675,5,100.0,10000.0,1000000.0
TD3,2layers,all-both,fgelu,0.5,Cheetah-Run,479698478.69348526,73230471.67736621,5,622.3392761230468,110.37096987261019,5,100.0,10000.0,1000000.0
TD3,2layers,all-both,fgelu,0.5,Finger-Spin,768475000.0,60280882.7490109,5,898.4,56.59770313360781,5,100.0,10000.0,1000000.0
TD3,2layers,all-both,fgelu,0.5,HalfCheetah-v4,2237224482.2921753,1670911769.9449544,5,3050.7726806640626,2211.5268211306357,5,100.0,10000.0,1000000.0
TD3,2layers,all-both,fgelu,0.5,Hopper-v4,2130481781.1203003,228088455.45391247,5,2855.70732421875,1001.1243582358682,5,100.0,10000.0,1000000.0
TD3,2layers,all-both,fgelu,0.5,Humanoid-v4,3254005988.3270264,880239234.9049994,5,4818.74140625,955.037266014563,5,100.0,10000.0,1000000.0
TD3,2layers,all-both,fgelu,0.5,Walker-Walk,705070841.4840698,89770712.38939725,5,836.5991943359375,115.87833236159217,5,100.0,10000.0,1000000.0
TD3,2layers,all-both,flrelu,0.1,Ant-v4,2517319375.712259,470556870.602074,5,4026.20432697387,932.4989444928226,5,100.0,10000.0,1000000.0
TD3,2layers,all-both,flrelu,0.1,Cartpole-Swingup,744926032.4583919,32463647.21740658,5,813.4035895902877,35.15189541011688,5,100.0,10000.0,1000000.0
TD3,2layers,all-both,flrelu,0.1,Cheetah-Run,481260877.4057598,31893209.3593944,5,627.6618434260961,114.17383548517397,5,100.0,10000.0,1000000.0
TD3,2layers,all-both,flrelu,0.1,Finger-Spin,762104000.0,53240905.960548796,5,897.8,44.24025316383261,5,100.0,10000.0,1000000.0
TD3,2layers,all-both,flrelu,0.1,HalfCheetah-v4,2333882472.947753,1978816340.5976098,5,3106.311080887415,2764.1355433229564,5,100.0,10000.0,1000000.0
TD3,2layers,all-both,flrelu,0.1,Hopper-v4,1811272510.1667824,761721597.9656657,5,3254.089689479537,322.4841841186762,5,100.0,10000.0,1000000.0
TD3,2layers,all-both,flrelu,0.1,Humanoid-v4,3627405575.303108,457046657.9997607,5,5256.258783822294,130.99035036542045,5,100.0,10000.0,1000000.0
TD3,2layers,all-both,flrelu,0.1,Walker-Walk,757412382.36435,111772743.87772834,5,903.0442128268475,88.33764274911361,5,100.0,10000.0,1000000.0
TD3,2layers,all-both,flrelu,0.2,Ant-v4,2478236162.5695605,266142434.77198172,5,3815.5035577496774,426.79480469321317,5,100.0,10000.0,1000000.0
TD3,2layers,all-both,flrelu,0.2,Cartpole-Swingup,723788518.8758643,25005168.785234112,5,825.4514619561353,33.22471538913496,5,100.0,10000.0,1000000.0
TD3,2layers,all-both,flrelu,0.2,Cheetah-Run,510413333.4998247,39551163.14277954,5,683.7335545474218,41.93820505004912,5,100.0,10000.0,1000000.0
TD3,2layers,all-both,flrelu,0.2,Finger-Spin,729820000.0,40755510.67033757,5,910.0,21.587033144922902,5,100.0,10000.0,1000000.0
TD3,2layers,all-both,flrelu,0.2,HalfCheetah-v4,1988365289.3030407,1028424011.2539086,5,2418.789505928532,1665.2400201743574,5,100.0,10000.0,1000000.0
TD3,2layers,all-both,flrelu,0.2,Hopper-v4,1922910282.0311966,305361607.21801823,5,3241.3929130437036,149.27772160684586,5,100.0,10000.0,1000000.0
TD3,2layers,all-both,flrelu,0.2,Humanoid-v4,3272837185.9588475,508668127.94222045,5,4765.187315286223,1998.2175772399137,5,100.0,10000.0,1000000.0
TD3,2layers,all-both,flrelu,0.2,Walker-Walk,798347808.2689463,62294235.09131625,5,937.2126062901094,35.3347041587773,5,100.0,10000.0,1000000.0
TD3,2layers,all-both,flrelu,0.3,Ant-v4,1886145032.4855068,313368161.5557709,5,3123.88031498537,538.9696662159001,5,100.0,10000.0,1000000.0
TD3,2layers,all-both,flrelu,0.3,Cartpole-Swingup,765635629.0329,17915007.619320706,5,824.0825540175007,25.943975174282016,5,100.0,10000.0,1000000.0
TD3,2layers,all-both,flrelu,0.3,Cheetah-Run,482495861.95558864,38507882.58651905,5,646.2916787406009,24.017293677741076,5,100.0,10000.0,1000000.0
TD3,2layers,all-both,flrelu,0.3,Finger-Spin,411929000.0,364799733.3709278,5,582.6,370.11525232013884,5,100.0,10000.0,1000000.0
TD3,2layers,all-both,flrelu,0.3,HalfCheetah-v4,3070547463.124831,1588526644.457811,5,3783.5106390608516,1972.1350719719653,5,100.0,10000.0,1000000.0
TD3,2layers,all-both,flrelu,0.3,Hopper-v4,1701765464.1874714,178509735.2782153,5,2961.109339570917,875.9535329746421,5,100.0,10000.0,1000000.0
TD3,2layers,all-both,flrelu,0.3,Humanoid-v4,3202271684.493128,496703345.13193923,5,5417.690384130305,500.05739173817983,5,100.0,10000.0,1000000.0
TD3,2layers,all-both,flrelu,0.3,Walker-Walk,755671959.8879522,100362118.76566051,5,947.0134983887625,28.852916785376475,5,100.0,10000.0,1000000.0
TD3,2layers,all-both,flrelu,0.4,Ant-v4,1045859967.2392317,121641177.93302007,5,1737.5038397108958,487.8284226636794,5,100.0,10000.0,1000000.0
TD3,2layers,all-both,flrelu,0.4,Cartpole-Swingup,754146047.1660337,17417663.674635783,5,830.2417875604053,19.815909162798558,5,100.0,10000.0,1000000.0
TD3,2layers,all-both,flrelu,0.4,Cheetah-Run,459405441.1778364,52517049.0568883,5,609.093056269917,71.73222896014353,5,100.0,10000.0,1000000.0
TD3,2layers,all-both,flrelu,0.4,Finger-Spin,582376000.0,226798662.73305053,5,857.6,73.5003401352674,5,100.0,10000.0,1000000.0
TD3,2layers,all-both,flrelu,0.4,HalfCheetah-v4,1666669001.3396344,1092672557.0315454,5,2262.800178969058,1616.2662168911804,5,100.0,10000.0,1000000.0
TD3,2layers,all-both,flrelu,0.4,Hopper-v4,1889034515.4261863,530672146.89896786,5,3248.9220145133995,184.7232869866199,5,100.0,10000.0,1000000.0
TD3,2layers,all-both,flrelu,0.4,Humanoid-v4,3054363241.7689295,854078284.5505687,5,4991.44884351098,267.7955148055238,5,100.0,10000.0,1000000.0
TD3,2layers,all-both,flrelu,0.4,Walker-Walk,726242262.7325537,187612049.36097696,5,898.8937512792405,116.27909403123418,5,100.0,10000.0,1000000.0
TD3,2layers,all-both,flrelu,0.5,Ant-v4,827134753.2711458,383613427.5265162,5,1401.4801721902109,595.655553015776,5,100.0,10000.0,1000000.0
TD3,2layers,all-both,flrelu,0.5,Cartpole-Swingup,753938614.9709098,25376297.00187323,5,831.1656271863691,29.40311266021791,5,100.0,10000.0,1000000.0
TD3,2layers,all-both,flrelu,0.5,Cheetah-Run,438262595.350035,63844932.34092174,5,622.6752838418395,90.02460716680957,5,100.0,10000.0,1000000.0
TD3,2layers,all-both,flrelu,0.5,Finger-Spin,438196000.0,248747875.2773579,5,556.0,308.82357422968863,5,100.0,10000.0,1000000.0
TD3,2layers,all-both,flrelu,0.5,HalfCheetah-v4,3013979496.79475,1795255164.514053,5,3756.0218468684443,2154.948163516785,5,100.0,10000.0,1000000.0
TD3,2layers,all-both,flrelu,0.5,Hopper-v4,1788100425.1453185,143120566.13556194,5,3262.1100419891127,88.22076228466217,5,100.0,10000.0,1000000.0
TD3,2layers,all-both,flrelu,0.5,Humanoid-v4,2280300196.117326,1031929837.4318413,5,4244.484431228126,1982.8941527195268,5,100.0,10000.0,1000000.0
TD3,2layers,all-both,flrelu,0.5,Walker-Walk,609423709.0483439,178492760.50091803,5,899.6739809875378,90.02309938207753,5,100.0,10000.0,1000000.0
TD3,2layers,all-both,fprelu,0.1,Ant-v4,2644197447.5735655,655578557.7242028,5,4008.9263335474852,852.6476687436751,5,100.0,10000.0,1000000.0
TD3,2layers,all-both,fprelu,0.1,Cartpole-Swingup,743221613.0346127,33011425.085178833,5,836.7640173710968,48.898358879827605,5,100.0,10000.0,1000000.0
TD3,2layers,all-both,fprelu,0.1,Cheetah-Run,473548124.69503295,52546215.622017965,5,626.9332421758002,88.4705386823323,5,100.0,10000.0,1000000.0
TD3,2layers,all-both,fprelu,0.1,Finger-Spin,636795000.0,104735256.30130477,5,612.2,353.06543302906334,5,100.0,10000.0,1000000.0
TD3,2layers,all-both,fprelu,0.1,HalfCheetah-v4,3447276569.215547,2611770987.0641932,5,4934.055780100669,3945.354565815993,5,100.0,10000.0,1000000.0
TD3,2layers,all-both,fprelu,0.1,Hopper-v4,2618842337.9766345,348730974.2976954,5,3408.826049331333,201.52735277304677,5,100.0,10000.0,1000000.0
TD3,2layers,all-both,fprelu,0.1,Humanoid-v4,1931474537.5710387,1042465896.9374344,5,1370.5781185774417,1134.6297813536858,5,100.0,10000.0,1000000.0
TD3,2layers,all-both,fprelu,0.1,Walker-Walk,779975888.508294,102505160.162061,5,918.0671226508997,92.12873213042421,5,100.0,10000.0,1000000.0
TD3,2layers,all-both,fprelu,0.2,Ant-v4,2319619257.7492285,223451824.21187833,5,3372.3758045708337,325.0494005908793,5,100.0,10000.0,1000000.0
TD3,2layers,all-both,fprelu,0.2,Cartpole-Swingup,746968867.6149527,12684446.797261024,5,828.8445140594416,20.980858756810935,5,100.0,10000.0,1000000.0
TD3,2layers,all-both,fprelu,0.2,Cheetah-Run,501781739.0653822,36624342.79526344,5,668.8494105385553,37.88995413149907,5,100.0,10000.0,1000000.0
TD3,2layers,all-both,fprelu,0.2,Finger-Spin,686107000.0,80396800.51158753,5,851.6,91.36629575505401,5,100.0,10000.0,1000000.0
TD3,2layers,all-both,fprelu,0.2,HalfCheetah-v4,2011257169.5877845,825596491.1736604,5,2445.479560204437,910.1275267308112,5,100.0,10000.0,1000000.0
TD3,2layers,all-both,fprelu,0.2,Hopper-v4,2397241391.3764105,236689337.80899408,5,3484.5559160201738,101.86756004324442,5,100.0,10000.0,1000000.0
TD3,2layers,all-both,fprelu,0.2,Humanoid-v4,3309709875.646904,909245787.3533167,5,4584.752397857572,1470.0795565133453,5,100.0,10000.0,1000000.0
TD3,2layers,all-both,fprelu,0.2,Walker-Walk,814935917.7567606,105616693.0229679,5,924.040908899884,105.55314470832818,5,100.0,10000.0,1000000.0
TD3,2layers,all-both,fprelu,0.3,Ant-v4,1496487309.210197,277113843.95072424,5,2828.2000261711864,762.4857410072183,5,100.0,10000.0,1000000.0
TD3,2layers,all-both,fprelu,0.3,Cartpole-Swingup,714878224.5052888,57571652.877108395,5,812.373813780627,29.820385657928547,5,100.0,10000.0,1000000.0
TD3,2layers,all-both,fprelu,0.3,Cheetah-Run,489216715.2045395,44135843.034482785,5,625.6066714725035,73.88668623658528,5,100.0,10000.0,1000000.0
TD3,2layers,all-both,fprelu,0.3,Finger-Spin,497308000.0,296284314.4810403,5,622.8,366.19216266872775,5,100.0,10000.0,1000000.0
TD3,2layers,all-both,fprelu,0.3,HalfCheetah-v4,2798491976.8966827,1719500004.2163436,5,3408.5687599136427,1965.8305761189254,5,100.0,10000.0,1000000.0
TD3,2layers,all-both,fprelu,0.3,Hopper-v4,2353601354.051636,463196563.0084871,5,3415.6318608384345,139.0298270821038,5,100.0,10000.0,1000000.0
TD3,2layers,all-both,fprelu,0.3,Humanoid-v4,1953597897.8462703,1706923028.3983529,5,2507.4145131191285,2426.259850825539,5,100.0,10000.0,1000000.0
TD3,2layers,all-both,fprelu,0.3,Walker-Walk,711488626.308776,121395778.28039199,5,829.9391895523122,128.86583605798157,5,100.0,10000.0,1000000.0
TD3,2layers,all-both,fprelu,0.4,Ant-v4,361426137.450315,455966085.3085152,5,1734.1503794539822,1520.4760785345882,5,100.0,10000.0,1000000.0
TD3,2layers,all-both,fprelu,0.4,Cartpole-Swingup,761441643.3757885,11445676.417727796,5,845.5606415917451,10.749732635720724,5,100.0,10000.0,1000000.0
TD3,2layers,all-both,fprelu,0.4,Cheetah-Run,449210423.43642175,49821094.7586779,5,561.8348960755573,61.77886356257657,5,100.0,10000.0,1000000.0
TD3,2layers,all-both,fprelu,0.4,Finger-Spin,626950000.0,111150372.30032118,5,806.4,78.20677719993326,5,100.0,10000.0,1000000.0
TD3,2layers,all-both,fprelu,0.4,HalfCheetah-v4,2817906101.3655314,2084194244.6241295,5,3868.3826402771456,2944.6214947869166,5,100.0,10000.0,1000000.0
TD3,2layers,all-both,fprelu,0.4,Hopper-v4,2318509630.5442367,243975158.53729054,5,3032.5332022277944,1138.0269381832875,5,100.0,10000.0,1000000.0
TD3,2layers,all-both,fprelu,0.4,Humanoid-v4,2253833042.8588896,1272489601.2828205,5,3228.1840508494997,2194.733836449922,5,100.0,10000.0,1000000.0
TD3,2layers,all-both,fprelu,0.4,Walker-Walk,739974500.830194,109525015.10667151,5,843.7247497107703,108.3949445826874,5,100.0,10000.0,1000000.0
TD3,2layers,all-both,fprelu,0.5,Ant-v4,-22745466.355177686,5237808.233874901,5,-19.262220567791037,6.7713132775328795,5,100.0,10000.0,1000000.0
TD3,2layers,all-both,fprelu,0.5,Cartpole-Swingup,736411365.8316205,19169090.191969912,5,827.2630986371554,12.001861783783301,5,100.0,10000.0,1000000.0
TD3,2layers,all-both,fprelu,0.5,Cheetah-Run,433937283.30090797,71215396.02204505,5,551.48068246543,106.18231978449988,5,100.0,10000.0,1000000.0
TD3,2layers,all-both,fprelu,0.5,Finger-Spin,461257000.0,68956190.58503741,5,685.8,112.77056353499347,5,100.0,10000.0,1000000.0
TD3,2layers,all-both,fprelu,0.5,HalfCheetah-v4,2600599173.036781,1444377082.5363362,5,4138.852310680506,2329.788127833125,5,100.0,10000.0,1000000.0
TD3,2layers,all-both,fprelu,0.5,Hopper-v4,2490269215.532971,139020400.537533,5,3403.2277033438504,142.19244642435137,5,100.0,10000.0,1000000.0
TD3,2layers,all-both,fprelu,0.5,Humanoid-v4,1366550628.8240972,1096517676.4209423,5,2208.892796338762,2024.951710107307,5,100.0,10000.0,1000000.0
TD3,2layers,all-both,fprelu,0.5,Walker-Walk,667979194.5846064,135207352.3440803,5,893.8494060908728,64.8426638516402,5,100.0,10000.0,1000000.0
TD3,2layers,all-both,frelu,0.1,Ant-v4,2440653767.979302,186591565.03719538,5,3192.226726554049,1006.5326935280652,5,100.0,10000.0,1000000.0
TD3,2layers,all-both,frelu,0.1,Cartpole-Swingup,755062337.5239563,19529270.507826436,5,834.0077920706477,13.639644822785575,5,100.0,10000.0,1000000.0
TD3,2layers,all-both,frelu,0.1,Cheetah-Run,500979511.75894845,103505822.81279919,5,659.3543349883018,123.94021379829319,5,100.0,10000.0,1000000.0
TD3,2layers,all-both,frelu,0.1,Finger-Spin,585495000.0,329361488.69820833,5,725.8,405.9035599745339,5,100.0,10000.0,1000000.0
TD3,2layers,all-both,frelu,0.1,HalfCheetah-v4,3278294931.5960245,2473893628.371592,5,4374.441834847164,3386.6609514148845,5,100.0,10000.0,1000000.0
TD3,2layers,all-both,frelu,0.1,Hopper-v4,1960127305.8680053,842708887.547554,5,3102.9576229151144,818.0195260476197,5,100.0,10000.0,1000000.0
TD3,2layers,all-both,frelu,0.1,Humanoid-v4,3501094204.902691,356871695.081561,5,5316.408459200598,330.9195206305953,5,100.0,10000.0,1000000.0
TD3,2layers,all-both,frelu,0.1,Walker-Walk,761684742.8484724,142259713.69312146,5,916.9288130521209,66.15819670616253,5,100.0,10000.0,1000000.0
TD3,2layers,all-both,frelu,0.2,Ant-v4,1925719139.0362785,503448399.73719263,5,3160.5423130691256,345.71118472582816,5,100.0,10000.0,1000000.0
TD3,2layers,all-both,frelu,0.2,Cartpole-Swingup,759635700.6063845,8966103.170625288,5,807.6462264663198,44.43372678485052,5,100.0,10000.0,1000000.0
TD3,2layers,all-both,frelu,0.2,Cheetah-Run,460989752.37246305,53858245.258351825,5,622.2964477553116,95.20968268808092,5,100.0,10000.0,1000000.0
TD3,2layers,all-both,frelu,0.2,Finger-Spin,747011000.0,85051638.09416018,5,913.4,36.841552627434154,5,100.0,10000.0,1000000.0
TD3,2layers,all-both,frelu,0.2,HalfCheetah-v4,2135723452.554458,1447583618.1663952,5,3266.286085500492,3076.936185522105,5,100.0,10000.0,1000000.0
TD3,2layers,all-both,frelu,0.2,Hopper-v4,1554846904.5650136,379802398.17814887,5,2929.458301394454,1069.7796989109029,5,100.0,10000.0,1000000.0
TD3,2layers,all-both,frelu,0.2,Humanoid-v4,3652870091.964335,527377910.69042325,5,5598.29945390972,184.07315330150453,5,100.0,10000.0,1000000.0
TD3,2layers,all-both,frelu,0.2,Walker-Walk,715930722.2559259,194605722.39334908,5,831.6239974489008,222.33558566390425,5,100.0,10000.0,1000000.0
TD3,2layers,all-both,frelu,0.3,Ant-v4,2342448995.5373044,372895274.04167646,5,3383.888565498084,1129.2257888812924,5,100.0,10000.0,1000000.0
TD3,2layers,all-both,frelu,0.3,Cartpole-Swingup,751219473.0942829,19931218.71913008,5,825.5510498628934,32.56002747047791,5,100.0,10000.0,1000000.0
TD3,2layers,all-both,frelu,0.3,Cheetah-Run,491732064.39818037,54527839.308537655,5,635.0655695537405,78.65513681599467,5,100.0,10000.0,1000000.0
TD3,2layers,all-both,frelu,0.3,Finger-Spin,695191000.0,66224714.92954877,5,903.6,26.053790511171304,5,100.0,10000.0,1000000.0
TD3,2layers,all-both,frelu,0.3,HalfCheetah-v4,2583820234.192357,1616225879.3419588,5,3450.264537516665,2175.6689826047905,5,100.0,10000.0,1000000.0
TD3,2layers,all-both,frelu,0.3,Hopper-v4,1826982761.3177018,574651299.2994965,5,3383.4021200356146,50.45539324601435,5,100.0,10000.0,1000000.0
TD3,2layers,all-both,frelu,0.3,Humanoid-v4,3170338079.427476,289390828.6040599,5,5285.05260988331,173.05426182447883,5,100.0,10000.0,1000000.0
TD3,2layers,all-both,frelu,0.3,Walker-Walk,712048428.2877496,176675491.5766018,5,861.0983482153664,155.08210475683336,5,100.0,10000.0,1000000.0
TD3,2layers,all-both,frelu,0.4,Ant-v4,1048127519.168861,271918494.34101737,5,1767.7910608468217,674.2474883955058,5,100.0,10000.0,1000000.0
TD3,2layers,all-both,frelu,0.4,Cartpole-Swingup,754506730.5491683,19270886.245700214,5,817.6817781840734,45.86037532515123,5,100.0,10000.0,1000000.0
TD3,2layers,all-both,frelu,0.4,Cheetah-Run,505916306.53483945,30054891.763377823,5,680.4675492917147,58.585669860518045,5,100.0,10000.0,1000000.0
TD3,2layers,all-both,frelu,0.4,Finger-Spin,518697000.0,292836904.3426733,5,665.4,380.01157877096324,5,100.0,10000.0,1000000.0
TD3,2layers,all-both,frelu,0.4,HalfCheetah-v4,3778742363.0018907,2341355341.0201073,5,5174.8236677622535,3428.450396013854,5,100.0,10000.0,1000000.0
TD3,2layers,all-both,frelu,0.4,Hopper-v4,1462573053.213677,902791058.8338926,5,2713.915686135003,1197.051176113641,5,100.0,10000.0,1000000.0
TD3,2layers,all-both,frelu,0.4,Humanoid-v4,2153581599.692019,326034952.23723596,5,4061.060781938702,1915.9761714518206,5,100.0,10000.0,1000000.0
TD3,2layers,all-both,frelu,0.4,Walker-Walk,792107934.3257269,78824581.46020901,5,953.6516089159655,23.90424771173701,5,100.0,10000.0,1000000.0
TD3,2layers,all-both,frelu,0.5,Ant-v4,965950255.219257,299313350.2368485,5,1353.9856491003325,636.0794813913584,5,100.0,10000.0,1000000.0
TD3,2layers,all-both,frelu,0.5,Cartpole-Swingup,736928225.234725,21363435.229152575,5,748.5054656344813,102.61345965085275,5,100.0,10000.0,1000000.0
TD3,2layers,all-both,frelu,0.5,Cheetah-Run,413715009.86118436,67389849.35317881,5,559.7070689818522,103.45369347739633,5,100.0,10000.0,1000000.0
TD3,2layers,all-both,frelu,0.5,Finger-Spin,540851000.0,41367816.95956412,5,724.2,63.06504578607709,5,100.0,10000.0,1000000.0
TD3,2layers,all-both,frelu,0.5,HalfCheetah-v4,2643188639.4563446,1259892685.8816988,5,3540.87886399129,1708.290690796753,5,100.0,10000.0,1000000.0
TD3,2layers,all-both,frelu,0.5,Hopper-v4,1371619803.244423,414618592.74049175,5,2918.855281566443,928.9213975659416,5,100.0,10000.0,1000000.0
TD3,2layers,all-both,frelu,0.5,Humanoid-v4,1180676527.1728988,309641569.5181299,5,2417.4488055680986,1718.4904033272094,5,100.0,10000.0,1000000.0
TD3,2layers,all-both,frelu,0.5,Walker-Walk,636865514.7524179,166041589.37067538,5,828.6035852827199,324.73537964118924,5,100.0,10000.0,1000000.0
TD3,2layers,all-both,fswish,0.1,Ant-v4,2508986936.335087,334060234.0612233,5,3435.090771484375,293.043342878991,5,100.0,10000.0,1000000.0
TD3,2layers,all-both,fswish,0.1,Cartpole-Swingup,768784933.380127,18042812.79579652,5,841.7104858398437,27.51811794115285,5,100.0,10000.0,1000000.0
TD3,2layers,all-both,fswish,0.1,Cheetah-Run,494386517.8103447,76347237.77969003,5,651.9681640625,93.98946135522925,5,100.0,10000.0,1000000.0
TD3,2layers,all-both,fswish,0.1,Finger-Spin,804784000.0,29959559.70137078,5,913.8,12.814054783713075,5,100.0,10000.0,1000000.0
TD3,2layers,all-both,fswish,0.1,HalfCheetah-v4,2425276303.9474487,1729730255.7736797,5,3060.6628662109374,2245.186288972253,5,100.0,10000.0,1000000.0
TD3,2layers,all-both,fswish,0.1,Hopper-v4,2108391959.8999023,829643794.454287,5,2568.8341064453125,1039.9459707478525,5,100.0,10000.0,1000000.0
TD3,2layers,all-both,fswish,0.1,Humanoid-v4,3712175908.973694,226376965.90433693,5,5321.63740234375,275.3610911829884,5,100.0,10000.0,1000000.0
TD3,2layers,all-both,fswish,0.1,Walker-Walk,803224933.6776733,107956479.3486297,5,938.9296630859375,69.7510700010182,5,100.0,10000.0,1000000.0
TD3,2layers,all-both,fswish,0.2,Ant-v4,2235240447.6550817,488180047.9132688,5,3168.604931640625,703.3118766089638,5,100.0,10000.0,1000000.0
TD3,2layers,all-both,fswish,0.2,Cartpole-Swingup,733737262.1307373,64128270.10706424,5,784.9614624023437,65.37757252951137,5,100.0,10000.0,1000000.0
TD3,2layers,all-both,fswish,0.2,Cheetah-Run,454459104.7759056,18640155.785587862,5,591.47880859375,50.9062229861799,5,100.0,10000.0,1000000.0
TD3,2layers,all-both,fswish,0.2,Finger-Spin,812841000.0,39143065.86101809,5,927.4,40.097381460639056,5,100.0,10000.0,1000000.0
TD3,2layers,all-both,fswish,0.2,HalfCheetah-v4,2645828831.0012817,2201043835.186926,5,3411.5146240234376,3106.0892066973556,5,100.0,10000.0,1000000.0
TD3,2layers,all-both,fswish,0.2,Hopper-v4,2255783122.117996,434980739.4546652,5,3314.186328125,81.86749152440056,5,100.0,10000.0,1000000.0
TD3,2layers,all-both,fswish,0.2,Humanoid-v4,3682499369.567871,142711646.7196385,5,5294.64384765625,222.49497778175044,5,100.0,10000.0,1000000.0
TD3,2layers,all-both,fswish,0.2,Walker-Walk,817402445.9953308,84386326.57787871,5,910.9293701171875,96.40706651642091,5,100.0,10000.0,1000000.0
TD3,2layers,all-both,fswish,0.3,Ant-v4,2239417123.3287454,578227892.9322121,5,3471.669580078125,787.4681569374566,5,100.0,10000.0,1000000.0
TD3,2layers,all-both,fswish,0.3,Cartpole-Swingup,779043890.6478882,5679611.9957761085,5,832.309375,16.58084543588032,5,100.0,10000.0,1000000.0
TD3,2layers,all-both,fswish,0.3,Cheetah-Run,474504702.2280693,73975891.43604831,5,616.1487426757812,75.28878652551099,5,100.0,10000.0,1000000.0
TD3,2layers,all-both,fswish,0.3,Finger-Spin,818232000.0,32980769.699932728,5,937.6,34.565879129569375,5,100.0,10000.0,1000000.0
TD3,2layers,all-both,fswish,0.3,HalfCheetah-v4,1675532553.6990166,200442362.82910255,5,2039.1561767578125,155.0113322444354,5,100.0,10000.0,1000000.0
TD3,2layers,all-both,fswish,0.3,Hopper-v4,2103137562.2940063,549260826.959851,5,3314.774365234375,194.52156736516048,5,100.0,10000.0,1000000.0
TD3,2layers,all-both,fswish,0.3,Humanoid-v4,3470607125.854492,351050672.19049007,5,4459.086010742188,1409.6580025349049,5,100.0,10000.0,1000000.0
TD3,2layers,all-both,fswish,0.3,Walker-Walk,784677518.9933777,105437467.83217399,5,893.344580078125,103.96862972155178,5,100.0,10000.0,1000000.0
TD3,2layers,all-both,fswish,0.4,Ant-v4,1967497048.8815308,234977078.89722317,5,3029.346533203125,271.1636179618705,5,100.0,10000.0,1000000.0
TD3,2layers,all-both,fswish,0.4,Cartpole-Swingup,760276001.5869141,28185412.982593656,5,836.566943359375,25.4959434716419,5,100.0,10000.0,1000000.0
TD3,2layers,all-both,fswish,0.4,Cheetah-Run,477111860.56756973,63242428.61329752,5,645.1868041992187,92.3558370736769,5,100.0,10000.0,1000000.0
TD3,2layers,all-both,fswish,0.4,Finger-Spin,773493000.0,45283136.84474607,5,932.6,22.389729788454343,5,100.0,10000.0,1000000.0
TD3,2layers,all-both,fswish,0.4,HalfCheetah-v4,2984900289.2456055,1991711317.8156028,5,4186.818774414062,3102.2082407980747,5,100.0,10000.0,1000000.0
TD3,2layers,all-both,fswish,0.4,Hopper-v4,1658574212.753296,509180308.9336317,5,3179.357080078125,88.96136479441371,5,100.0,10000.0,1000000.0
TD3,2layers,all-both,fswish,0.4,Humanoid-v4,3699302675.4074097,275758254.24370664,5,5204.1634765625,153.56881963847752,5,100.0,10000.0,1000000.0
TD3,2layers,all-both,fswish,0.4,Walker-Walk,739710636.089325,200281179.080477,5,852.7399780273438,148.0853008448357,5,100.0,10000.0,1000000.0
TD3,2layers,all-both,fswish,0.5,Ant-v4,1653524160.7012749,417031157.6712569,5,2100.5314185142515,1744.9432261847435,5,100.0,10000.0,1000000.0
TD3,2layers,all-both,fswish,0.5,Cartpole-Swingup,765760952.0721436,20645141.980972923,5,839.1586547851563,15.812895670977854,5,100.0,10000.0,1000000.0
TD3,2layers,all-both,fswish,0.5,Cheetah-Run,468765266.11971855,80578619.77829191,5,576.9399658203125,110.67079142180131,5,100.0,10000.0,1000000.0
TD3,2layers,all-both,fswish,0.5,Finger-Spin,755344000.0,46462032.53733096,5,912.8,40.6534131408422,5,100.0,10000.0,1000000.0
TD3,2layers,all-both,fswish,0.5,HalfCheetah-v4,3880265237.220764,2433900117.4366693,5,5081.582495117187,3319.5256712399364,5,100.0,10000.0,1000000.0
TD3,2layers,all-both,fswish,0.5,Hopper-v4,2115130154.8829079,293803732.3299871,5,3356.321728515625,110.05382401826344,5,100.0,10000.0,1000000.0
TD3,2layers,all-both,fswish,0.5,Humanoid-v4,3844925470.5047607,363857025.7076822,5,5464.8734375,263.8080293238629,5,100.0,10000.0,1000000.0
TD3,2layers,all-both,fswish,0.5,Walker-Walk,749106769.0610886,117160535.02763592,5,921.0124267578125,55.63402075436445,5,100.0,10000.0,1000000.0
TD3,2layers,all-both,gelu,NA,Ant-v4,2503349690.639496,393466431.489321,5,3525.79296875,464.7907950939185,5,100.0,10000.0,1000000.0
TD3,2layers,all-both,gelu,NA,Cartpole-Swingup,775713216.8884277,22677826.187744107,5,838.0832885742187,36.67606412826424,5,100.0,10000.0,1000000.0
TD3,2layers,all-both,gelu,NA,Cheetah-Run,448948076.6503811,55745531.81366734,5,567.359814453125,81.36616500510317,5,100.0,10000.0,1000000.0
TD3,2layers,all-both,gelu,NA,Finger-Spin,797167000.0,34310371.90121959,5,902.0,41.73727350941841,5,100.0,10000.0,1000000.0
TD3,2layers,all-both,gelu,NA,HalfCheetah-v4,3909922585.8955383,2166068817.0147505,5,5044.43232421875,3001.4438154678805,5,100.0,10000.0,1000000.0
TD3,2layers,all-both,gelu,NA,Hopper-v4,2490427981.8115234,260888701.82329217,5,3145.804736328125,393.35823129699423,5,100.0,10000.0,1000000.0
TD3,2layers,all-both,gelu,NA,Humanoid-v4,3474113295.8755493,142953587.35352692,5,4700.437817382813,1564.6432997064412,5,100.0,10000.0,1000000.0
TD3,2layers,all-both,gelu,NA,Walker-Walk,785913436.0694885,88311321.53521644,5,930.0589477539063,63.085873786542756,5,100.0,10000.0,1000000.0
TD3,2layers,all-both,lrelu,NA,Ant-v4,2480536918.785095,277076229.2911677,5,3381.29521484375,363.145519450584,5,100.0,10000.0,1000000.0
TD3,2layers,all-both,lrelu,NA,Cartpole-Swingup,709683159.9121094,83923545.96267043,5,823.1739379882813,36.82842146900715,5,100.0,10000.0,1000000.0
TD3,2layers,all-both,lrelu,NA,Cheetah-Run,476973278.97691727,33850127.73217742,5,656.2401733398438,80.99929010316687,5,100.0,10000.0,1000000.0
TD3,2layers,all-both,lrelu,NA,Finger-Spin,645386000.0,75322462.40332295,5,821.4,53.11120409103901,5,100.0,10000.0,1000000.0
TD3,2layers,all-both,lrelu,NA,HalfCheetah-v4,2859596340.067506,1423145155.9786077,5,4198.842260742187,2099.446162634979,5,100.0,10000.0,1000000.0
TD3,2layers,all-both,lrelu,NA,Hopper-v4,1770688837.879181,323984835.16108614,5,2926.2252685546873,889.9203331970624,5,100.0,10000.0,1000000.0
TD3,2layers,all-both,lrelu,NA,Humanoid-v4,2820886572.250366,825096798.1341416,5,5448.41611328125,445.9059817830982,5,100.0,10000.0,1000000.0
TD3,2layers,all-both,lrelu,NA,Walker-Walk,665297189.2814636,152677876.7174901,5,729.0133819580078,312.6429653595122,5,100.0,10000.0,1000000.0
TD3,2layers,all-both,prelu,NA,Ant-v4,2276284292.193413,183065598.46358898,5,3117.62080078125,344.93768603652853,5,100.0,10000.0,1000000.0
TD3,2layers,all-both,prelu,NA,Cartpole-Swingup,739148559.7839355,19494920.29620228,5,779.4185668945313,88.14580403110372,5,100.0,10000.0,1000000.0
TD3,2layers,all-both,prelu,NA,Cheetah-Run,458975986.2905741,47390176.89884779,5,644.1452880859375,99.4293720301371,5,100.0,10000.0,1000000.0
TD3,2layers,all-both,prelu,NA,Finger-Spin,623850000.0,35538021.71618449,5,786.0,53.91196527673611,5,100.0,10000.0,1000000.0
TD3,2layers,all-both,prelu,NA,HalfCheetah-v4,1696333733.932495,602844996.144319,5,2406.3138916015623,1441.6550735441235,5,100.0,10000.0,1000000.0
TD3,2layers,all-both,prelu,NA,Hopper-v4,1785858009.9563599,621843317.6227087,5,2797.86748046875,790.7681437859192,5,100.0,10000.0,1000000.0
TD3,2layers,all-both,prelu,NA,Humanoid-v4,3582454316.5283203,328590368.43339306,5,5305.83828125,333.8858171085703,5,100.0,10000.0,1000000.0
TD3,2layers,all-both,prelu,NA,Walker-Walk,680889706.2110901,106251560.24221969,5,818.6211791992188,114.09571979932576,5,100.0,10000.0,1000000.0
TD3,2layers,all-both,swish,NA,Ant-v4,2458644167.1762466,333278900.9371737,5,3549.829052734375,471.89383688899335,5,100.0,10000.0,1000000.0
TD3,2layers,all-both,swish,NA,Cartpole-Swingup,759498422.5616455,21999416.691704717,5,832.2050170898438,36.583543056760675,5,100.0,10000.0,1000000.0
TD3,2layers,all-both,swish,NA,Cheetah-Run,436738269.4222927,30465034.409252513,5,569.2647583007813,38.24318250326094,5,100.0,10000.0,1000000.0
TD3,2layers,all-both,swish,NA,Finger-Spin,790683000.0,37285641.60638784,5,905.8,22.960836221705865,5,100.0,10000.0,1000000.0
TD3,2layers,all-both,swish,NA,HalfCheetah-v4,4260963794.122696,2444200263.3980913,5,5588.323803710938,3352.372717182959,5,100.0,10000.0,1000000.0
TD3,2layers,all-both,swish,NA,Hopper-v4,2258835273.8342285,373140601.49662566,5,3403.869775390625,181.6684316624435,5,100.0,10000.0,1000000.0
TD3,2layers,all-both,swish,NA,Humanoid-v4,3548162313.5910034,251017979.74895185,5,4217.092102050781,1983.252131753472,5,100.0,10000.0,1000000.0
TD3,2layers,all-both,swish,NA,Walker-Walk,859596548.9082336,46092123.491543695,5,937.6545166015625,26.14391307534583,5,100.0,10000.0,1000000.0
TD3,2layers,all-critic,fgelu,0.1,Ant-v4,2286651434.86166,255637403.66632432,5,3283.751806640625,451.54658092206193,5,100.0,10000.0,1000000.0
TD3,2layers,all-critic,fgelu,0.1,Cartpole-Swingup,723245814.5764321,32680829.331897236,5,815.3286987304688,34.52782379381614,5,100.0,10000.0,1000000.0
TD3,2layers,all-critic,fgelu,0.1,Cheetah-Run,536050913.50221634,69496043.26555048,5,655.8778076171875,75.6405705445687,5,100.0,10000.0,1000000.0
TD3,2layers,all-critic,fgelu,0.1,Finger-Spin,803428000.0,54576047.0124028,5,926.8,35.2803061211209,5,100.0,10000.0,1000000.0
TD3,2layers,all-critic,fgelu,0.1,HalfCheetah-v4,2658783331.3627243,2119804128.7779176,5,3382.631591796875,3089.5060810847986,5,100.0,10000.0,1000000.0
TD3,2layers,all-critic,fgelu,0.1,Hopper-v4,1745948279.006958,519006720.00843734,5,3293.395947265625,133.3024824928911,5,100.0,10000.0,1000000.0
TD3,2layers,all-critic,fgelu,0.1,Humanoid-v4,3620073483.3602905,744698637.6907599,5,5137.8771484375,274.2360468387638,5,100.0,10000.0,1000000.0
TD3,2layers,all-critic,fgelu,0.1,Walker-Walk,610758436.4910126,224304814.08843115,5,675.6233856201172,318.37590427021786,5,100.0,10000.0,1000000.0
TD3,2layers,all-critic,fgelu,0.2,Ant-v4,2278937580.2612305,212786568.27723396,5,3350.0185546875,483.4657612119774,5,100.0,10000.0,1000000.0
TD3,2layers,all-critic,fgelu,0.2,Cartpole-Swingup,764763817.2786832,21148979.599295292,5,838.9347045898437,7.741485183774223,5,100.0,10000.0,1000000.0
TD3,2layers,all-critic,fgelu,0.2,Cheetah-Run,495651197.5886822,41642402.229317345,5,603.73583984375,77.34515091489489,5,100.0,10000.0,1000000.0
TD3,2layers,all-critic,fgelu,0.2,Finger-Spin,799627000.0,52878518.157187425,5,931.4,35.683329441070946,5,100.0,10000.0,1000000.0
TD3,2layers,all-critic,fgelu,0.2,HalfCheetah-v4,3290413066.8029785,2139198173.987115,5,4309.06591796875,3031.2363674329777,5,100.0,10000.0,1000000.0
TD3,2layers,all-critic,fgelu,0.2,Hopper-v4,1906327596.2219238,593322788.0442063,5,3330.86044921875,220.34812445502655,5,100.0,10000.0,1000000.0
TD3,2layers,all-critic,fgelu,0.2,Humanoid-v4,3605388036.0717773,322724263.5432683,5,5209.77783203125,99.64838340395929,5,100.0,10000.0,1000000.0
TD3,2layers,all-critic,fgelu,0.2,Walker-Walk,722801812.7307892,127488925.58698253,5,876.3866577148438,114.18475720217981,5,100.0,10000.0,1000000.0
TD3,2layers,all-critic,fgelu,0.3,Ant-v4,2490355742.8627014,311957812.9641366,5,3651.18955078125,508.81577492503317,5,100.0,10000.0,1000000.0
TD3,2layers,all-critic,fgelu,0.3,Cartpole-Swingup,758863613.92802,20922853.357525606,5,839.94345703125,17.517583783013013,5,100.0,10000.0,1000000.0
TD3,2layers,all-critic,fgelu,0.3,Cheetah-Run,517610948.78959656,80020532.7030783,5,670.3919189453125,123.09019560254107,5,100.0,10000.0,1000000.0
TD3,2layers,all-critic,fgelu,0.3,Finger-Spin,783650000.0,36864709.75065449,5,921.8,18.21263297823793,5,100.0,10000.0,1000000.0
TD3,2layers,all-critic,fgelu,0.3,HalfCheetah-v4,3345092877.936363,2358313980.2700143,5,4409.7333984375,3212.438280747861,5,100.0,10000.0,1000000.0
TD3,2layers,all-critic,fgelu,0.3,Hopper-v4,2229440723.136902,690956648.823025,5,2977.94169921875,980.3428131350628,5,100.0,10000.0,1000000.0
TD3,2layers,all-critic,fgelu,0.3,Humanoid-v4,3242279983.482361,676223619.0924363,5,4992.28232421875,152.65077033204642,5,100.0,10000.0,1000000.0
TD3,2layers,all-critic,fgelu,0.3,Walker-Walk,729044094.0523148,172263967.6077348,5,849.4380615234375,146.85166757204237,5,100.0,10000.0,1000000.0
TD3,2layers,all-critic,fgelu,0.4,Ant-v4,2446143947.713852,214801699.3798449,5,3122.997912597656,1616.8032533923242,5,100.0,10000.0,1000000.0
TD3,2layers,all-critic,fgelu,0.4,Cartpole-Swingup,755315137.9547119,39848411.33501306,5,823.9486694335938,13.996593534024715,5,100.0,10000.0,1000000.0
TD3,2layers,all-critic,fgelu,0.4,Cheetah-Run,442337273.9841938,82885500.3597553,5,578.9450439453125,126.20027009599002,5,100.0,10000.0,1000000.0
TD3,2layers,all-critic,fgelu,0.4,Finger-Spin,777439000.0,46302564.507811025,5,915.6,11.058933040759399,5,100.0,10000.0,1000000.0
TD3,2layers,all-critic,fgelu,0.4,HalfCheetah-v4,3381041557.937622,2449487406.061404,5,4447.6353759765625,3377.438685899595,5,100.0,10000.0,1000000.0
TD3,2layers,all-critic,fgelu,0.4,Hopper-v4,1853491326.3664246,530831719.6212344,5,2769.9978759765627,1029.1483980727164,5,100.0,10000.0,1000000.0
TD3,2layers,all-critic,fgelu,0.4,Humanoid-v4,3780773676.03302,384613646.3632757,5,5247.60322265625,359.3856526203445,5,100.0,10000.0,1000000.0
TD3,2layers,all-critic,fgelu,0.4,Walker-Walk,773901360.1198196,59775600.889431916,5,882.93935546875,79.78014491460492,5,100.0,10000.0,1000000.0
TD3,2layers,all-critic,fgelu,0.5,Ant-v4,2374678572.3457336,271943679.4237777,5,3934.930517578125,557.6965018147191,5,100.0,10000.0,1000000.0
TD3,2layers,all-critic,fgelu,0.5,Cartpole-Swingup,765229602.7374268,19903016.31749382,5,835.7777099609375,28.957006832234992,5,100.0,10000.0,1000000.0
TD3,2layers,all-critic,fgelu,0.5,Cheetah-Run,539113459.4125748,80007125.60849869,5,715.8728637695312,107.50436195261739,5,100.0,10000.0,1000000.0
TD3,2layers,all-critic,fgelu,0.5,Finger-Spin,775059000.0,95796870.0819604,5,914.0,49.36598018878993,5,100.0,10000.0,1000000.0
TD3,2layers,all-critic,fgelu,0.5,HalfCheetah-v4,2824054566.7266846,2093914751.8171632,5,3761.049658203125,2890.500990527127,5,100.0,10000.0,1000000.0
TD3,2layers,all-critic,fgelu,0.5,Hopper-v4,2151288231.201172,667251467.114639,5,3340.1185546875,115.74202513367625,5,100.0,10000.0,1000000.0
TD3,2layers,all-critic,fgelu,0.5,Humanoid-v4,3132926064.0029907,970268025.4019266,5,5630.28896484375,284.1899356228847,5,100.0,10000.0,1000000.0
TD3,2layers,all-critic,fgelu,0.5,Walker-Walk,815390560.0566864,46776685.65757054,5,958.8041015625,18.120815997093064,5,100.0,10000.0,1000000.0
TD3,2layers,all-critic,flrelu,0.1,Ant-v4,2390504495.0895796,268621781.75947744,5,3059.977054918562,1101.3743038256264,5,100.0,10000.0,1000000.0
TD3,2layers,all-critic,flrelu,0.1,Cartpole-Swingup,758364704.9917326,15094251.33577173,5,798.8672873017888,58.65302031033471,5,100.0,10000.0,1000000.0
TD3,2layers,all-critic,flrelu,0.1,Cheetah-Run,521571079.8358677,54812267.4813859,5,697.0337642981216,74.43168961868994,5,100.0,10000.0,1000000.0
TD3,2layers,all-critic,flrelu,0.1,Finger-Spin,708293000.0,62711042.94699618,5,901.0,36.83069372140579,5,100.0,10000.0,1000000.0
TD3,2layers,all-critic,flrelu,0.1,HalfCheetah-v4,2537102887.2396765,2020859112.4558625,5,3318.3098100092625,2854.429992815952,5,100.0,10000.0,1000000.0
TD3,2layers,all-critic,flrelu,0.1,Hopper-v4,1402147059.2133691,546680448.535042,5,2933.4933245171796,822.4485574084883,5,100.0,10000.0,1000000.0
TD3,2layers,all-critic,flrelu,0.1,Humanoid-v4,3504792977.500554,298188399.7539761,5,5124.6143779763115,201.84136241185206,5,100.0,10000.0,1000000.0
TD3,2layers,all-critic,flrelu,0.1,Walker-Walk,661170857.0428938,255187620.830201,5,725.0477899887856,301.8808837699854,5,100.0,10000.0,1000000.0
TD3,2layers,all-critic,flrelu,0.2,Ant-v4,2392139421.076389,319459562.91450304,5,3517.9168643492058,383.4003703204997,5,100.0,10000.0,1000000.0
TD3,2layers,all-critic,flrelu,0.2,Cartpole-Swingup,765513707.2962619,17672816.12510469,5,817.0229481028387,49.21387497844935,5,100.0,10000.0,1000000.0
TD3,2layers,all-critic,flrelu,0.2,Cheetah-Run,511164829.4525307,74174748.94520165,5,664.0031619700532,105.22317775638803,5,100.0,10000.0,1000000.0
TD3,2layers,all-critic,flrelu,0.2,Finger-Spin,731144000.0,52182274.69649057,5,908.0,8.276472678623424,5,100.0,10000.0,1000000.0
TD3,2layers,all-critic,flrelu,0.2,HalfCheetah-v4,2248462336.8008766,1722874936.705833,5,3392.0254073043993,2515.473885087177,5,100.0,10000.0,1000000.0
TD3,2layers,all-critic,flrelu,0.2,Hopper-v4,2071941863.4312394,283706122.93069744,5,3321.5232164859613,143.0032590633548,5,100.0,10000.0,1000000.0
TD3,2layers,all-critic,flrelu,0.2,Humanoid-v4,3516850407.0140123,110587177.94190246,5,5226.453982649532,106.34321533102347,5,100.0,10000.0,1000000.0
TD3,2layers,all-critic,flrelu,0.2,Walker-Walk,768525291.3235877,146268973.99869093,5,920.0122452003941,60.72326532805668,5,100.0,10000.0,1000000.0
TD3,2layers,all-critic,flrelu,0.3,Ant-v4,2438061941.7350955,199727252.45019343,5,3488.2005317854187,297.7816670068228,5,100.0,10000.0,1000000.0
TD3,2layers,all-critic,flrelu,0.3,Cartpole-Swingup,752382562.8224945,31530375.657381564,5,834.7960396701055,12.61315297630825,5,100.0,10000.0,1000000.0
TD3,2layers,all-critic,flrelu,0.3,Cheetah-Run,504493647.8254024,50393504.03037102,5,647.7149693070676,37.30141438836262,5,100.0,10000.0,1000000.0
TD3,2layers,all-critic,flrelu,0.3,Finger-Spin,749156000.0,73957596.83764745,5,921.0,13.92838827718412,5,100.0,10000.0,1000000.0
TD3,2layers,all-critic,flrelu,0.3,HalfCheetah-v4,2380505773.6661744,1632649754.1957116,5,3097.893255117843,1886.4116589002406,5,100.0,10000.0,1000000.0
TD3,2layers,all-critic,flrelu,0.3,Hopper-v4,1745274964.2330577,822423631.4793799,5,2459.269161256342,1246.0190476390114,5,100.0,10000.0,1000000.0
TD3,2layers,all-critic,flrelu,0.3,Humanoid-v4,3146467020.0652504,335838844.2867719,5,4250.298815916567,2017.251521711699,5,100.0,10000.0,1000000.0
TD3,2layers,all-critic,flrelu,0.3,Walker-Walk,807076154.8403251,116006086.85896525,5,910.3687357292862,110.97198001866983,5,100.0,10000.0,1000000.0
TD3,2layers,all-critic,flrelu,0.4,Ant-v4,2022905110.2563858,606582682.4653884,5,2368.349635767786,1687.2671604006264,5,100.0,10000.0,1000000.0
TD3,2layers,all-critic,flrelu,0.4,Cartpole-Swingup,757493255.6749083,30386460.62982009,5,845.9954489364425,26.145960035993944,5,100.0,10000.0,1000000.0
TD3,2layers,all-critic,flrelu,0.4,Cheetah-Run,473208431.6272796,66145130.58816766,5,623.9135157112183,86.89288749326687,5,100.0,10000.0,1000000.0
TD3,2layers,all-critic,flrelu,0.4,Finger-Spin,638720000.0,112647033.86019534,5,886.2,34.730390150414365,5,100.0,10000.0,1000000.0
TD3,2layers,all-critic,flrelu,0.4,HalfCheetah-v4,2885343706.673232,2214997887.516046,5,3900.480727117654,3050.4442847812284,5,100.0,10000.0,1000000.0
TD3,2layers,all-critic,flrelu,0.4,Hopper-v4,1834115477.4975362,550934109.8853408,5,3293.6704387399377,172.5840024420653,5,100.0,10000.0,1000000.0
TD3,2layers,all-critic,flrelu,0.4,Humanoid-v4,2131030628.6093552,1084928706.8061056,5,4272.191149135286,1678.365395040382,5,100.0,10000.0,1000000.0
TD3,2layers,all-critic,flrelu,0.4,Walker-Walk,772653567.1405348,92769221.84723996,5,961.6893377809007,13.386387767476686,5,100.0,10000.0,1000000.0
TD3,2layers,all-critic,flrelu,0.5,Ant-v4,1240801474.5419586,401560219.3520845,5,1884.758921126527,949.0828008613857,5,100.0,10000.0,1000000.0
TD3,2layers,all-critic,flrelu,0.5,Cartpole-Swingup,748659784.5276954,27663677.061095614,5,829.7613016463841,37.35433612947084,5,100.0,10000.0,1000000.0
TD3,2layers,all-critic,flrelu,0.5,Cheetah-Run,481271711.2755839,41089171.31148558,5,550.9917540280665,188.94440990341775,5,100.0,10000.0,1000000.0
TD3,2layers,all-critic,flrelu,0.5,Finger-Spin,580255000.0,96752682.7147444,5,796.8,94.95104001536791,5,100.0,10000.0,1000000.0
TD3,2layers,all-critic,flrelu,0.5,HalfCheetah-v4,1779666926.9301662,1634671843.073918,5,2431.086587288083,2173.2205521877318,5,100.0,10000.0,1000000.0
TD3,2layers,all-critic,flrelu,0.5,Hopper-v4,1710160643.3320086,412912552.94288296,5,3247.7300410373778,182.85107535947472,5,100.0,10000.0,1000000.0
TD3,2layers,all-critic,flrelu,0.5,Humanoid-v4,574713307.7238004,296936698.8473918,5,794.4261104055504,487.3878760675037,5,100.0,10000.0,1000000.0
TD3,2layers,all-critic,flrelu,0.5,Walker-Walk,605565588.2600157,130396593.95845883,5,873.4293695946639,137.63645980973544,5,100.0,10000.0,1000000.0
TD3,2layers,all-critic,fprelu,0.1,Ant-v4,2567839802.911258,519125810.60076725,5,3805.4773833332047,949.410569013686,5,100.0,10000.0,1000000.0
TD3,2layers,all-critic,fprelu,0.1,Cartpole-Swingup,744263020.438917,23204118.678119082,5,834.0884327577465,26.387916983993325,5,100.0,10000.0,1000000.0
TD3,2layers,all-critic,fprelu,0.1,Cheetah-Run,463424969.74146926,21364068.230222214,5,633.708303723233,40.77226433257459,5,100.0,10000.0,1000000.0
TD3,2layers,all-critic,fprelu,0.1,Finger-Spin,751464000.0,67698560.30596219,5,904.0,19.261360284258224,5,100.0,10000.0,1000000.0
TD3,2layers,all-critic,fprelu,0.1,HalfCheetah-v4,4082375367.637211,2084622851.6586056,5,5294.1300610620365,2855.582652519063,5,100.0,10000.0,1000000.0
TD3,2layers,all-critic,fprelu,0.1,Hopper-v4,2479326648.967972,215341931.75139663,5,3316.762591606278,117.55298723256882,5,100.0,10000.0,1000000.0
TD3,2layers,all-critic,fprelu,0.1,Humanoid-v4,3663857318.788746,263816790.42303288,5,3998.2438762591746,2078.156122900223,5,100.0,10000.0,1000000.0
TD3,2layers,all-critic,fprelu,0.1,Walker-Walk,839417201.3340971,78277637.32028477,5,957.0810979027434,29.73519665561067,5,100.0,10000.0,1000000.0
TD3,2layers,all-critic,fprelu,0.2,Ant-v4,2400736756.5118513,354092265.560557,5,3620.703314477578,272.0668775673295,5,100.0,10000.0,1000000.0
TD3,2layers,all-critic,fprelu,0.2,Cartpole-Swingup,754434367.6834737,29123180.380880777,5,831.1548136141613,28.339252442603275,5,100.0,10000.0,1000000.0
TD3,2layers,all-critic,fprelu,0.2,Cheetah-Run,476234385.50217086,57579047.05874136,5,627.185055588334,107.16788104660979,5,100.0,10000.0,1000000.0
TD3,2layers,all-critic,fprelu,0.2,Finger-Spin,718838000.0,41751105.614103206,5,874.8,15.849290204927165,5,100.0,10000.0,1000000.0
TD3,2layers,all-critic,fprelu,0.2,HalfCheetah-v4,3452695705.0329065,2574530238.3987,5,4523.1919000010685,3410.591249404893,5,100.0,10000.0,1000000.0
TD3,2layers,all-critic,fprelu,0.2,Hopper-v4,2323872595.77545,327839859.8847429,5,3330.816704824635,191.97077021025234,5,100.0,10000.0,1000000.0
TD3,2layers,all-critic,fprelu,0.2,Humanoid-v4,1985559138.6412385,1628659956.5152528,5,3045.837915286511,2554.3659880081227,5,100.0,10000.0,1000000.0
TD3,2layers,all-critic,fprelu,0.2,Walker-Walk,775479460.0048783,127859905.53915209,5,879.771264279961,124.74105442646237,5,100.0,10000.0,1000000.0
TD3,2layers,all-critic,fprelu,0.3,Ant-v4,1918309723.528376,385891271.42020214,5,3149.707827348743,511.35762462043544,5,100.0,10000.0,1000000.0
TD3,2layers,all-critic,fprelu,0.3,Cartpole-Swingup,761605991.040944,22175154.189849846,5,823.6287545386792,52.24161094117795,5,100.0,10000.0,1000000.0
TD3,2layers,all-critic,fprelu,0.3,Cheetah-Run,437818161.3472659,72560147.45919774,5,588.4938058415479,123.49899251141571,5,100.0,10000.0,1000000.0
TD3,2layers,all-critic,fprelu,0.3,Finger-Spin,741682000.0,42272315.05370861,5,908.4,11.73882447266335,5,100.0,10000.0,1000000.0
TD3,2layers,all-critic,fprelu,0.3,HalfCheetah-v4,3581873876.6913667,2331788390.951737,5,5077.014796498054,3320.480211252967,5,100.0,10000.0,1000000.0
TD3,2layers,all-critic,fprelu,0.3,Hopper-v4,2280895628.9237976,316036229.63778424,5,3381.5560394793474,136.30184931634986,5,100.0,10000.0,1000000.0
TD3,2layers,all-critic,fprelu,0.3,Humanoid-v4,2955952656.0907774,755612382.5213249,5,5210.414172904095,484.00968601381913,5,100.0,10000.0,1000000.0
TD3,2layers,all-critic,fprelu,0.3,Walker-Walk,814058070.953413,132636503.44326013,5,963.1960892603017,19.337706122775828,5,100.0,10000.0,1000000.0
TD3,2layers,all-critic,fprelu,0.4,Ant-v4,913005727.9946686,271339602.07374245,5,1223.519829650928,684.7368081222596,5,100.0,10000.0,1000000.0
TD3,2layers,all-critic,fprelu,0.4,Cartpole-Swingup,741264692.0943636,30972811.25033531,5,815.5228828360889,33.229032161889684,5,100.0,10000.0,1000000.0
TD3,2layers,all-critic,fprelu,0.4,Cheetah-Run,419810395.55852413,41675903.834719524,5,536.2381272413182,56.061669838278796,5,100.0,10000.0,1000000.0
TD3,2layers,all-critic,fprelu,0.4,Finger-Spin,605738000.0,174756828.42881992,5,888.6,26.829088691194865,5,100.0,10000.0,1000000.0
TD3,2layers,all-critic,fprelu,0.4,HalfCheetah-v4,3578273790.959487,1576360482.012315,5,4423.045791832449,1876.6021295040734,5,100.0,10000.0,1000000.0
TD3,2layers,all-critic,fprelu,0.4,Hopper-v4,2058924855.7414825,687184889.5120895,5,3278.570487029966,203.35286455549013,5,100.0,10000.0,1000000.0
TD3,2layers,all-critic,fprelu,0.4,Humanoid-v4,2046754722.5253246,1669185941.3557413,5,3198.4362632691314,2719.6961176041295,5,100.0,10000.0,1000000.0
TD3,2layers,all-critic,fprelu,0.4,Walker-Walk,816556153.7820908,94925531.02932778,5,914.5688252760307,94.75378511622088,5,100.0,10000.0,1000000.0
TD3,2layers,all-critic,fprelu,0.5,Ant-v4,394831210.77615404,365578537.10729855,5,925.0058331075476,1039.1086941458157,5,100.0,10000.0,1000000.0
TD3,2layers,all-critic,fprelu,0.5,Cartpole-Swingup,736180987.6907351,26275140.533633642,5,836.8164642162013,24.869926897926767,5,100.0,10000.0,1000000.0
TD3,2layers,all-critic,fprelu,0.5,Cheetah-Run,386633997.448344,56233686.871183686,5,504.5798591881486,63.909898754926225,5,100.0,10000.0,1000000.0
TD3,2layers,all-critic,fprelu,0.5,Finger-Spin,454991000.0,299087383.39321506,5,683.0,391.33106189005747,5,100.0,10000.0,1000000.0
TD3,2layers,all-critic,fprelu,0.5,HalfCheetah-v4,2105097983.1169808,1330803847.7174892,5,3276.0500393569014,2194.336542406382,5,100.0,10000.0,1000000.0
TD3,2layers,all-critic,fprelu,0.5,Hopper-v4,2473589882.4113894,219184231.98344636,5,3404.215278299935,153.92279991171108,5,100.0,10000.0,1000000.0
TD3,2layers,all-critic,fprelu,0.5,Humanoid-v4,475324926.55249727,330955040.5067679,5,565.2828237113438,509.93523417717824,5,100.0,10000.0,1000000.0
TD3,2layers,all-critic,fprelu,0.5,Walker-Walk,710737915.6264836,125653626.52944341,5,923.3988535994953,70.1907959461831,5,100.0,10000.0,1000000.0
TD3,2layers,all-critic,frelu,0.1,Ant-v4,2539956615.5475464,225820224.154422,5,2863.361565254736,1164.5873527061312,5,100.0,10000.0,1000000.0
TD3,2layers,all-critic,frelu,0.1,Cartpole-Swingup,755456840.5796096,20142255.37482953,5,825.7391192140612,23.31469226489245,5,100.0,10000.0,1000000.0
TD3,2layers,all-critic,frelu,0.1,Cheetah-Run,473430389.5611218,53425410.76264311,5,640.5560830578773,48.888675338783415,5,100.0,10000.0,1000000.0
TD3,2layers,all-critic,frelu,0.1,Finger-Spin,786484000.0,31496378.24417278,5,911.0,9.137833441248542,5,100.0,10000.0,1000000.0
TD3,2layers,all-critic,frelu,0.1,HalfCheetah-v4,1553341534.5732818,144496107.48907676,5,1911.4371980780554,199.32617669059582,5,100.0,10000.0,1000000.0
TD3,2layers,all-critic,frelu,0.1,Hopper-v4,2007981146.4747283,531495569.4561017,5,3302.5928846791053,126.11370259799217,5,100.0,10000.0,1000000.0
TD3,2layers,all-critic,frelu,0.1,Humanoid-v4,3718651906.168544,293706312.2629562,5,5425.724364867236,412.3232520662564,5,100.0,10000.0,1000000.0
TD3,2layers,all-critic,frelu,0.1,Walker-Walk,856745960.052206,52997493.2006418,5,965.4189680194834,17.973048959306873,5,100.0,10000.0,1000000.0
TD3,2layers,all-critic,frelu,0.2,Ant-v4,2529603650.656625,254517872.13700345,5,3555.9709827486854,273.52862859642886,5,100.0,10000.0,1000000.0
TD3,2layers,all-critic,frelu,0.2,Cartpole-Swingup,741232044.128608,19132565.264338028,5,817.5473969292289,18.231018407117265,5,100.0,10000.0,1000000.0
TD3,2layers,all-critic,frelu,0.2,Cheetah-Run,482915848.6775144,56829788.78173464,5,648.0270926749096,66.93523783513216,5,100.0,10000.0,1000000.0
TD3,2layers,all-critic,frelu,0.2,Finger-Spin,768479000.0,67182588.64839906,5,923.2,43.401612873256205,5,100.0,10000.0,1000000.0
TD3,2layers,all-critic,frelu,0.2,HalfCheetah-v4,2307783731.7724395,1903769060.7499347,5,3040.2374330852003,2492.738423793727,5,100.0,10000.0,1000000.0
TD3,2layers,all-critic,frelu,0.2,Hopper-v4,1490337697.8517892,812269829.718058,5,2057.2995122406187,1175.3648391259046,5,100.0,10000.0,1000000.0
TD3,2layers,all-critic,frelu,0.2,Humanoid-v4,3183849369.185309,653699320.4371648,5,5318.862418736388,223.97081269162751,5,100.0,10000.0,1000000.0
TD3,2layers,all-critic,frelu,0.2,Walker-Walk,799795591.559191,120816721.86238807,5,962.9616816406618,24.498026949031644,5,100.0,10000.0,1000000.0
TD3,2layers,all-critic,frelu,0.3,Ant-v4,2148273415.345414,503336104.41461194,5,2949.181714137402,330.10456343197995,5,100.0,10000.0,1000000.0
TD3,2layers,all-critic,frelu,0.3,Cartpole-Swingup,758155174.8028936,16431565.365597587,5,833.4364089089028,16.868864208226658,5,100.0,10000.0,1000000.0
TD3,2layers,all-critic,frelu,0.3,Cheetah-Run,498170126.9072936,65522349.07100739,5,627.7283252715088,154.21230362200225,5,100.0,10000.0,1000000.0
TD3,2layers,all-critic,frelu,0.3,Finger-Spin,577687000.0,322942066.19763863,5,708.4,387.9314372411702,5,100.0,10000.0,1000000.0
TD3,2layers,all-critic,frelu,0.3,HalfCheetah-v4,1343174605.1046083,107784796.73008986,5,1765.6243468525129,206.92288768477297,5,100.0,10000.0,1000000.0
TD3,2layers,all-critic,frelu,0.3,Hopper-v4,2184233962.2587895,671500352.2610614,5,3340.249383360012,159.0739157083741,5,100.0,10000.0,1000000.0
TD3,2layers,all-critic,frelu,0.3,Humanoid-v4,2890138434.773827,825804256.3946694,5,4106.838430795885,1766.9767606201176,5,100.0,10000.0,1000000.0
TD3,2layers,all-critic,frelu,0.3,Walker-Walk,697501650.7680776,273836412.7146148,5,788.2797329205409,310.00004205408146,5,100.0,10000.0,1000000.0
TD3,2layers,all-critic,frelu,0.4,Ant-v4,2145303758.7759762,465082668.1212994,5,3151.2388725318747,313.1569747445878,5,100.0,10000.0,1000000.0
TD3,2layers,all-critic,frelu,0.4,Cartpole-Swingup,760009353.7533492,4767667.38040078,5,815.4996884996324,73.29339650666083,5,100.0,10000.0,1000000.0
TD3,2layers,all-critic,frelu,0.4,Cheetah-Run,478882010.47085774,64713465.43301712,5,613.7020556501717,86.91299867401703,5,100.0,10000.0,1000000.0
TD3,2layers,all-critic,frelu,0.4,Finger-Spin,627579000.0,58280312.97101964,5,861.2,57.89386841453937,5,100.0,10000.0,1000000.0
TD3,2layers,all-critic,frelu,0.4,HalfCheetah-v4,1377074937.8417997,168102377.68808427,5,1803.1032859071063,179.2434282609837,5,100.0,10000.0,1000000.0
TD3,2layers,all-critic,frelu,0.4,Hopper-v4,1972172627.8368092,220491403.1086546,5,3283.6674709782264,86.90426505815486,5,100.0,10000.0,1000000.0
TD3,2layers,all-critic,frelu,0.4,Humanoid-v4,2123485121.4244838,1094599786.1578913,5,4159.464584287722,1997.948216690733,5,100.0,10000.0,1000000.0
TD3,2layers,all-critic,frelu,0.4,Walker-Walk,681690040.9798442,128796786.96749614,5,820.890254721252,127.84593008864611,5,100.0,10000.0,1000000.0
TD3,2layers,all-critic,frelu,0.5,Ant-v4,1391830612.952966,478913676.12948066,5,2280.4383951833997,1030.2090159561628,5,100.0,10000.0,1000000.0
TD3,2layers,all-critic,frelu,0.5,Cartpole-Swingup,758946278.177856,9670765.806570675,5,856.6107058034047,12.214638394401263,5,100.0,10000.0,1000000.0
TD3,2layers,all-critic,frelu,0.5,Cheetah-Run,481915917.77672493,30675055.147181887,5,655.6641899769504,50.23246592370044,5,100.0,10000.0,1000000.0
TD3,2layers,all-critic,frelu,0.5,Finger-Spin,448115000.0,255277096.48047158,5,594.8,353.38038994828224,5,100.0,10000.0,1000000.0
TD3,2layers,all-critic,frelu,0.5,HalfCheetah-v4,1671899623.8331544,1319171852.2188,5,2208.693891072143,1745.0051945551602,5,100.0,10000.0,1000000.0
TD3,2layers,all-critic,frelu,0.5,Hopper-v4,1716060657.114451,473186248.52756447,5,3164.891041688317,137.55899652547,5,100.0,10000.0,1000000.0
TD3,2layers,all-critic,frelu,0.5,Humanoid-v4,711902259.8524768,598413845.4715476,5,1503.064852059111,2026.9670385657707,5,100.0,10000.0,1000000.0
TD3,2layers,all-critic,frelu,0.5,Walker-Walk,627816663.8361646,160628254.94811684,5,935.8529333711698,51.14634935598541,5,100.0,10000.0,1000000.0
TD3,2layers,all-critic,fswish,0.1,Ant-v4,1904126056.880951,495320990.41222864,5,2178.11337890625,1827.6065927255647,5,100.0,10000.0,1000000.0
TD3,2layers,all-critic,fswish,0.1,Cartpole-Swingup,764646198.4114647,33401405.037934348,5,830.7692138671875,38.27849101851788,5,100.0,10000.0,1000000.0
TD3,2layers,all-critic,fswish,0.1,Cheetah-Run,450389283.32686424,96592360.00923443,5,563.3714660644531,134.13128372018747,5,100.0,10000.0,1000000.0
TD3,2layers,all-critic,fswish,0.1,Finger-Spin,803976000.0,11725178.783285141,5,921.2,37.305495573708704,5,100.0,10000.0,1000000.0
TD3,2layers,all-critic,fswish,0.1,HalfCheetah-v4,3623521557.4035645,2565606903.459915,5,4614.664819335938,3379.3381236887435,5,100.0,10000.0,1000000.0
TD3,2layers,all-critic,fswish,0.1,Hopper-v4,2256879292.694092,755998722.9306613,5,3172.0142578125,411.43286772292885,5,100.0,10000.0,1000000.0
TD3,2layers,all-critic,fswish,0.1,Humanoid-v4,3577639812.2558594,162871655.3557051,5,5230.098828125,164.98083502433354,5,100.0,10000.0,1000000.0
TD3,2layers,all-critic,fswish,0.1,Walker-Walk,799415487.9493713,101522817.83075587,5,887.5636474609375,97.01979521183193,5,100.0,10000.0,1000000.0
TD3,2layers,all-critic,fswish,0.2,Ant-v4,2214496964.8480415,248560464.25500476,5,3407.09150390625,396.7581886918956,5,100.0,10000.0,1000000.0
TD3,2layers,all-critic,fswish,0.2,Cartpole-Swingup,786069640.007019,19653446.27685844,5,846.8193359375,24.60472859513011,5,100.0,10000.0,1000000.0
TD3,2layers,all-critic,fswish,0.2,Cheetah-Run,477129996.5804219,58057087.810105465,5,596.5734741210938,96.68070525914288,5,100.0,10000.0,1000000.0
TD3,2layers,all-critic,fswish,0.2,Finger-Spin,804395000.0,43839255.24002432,5,927.2,38.86129179530706,5,100.0,10000.0,1000000.0
TD3,2layers,all-critic,fswish,0.2,HalfCheetah-v4,3420159296.4248657,2470336474.0487523,5,4504.587939453125,3401.789547103394,5,100.0,10000.0,1000000.0
TD3,2layers,all-critic,fswish,0.2,Hopper-v4,1799989968.4066772,912030907.462449,5,2743.2559204101562,1149.9323382450075,5,100.0,10000.0,1000000.0
TD3,2layers,all-critic,fswish,0.2,Humanoid-v4,3680410099.2126465,375576016.76629287,5,5074.5873046875,248.7691762283641,5,100.0,10000.0,1000000.0
TD3,2layers,all-critic,fswish,0.2,Walker-Walk,697507130.569458,126627919.07671246,5,799.95595703125,120.95638214874207,5,100.0,10000.0,1000000.0
TD3,2layers,all-critic,fswish,0.3,Ant-v4,2293208629.8217773,344915274.78328604,5,3413.938623046875,352.2012036765008,5,100.0,10000.0,1000000.0
TD3,2layers,all-critic,fswish,0.3,Cartpole-Swingup,749000287.399292,32892568.622694187,5,812.231689453125,32.543565294632586,5,100.0,10000.0,1000000.0
TD3,2layers,all-critic,fswish,0.3,Cheetah-Run,541217175.9943962,41584778.33711771,5,703.3803344726563,36.869741896435855,5,100.0,10000.0,1000000.0
TD3,2layers,all-critic,fswish,0.3,Finger-Spin,772847000.0,62999325.25432316,5,913.6,19.047309521294608,5,100.0,10000.0,1000000.0
TD3,2layers,all-critic,fswish,0.3,HalfCheetah-v4,3124319150.615692,2158288419.9405127,5,3890.0593994140627,2781.5137819085467,5,100.0,10000.0,1000000.0
TD3,2layers,all-critic,fswish,0.3,Hopper-v4,2313337855.7891846,467654454.69641113,5,3473.007421875,89.16770164401943,5,100.0,10000.0,1000000.0
TD3,2layers,all-critic,fswish,0.3,Humanoid-v4,3489612550.186157,579833880.6741979,5,5247.288671875,225.8331370592027,5,100.0,10000.0,1000000.0
TD3,2layers,all-critic,fswish,0.3,Walker-Walk,708012199.4628906,98974355.48266819,5,876.7886596679688,106.49190021037224,5,100.0,10000.0,1000000.0
TD3,2layers,all-critic,fswish,0.4,Ant-v4,2249368469.4480896,251133314.40143496,5,3585.890380859375,615.5921193988956,5,100.0,10000.0,1000000.0
TD3,2layers,all-critic,fswish,0.4,Cartpole-Swingup,789265613.9526367,14677410.747741058,5,834.1088989257812,29.666275858385962,5,100.0,10000.0,1000000.0
TD3,2layers,all-critic,fswish,0.4,Cheetah-Run,510270365.9182787,29234803.123067103,5,682.4415283203125,54.010330479674444,5,100.0,10000.0,1000000.0
TD3,2layers,all-critic,fswish,0.4,Finger-Spin,764283000.0,39406768.23211971,5,917.4,12.856904759700141,5,100.0,10000.0,1000000.0
TD3,2layers,all-critic,fswish,0.4,HalfCheetah-v4,3256245859.752655,2424467699.6722,5,4097.61787109375,3101.397092277565,5,100.0,10000.0,1000000.0
TD3,2layers,all-critic,fswish,0.4,Hopper-v4,1738142450.3631592,898683485.3083867,5,2720.366491699219,1269.9005816378651,5,100.0,10000.0,1000000.0
TD3,2layers,all-critic,fswish,0.4,Humanoid-v4,3771851051.4144897,257000410.82458386,5,5471.4650390625,475.92906959047855,5,100.0,10000.0,1000000.0
TD3,2layers,all-critic,fswish,0.4,Walker-Walk,757603841.375351,121309063.729253,5,892.2580444335938,111.17433549135713,5,100.0,10000.0,1000000.0
TD3,2layers,all-critic,fswish,0.5,Ant-v4,1877428306.6253662,412289012.3454031,5,2981.05380859375,339.06092963336704,5,100.0,10000.0,1000000.0
TD3,2layers,all-critic,fswish,0.5,Cartpole-Swingup,770706920.3338623,21153520.459177822,5,824.8592407226563,35.838028092619375,5,100.0,10000.0,1000000.0
TD3,2layers,all-critic,fswish,0.5,Cheetah-Run,486269292.3953533,40525291.31583348,5,646.4431030273438,65.39745795486488,5,100.0,10000.0,1000000.0
TD3,2layers,all-critic,fswish,0.5,Finger-Spin,733817000.0,121344830.16387635,5,919.0,33.384127965247195,5,100.0,10000.0,1000000.0
TD3,2layers,all-critic,fswish,0.5,HalfCheetah-v4,2952545601.8505096,2072224757.9189153,5,3731.4349853515623,2567.975628133454,5,100.0,10000.0,1000000.0
TD3,2layers,all-critic,fswish,0.5,Hopper-v4,2139848505.7907104,772036655.6777705,5,2952.3770751953125,1083.1535569188563,5,100.0,10000.0,1000000.0
TD3,2layers,all-critic,fswish,0.5,Humanoid-v4,3943764345.8099365,178054146.44677597,5,5396.22880859375,217.97643979761173,5,100.0,10000.0,1000000.0
TD3,2layers,all-critic,fswish,0.5,Walker-Walk,786726303.3866882,76454045.7076,5,953.1186767578125,25.811687212191327,5,100.0,10000.0,1000000.0
TD3,2layers,all-critic,gelu,NA,Ant-v4,2414287590.0797844,487043467.6339848,5,3002.3470825195313,1181.129309237516,5,100.0,10000.0,1000000.0
TD3,2layers,all-critic,gelu,NA,Cartpole-Swingup,765531702.3162842,31323355.796647288,5,802.16806640625,53.86375420910006,5,100.0,10000.0,1000000.0
TD3,2layers,all-critic,gelu,NA,Cheetah-Run,487511409.86442566,41188564.12130633,5,622.5916748046875,46.03067448189319,5,100.0,10000.0,1000000.0
TD3,2layers,all-critic,gelu,NA,Finger-Spin,805891000.0,24818859.109556176,5,936.8,29.371755139929924,5,100.0,10000.0,1000000.0
TD3,2layers,all-critic,gelu,NA,HalfCheetah-v4,2846934357.031822,2624285151.1030507,5,3709.061669921875,3726.3245233635384,5,100.0,10000.0,1000000.0
TD3,2layers,all-critic,gelu,NA,Hopper-v4,2255502275.604248,377590504.93013906,5,2905.1848876953127,941.9071409845042,5,100.0,10000.0,1000000.0
TD3,2layers,all-critic,gelu,NA,Humanoid-v4,3394750659.8472595,356166994.8764778,5,5286.095703125,134.16204522591676,5,100.0,10000.0,1000000.0
TD3,2layers,all-critic,gelu,NA,Walker-Walk,774152726.5625,105529317.51169637,5,886.6981323242187,106.36990728774086,5,100.0,10000.0,1000000.0
TD3,2layers,all-critic,lrelu,NA,Ant-v4,2274864644.560337,146364735.60611066,5,3349.5365234375,429.31764710911466,5,100.0,10000.0,1000000.0
TD3,2layers,all-critic,lrelu,NA,Cartpole-Swingup,682227584.4650269,69549835.84577216,5,817.7638549804688,48.69290605244288,5,100.0,10000.0,1000000.0
TD3,2layers,all-critic,lrelu,NA,Cheetah-Run,413442220.72029114,77832490.2722425,5,540.0464782714844,131.36978658723294,5,100.0,10000.0,1000000.0
TD3,2layers,all-critic,lrelu,NA,Finger-Spin,618170000.0,82281577.67690167,5,850.0,22.20360331117452,5,100.0,10000.0,1000000.0
TD3,2layers,all-critic,lrelu,NA,HalfCheetah-v4,2039180665.8706665,1140157429.5742369,5,2717.2313720703123,1947.0423989610404,5,100.0,10000.0,1000000.0
TD3,2layers,all-critic,lrelu,NA,Hopper-v4,1815169758.808136,581643681.4726827,5,3005.4559814453123,547.3390532523731,5,100.0,10000.0,1000000.0
TD3,2layers,all-critic,lrelu,NA,Humanoid-v4,3524995463.256836,361364148.6430875,5,5475.517578125,406.68722388561673,5,100.0,10000.0,1000000.0
TD3,2layers,all-critic,lrelu,NA,Walker-Walk,619852018.8598633,229155114.10129085,5,599.2247711181641,325.7134336146385,5,100.0,10000.0,1000000.0
TD3,2layers,all-critic,prelu,NA,Ant-v4,2458076024.576664,310629916.09625095,5,3334.21328125,604.2260973228538,5,100.0,10000.0,1000000.0
TD3,2layers,all-critic,prelu,NA,Cartpole-Swingup,730580140.4266357,20615858.22890833,5,804.2707763671875,75.78329825802234,5,100.0,10000.0,1000000.0
TD3,2layers,all-critic,prelu,NA,Cheetah-Run,447219448.80115986,71458242.38501182,5,617.1725891113281,106.38455711664474,5,100.0,10000.0,1000000.0
TD3,2layers,all-critic,prelu,NA,Finger-Spin,695497000.0,59656542.97727954,5,837.2,43.82579149313791,5,100.0,10000.0,1000000.0
TD3,2layers,all-critic,prelu,NA,HalfCheetah-v4,1497535994.0452576,176864234.324979,5,1882.849658203125,186.40597694952535,5,100.0,10000.0,1000000.0
TD3,2layers,all-critic,prelu,NA,Hopper-v4,2246773038.816452,279310991.6234991,5,2468.2763580322267,1297.9619649907827,5,100.0,10000.0,1000000.0
TD3,2layers,all-critic,prelu,NA,Humanoid-v4,3124569982.940674,890043383.0745664,5,5282.26533203125,510.69595911340195,5,100.0,10000.0,1000000.0
TD3,2layers,all-critic,prelu,NA,Walker-Walk,655000265.4533386,236031032.09581265,5,716.2595153808594,277.72652346410604,5,100.0,10000.0,1000000.0
TD3,2layers,all-critic,swish,NA,Ant-v4,2131498781.1012268,311332031.6479609,5,2864.11943359375,341.44490358910133,5,100.0,10000.0,1000000.0
TD3,2layers,all-critic,swish,NA,Cartpole-Swingup,768143967.4552679,14578088.393571455,5,787.294189453125,51.71492241456466,5,100.0,10000.0,1000000.0
TD3,2layers,all-critic,swish,NA,Cheetah-Run,433304612.53607273,55332020.78280863,5,587.077099609375,74.27568893202186,5,100.0,10000.0,1000000.0
TD3,2layers,all-critic,swish,NA,Finger-Spin,755297000.0,70263185.20391741,5,910.6,57.851534119675684,5,100.0,10000.0,1000000.0
TD3,2layers,all-critic,swish,NA,HalfCheetah-v4,4278829882.8163147,2293023610.927416,5,5774.445239257812,3374.8011371721673,5,100.0,10000.0,1000000.0
TD3,2layers,all-critic,swish,NA,Hopper-v4,2311771284.9121094,314510310.4401368,5,3289.391357421875,108.73027381571143,5,100.0,10000.0,1000000.0
TD3,2layers,all-critic,swish,NA,Humanoid-v4,3643748210.5941772,401764243.7913954,5,5248.37470703125,332.0338853595222,5,100.0,10000.0,1000000.0
TD3,2layers,all-critic,swish,NA,Walker-Walk,817756128.8986206,55143582.15485669,5,955.1809936523438,12.734535250693973,5,100.0,10000.0,1000000.0
TD3,2layers,first-actor,fgelu,0.1,Ant-v4,2452531345.7427025,282850051.96284467,5,3569.406689453125,316.56914269963215,5,100.0,10000.0,1000000.0
TD3,2layers,first-actor,fgelu,0.1,Cartpole-Swingup,762289730.6671143,14936839.417222755,5,830.3685668945312,23.23429377362234,5,100.0,10000.0,1000000.0
TD3,2layers,first-actor,fgelu,0.1,Cheetah-Run,485198732.3188782,41355270.48449477,5,657.82685546875,83.54289276330329,5,100.0,10000.0,1000000.0
TD3,2layers,first-actor,fgelu,0.1,Finger-Spin,779124000.0,58754943.3452199,5,917.2,39.795728413989345,5,100.0,10000.0,1000000.0
TD3,2layers,first-actor,fgelu,0.1,HalfCheetah-v4,1566358990.0188446,90871371.7971179,5,1927.7081298828125,119.36435276718038,5,100.0,10000.0,1000000.0
TD3,2layers,first-actor,fgelu,0.1,Hopper-v4,1966394965.7917023,316410092.8534767,5,3391.745361328125,146.23040870868056,5,100.0,10000.0,1000000.0
TD3,2layers,first-actor,fgelu,0.1,Humanoid-v4,3584060696.82312,351050796.9442475,5,5311.38466796875,271.3676549207408,5,100.0,10000.0,1000000.0
TD3,2layers,first-actor,fgelu,0.1,Walker-Walk,682221934.5722198,127401610.27230875,5,828.9544921875,120.44495889381889,5,100.0,10000.0,1000000.0
TD3,2layers,first-actor,fgelu,0.2,Ant-v4,2443080967.679262,36920391.548064634,5,3351.08193359375,361.1279787927676,5,100.0,10000.0,1000000.0
TD3,2layers,first-actor,fgelu,0.2,Cartpole-Swingup,762106206.6040039,8572963.994618615,5,834.1151489257812,34.059308003983055,5,100.0,10000.0,1000000.0
TD3,2layers,first-actor,fgelu,0.2,Cheetah-Run,522107051.00917816,31984033.289311532,5,689.7398193359375,21.854071376537934,5,100.0,10000.0,1000000.0
TD3,2layers,first-actor,fgelu,0.2,Finger-Spin,784375000.0,19402815.195223607,5,918.4,23.828554299411454,5,100.0,10000.0,1000000.0
TD3,2layers,first-actor,fgelu,0.2,HalfCheetah-v4,2304767496.2472916,1613537162.2136183,5,3031.844873046875,2429.858985305824,5,100.0,10000.0,1000000.0
TD3,2layers,first-actor,fgelu,0.2,Hopper-v4,1836731858.9134216,321871740.0562609,5,3333.57705078125,157.31064740138882,5,100.0,10000.0,1000000.0
TD3,2layers,first-actor,fgelu,0.2,Humanoid-v4,3203938709.5718384,634247500.51827,5,5042.33515625,216.9857027439675,5,100.0,10000.0,1000000.0
TD3,2layers,first-actor,fgelu,0.2,Walker-Walk,676571555.439949,210778097.6505872,5,848.3068481445313,130.30176708621457,5,100.0,10000.0,1000000.0
TD3,2layers,first-actor,fgelu,0.3,Ant-v4,2514319545.939088,417457758.84829146,5,3637.703955078125,439.22549976448903,5,100.0,10000.0,1000000.0
TD3,2layers,first-actor,fgelu,0.3,Cartpole-Swingup,752158597.0458984,13570266.962817963,5,832.032080078125,18.9322491060023,5,100.0,10000.0,1000000.0
TD3,2layers,first-actor,fgelu,0.3,Cheetah-Run,504825644.701004,54142225.26066076,5,687.5771850585937,97.13781193930997,5,100.0,10000.0,1000000.0
TD3,2layers,first-actor,fgelu,0.3,Finger-Spin,773871000.0,56857723.68377052,5,918.2,15.896540504147444,5,100.0,10000.0,1000000.0
TD3,2layers,first-actor,fgelu,0.3,HalfCheetah-v4,2431582463.218689,1944638225.201538,5,3346.4521240234376,3079.015633168104,5,100.0,10000.0,1000000.0
TD3,2layers,first-actor,fgelu,0.3,Hopper-v4,2037207390.12146,377602779.2196881,5,3312.24111328125,125.07884360119498,5,100.0,10000.0,1000000.0
TD3,2layers,first-actor,fgelu,0.3,Humanoid-v4,2821526343.2769775,782513144.3151265,5,5202.2013671875,290.2201992890067,5,100.0,10000.0,1000000.0
TD3,2layers,first-actor,fgelu,0.3,Walker-Walk,744480753.1356812,109180832.82033287,5,849.26494140625,105.1519612463367,5,100.0,10000.0,1000000.0
TD3,2layers,first-actor,fgelu,0.4,Ant-v4,2729742385.682106,239731656.8578705,5,3527.2361083984374,1043.066591644715,5,100.0,10000.0,1000000.0
TD3,2layers,first-actor,fgelu,0.4,Cartpole-Swingup,753635251.1138916,26888011.075549465,5,841.7850341796875,20.829976999106222,5,100.0,10000.0,1000000.0
TD3,2layers,first-actor,fgelu,0.4,Cheetah-Run,509930182.0421219,71045377.04468738,5,677.0091918945312,123.57235295331776,5,100.0,10000.0,1000000.0
TD3,2layers,first-actor,fgelu,0.4,Finger-Spin,588623000.0,339272339.78766966,5,721.2,403.94516954656115,5,100.0,10000.0,1000000.0
TD3,2layers,first-actor,fgelu,0.4,HalfCheetah-v4,1634453074.4438171,121589132.55062014,5,2036.5839111328125,162.22843290281344,5,100.0,10000.0,1000000.0
TD3,2layers,first-actor,fgelu,0.4,Hopper-v4,2001766994.0185547,505016999.1139616,5,3221.3587890625,98.69855339365616,5,100.0,10000.0,1000000.0
TD3,2layers,first-actor,fgelu,0.4,Humanoid-v4,3079395064.289093,697109757.0518123,5,4200.098205566406,2000.9744984161664,5,100.0,10000.0,1000000.0
TD3,2layers,first-actor,fgelu,0.4,Walker-Walk,803629519.3748474,139767082.6613121,5,918.1483154296875,97.57069493729361,5,100.0,10000.0,1000000.0
TD3,2layers,first-actor,fgelu,0.5,Ant-v4,2573295201.871872,293286932.16400653,5,3111.63876953125,1136.3216863919986,5,100.0,10000.0,1000000.0
TD3,2layers,first-actor,fgelu,0.5,Cartpole-Swingup,760860011.9018555,15433697.60518953,5,813.0961791992188,32.90250656858012,5,100.0,10000.0,1000000.0
TD3,2layers,first-actor,fgelu,0.5,Cheetah-Run,500556686.6695881,88252763.11358073,5,623.1874145507812,129.28699137838112,5,100.0,10000.0,1000000.0
TD3,2layers,first-actor,fgelu,0.5,Finger-Spin,611806000.0,343286916.32146424,5,730.0,409.0140584380933,5,100.0,10000.0,1000000.0
TD3,2layers,first-actor,fgelu,0.5,HalfCheetah-v4,4254040232.3875427,2414264709.4614286,5,5640.500146484375,3513.185526297051,5,100.0,10000.0,1000000.0
TD3,2layers,first-actor,fgelu,0.5,Hopper-v4,2182857749.015808,171099404.10716903,5,3389.317626953125,95.64928814909264,5,100.0,10000.0,1000000.0
TD3,2layers,first-actor,fgelu,0.5,Humanoid-v4,2725281185.897827,1180721932.3306873,5,4667.78076171875,1795.2898754186642,5,100.0,10000.0,1000000.0
TD3,2layers,first-actor,fgelu,0.5,Walker-Walk,804374898.6759186,65243104.08470019,5,927.2175048828125,68.5032650869439,5,100.0,10000.0,1000000.0
TD3,2layers,first-actor,flrelu,0.1,Ant-v4,2297704033.934615,306874251.70333827,5,2595.036146967902,850.2452619828096,5,100.0,10000.0,1000000.0
TD3,2layers,first-actor,flrelu,0.1,Cartpole-Swingup,693895920.0634267,29638361.50095678,5,831.9896124055442,26.02977537583401,5,100.0,10000.0,1000000.0
TD3,2layers,first-actor,flrelu,0.1,Cheetah-Run,485869842.61040485,17443227.452253714,5,620.9453936771794,46.98450167064114,5,100.0,10000.0,1000000.0
TD3,2layers,first-actor,flrelu,0.1,Finger-Spin,601530000.0,338353001.53833425,5,785.4,303.69277238683173,5,100.0,10000.0,1000000.0
TD3,2layers,first-actor,flrelu,0.1,HalfCheetah-v4,4943284399.553876,2020605747.6090734,5,6833.10062534707,3149.2082422735116,5,100.0,10000.0,1000000.0
TD3,2layers,first-actor,flrelu,0.1,Hopper-v4,2359745843.5364895,186348182.18312037,5,3131.66544293577,618.7582777271664,5,100.0,10000.0,1000000.0
TD3,2layers,first-actor,flrelu,0.1,Humanoid-v4,3397388848.339778,382222929.00462246,5,5193.279698812159,226.02887542288744,5,100.0,10000.0,1000000.0
TD3,2layers,first-actor,flrelu,0.1,Walker-Walk,775575759.446346,119850156.12632394,5,912.535485957337,70.93477351911879,5,100.0,10000.0,1000000.0
TD3,2layers,first-actor,flrelu,0.2,Ant-v4,2389079876.387009,361412996.911422,5,3637.4116749448003,529.7758854267846,5,100.0,10000.0,1000000.0
TD3,2layers,first-actor,flrelu,0.2,Cartpole-Swingup,724791141.2515194,26148516.9354498,5,846.3977699744115,15.201095318610301,5,100.0,10000.0,1000000.0
TD3,2layers,first-actor,flrelu,0.2,Cheetah-Run,479951901.48357725,55393330.884504005,5,645.6056942373572,113.1991985562322,5,100.0,10000.0,1000000.0
TD3,2layers,first-actor,flrelu,0.2,Finger-Spin,686497000.0,140264277.99871212,5,912.0,31.945265689926575,5,100.0,10000.0,1000000.0
TD3,2layers,first-actor,flrelu,0.2,HalfCheetah-v4,3119399155.6382527,2110143373.9013767,5,4053.1543162792586,2749.6966412785846,5,100.0,10000.0,1000000.0
TD3,2layers,first-actor,flrelu,0.2,Hopper-v4,2141533024.30201,356513103.0188732,5,3159.2327363803797,500.7347930104423,5,100.0,10000.0,1000000.0
TD3,2layers,first-actor,flrelu,0.2,Humanoid-v4,3411610756.1729875,376714526.0509786,5,5265.29342321962,274.04300250230716,5,100.0,10000.0,1000000.0
TD3,2layers,first-actor,flrelu,0.2,Walker-Walk,738294955.037241,149693640.6053302,5,899.5800804111925,87.18133136907817,5,100.0,10000.0,1000000.0
TD3,2layers,first-actor,flrelu,0.3,Ant-v4,2455954619.322287,233539834.77299535,5,3528.071028325771,356.89639473741187,5,100.0,10000.0,1000000.0
TD3,2layers,first-actor,flrelu,0.3,Cartpole-Swingup,709357661.7567046,16767268.43640668,5,840.5836771535938,25.16560316097129,5,100.0,10000.0,1000000.0
TD3,2layers,first-actor,flrelu,0.3,Cheetah-Run,532825582.2241686,34317208.42233693,5,726.4511275515836,39.955271152853875,5,100.0,10000.0,1000000.0
TD3,2layers,first-actor,flrelu,0.3,Finger-Spin,741217000.0,65831171.24508723,5,905.4,6.804410334481594,5,100.0,10000.0,1000000.0
TD3,2layers,first-actor,flrelu,0.3,HalfCheetah-v4,1686376965.065175,114643369.55436099,5,2140.373339259638,167.40793297620203,5,100.0,10000.0,1000000.0
TD3,2layers,first-actor,flrelu,0.3,Hopper-v4,2205684288.394917,303474827.95391357,5,3343.868026708061,200.09963551401745,5,100.0,10000.0,1000000.0
TD3,2layers,first-actor,flrelu,0.3,Humanoid-v4,3657553307.445951,186015318.98968238,5,5300.603679298079,286.19321224257334,5,100.0,10000.0,1000000.0
TD3,2layers,first-actor,flrelu,0.3,Walker-Walk,766746861.5106491,87117676.87598994,5,851.0930178335362,130.92433239903585,5,100.0,10000.0,1000000.0
TD3,2layers,first-actor,flrelu,0.4,Ant-v4,2471032680.051748,280026751.67727596,5,3417.2943392410843,696.0257566398083,5,100.0,10000.0,1000000.0
TD3,2layers,first-actor,flrelu,0.4,Cartpole-Swingup,696246915.9730555,35586681.24226699,5,799.9333879569508,27.32448718390442,5,100.0,10000.0,1000000.0
TD3,2layers,first-actor,flrelu,0.4,Cheetah-Run,502625931.7087267,57784043.247610904,5,656.4834499499759,104.92590905312025,5,100.0,10000.0,1000000.0
TD3,2layers,first-actor,flrelu,0.4,Finger-Spin,717237000.0,128981966.01657148,5,904.4,42.927846440276966,5,100.0,10000.0,1000000.0
TD3,2layers,first-actor,flrelu,0.4,HalfCheetah-v4,2924463737.805641,1921382068.262301,5,4016.723818292559,2798.1642935430727,5,100.0,10000.0,1000000.0
TD3,2layers,first-actor,flrelu,0.4,Hopper-v4,1794124270.104393,755629668.3001722,5,3083.591972339212,568.3798525841489,5,100.0,10000.0,1000000.0
TD3,2layers,first-actor,flrelu,0.4,Humanoid-v4,3335237725.4550815,533333420.8341937,5,5237.5306045859725,207.42082285228415,5,100.0,10000.0,1000000.0
TD3,2layers,first-actor,flrelu,0.4,Walker-Walk,752971793.2893813,120399192.23052047,5,876.9462772566221,97.11325438166004,5,100.0,10000.0,1000000.0
TD3,2layers,first-actor,flrelu,0.5,Ant-v4,2147140041.9278693,247695623.99878907,5,3265.4960606174345,569.3478983261899,5,100.0,10000.0,1000000.0
TD3,2layers,first-actor,flrelu,0.5,Cartpole-Swingup,705008611.7814567,21985751.59983546,5,826.9404326237958,23.07775711895054,5,100.0,10000.0,1000000.0
TD3,2layers,first-actor,flrelu,0.5,Cheetah-Run,509117136.23817027,68997792.64074476,5,710.9904006355882,84.68751496422864,5,100.0,10000.0,1000000.0
TD3,2layers,first-actor,flrelu,0.5,Finger-Spin,755246000.0,43698553.09389546,5,897.2,42.37570058417913,5,100.0,10000.0,1000000.0
TD3,2layers,first-actor,flrelu,0.5,HalfCheetah-v4,3078137480.4198723,2422224845.687773,5,4354.228882376788,3694.7906301917164,5,100.0,10000.0,1000000.0
TD3,2layers,first-actor,flrelu,0.5,Hopper-v4,1929669940.4308772,762224333.9071189,5,2832.985704394356,1148.4420211837264,5,100.0,10000.0,1000000.0
TD3,2layers,first-actor,flrelu,0.5,Humanoid-v4,3485594553.7213783,390037732.19342834,5,5253.400007235798,281.95554888385686,5,100.0,10000.0,1000000.0
TD3,2layers,first-actor,flrelu,0.5,Walker-Walk,763910663.3093936,128835443.88629523,5,942.8936056619183,41.206270047532406,5,100.0,10000.0,1000000.0
TD3,2layers,first-actor,fprelu,0.1,Ant-v4,2327630025.790643,239691393.72478878,5,3520.7308799895545,365.267698980849,5,100.0,10000.0,1000000.0
TD3,2layers,first-actor,fprelu,0.1,Cartpole-Swingup,778885048.9586208,9932597.698759694,5,830.6878282125299,29.16496201944002,5,100.0,10000.0,1000000.0
TD3,2layers,first-actor,fprelu,0.1,Cheetah-Run,520252719.38274384,33180746.528441276,5,676.8393450369676,25.608722778858965,5,100.0,10000.0,1000000.0
TD3,2layers,first-actor,fprelu,0.1,Finger-Spin,574591000.0,324665237.19440615,5,701.4,404.51365860746904,5,100.0,10000.0,1000000.0
TD3,2layers,first-actor,fprelu,0.1,HalfCheetah-v4,2422229446.5615873,1903394686.045654,5,3319.988014363307,2934.5722310197466,5,100.0,10000.0,1000000.0
TD3,2layers,first-actor,fprelu,0.1,Hopper-v4,2241056470.154828,402698081.7775198,5,3335.7943470675077,178.4590558730496,5,100.0,10000.0,1000000.0
TD3,2layers,first-actor,fprelu,0.1,Humanoid-v4,2933364828.6987615,1215159830.8394427,5,4337.690616416142,1876.5573421099164,5,100.0,10000.0,1000000.0
TD3,2layers,first-actor,fprelu,0.1,Walker-Walk,816063222.7082856,101443878.30474985,5,914.1270364291146,95.29312962723266,5,100.0,10000.0,1000000.0
TD3,2layers,first-actor,fprelu,0.2,Ant-v4,2425516822.635759,252733230.53369325,5,3688.1930240198044,298.07424979731445,5,100.0,10000.0,1000000.0
TD3,2layers,first-actor,fprelu,0.2,Cartpole-Swingup,749378131.3736532,9195917.717629459,5,811.6050282142371,21.69320692160917,5,100.0,10000.0,1000000.0
TD3,2layers,first-actor,fprelu,0.2,Cheetah-Run,536132226.50268257,63747218.43300546,5,718.3464693562335,106.00856349721748,5,100.0,10000.0,1000000.0
TD3,2layers,first-actor,fprelu,0.2,Finger-Spin,707736000.0,61737805.41532069,5,900.0,85.14399567791025,5,100.0,10000.0,1000000.0
TD3,2layers,first-actor,fprelu,0.2,HalfCheetah-v4,2332839722.524578,1499334304.4524834,5,3020.9767632138623,2113.2729444386146,5,100.0,10000.0,1000000.0
TD3,2layers,first-actor,fprelu,0.2,Hopper-v4,1749276390.0263152,840134866.6007144,5,3021.4652218021342,668.2372627646977,5,100.0,10000.0,1000000.0
TD3,2layers,first-actor,fprelu,0.2,Humanoid-v4,3144464563.2813735,777645003.816877,5,4458.900293640148,2062.5167471877007,5,100.0,10000.0,1000000.0
TD3,2layers,first-actor,fprelu,0.2,Walker-Walk,774437941.1446302,183875174.52865192,5,881.771045746458,158.59403097678907,5,100.0,10000.0,1000000.0
TD3,2layers,first-actor,fprelu,0.3,Ant-v4,2312889017.1730604,289196985.96820533,5,3540.0764441953897,355.95121080333917,5,100.0,10000.0,1000000.0
TD3,2layers,first-actor,fprelu,0.3,Cartpole-Swingup,764976210.0036023,25712462.726509623,5,841.5379507586935,11.356397935291982,5,100.0,10000.0,1000000.0
TD3,2layers,first-actor,fprelu,0.3,Cheetah-Run,540707206.3919538,58161048.11484466,5,698.3409675968336,58.35169195747933,5,100.0,10000.0,1000000.0
TD3,2layers,first-actor,fprelu,0.3,Finger-Spin,732499000.0,47867229.83942146,5,882.4,51.8729216451127,5,100.0,10000.0,1000000.0
TD3,2layers,first-actor,fprelu,0.3,HalfCheetah-v4,2719107510.408509,1503978334.1539392,5,3844.7861411914114,2485.307855642166,5,100.0,10000.0,1000000.0
TD3,2layers,first-actor,fprelu,0.3,Hopper-v4,2030892040.5241914,305994240.21217906,5,2952.8096736746274,1117.8296034619946,5,100.0,10000.0,1000000.0
TD3,2layers,first-actor,fprelu,0.3,Humanoid-v4,3684836076.0471067,409259306.10640234,5,5392.026687288527,524.0386284728,5,100.0,10000.0,1000000.0
TD3,2layers,first-actor,fprelu,0.3,Walker-Walk,811373277.6513764,138892039.27979165,5,900.9444365024601,147.8839513823956,5,100.0,10000.0,1000000.0
TD3,2layers,first-actor,fprelu,0.4,Ant-v4,2446555501.752454,190891633.73479885,5,3327.7351752898626,322.6743999602347,5,100.0,10000.0,1000000.0
TD3,2layers,first-actor,fprelu,0.4,Cartpole-Swingup,771832950.9040349,18285776.075281538,5,834.7411799176214,25.910240019446263,5,100.0,10000.0,1000000.0
TD3,2layers,first-actor,fprelu,0.4,Cheetah-Run,462781158.1256708,32319510.31785591,5,635.313178222121,63.987176905098046,5,100.0,10000.0,1000000.0
TD3,2layers,first-actor,fprelu,0.4,Finger-Spin,584253000.0,328664215.910403,5,727.4,407.2773011106806,5,100.0,10000.0,1000000.0
TD3,2layers,first-actor,fprelu,0.4,HalfCheetah-v4,2476979981.7998805,1496250413.9981365,5,3756.3096952789165,2448.7178679586796,5,100.0,10000.0,1000000.0
TD3,2layers,first-actor,fprelu,0.4,Hopper-v4,2151320587.704518,328351464.6001018,5,3331.8914340847564,130.2651778441083,5,100.0,10000.0,1000000.0
TD3,2layers,first-actor,fprelu,0.4,Humanoid-v4,3590996658.088403,276163250.38044316,5,5256.635577929597,349.0135635393888,5,100.0,10000.0,1000000.0
TD3,2layers,first-actor,fprelu,0.4,Walker-Walk,827410884.8147106,75862671.86751248,5,911.9183798251548,75.94640862279965,5,100.0,10000.0,1000000.0
TD3,2layers,first-actor,fprelu,0.5,Ant-v4,2451135369.375548,202630956.23773697,5,2683.7636216217907,2103.84076622759,5,100.0,10000.0,1000000.0
TD3,2layers,first-actor,fprelu,0.5,Cartpole-Swingup,764299058.351093,27501306.89223322,5,813.8040127373341,53.437683929705756,5,100.0,10000.0,1000000.0
TD3,2layers,first-actor,fprelu,0.5,Cheetah-Run,478800647.3332612,64431225.93932491,5,640.2738589533935,94.75803623194399,5,100.0,10000.0,1000000.0
TD3,2layers,first-actor,fprelu,0.5,Finger-Spin,711964000.0,118639617.71895592,5,901.6,18.392933425639313,5,100.0,10000.0,1000000.0
TD3,2layers,first-actor,fprelu,0.5,HalfCheetah-v4,2861800357.024974,1723278353.2830236,5,3460.135665909734,2057.6192529012797,5,100.0,10000.0,1000000.0
TD3,2layers,first-actor,fprelu,0.5,Hopper-v4,1924566684.6790462,458347207.4971365,5,3330.7310919425263,111.47065430218811,5,100.0,10000.0,1000000.0
TD3,2layers,first-actor,fprelu,0.5,Humanoid-v4,3612331122.9357734,266611748.28538972,5,5351.930000869987,348.1185534790457,5,100.0,10000.0,1000000.0
TD3,2layers,first-actor,fprelu,0.5,Walker-Walk,793235746.0482167,123482347.87506305,5,889.7790458521383,112.32697497996357,5,100.0,10000.0,1000000.0
TD3,2layers,first-actor,frelu,0.1,Ant-v4,2295030935.477244,204482236.91606793,5,3309.0692851821163,668.372993334376,5,100.0,10000.0,1000000.0
TD3,2layers,first-actor,frelu,0.1,Cartpole-Swingup,755157349.0228462,26857872.953039795,5,839.8664751735818,6.674258278707521,5,100.0,10000.0,1000000.0
TD3,2layers,first-actor,frelu,0.1,Cheetah-Run,532063688.53619957,35555063.63027979,5,721.3798589733968,46.00324544020531,5,100.0,10000.0,1000000.0
TD3,2layers,first-actor,frelu,0.1,Finger-Spin,574154000.0,321759769.2650528,5,549.2,501.6559578037522,5,100.0,10000.0,1000000.0
TD3,2layers,first-actor,frelu,0.1,HalfCheetah-v4,1551139321.1416798,169757268.98929033,5,2039.0060816057442,85.32279711910911,5,100.0,10000.0,1000000.0
TD3,2layers,first-actor,frelu,0.1,Hopper-v4,1674954394.8920052,569006907.8889468,5,2930.290592574153,1045.4920430592128,5,100.0,10000.0,1000000.0
TD3,2layers,first-actor,frelu,0.1,Humanoid-v4,1756140553.3006988,958647146.7652342,5,3601.4008585314673,2172.2086052684467,5,100.0,10000.0,1000000.0
TD3,2layers,first-actor,frelu,0.1,Walker-Walk,759781135.9128295,87035742.8122442,5,869.4853916724629,103.23664407117887,5,100.0,10000.0,1000000.0
TD3,2layers,first-actor,frelu,0.2,Ant-v4,2126215577.4696689,461406479.84091455,5,3040.7871862375255,353.846486928303,5,100.0,10000.0,1000000.0
TD3,2layers,first-actor,frelu,0.2,Cartpole-Swingup,748251727.5080458,15917943.93688512,5,796.2744672644743,54.366591228044186,5,100.0,10000.0,1000000.0
TD3,2layers,first-actor,frelu,0.2,Cheetah-Run,515810806.6095661,39651165.6381727,5,697.8480812818349,58.29837033097277,5,100.0,10000.0,1000000.0
TD3,2layers,first-actor,frelu,0.2,Finger-Spin,754468000.0,31997563.69631913,5,898.4,26.082561223928913,5,100.0,10000.0,1000000.0
TD3,2layers,first-actor,frelu,0.2,HalfCheetah-v4,2885455297.2971787,1787157687.9740326,5,3526.0547852507757,2184.9667835353494,5,100.0,10000.0,1000000.0
TD3,2layers,first-actor,frelu,0.2,Hopper-v4,2271752018.436673,290002395.87121505,5,3294.2572061170927,160.43332161627296,5,100.0,10000.0,1000000.0
TD3,2layers,first-actor,frelu,0.2,Humanoid-v4,1354647850.3115623,653734760.3059034,5,3513.5971116938117,2179.9642317795565,5,100.0,10000.0,1000000.0
TD3,2layers,first-actor,frelu,0.2,Walker-Walk,845947838.2116762,83230424.31264105,5,922.3337379613571,73.46964648350496,5,100.0,10000.0,1000000.0
TD3,2layers,first-actor,frelu,0.3,Ant-v4,2631540484.233625,405211507.7420272,5,3334.0588814452494,1379.8949263741329,5,100.0,10000.0,1000000.0
TD3,2layers,first-actor,frelu,0.3,Cartpole-Swingup,748620101.1103941,24575607.831718452,5,836.2882335826547,18.695761797916767,5,100.0,10000.0,1000000.0
TD3,2layers,first-actor,frelu,0.3,Cheetah-Run,500428720.7529937,61247929.880137585,5,662.0669560228006,99.16607569691499,5,100.0,10000.0,1000000.0
TD3,2layers,first-actor,frelu,0.3,Finger-Spin,730918000.0,37203440.80189358,5,904.2,19.031552748002454,5,100.0,10000.0,1000000.0
TD3,2layers,first-actor,frelu,0.3,HalfCheetah-v4,3235845210.709732,2353474121.8468957,5,4539.151923056992,3545.4324945255235,5,100.0,10000.0,1000000.0
TD3,2layers,first-actor,frelu,0.3,Hopper-v4,1501245074.21438,735781390.0742332,5,2544.7019664663917,1182.787433615823,5,100.0,10000.0,1000000.0
TD3,2layers,first-actor,frelu,0.3,Humanoid-v4,1427295735.0284543,854976207.8728863,5,2310.6671682454535,1560.002608825267,5,100.0,10000.0,1000000.0
TD3,2layers,first-actor,frelu,0.3,Walker-Walk,839606478.9104803,36029539.6613764,5,945.528901167535,9.745710376242721,5,100.0,10000.0,1000000.0
TD3,2layers,first-actor,frelu,0.4,Ant-v4,2230630660.9177504,164199747.62034932,5,3282.819195482258,372.74206565936566,5,100.0,10000.0,1000000.0
TD3,2layers,first-actor,frelu,0.4,Cartpole-Swingup,770056822.5478945,7672149.114759506,5,812.96872614668,54.67802983477055,5,100.0,10000.0,1000000.0
TD3,2layers,first-actor,frelu,0.4,Cheetah-Run,492603425.27266943,52615921.80178952,5,660.1191716898002,112.50573965252498,5,100.0,10000.0,1000000.0
TD3,2layers,first-actor,frelu,0.4,Finger-Spin,583130000.0,326423930.78250253,5,723.6,404.6607220870343,5,100.0,10000.0,1000000.0
TD3,2layers,first-actor,frelu,0.4,HalfCheetah-v4,3869037907.1628737,2185677914.9088883,5,5475.726333954476,3285.8552240838126,5,100.0,10000.0,1000000.0
TD3,2layers,first-actor,frelu,0.4,Hopper-v4,1725542572.5310218,838516046.762126,5,2367.861442726536,1152.4811838319165,5,100.0,10000.0,1000000.0
TD3,2layers,first-actor,frelu,0.4,Humanoid-v4,1585509528.7978272,862707850.147453,5,3417.524507023143,2428.836079888244,5,100.0,10000.0,1000000.0
TD3,2layers,first-actor,frelu,0.4,Walker-Walk,714050767.4154552,158975568.18191782,5,685.6555179430395,399.24749887410746,5,100.0,10000.0,1000000.0
TD3,2layers,first-actor,frelu,0.5,Ant-v4,2435592867.082766,239926329.49950045,5,3747.7709844146098,432.84624985505366,5,100.0,10000.0,1000000.0
TD3,2layers,first-actor,frelu,0.5,Cartpole-Swingup,778448964.1406035,16525740.706486613,5,808.2444237018304,81.05673417890408,5,100.0,10000.0,1000000.0
TD3,2layers,first-actor,frelu,0.5,Cheetah-Run,495026892.300074,75802419.33858904,5,663.5634381616462,105.08939006844093,5,100.0,10000.0,1000000.0
TD3,2layers,first-actor,frelu,0.5,Finger-Spin,684622000.0,93937175.45519452,5,924.2,10.10940156488009,5,100.0,10000.0,1000000.0
TD3,2layers,first-actor,frelu,0.5,HalfCheetah-v4,2822117742.508222,1352134281.7222502,5,4600.25541988337,2512.8447349802127,5,100.0,10000.0,1000000.0
TD3,2layers,first-actor,frelu,0.5,Hopper-v4,2000596615.7444763,709884213.542612,5,2989.4225299388745,759.2861609758252,5,100.0,10000.0,1000000.0
TD3,2layers,first-actor,frelu,0.5,Humanoid-v4,1962157657.508165,480248048.22145736,5,3782.5089267369103,1830.1186180959844,5,100.0,10000.0,1000000.0
TD3,2layers,first-actor,frelu,0.5,Walker-Walk,757816305.439872,67785490.45572454,5,922.0383815648878,55.17515569825498,5,100.0,10000.0,1000000.0
TD3,2layers,first-actor,fswish,0.1,Ant-v4,2562225210.583687,277676130.32885855,5,3712.313671875,481.9537440095632,5,100.0,10000.0,1000000.0
TD3,2layers,first-actor,fswish,0.1,Cartpole-Swingup,753001337.2497559,9405298.333122708,5,808.0291625976563,59.12710920812637,5,100.0,10000.0,1000000.0
TD3,2layers,first-actor,fswish,0.1,Cheetah-Run,518934353.2028198,24829710.5124568,5,699.2194213867188,37.32834974294038,5,100.0,10000.0,1000000.0
TD3,2layers,first-actor,fswish,0.1,Finger-Spin,726490000.0,89526310.44838159,5,896.4,53.993518129494035,5,100.0,10000.0,1000000.0
TD3,2layers,first-actor,fswish,0.1,HalfCheetah-v4,3084825020.7366943,2060854331.4151807,5,4281.428637695312,3009.8113894953412,5,100.0,10000.0,1000000.0
TD3,2layers,first-actor,fswish,0.1,Hopper-v4,1956006793.685913,852924853.6896813,5,2775.5265686035154,1420.642907347687,5,100.0,10000.0,1000000.0
TD3,2layers,first-actor,fswish,0.1,Humanoid-v4,3072720898.8876343,666559782.9505473,5,5289.52587890625,240.64456880016667,5,100.0,10000.0,1000000.0
TD3,2layers,first-actor,fswish,0.1,Walker-Walk,775045900.6099701,115705358.13745882,5,881.1270629882813,100.05153201434439,5,100.0,10000.0,1000000.0
TD3,2layers,first-actor,fswish,0.2,Ant-v4,2431347041.3074493,216928066.11245814,5,3741.90498046875,374.93676363244276,5,100.0,10000.0,1000000.0
TD3,2layers,first-actor,fswish,0.2,Cartpole-Swingup,770624939.0869141,19369406.150964804,5,844.7142333984375,9.755102353895941,5,100.0,10000.0,1000000.0
TD3,2layers,first-actor,fswish,0.2,Cheetah-Run,506442518.7935829,36193431.070905045,5,682.1788818359375,66.99462453803015,5,100.0,10000.0,1000000.0
TD3,2layers,first-actor,fswish,0.2,Finger-Spin,712725000.0,71451219.37377976,5,901.0,49.93996395673509,5,100.0,10000.0,1000000.0
TD3,2layers,first-actor,fswish,0.2,HalfCheetah-v4,4474172026.182175,1670115523.7887444,5,5925.987231445312,2444.1309007202885,5,100.0,10000.0,1000000.0
TD3,2layers,first-actor,fswish,0.2,Hopper-v4,1916332731.6970825,760452402.644034,5,3239.20419921875,140.54869258171848,5,100.0,10000.0,1000000.0
TD3,2layers,first-actor,fswish,0.2,Humanoid-v4,3263518130.7754517,655658103.2667352,5,5170.31708984375,301.301790230391,5,100.0,10000.0,1000000.0
TD3,2layers,first-actor,fswish,0.2,Walker-Walk,823284053.4744263,89515231.15606649,5,967.5448120117187,11.008860447697018,5,100.0,10000.0,1000000.0
TD3,2layers,first-actor,fswish,0.3,Ant-v4,2393800037.864685,208296026.18387005,5,3473.3162109375,313.8103322213409,5,100.0,10000.0,1000000.0
TD3,2layers,first-actor,fswish,0.3,Cartpole-Swingup,743385207.0465088,17310948.876017436,5,839.7684448242187,14.80623737430679,5,100.0,10000.0,1000000.0
TD3,2layers,first-actor,fswish,0.3,Cheetah-Run,495049831.8068981,62759527.386336274,5,661.278759765625,100.69392409745188,5,100.0,10000.0,1000000.0
TD3,2layers,first-actor,fswish,0.3,Finger-Spin,607100000.0,340835378.6470823,5,732.4,409.6685245414883,5,100.0,10000.0,1000000.0
TD3,2layers,first-actor,fswish,0.3,HalfCheetah-v4,3597483152.284622,2071829918.2893353,5,5065.725268554687,2911.766340579793,5,100.0,10000.0,1000000.0
TD3,2layers,first-actor,fswish,0.3,Hopper-v4,1629803401.564598,319451395.34236676,5,3337.43056640625,144.06947959312444,5,100.0,10000.0,1000000.0
TD3,2layers,first-actor,fswish,0.3,Humanoid-v4,3671563602.0355225,162576462.67256168,5,5148.46025390625,263.85353587259783,5,100.0,10000.0,1000000.0
TD3,2layers,first-actor,fswish,0.3,Walker-Walk,824903701.6983032,79698162.35137561,5,975.2426025390625,12.386060084839835,5,100.0,10000.0,1000000.0
TD3,2layers,first-actor,fswish,0.4,Ant-v4,2294988433.1789017,188180379.9792158,5,3089.09228515625,933.7703186136522,5,100.0,10000.0,1000000.0
TD3,2layers,first-actor,fswish,0.4,Cartpole-Swingup,754353949.3408203,25154148.211889338,5,844.7231323242188,20.591921846000965,5,100.0,10000.0,1000000.0
TD3,2layers,first-actor,fswish,0.4,Cheetah-Run,523453459.1526985,24112123.534124173,5,724.7811157226563,47.516282952584234,5,100.0,10000.0,1000000.0
TD3,2layers,first-actor,fswish,0.4,Finger-Spin,776374000.0,18404137.238675453,5,917.2,30.94672842159571,5,100.0,10000.0,1000000.0
TD3,2layers,first-actor,fswish,0.4,HalfCheetah-v4,4402825593.715668,2680163606.296813,5,6017.325537109375,3766.7840177670028,5,100.0,10000.0,1000000.0
TD3,2layers,first-actor,fswish,0.4,Hopper-v4,1799152835.243225,362090491.6652624,5,2764.601904296875,948.3657286198461,5,100.0,10000.0,1000000.0
TD3,2layers,first-actor,fswish,0.4,Humanoid-v4,3342708198.5702515,180235758.0245467,5,5195.290234375,47.82901288977702,5,100.0,10000.0,1000000.0
TD3,2layers,first-actor,fswish,0.4,Walker-Walk,760730866.0459518,107057948.88190788,5,856.7073608398438,106.0421369614859,5,100.0,10000.0,1000000.0
TD3,2layers,first-actor,fswish,0.5,Ant-v4,2374707816.605568,175155627.2237028,5,3505.140380859375,240.53796180158062,5,100.0,10000.0,1000000.0
TD3,2layers,first-actor,fswish,0.5,Cartpole-Swingup,749709398.9522159,30292603.606056843,5,842.0025268554688,22.44570971621945,5,100.0,10000.0,1000000.0
TD3,2layers,first-actor,fswish,0.5,Cheetah-Run,499046707.49759674,57343871.211404204,5,657.213330078125,68.60746836614427,5,100.0,10000.0,1000000.0
TD3,2layers,first-actor,fswish,0.5,Finger-Spin,676717000.0,99800017.38476804,5,894.6,24.77498738647509,5,100.0,10000.0,1000000.0
TD3,2layers,first-actor,fswish,0.5,HalfCheetah-v4,3801157424.697876,2095738185.1911054,5,5395.0185546875,3271.929600917975,5,100.0,10000.0,1000000.0
TD3,2layers,first-actor,fswish,0.5,Hopper-v4,1869975591.381073,802947708.6367686,5,2383.1599182128907,1529.033691875971,5,100.0,10000.0,1000000.0
TD3,2layers,first-actor,fswish,0.5,Humanoid-v4,3574825649.307251,357085591.9235417,5,5279.3583984375,209.61881153136838,5,100.0,10000.0,1000000.0
TD3,2layers,first-actor,fswish,0.5,Walker-Walk,820059106.7705154,58726336.511323795,5,934.4404541015625,39.20165168462774,5,100.0,10000.0,1000000.0
TD3,2layers,first-actor,gelu,NA,Ant-v4,2501075335.8638287,245968508.8372259,5,3539.19677734375,237.44348594305137,5,100.0,10000.0,1000000.0
TD3,2layers,first-actor,gelu,NA,Cartpole-Swingup,753743985.452652,33408586.278793618,5,810.0541870117188,42.381637848151385,5,100.0,10000.0,1000000.0
TD3,2layers,first-actor,gelu,NA,Cheetah-Run,502277635.8985901,41458210.21103187,5,641.72744140625,70.72054069666794,5,100.0,10000.0,1000000.0
TD3,2layers,first-actor,gelu,NA,Finger-Spin,705530000.0,119375320.78490931,5,889.2,68.83095233977225,5,100.0,10000.0,1000000.0
TD3,2layers,first-actor,gelu,NA,HalfCheetah-v4,3265248801.761627,2430636349.2318206,5,4161.25087890625,3021.989842994251,5,100.0,10000.0,1000000.0
TD3,2layers,first-actor,gelu,NA,Hopper-v4,2105890949.9778748,702896414.2083504,5,2967.0218994140623,999.0032222738511,5,100.0,10000.0,1000000.0
TD3,2layers,first-actor,gelu,NA,Humanoid-v4,3446030638.092041,557810982.3852992,5,5408.41376953125,227.88051438253544,5,100.0,10000.0,1000000.0
TD3,2layers,first-actor,gelu,NA,Walker-Walk,808259451.3263702,128411825.71869165,5,900.0585205078125,114.3816776815786,5,100.0,10000.0,1000000.0
TD3,2layers,first-actor,lrelu,NA,Ant-v4,2288079792.4957275,410863675.43566346,5,3335.73408203125,360.2759597692262,5,100.0,10000.0,1000000.0
TD3,2layers,first-actor,lrelu,NA,Cartpole-Swingup,723102452.2476196,35918413.979268774,5,830.2540649414062,27.574264785910827,5,100.0,10000.0,1000000.0
TD3,2layers,first-actor,lrelu,NA,Cheetah-Run,413416203.86242867,109332314.35792296,5,547.6393981933594,131.13240653345417,5,100.0,10000.0,1000000.0
TD3,2layers,first-actor,lrelu,NA,Finger-Spin,685866000.0,38359548.09431414,5,861.6,27.960686686846593,5,100.0,10000.0,1000000.0
TD3,2layers,first-actor,lrelu,NA,HalfCheetah-v4,2089673220.8518982,1287492801.0255203,5,2680.9414306640624,1888.0824994986317,5,100.0,10000.0,1000000.0
TD3,2layers,first-actor,lrelu,NA,Hopper-v4,2304132792.1409607,444153889.34924173,5,3265.346923828125,237.06370378058392,5,100.0,10000.0,1000000.0
TD3,2layers,first-actor,lrelu,NA,Humanoid-v4,2530207839.225769,875910677.9496539,5,4045.310205078125,1800.0632176755714,5,100.0,10000.0,1000000.0
TD3,2layers,first-actor,lrelu,NA,Walker-Walk,654381486.4416122,137407294.67074233,5,765.2947143554687,300.04269602056183,5,100.0,10000.0,1000000.0
TD3,2layers,first-actor,prelu,NA,Ant-v4,2236462852.47612,185022918.18946913,5,3393.385888671875,391.1089177483346,5,100.0,10000.0,1000000.0
TD3,2layers,first-actor,prelu,NA,Cartpole-Swingup,722590679.3518066,19782808.974194553,5,813.0780151367187,37.28637152486221,5,100.0,10000.0,1000000.0
TD3,2layers,first-actor,prelu,NA,Cheetah-Run,443609562.4239445,88952774.45207904,5,604.2023864746094,107.83383504968076,5,100.0,10000.0,1000000.0
TD3,2layers,first-actor,prelu,NA,Finger-Spin,684490000.0,94381313.2325462,5,843.2,23.188359148503817,5,100.0,10000.0,1000000.0
TD3,2layers,first-actor,prelu,NA,HalfCheetah-v4,3249311700.744629,1745537994.7300844,5,4180.535180664063,2418.534963197437,5,100.0,10000.0,1000000.0
TD3,2layers,first-actor,prelu,NA,Hopper-v4,1832387650.9628296,586515584.6449349,5,3297.09814453125,162.04082718551254,5,100.0,10000.0,1000000.0
TD3,2layers,first-actor,prelu,NA,Humanoid-v4,3605989572.32666,211054776.53462553,5,5333.31533203125,118.83146043288433,5,100.0,10000.0,1000000.0
TD3,2layers,first-actor,prelu,NA,Walker-Walk,681976906.1317444,116050598.12947167,5,918.67109375,54.55082795803884,5,100.0,10000.0,1000000.0
TD3,2layers,first-actor,swish,NA,Ant-v4,2346316184.8692894,237376126.73632437,5,3367.172314453125,358.0473564695483,5,100.0,10000.0,1000000.0
TD3,2layers,first-actor,swish,NA,Cartpole-Swingup,747987703.3996582,10638542.306900537,5,838.2817260742188,20.959930445777708,5,100.0,10000.0,1000000.0
TD3,2layers,first-actor,swish,NA,Cheetah-Run,533222398.2524872,30767486.133119345,5,702.2817504882812,74.18993034910284,5,100.0,10000.0,1000000.0
TD3,2layers,first-actor,swish,NA,Finger-Spin,711553000.0,94664343.31362575,5,902.0,20.03746490951387,5,100.0,10000.0,1000000.0
TD3,2layers,first-actor,swish,NA,HalfCheetah-v4,2388209069.6868896,1872296937.8451717,5,3117.905517578125,2668.7102197874765,5,100.0,10000.0,1000000.0
TD3,2layers,first-actor,swish,NA,Hopper-v4,1740603176.7425537,805433913.4565817,5,3258.17275390625,180.3076835156468,5,100.0,10000.0,1000000.0
TD3,2layers,first-actor,swish,NA,Humanoid-v4,3319762447.944641,518741995.2367227,5,4379.40341796875,1399.4809465206467,5,100.0,10000.0,1000000.0
TD3,2layers,first-actor,swish,NA,Walker-Walk,843103923.2063293,43418460.61475405,5,967.3001708984375,6.871873144113285,5,100.0,10000.0,1000000.0
TD3,2layers,first-both,fgelu,0.1,Ant-v4,2539167160.9277725,225447565.65078965,5,3631.9716796875,325.8768719102042,5,100.0,10000.0,1000000.0
TD3,2layers,first-both,fgelu,0.1,Cartpole-Swingup,763740940.8721924,15053371.130886136,5,830.7901977539062,20.266743603715334,5,100.0,10000.0,1000000.0
TD3,2layers,first-both,fgelu,0.1,Cheetah-Run,493422465.5532837,58226384.78831106,5,629.8808837890625,103.99000732150336,5,100.0,10000.0,1000000.0
TD3,2layers,first-both,fgelu,0.1,Finger-Spin,782947000.0,37912113.43357159,5,903.2,13.553597308463907,5,100.0,10000.0,1000000.0
TD3,2layers,first-both,fgelu,0.1,HalfCheetah-v4,3677745701.248169,1752683781.4254558,5,5521.870947265625,3383.6625202960695,5,100.0,10000.0,1000000.0
TD3,2layers,first-both,fgelu,0.1,Hopper-v4,2235415005.9432983,342027921.2322403,5,2775.7682861328126,851.7909637821363,5,100.0,10000.0,1000000.0
TD3,2layers,first-both,fgelu,0.1,Humanoid-v4,3059822564.9414062,775641428.1566538,5,4971.5015625,332.32351965502426,5,100.0,10000.0,1000000.0
TD3,2layers,first-both,fgelu,0.1,Walker-Walk,755950187.9005432,164323125.10739416,5,885.665576171875,142.38143301959065,5,100.0,10000.0,1000000.0
TD3,2layers,first-both,fgelu,0.2,Ant-v4,2327610735.780716,211931308.4879373,5,2965.401953125,1094.7508066592052,5,100.0,10000.0,1000000.0
TD3,2layers,first-both,fgelu,0.2,Cartpole-Swingup,770493702.1217346,17235719.764362708,5,829.7945434570313,27.642225181123088,5,100.0,10000.0,1000000.0
TD3,2layers,first-both,fgelu,0.2,Cheetah-Run,475990897.6917267,38565293.51043268,5,593.5342346191406,84.06036844966827,5,100.0,10000.0,1000000.0
TD3,2layers,first-both,fgelu,0.2,Finger-Spin,763314000.0,25675534.901925616,5,925.6,23.860008382228187,5,100.0,10000.0,1000000.0
TD3,2layers,first-both,fgelu,0.2,HalfCheetah-v4,1706663937.347412,176281590.5925488,5,2147.151318359375,181.17833443194783,5,100.0,10000.0,1000000.0
TD3,2layers,first-both,fgelu,0.2,Hopper-v4,2220713833.6257935,715734731.675237,5,3405.86376953125,180.29148418859586,5,100.0,10000.0,1000000.0
TD3,2layers,first-both,fgelu,0.2,Humanoid-v4,3164025840.5456543,295021984.5524138,5,5135.2142578125,307.21998024660104,5,100.0,10000.0,1000000.0
TD3,2layers,first-both,fgelu,0.2,Walker-Walk,801337300.0869751,92213889.16272739,5,919.0325927734375,89.1860488536171,5,100.0,10000.0,1000000.0
TD3,2layers,first-both,fgelu,0.3,Ant-v4,2239417123.3287454,578227892.9322121,5,3471.669580078125,787.4681569374566,5,100.0,10000.0,1000000.0
TD3,2layers,first-both,fgelu,0.3,Cartpole-Swingup,748638042.1447754,20326219.99622284,5,835.235205078125,24.074178490248386,5,100.0,10000.0,1000000.0
TD3,2layers,first-both,fgelu,0.3,Cheetah-Run,470929550.4579544,57792049.44931271,5,565.738671875,81.01800997844443,5,100.0,10000.0,1000000.0
TD3,2layers,first-both,fgelu,0.3,Finger-Spin,804652000.0,47995639.46339292,5,916.0,21.644860821913362,5,100.0,10000.0,1000000.0
TD3,2layers,first-both,fgelu,0.3,HalfCheetah-v4,2457811117.7635193,2083818942.5738468,5,3191.819580078125,2819.016918533281,5,100.0,10000.0,1000000.0
TD3,2layers,first-both,fgelu,0.3,Hopper-v4,2302187343.875885,357458128.77702,5,3329.519384765625,116.81867538447419,5,100.0,10000.0,1000000.0
TD3,2layers,first-both,fgelu,0.3,Humanoid-v4,3459574243.9422607,615327603.0813674,5,5231.7130859375,266.29001081976315,5,100.0,10000.0,1000000.0
TD3,2layers,first-both,fgelu,0.3,Walker-Walk,772590698.4901428,152697797.93892416,5,894.0349853515625,92.67332141436974,5,100.0,10000.0,1000000.0
TD3,2layers,first-both,fgelu,0.4,Ant-v4,2384558551.8815517,229868896.71394655,5,3544.1673828125,228.93617983903977,5,100.0,10000.0,1000000.0
TD3,2layers,first-both,fgelu,0.4,Cartpole-Swingup,787033826.8737793,10898859.872317325,5,824.2968383789063,39.0749033318987,5,100.0,10000.0,1000000.0
TD3,2layers,first-both,fgelu,0.4,Cheetah-Run,483169382.47299194,34559897.2377084,5,659.0661010742188,63.84546247666723,5,100.0,10000.0,1000000.0
TD3,2layers,first-both,fgelu,0.4,Finger-Spin,772588000.0,46071214.25033205,5,903.8,24.345430782797834,5,100.0,10000.0,1000000.0
TD3,2layers,first-both,fgelu,0.4,HalfCheetah-v4,4265785818.626404,2614647201.51497,5,6252.689526367188,4021.075036168616,5,100.0,10000.0,1000000.0
TD3,2layers,first-both,fgelu,0.4,Hopper-v4,2183437514.858246,381236347.0684934,5,2469.5177368164063,1135.0329329848448,5,100.0,10000.0,1000000.0
TD3,2layers,first-both,fgelu,0.4,Humanoid-v4,3362861919.685364,581864682.101118,5,5091.6275390625,170.89063643934782,5,100.0,10000.0,1000000.0
TD3,2layers,first-both,fgelu,0.4,Walker-Walk,780036709.2857361,96395922.0405596,5,919.08720703125,77.76399235975416,5,100.0,10000.0,1000000.0
TD3,2layers,first-both,fgelu,0.5,Ant-v4,2074385483.3159447,240363107.64035848,5,2534.169512939453,1197.1229468056815,5,100.0,10000.0,1000000.0
TD3,2layers,first-both,fgelu,0.5,Cartpole-Swingup,749202239.5062447,38407907.7263752,5,828.1946655273438,24.34774307917587,5,100.0,10000.0,1000000.0
TD3,2layers,first-both,fgelu,0.5,Cheetah-Run,474201692.8405762,64543135.151906185,5,609.7261962890625,68.06269228735013,5,100.0,10000.0,1000000.0
TD3,2layers,first-both,fgelu,0.5,Finger-Spin,777443000.0,79191734.30668128,5,938.8,51.40233457733219,5,100.0,10000.0,1000000.0
TD3,2layers,first-both,fgelu,0.5,HalfCheetah-v4,3547252695.2438354,2524181076.9925356,5,4982.0711669921875,3493.9781197902025,5,100.0,10000.0,1000000.0
TD3,2layers,first-both,fgelu,0.5,Hopper-v4,2322546586.5917206,495459982.3189163,5,3346.68662109375,163.23597392256448,5,100.0,10000.0,1000000.0
TD3,2layers,first-both,fgelu,0.5,Humanoid-v4,3019152586.7004395,1161586036.6671803,5,5345.77939453125,358.95567585081903,5,100.0,10000.0,1000000.0
TD3,2layers,first-both,fgelu,0.5,Walker-Walk,769337768.4803009,74052529.42231074,5,900.6030395507812,84.59800319190963,5,100.0,10000.0,1000000.0
TD3,2layers,first-both,flrelu,0.1,Ant-v4,2501628004.0462503,197654317.2062996,5,2065.6860642921997,2596.7897464627317,5,100.0,10000.0,1000000.0
TD3,2layers,first-both,flrelu,0.1,Cartpole-Swingup,750271256.7327859,16080065.451064924,5,817.3345974764036,32.30334407586718,5,100.0,10000.0,1000000.0
TD3,2layers,first-both,flrelu,0.1,Cheetah-Run,498263672.6764536,46258805.763034396,5,662.7455503717113,46.891803459994264,5,100.0,10000.0,1000000.0
TD3,2layers,first-both,flrelu,0.1,Finger-Spin,711739000.0,115051802.53911716,5,907.4,7.569676347110211,5,100.0,10000.0,1000000.0
TD3,2layers,first-both,flrelu,0.1,HalfCheetah-v4,2719321100.649698,1420136821.368427,5,3711.572445076998,2265.4747295366155,5,100.0,10000.0,1000000.0
TD3,2layers,first-both,flrelu,0.1,Hopper-v4,2052157542.7254143,388735738.58523965,5,2978.871690195435,695.2147105053468,5,100.0,10000.0,1000000.0
TD3,2layers,first-both,flrelu,0.1,Humanoid-v4,3689913006.681735,269569606.1990134,5,4387.223056753546,1979.1168417265806,5,100.0,10000.0,1000000.0
TD3,2layers,first-both,flrelu,0.1,Walker-Walk,806382899.3796346,63532001.89434826,5,945.9303380487414,42.985258663712,5,100.0,10000.0,1000000.0
TD3,2layers,first-both,flrelu,0.2,Ant-v4,2382717974.4255853,156090665.92263898,5,3489.255509700079,220.09552752329046,5,100.0,10000.0,1000000.0
TD3,2layers,first-both,flrelu,0.2,Cartpole-Swingup,740247673.870101,38147519.735348165,5,832.8491851273056,30.908686408836274,5,100.0,10000.0,1000000.0
TD3,2layers,first-both,flrelu,0.2,Cheetah-Run,458892828.31983346,73370648.78456606,5,571.5229709593639,114.66877502361712,5,100.0,10000.0,1000000.0
TD3,2layers,first-both,flrelu,0.2,Finger-Spin,713918000.0,53088601.71920146,5,912.0,46.56715580750019,5,100.0,10000.0,1000000.0
TD3,2layers,first-both,flrelu,0.2,HalfCheetah-v4,2989761669.177349,1783643990.0035062,5,3826.7010966349544,2344.4426706889417,5,100.0,10000.0,1000000.0
TD3,2layers,first-both,flrelu,0.2,Hopper-v4,1790628081.7144685,852841636.961707,5,2790.36038043903,1376.5603323621817,5,100.0,10000.0,1000000.0
TD3,2layers,first-both,flrelu,0.2,Humanoid-v4,3840334908.0848837,195052244.85165903,5,5326.407575729213,282.30493140514506,5,100.0,10000.0,1000000.0
TD3,2layers,first-both,flrelu,0.2,Walker-Walk,696437203.9747227,149003824.38419572,5,934.9864855060081,50.32444337858892,5,100.0,10000.0,1000000.0
TD3,2layers,first-both,flrelu,0.3,Ant-v4,2313009992.95365,343159158.77064335,5,3321.4609705132693,367.65050561796727,5,100.0,10000.0,1000000.0
TD3,2layers,first-both,flrelu,0.3,Cartpole-Swingup,753498019.4880728,18381067.222548705,5,804.7044107823557,99.45967623735235,5,100.0,10000.0,1000000.0
TD3,2layers,first-both,flrelu,0.3,Cheetah-Run,450387050.6536067,49305608.73330475,5,586.7842141131594,74.74028058768303,5,100.0,10000.0,1000000.0
TD3,2layers,first-both,flrelu,0.3,Finger-Spin,720815000.0,82697321.37439519,5,926.2,58.13518727930616,5,100.0,10000.0,1000000.0
TD3,2layers,first-both,flrelu,0.3,HalfCheetah-v4,2509621841.8659596,1492571054.6044781,5,3228.2642221034585,1951.9703223467004,5,100.0,10000.0,1000000.0
TD3,2layers,first-both,flrelu,0.3,Hopper-v4,1752637676.1737301,327710895.2251245,5,2709.546929514597,1251.5879939721128,5,100.0,10000.0,1000000.0
TD3,2layers,first-both,flrelu,0.3,Humanoid-v4,3227832657.8444185,461315677.62851375,5,5235.466871620658,139.51709054110407,5,100.0,10000.0,1000000.0
TD3,2layers,first-both,flrelu,0.3,Walker-Walk,818594866.1033643,83121285.66904967,5,954.7969747132498,36.79409890289224,5,100.0,10000.0,1000000.0
TD3,2layers,first-both,flrelu,0.4,Ant-v4,1771997263.5210686,557075364.8533009,5,2831.6702119376496,1075.2694687670762,5,100.0,10000.0,1000000.0
TD3,2layers,first-both,flrelu,0.4,Cartpole-Swingup,738745079.9673278,27126642.9162513,5,808.4712534790385,29.49433387219454,5,100.0,10000.0,1000000.0
TD3,2layers,first-both,flrelu,0.4,Cheetah-Run,506101570.5401622,57958568.98512645,5,672.0114629202451,74.9839091684016,5,100.0,10000.0,1000000.0
TD3,2layers,first-both,flrelu,0.4,Finger-Spin,579405000.0,315005797.34744567,5,773.4,232.00711195995694,5,100.0,10000.0,1000000.0
TD3,2layers,first-both,flrelu,0.4,HalfCheetah-v4,2079865710.230767,1579382762.741044,5,2630.8263918073976,1745.3147168718829,5,100.0,10000.0,1000000.0
TD3,2layers,first-both,flrelu,0.4,Hopper-v4,1680627315.5435874,1025679209.726514,5,2872.9787837918107,1031.0583344171514,5,100.0,10000.0,1000000.0
TD3,2layers,first-both,flrelu,0.4,Humanoid-v4,3349716140.103278,657382723.246111,5,5250.0627175037025,158.78013235427352,5,100.0,10000.0,1000000.0
TD3,2layers,first-both,flrelu,0.4,Walker-Walk,714991497.7445227,132212673.72011101,5,866.3142505755886,85.7222904321917,5,100.0,10000.0,1000000.0
TD3,2layers,first-both,flrelu,0.5,Ant-v4,1214130587.5577474,461603443.3538803,5,2259.146912079782,1163.0166920569513,5,100.0,10000.0,1000000.0
TD3,2layers,first-both,flrelu,0.5,Cartpole-Swingup,739731231.9488525,18598220.197294112,5,813.4991943359375,21.333205612035712,5,100.0,10000.0,1000000.0
TD3,2layers,first-both,flrelu,0.5,Cheetah-Run,491496155.25091666,49108792.88032725,5,622.9216079575351,84.5029989265004,5,100.0,10000.0,1000000.0
TD3,2layers,first-both,flrelu,0.5,Finger-Spin,628870000.0,103722063.52796882,5,847.6,55.08448057302528,5,100.0,10000.0,1000000.0
TD3,2layers,first-both,flrelu,0.5,HalfCheetah-v4,1911052520.683578,1425693134.8722923,5,2687.26829295862,1987.5209498628353,5,100.0,10000.0,1000000.0
TD3,2layers,first-both,flrelu,0.5,Hopper-v4,1558555962.03338,876229444.9925741,5,2881.1453883846552,820.4748847410583,5,100.0,10000.0,1000000.0
TD3,2layers,first-both,flrelu,0.5,Humanoid-v4,2363572373.799234,560412850.6277392,5,4219.908298933989,1593.9885277762878,5,100.0,10000.0,1000000.0
TD3,2layers,first-both,flrelu,0.5,Walker-Walk,808591501.409137,72741953.252164,5,966.583905243779,30.352972935118913,5,100.0,10000.0,1000000.0
TD3,2layers,first-both,fprelu,0.1,Ant-v4,2476599060.0602093,161296392.83855015,5,3362.8184623612005,249.9400871890843,5,100.0,10000.0,1000000.0
TD3,2layers,first-both,fprelu,0.1,Cartpole-Swingup,764486660.4246624,28279787.959634244,5,799.4995917548393,55.23662840965934,5,100.0,10000.0,1000000.0
TD3,2layers,first-both,fprelu,0.1,Cheetah-Run,525445020.74704635,46483085.0136904,5,665.1988851806266,67.6450526449091,5,100.0,10000.0,1000000.0
TD3,2layers,first-both,fprelu,0.1,Finger-Spin,733318000.0,63035699.369484276,5,904.0,15.842979517754852,5,100.0,10000.0,1000000.0
TD3,2layers,first-both,fprelu,0.1,HalfCheetah-v4,3630606616.738707,2918053584.2425404,5,5091.23908183349,4302.550110043363,5,100.0,10000.0,1000000.0
TD3,2layers,first-both,fprelu,0.1,Hopper-v4,2474135912.4884615,285690215.65704584,5,3459.0662701826514,129.4575605535201,5,100.0,10000.0,1000000.0
TD3,2layers,first-both,fprelu,0.1,Humanoid-v4,3811471105.441846,449206045.5436848,5,5147.829532210454,235.90138981417675,5,100.0,10000.0,1000000.0
TD3,2layers,first-both,fprelu,0.1,Walker-Walk,786930474.912309,145167986.11349824,5,852.901716632736,149.05471006376,5,100.0,10000.0,1000000.0
TD3,2layers,first-both,fprelu,0.2,Ant-v4,2604525434.5194826,341959695.6303559,5,3417.7020190607736,1163.9239046035088,5,100.0,10000.0,1000000.0
TD3,2layers,first-both,fprelu,0.2,Cartpole-Swingup,765805951.7108662,20893173.523146942,5,841.790715903697,15.273317967452694,5,100.0,10000.0,1000000.0
TD3,2layers,first-both,fprelu,0.2,Cheetah-Run,513230970.5592607,53194699.60746819,5,664.8055543694851,51.3989688942349,5,100.0,10000.0,1000000.0
TD3,2layers,first-both,fprelu,0.2,Finger-Spin,589260000.0,344023834.8029101,5,728.4,410.31122334150206,5,100.0,10000.0,1000000.0
TD3,2layers,first-both,fprelu,0.2,HalfCheetah-v4,4222392070.478669,2458333599.375566,5,5873.978745728418,3658.869342681299,5,100.0,10000.0,1000000.0
TD3,2layers,first-both,fprelu,0.2,Hopper-v4,2377855390.3969197,283425754.6602713,5,3437.29615800185,92.79019197486792,5,100.0,10000.0,1000000.0
TD3,2layers,first-both,fprelu,0.2,Humanoid-v4,3786526141.078944,453217588.5139024,5,4370.558724155693,1279.3979844601347,5,100.0,10000.0,1000000.0
TD3,2layers,first-both,fprelu,0.2,Walker-Walk,754999438.5382843,72592560.98834755,5,883.1351316252749,81.32082720346561,5,100.0,10000.0,1000000.0
TD3,2layers,first-both,fprelu,0.3,Ant-v4,2544518106.777147,360946781.9303055,5,3558.9984804716414,384.8152585251362,5,100.0,10000.0,1000000.0
TD3,2layers,first-both,fprelu,0.3,Cartpole-Swingup,745238705.734478,16115769.256536247,5,811.1908290736236,65.16990456428682,5,100.0,10000.0,1000000.0
TD3,2layers,first-both,fprelu,0.3,Cheetah-Run,517094090.79316217,57127141.347537905,5,692.8382561016099,89.02249846687627,5,100.0,10000.0,1000000.0
TD3,2layers,first-both,fprelu,0.3,Finger-Spin,778218000.0,25155656.073734198,5,907.2,6.978538528947179,5,100.0,10000.0,1000000.0
TD3,2layers,first-both,fprelu,0.3,HalfCheetah-v4,3901593125.9928336,2186734709.0724654,5,5338.711344911555,3241.540560925256,5,100.0,10000.0,1000000.0
TD3,2layers,first-both,fprelu,0.3,Hopper-v4,2230902289.197046,448996963.2945552,5,3370.50891073909,202.80434328937906,5,100.0,10000.0,1000000.0
TD3,2layers,first-both,fprelu,0.3,Humanoid-v4,3262276958.7697306,263637887.76373225,5,4981.083291698034,140.99454243131896,5,100.0,10000.0,1000000.0
TD3,2layers,first-both,fprelu,0.3,Walker-Walk,799412909.3739151,108623516.00706427,5,916.4334181991815,107.32421425985648,5,100.0,10000.0,1000000.0
TD3,2layers,first-both,fprelu,0.4,Ant-v4,1715434146.3653212,657563175.1141423,5,2752.092554011444,1192.3818186337398,5,100.0,10000.0,1000000.0
TD3,2layers,first-both,fprelu,0.4,Cartpole-Swingup,768515777.6169682,27770330.128298692,5,825.9078409256605,25.33710468380984,5,100.0,10000.0,1000000.0
TD3,2layers,first-both,fprelu,0.4,Cheetah-Run,529364209.52394277,60611396.892486215,5,715.3320606113571,79.65122399753474,5,100.0,10000.0,1000000.0
TD3,2layers,first-both,fprelu,0.4,Finger-Spin,684323000.0,110621987.11151415,5,882.2,47.467883879524265,5,100.0,10000.0,1000000.0
TD3,2layers,first-both,fprelu,0.4,HalfCheetah-v4,1543248359.9623249,56727298.71160905,5,1972.0495655693073,56.2198538838118,5,100.0,10000.0,1000000.0
TD3,2layers,first-both,fprelu,0.4,Hopper-v4,2426637990.5511575,268797420.92403173,5,3394.3299834889317,101.48942890303924,5,100.0,10000.0,1000000.0
TD3,2layers,first-both,fprelu,0.4,Humanoid-v4,3206246089.016595,443276260.6803179,5,5310.573763029343,58.05468764923583,5,100.0,10000.0,1000000.0
TD3,2layers,first-both,fprelu,0.4,Walker-Walk,691514450.9116657,147949203.84873736,5,785.8244925297068,162.69603507506145,5,100.0,10000.0,1000000.0
TD3,2layers,first-both,fprelu,0.5,Ant-v4,1178210079.8131099,186514237.4723458,5,2018.4973792993726,553.3079147497536,5,100.0,10000.0,1000000.0
TD3,2layers,first-both,fprelu,0.5,Cartpole-Swingup,749489457.7730386,21787512.199426066,5,830.586430467201,20.31441476199246,5,100.0,10000.0,1000000.0
TD3,2layers,first-both,fprelu,0.5,Cheetah-Run,487588941.21081173,14040644.17989339,5,664.4877359238578,78.02047130133117,5,100.0,10000.0,1000000.0
TD3,2layers,first-both,fprelu,0.5,Finger-Spin,626184000.0,71210446.86350453,5,722.4,89.35491032953927,5,100.0,10000.0,1000000.0
TD3,2layers,first-both,fprelu,0.5,HalfCheetah-v4,2702351191.4961677,1987734125.1292303,5,4216.565752280982,3259.5247038198017,5,100.0,10000.0,1000000.0
TD3,2layers,first-both,fprelu,0.5,Hopper-v4,1729203579.7497344,689572099.416773,5,2507.533151964855,1172.937447885677,5,100.0,10000.0,1000000.0
TD3,2layers,first-both,fprelu,0.5,Humanoid-v4,1806360374.937795,1066519310.7945358,5,2406.9508034251235,1604.965464357942,5,100.0,10000.0,1000000.0
TD3,2layers,first-both,fprelu,0.5,Walker-Walk,728344633.4703275,125876246.88692017,5,829.366112623409,114.7177996917477,5,100.0,10000.0,1000000.0
TD3,2layers,first-both,frelu,0.1,Ant-v4,2519872082.294423,525054734.2139938,5,3714.6637638205802,672.8887576122438,5,100.0,10000.0,1000000.0
TD3,2layers,first-both,frelu,0.1,Cartpole-Swingup,746226764.3057537,45264616.10175368,5,843.6027709344871,8.777522199810551,5,100.0,10000.0,1000000.0
TD3,2layers,first-both,frelu,0.1,Cheetah-Run,538912689.9884622,41481194.85335135,5,706.7738687264927,70.6437934617134,5,100.0,10000.0,1000000.0
TD3,2layers,first-both,frelu,0.1,Finger-Spin,707159000.0,43181413.16006229,5,905.0,7.176350047203661,5,100.0,10000.0,1000000.0
TD3,2layers,first-both,frelu,0.1,HalfCheetah-v4,1844178898.4518616,844291369.0983253,5,2950.086860744451,2287.503016333753,5,100.0,10000.0,1000000.0
TD3,2layers,first-both,frelu,0.1,Hopper-v4,1677250092.3238387,680569527.9428958,5,3241.6549650467905,68.1339775581158,5,100.0,10000.0,1000000.0
TD3,2layers,first-both,frelu,0.1,Humanoid-v4,3527855463.978705,505800422.97599816,5,5133.5196465234785,217.12237153936903,5,100.0,10000.0,1000000.0
TD3,2layers,first-both,frelu,0.1,Walker-Walk,805514589.8008022,88255889.18478903,5,944.2114189885287,30.861920623254417,5,100.0,10000.0,1000000.0
TD3,2layers,first-both,frelu,0.2,Ant-v4,2346939618.830948,268966804.6933485,5,3021.145119911934,917.0779152491959,5,100.0,10000.0,1000000.0
TD3,2layers,first-both,frelu,0.2,Cartpole-Swingup,757670589.8697436,15673373.823002327,5,847.4237895515529,11.411998837992916,5,100.0,10000.0,1000000.0
TD3,2layers,first-both,frelu,0.2,Cheetah-Run,500504449.9409212,62434603.99526334,5,670.5562677952394,41.221194017349006,5,100.0,10000.0,1000000.0
TD3,2layers,first-both,frelu,0.2,Finger-Spin,722891000.0,68992492.83436568,5,893.8,25.153528579505487,5,100.0,10000.0,1000000.0
TD3,2layers,first-both,frelu,0.2,HalfCheetah-v4,3938751143.4995375,2265095144.2489376,5,5544.90975689982,3425.64732016535,5,100.0,10000.0,1000000.0
TD3,2layers,first-both,frelu,0.2,Hopper-v4,2127147328.8230076,420037972.86813873,5,3418.1070339718776,86.25531009514454,5,100.0,10000.0,1000000.0
TD3,2layers,first-both,frelu,0.2,Humanoid-v4,3330344628.202124,344721636.7473673,5,4623.140390898642,2005.3611135712108,5,100.0,10000.0,1000000.0
TD3,2layers,first-both,frelu,0.2,Walker-Walk,679274932.365498,195676158.1438004,5,828.3953049311219,135.28325680200408,5,100.0,10000.0,1000000.0
TD3,2layers,first-both,frelu,0.3,Ant-v4,2266579558.8741636,359925703.65393716,5,2713.325450533124,1479.6467673048078,5,100.0,10000.0,1000000.0
TD3,2layers,first-both,frelu,0.3,Cartpole-Swingup,744892890.005739,23317866.057893395,5,749.6146193913368,212.684338904541,5,100.0,10000.0,1000000.0
TD3,2layers,first-both,frelu,0.3,Cheetah-Run,497105364.51654273,57500876.78476995,5,678.8121604719308,78.7658483092324,5,100.0,10000.0,1000000.0
TD3,2layers,first-both,frelu,0.3,Finger-Spin,587464000.0,216016994.85804352,5,823.6,153.21651347031755,5,100.0,10000.0,1000000.0
TD3,2layers,first-both,frelu,0.3,HalfCheetah-v4,2021678487.5309372,1409685103.1054883,5,2685.6291469578964,1976.6676097476602,5,100.0,10000.0,1000000.0
TD3,2layers,first-both,frelu,0.3,Hopper-v4,1483819841.3239968,405731422.39634424,5,3258.813378454555,99.07931261493894,5,100.0,10000.0,1000000.0
TD3,2layers,first-both,frelu,0.3,Humanoid-v4,3189869257.060723,818871791.3304952,5,4374.883125359529,1814.8381552465676,5,100.0,10000.0,1000000.0
TD3,2layers,first-both,frelu,0.3,Walker-Walk,736311037.0514543,108615989.12732612,5,949.6541305501465,30.128684468709512,5,100.0,10000.0,1000000.0
TD3,2layers,first-both,frelu,0.4,Ant-v4,1914603451.2242858,546229910.6922036,5,3150.587598105262,959.721443013537,5,100.0,10000.0,1000000.0
TD3,2layers,first-both,frelu,0.4,Cartpole-Swingup,747602124.7543885,29011286.721191578,5,849.5707956188865,7.361387184195533,5,100.0,10000.0,1000000.0
TD3,2layers,first-both,frelu,0.4,Cheetah-Run,489430238.9674441,77107268.26321882,5,657.7668075060517,136.73160779168268,5,100.0,10000.0,1000000.0
TD3,2layers,first-both,frelu,0.4,Finger-Spin,482265000.0,422355679.15265447,5,656.2,406.40214074239327,5,100.0,10000.0,1000000.0
TD3,2layers,first-both,frelu,0.4,HalfCheetah-v4,2145892838.0748317,1462506381.8406088,5,2940.6478670876186,2271.43262862751,5,100.0,10000.0,1000000.0
TD3,2layers,first-both,frelu,0.4,Hopper-v4,1646929257.5342839,258040754.52374017,5,2716.744390685172,1116.1187969132486,5,100.0,10000.0,1000000.0
TD3,2layers,first-both,frelu,0.4,Humanoid-v4,2752246408.8380837,1060892327.5166146,5,5231.784714150484,356.5018744493404,5,100.0,10000.0,1000000.0
TD3,2layers,first-both,frelu,0.4,Walker-Walk,720400703.7603489,84128802.00297898,5,899.6336164166518,107.0676642005237,5,100.0,10000.0,1000000.0
TD3,2layers,first-both,frelu,0.5,Ant-v4,1870611805.1369033,502690752.18523973,5,2823.0464675207013,588.7493242167607,5,100.0,10000.0,1000000.0
TD3,2layers,first-both,frelu,0.5,Cartpole-Swingup,755186809.8526812,20879605.402403075,5,813.3623733786633,24.437950364507504,5,100.0,10000.0,1000000.0
TD3,2layers,first-both,frelu,0.5,Cheetah-Run,473209901.2512313,47702073.35462282,5,658.6829197099997,94.69078373048112,5,100.0,10000.0,1000000.0
TD3,2layers,first-both,frelu,0.5,Finger-Spin,678872000.0,22266313.289361574,5,864.6,51.64590980900618,5,100.0,10000.0,1000000.0
TD3,2layers,first-both,frelu,0.5,HalfCheetah-v4,1376151876.6528049,161667423.25217855,5,1762.3970538609024,152.66242420608611,5,100.0,10000.0,1000000.0
TD3,2layers,first-both,frelu,0.5,Hopper-v4,1568887762.7535415,1163412778.3696074,5,2333.7843146539813,1384.176679434744,5,82.4,10000.0,1000000.0
TD3,2layers,first-both,frelu,0.5,Humanoid-v4,2076266455.847454,1254461077.0520682,5,3564.6925444696717,2340.9622530630204,5,100.0,10000.0,1000000.0
TD3,2layers,first-both,frelu,0.5,Walker-Walk,741845402.9546883,52566756.30883082,5,936.6537703872688,32.50312930803558,5,100.0,10000.0,1000000.0
TD3,2layers,first-both,fswish,0.1,Ant-v4,2606871452.0397186,482906617.07469803,5,3691.25576171875,573.0370709638167,5,100.0,10000.0,1000000.0
TD3,2layers,first-both,fswish,0.1,Cartpole-Swingup,776022645.9641457,7173631.158785281,5,835.4934204101562,23.68881020892665,5,100.0,10000.0,1000000.0
TD3,2layers,first-both,fswish,0.1,Cheetah-Run,478993752.3880005,40601250.16971208,5,613.406201171875,90.85406066008079,5,100.0,10000.0,1000000.0
TD3,2layers,first-both,fswish,0.1,Finger-Spin,669593000.0,227080666.8234881,5,892.2,23.962470657259026,5,100.0,10000.0,1000000.0
TD3,2layers,first-both,fswish,0.1,HalfCheetah-v4,4202613165.676117,2487384293.3408313,5,6012.9171142578125,3725.9714506430946,5,100.0,10000.0,1000000.0
TD3,2layers,first-both,fswish,0.1,Hopper-v4,2406818719.970703,271324739.50001734,5,3309.148876953125,174.99930088664803,5,100.0,10000.0,1000000.0
TD3,2layers,first-both,fswish,0.1,Humanoid-v4,3710007310.3256226,250753611.79242474,5,5216.82197265625,291.23103330798847,5,100.0,10000.0,1000000.0
TD3,2layers,first-both,fswish,0.1,Walker-Walk,809912526.5159607,121060237.48182751,5,902.118408203125,105.58928021401283,5,100.0,10000.0,1000000.0
TD3,2layers,first-both,fswish,0.2,Ant-v4,2391702840.8050537,280138061.47206914,5,3648.76171875,277.0819657188679,5,100.0,10000.0,1000000.0
TD3,2layers,first-both,fswish,0.2,Cartpole-Swingup,770991564.591527,18524296.461730998,5,827.1689575195312,38.18334482249414,5,100.0,10000.0,1000000.0
TD3,2layers,first-both,fswish,0.2,Cheetah-Run,464109221.9361663,47310279.556868255,5,616.9745849609375,53.00111191577148,5,100.0,10000.0,1000000.0
TD3,2layers,first-both,fswish,0.2,Finger-Spin,737514000.0,112899745.81459428,5,907.6,32.35428874198906,5,100.0,10000.0,1000000.0
TD3,2layers,first-both,fswish,0.2,HalfCheetah-v4,3352464408.0314636,2541508803.0708566,5,4724.142797851562,3771.4378086000684,5,100.0,10000.0,1000000.0
TD3,2layers,first-both,fswish,0.2,Hopper-v4,2017875169.3115234,469310887.0161053,5,3376.815087890625,188.96528742969085,5,100.0,10000.0,1000000.0
TD3,2layers,first-both,fswish,0.2,Humanoid-v4,3274279685.913086,699895303.4114723,5,5118.90107421875,242.40924142332057,5,100.0,10000.0,1000000.0
TD3,2layers,first-both,fswish,0.2,Walker-Walk,806011647.0966339,131683703.51369415,5,907.8140380859375,110.24164748476399,5,100.0,10000.0,1000000.0
TD3,2layers,first-both,fswish,0.3,Ant-v4,2323879454.2865753,137069192.38188922,5,3244.4395263671877,1049.7768563873449,5,100.0,10000.0,1000000.0
TD3,2layers,first-both,fswish,0.3,Cartpole-Swingup,771793600.1127231,28630739.735528775,5,827.361962890625,20.657118780547158,5,100.0,10000.0,1000000.0
TD3,2layers,first-both,fswish,0.3,Cheetah-Run,522845301.3358116,74001987.30558085,5,672.5974914550782,96.31234319906181,5,100.0,10000.0,1000000.0
TD3,2layers,first-both,fswish,0.3,Finger-Spin,733865000.0,108404092.17368133,5,909.0,35.25620512760839,5,100.0,10000.0,1000000.0
TD3,2layers,first-both,fswish,0.3,HalfCheetah-v4,2558077196.079254,1943911181.4307368,5,3349.5394775390623,2718.1253523677365,5,100.0,10000.0,1000000.0
TD3,2layers,first-both,fswish,0.3,Hopper-v4,1982896980.5297852,492921832.49083835,5,3320.1958984375,150.90717357758518,5,100.0,10000.0,1000000.0
TD3,2layers,first-both,fswish,0.3,Humanoid-v4,3790419816.078186,133275090.37375838,5,5205.57783203125,154.85444183913646,5,100.0,10000.0,1000000.0
TD3,2layers,first-both,fswish,0.3,Walker-Walk,818737202.878952,47971070.040721096,5,944.4046752929687,31.09518136143867,5,100.0,10000.0,1000000.0
TD3,2layers,first-both,fswish,0.4,Ant-v4,2120277320.084095,405883075.5559379,5,3238.404150390625,332.7324670163059,5,100.0,10000.0,1000000.0
TD3,2layers,first-both,fswish,0.4,Cartpole-Swingup,751858388.1835938,44371795.79497277,5,828.52919921875,39.51604563435272,5,100.0,10000.0,1000000.0
TD3,2layers,first-both,fswish,0.4,Cheetah-Run,514006359.9386215,21029764.16710233,5,664.1858154296875,47.93649400048469,5,100.0,10000.0,1000000.0
TD3,2layers,first-both,fswish,0.4,Finger-Spin,769330000.0,51672346.206651,5,923.2,27.994642344562994,5,100.0,10000.0,1000000.0
TD3,2layers,first-both,fswish,0.4,HalfCheetah-v4,3432776582.19862,2729045990.4338427,5,4299.922387695313,3574.1246270777333,5,100.0,10000.0,1000000.0
TD3,2layers,first-both,fswish,0.4,Hopper-v4,2120412410.71558,850363283.9027102,5,3373.69296875,127.97152303043326,5,100.0,10000.0,1000000.0
TD3,2layers,first-both,fswish,0.4,Humanoid-v4,3787517481.781006,221539753.63886872,5,5291.00576171875,129.87646271769535,5,100.0,10000.0,1000000.0
TD3,2layers,first-both,fswish,0.4,Walker-Walk,763268847.3758698,107100185.20553061,5,891.1843505859375,92.517864034862,5,100.0,10000.0,1000000.0
TD3,2layers,first-both,fswish,0.5,Ant-v4,2138474041.378975,254909922.45962417,5,3244.309130859375,188.06836890323729,5,100.0,10000.0,1000000.0
TD3,2layers,first-both,fswish,0.5,Cartpole-Swingup,773974445.9533691,14296416.580276908,5,835.7199340820313,29.032690840049938,5,100.0,10000.0,1000000.0
TD3,2layers,first-both,fswish,0.5,Cheetah-Run,485278730.69655895,36227165.80792772,5,631.8747436523438,27.862291643287335,5,100.0,10000.0,1000000.0
TD3,2layers,first-both,fswish,0.5,Finger-Spin,668855000.0,229925755.2178529,5,898.0,62.453983059529506,5,100.0,10000.0,1000000.0
TD3,2layers,first-both,fswish,0.5,HalfCheetah-v4,1551301944.190979,91420961.37269516,5,1977.5343505859375,139.3997259720134,5,100.0,10000.0,1000000.0
TD3,2layers,first-both,fswish,0.5,Hopper-v4,2137341363.5787964,973593266.5784073,5,2843.660205078125,1045.921633231108,5,100.0,10000.0,1000000.0
TD3,2layers,first-both,fswish,0.5,Humanoid-v4,3718715227.684021,192078854.1168425,5,5255.98740234375,208.73635147710104,5,100.0,10000.0,1000000.0
TD3,2layers,first-both,fswish,0.5,Walker-Walk,832713256.7386627,77967754.8219055,5,961.9373779296875,11.541612698201593,5,100.0,10000.0,1000000.0
TD3,2layers,first-both,gelu,NA,Ant-v4,2508363695.0411797,138590469.94080546,5,3719.762109375,135.64220111365375,5,100.0,10000.0,1000000.0
TD3,2layers,first-both,gelu,NA,Cartpole-Swingup,774383144.3023682,21789647.389244143,5,819.6717895507812,57.48917645581474,5,100.0,10000.0,1000000.0
TD3,2layers,first-both,gelu,NA,Cheetah-Run,445738521.04473114,30612074.726245604,5,567.2786071777343,51.308193277664635,5,100.0,10000.0,1000000.0
TD3,2layers,first-both,gelu,NA,Finger-Spin,730657000.0,76547752.13877936,5,911.0,10.41633332799983,5,100.0,10000.0,1000000.0
TD3,2layers,first-both,gelu,NA,HalfCheetah-v4,2459786210.3538513,1875140265.4147081,5,2750.738037109375,3171.2438491861444,5,100.0,10000.0,1000000.0
TD3,2layers,first-both,gelu,NA,Hopper-v4,2507840314.1288757,210491897.72377446,5,3420.3111328125,167.27304160595193,5,100.0,10000.0,1000000.0
TD3,2layers,first-both,gelu,NA,Humanoid-v4,3427405717.071533,336638712.2622132,5,5369.041015625,220.03498989801142,5,100.0,10000.0,1000000.0
TD3,2layers,first-both,gelu,NA,Walker-Walk,766376053.9512634,173702340.29139334,5,877.6962280273438,118.18214020801332,5,100.0,10000.0,1000000.0
TD3,2layers,first-both,lrelu,NA,Ant-v4,2475319561.5520477,397564331.1833427,5,3467.748681640625,603.1604644588178,5,100.0,10000.0,1000000.0
TD3,2layers,first-both,lrelu,NA,Cartpole-Swingup,704482030.405879,36625627.54172312,5,786.2508911132812,76.50082403387371,5,100.0,10000.0,1000000.0
TD3,2layers,first-both,lrelu,NA,Cheetah-Run,393991088.25588226,62561917.25488646,5,537.1735595703125,83.21255609874471,5,100.0,10000.0,1000000.0
TD3,2layers,first-both,lrelu,NA,Finger-Spin,678872000.0,22266313.289361574,5,864.6,51.64590980900618,5,100.0,10000.0,1000000.0
TD3,2layers,first-both,lrelu,NA,HalfCheetah-v4,2127266815.273285,1565350835.2791486,5,2619.770849609375,1849.948086711853,5,100.0,10000.0,1000000.0
TD3,2layers,first-both,lrelu,NA,Hopper-v4,1479302922.6913452,592214637.8478066,5,2785.9352783203126,790.6931838551109,5,100.0,10000.0,1000000.0
TD3,2layers,first-both,lrelu,NA,Humanoid-v4,3110507523.979187,750536496.6345025,5,5184.521484375,206.12175817901422,5,100.0,10000.0,1000000.0
TD3,2layers,first-both,lrelu,NA,Walker-Walk,783549930.7107925,94959689.57125594,5,931.3395385742188,32.97384743885431,5,100.0,10000.0,1000000.0
TD3,2layers,first-both,prelu,NA,Ant-v4,2303217961.055994,242420811.00860342,5,3167.72861328125,392.9603959710306,5,100.0,10000.0,1000000.0
TD3,2layers,first-both,prelu,NA,Cartpole-Swingup,739731231.9488525,18598220.197294112,5,813.4991943359375,21.333205612035712,5,100.0,10000.0,1000000.0
TD3,2layers,first-both,prelu,NA,Cheetah-Run,479925736.3307476,48615977.7216618,5,645.976806640625,58.597024844237524,5,100.0,10000.0,1000000.0
TD3,2layers,first-both,prelu,NA,Finger-Spin,674449000.0,97995057.04371011,5,885.8,41.18494870702161,5,100.0,10000.0,1000000.0
TD3,2layers,first-both,prelu,NA,HalfCheetah-v4,2313682886.199951,1584305994.2996557,5,3151.230126953125,2416.965902852846,5,100.0,10000.0,1000000.0
TD3,2layers,first-both,prelu,NA,Hopper-v4,2475360400.8789062,147987613.55794904,5,3365.520751953125,125.90447197814022,5,100.0,10000.0,1000000.0
TD3,2layers,first-both,prelu,NA,Humanoid-v4,3362379400.6500244,697642484.4677036,5,5513.1171875,210.60787797519336,5,100.0,10000.0,1000000.0
TD3,2layers,first-both,prelu,NA,Walker-Walk,727310791.8834686,137913970.24648532,5,774.1713653564453,302.6838048537783,5,100.0,10000.0,1000000.0
TD3,2layers,first-both,swish,NA,Ant-v4,2604827249.902725,400966682.6625323,5,3742.784423828125,542.204042870422,5,100.0,10000.0,1000000.0
TD3,2layers,first-both,swish,NA,Cartpole-Swingup,763939315.2160645,14010523.536104461,5,838.3402954101563,36.80189310632297,5,100.0,10000.0,1000000.0
TD3,2layers,first-both,swish,NA,Cheetah-Run,440528218.5804844,54090580.18455282,5,563.1358154296875,72.00809704445093,5,100.0,10000.0,1000000.0
TD3,2layers,first-both,swish,NA,Finger-Spin,745335000.0,60856554.597676665,5,889.0,21.96588263648879,5,100.0,10000.0,1000000.0
TD3,2layers,first-both,swish,NA,HalfCheetah-v4,4426657217.62228,2439125375.4416003,5,5876.400341796875,3356.049385431367,5,100.0,10000.0,1000000.0
TD3,2layers,first-both,swish,NA,Hopper-v4,2183583726.989746,559194180.7001863,5,3260.335693359375,64.51531421205883,5,100.0,10000.0,1000000.0
TD3,2layers,first-both,swish,NA,Humanoid-v4,3644655596.8780518,349089416.76504505,5,5144.98408203125,142.08872376498292,5,100.0,10000.0,1000000.0
TD3,2layers,first-both,swish,NA,Walker-Walk,827830916.2120819,84751771.89940517,5,953.2308471679687,22.89860190575247,5,100.0,10000.0,1000000.0
TD3,2layers,r,relu,NA,Ant-v4,2509126367.125186,306765301.4997149,5,3813.342821575867,281.695863029306,5,100.0,10000.0,1000000.0
TD3,2layers,r,relu,NA,Cartpole-Swingup,754008382.2283134,20813455.83172539,5,837.2496577086877,5.91344222585056,5,100.0,10000.0,1000000.0
TD3,2layers,r,relu,NA,Cheetah-Run,520839473.57993376,67143886.91990404,5,731.6351117927233,77.45086437932208,5,100.0,10000.0,1000000.0
TD3,2layers,r,relu,NA,Finger-Spin,719283000.0,58761402.36158427,5,909.4,38.4356605250905,5,100.0,10000.0,1000000.0
TD3,2layers,r,relu,NA,HalfCheetah-v4,3031874421.6131363,2206319936.2761903,5,3944.5668695481436,2981.4946879989316,5,100.0,10000.0,1000000.0
TD3,2layers,r,relu,NA,Hopper-v4,1938538991.8401551,882617030.8356774,5,2939.0885870647826,1049.194930355962,5,99.0,10009.0,990904.0
TD3,2layers,r,relu,NA,Humanoid-v4,3553641840.947341,427759738.00107735,5,5266.070330113765,273.0709022171569,5,100.0,10000.0,1000000.0
TD3,2layers,r,relu,NA,Walker-Walk,779060973.2326782,68427796.12420501,5,945.7631826222135,44.73174734141009,5,100.0,10000.0,1000000.0
