algo,layers,placement,activation,alpha,task,auc_mean,auc_std,auc_n,final_return_mean,final_return_std,final_return_n,n_points_mean,first_step_min,last_step_max,auc_relu_base,auc_used,delta_pct_vs_relu
SAC,1layer,none,fgelu,0.1,Ant-v4,1783494489.1357422,457740010.4489316,5,3020.727734375,505.6565741101704,5,100.0,10000.0,1000000.0,1344453637.8356307,1783494489.1357422,32.65570778676323
SAC,1layer,none,fgelu,0.1,Cartpole-Swingup,720427476.8562317,32170144.85463338,5,803.2301879882813,52.35876418443012,5,100.0,10000.0,1000000.0,725148736.2683398,720427476.8562317,-0.6510746245527445
SAC,1layer,none,fgelu,0.1,Cheetah-Run,284334956.0190178,19420107.601403628,5,405.9400329589844,88.62714646119805,5,100.0,10000.0,1000000.0,271976269.1009747,284334956.0190178,4.544031344681332
SAC,1layer,none,fgelu,0.1,Finger-Spin,430506000.0,59524642.41807757,5,608.0,98.30055951010657,5,100.0,10000.0,1000000.0,592910000.0,430506000.0,-27.391003693646592
SAC,1layer,none,fgelu,0.1,HalfCheetah-v4,4133303333.7306976,1666257904.703231,5,4955.98212890625,1972.6247776194232,5,100.0,10000.0,1000000.0,3805528421.1800604,4133303333.7306976,8.613124808801118
SAC,1layer,none,fgelu,0.1,Hopper-v4,2369666090.85083,120747754.83598788,5,2579.899816894532,1029.7899145135675,5,100.0,10000.0,1000000.0,1497596894.951844,2369666090.85083,58.231236912856176
SAC,1layer,none,fgelu,0.1,Humanoid-v4,3532016426.147461,238874369.3600157,5,4517.567529296875,1651.0391023447762,5,100.0,10000.0,1000000.0,3349341174.3395467,3532016426.147461,5.454065211613917
SAC,1layer,none,fgelu,0.1,Walker-Walk,638431058.5727692,89995969.35272476,5,810.3755126953125,71.9237365974911,5,100.0,10000.0,1000000.0,572533753.6142914,638431058.5727692,11.509767684871187
SAC,1layer,none,fgelu,0.2,Ant-v4,1291975238.243103,489429159.5474587,5,1752.5884521484377,1075.196566551134,5,100.0,10000.0,1000000.0,1344453637.8356307,1291975238.243103,-3.9033253446366514
SAC,1layer,none,fgelu,0.2,Cartpole-Swingup,740042148.9753723,32938204.275728457,5,827.1851196289062,32.03318950706748,5,100.0,10000.0,1000000.0,725148736.2683398,740042148.9753723,2.053842468743031
SAC,1layer,none,fgelu,0.2,Cheetah-Run,327769507.419765,42422235.11008031,5,494.6384338378906,67.408657621612,5,100.0,10000.0,1000000.0,271976269.1009747,327769507.419765,20.514009734458252
SAC,1layer,none,fgelu,0.2,Finger-Spin,590320000.0,49783408.75733601,5,771.4,42.85790475513239,5,100.0,10000.0,1000000.0,592910000.0,590320000.0,-0.4368285237219814
SAC,1layer,none,fgelu,0.2,HalfCheetah-v4,4460330108.71172,783619014.7000701,5,5522.1888671875,710.8121698902839,5,100.0,10000.0,1000000.0,3805528421.1800604,4460330108.71172,17.206590388007452
SAC,1layer,none,fgelu,0.2,Hopper-v4,2263088847.1984863,139928463.44257438,5,3137.759130859375,50.50302782713239,5,100.0,10000.0,1000000.0,1497596894.951844,2263088847.1984863,51.11468612328133
SAC,1layer,none,fgelu,0.2,Humanoid-v4,3408920011.993408,234245415.1482603,5,4692.223779296875,1109.5766256280665,5,100.0,10000.0,1000000.0,3349341174.3395467,3408920011.993408,1.7788225968233833
SAC,1layer,none,fgelu,0.2,Walker-Walk,590640326.6811371,93095822.750194,5,726.9778564453125,110.0212930559115,5,100.0,10000.0,1000000.0,572533753.6142914,590640326.6811371,3.162533728805065
SAC,1layer,none,fgelu,0.3,Ant-v4,1100366386.40213,267661279.56826887,5,1499.912353515625,747.8157798758142,5,100.0,10000.0,1000000.0,1344453637.8356307,1100366386.40213,-18.155125960791384
SAC,1layer,none,fgelu,0.3,Cartpole-Swingup,728343463.4342194,30190025.610047724,5,775.050048828125,82.781100017196,5,100.0,10000.0,1000000.0,725148736.2683398,728343463.4342194,0.4405616401291507
SAC,1layer,none,fgelu,0.3,Cheetah-Run,289202486.0626161,23753846.264099997,5,330.73314208984374,152.1910111756382,5,100.0,10000.0,1000000.0,271976269.1009747,289202486.0626161,6.333720592088119
SAC,1layer,none,fgelu,0.3,Finger-Spin,634701000.0,65023348.72951408,5,792.2,61.896688118186105,5,100.0,10000.0,1000000.0,592910000.0,634701000.0,7.048455920797423
SAC,1layer,none,fgelu,0.3,HalfCheetah-v4,4050766490.392685,1602554897.4206293,5,4891.338208007813,1924.2208718254783,5,100.0,10000.0,1000000.0,3805528421.1800604,4050766490.392685,6.444257986557841
SAC,1layer,none,fgelu,0.3,Hopper-v4,2023387670.1507568,542176946.8693798,5,2074.653369140625,916.8503418392196,5,100.0,10000.0,1000000.0,1497596894.951844,2023387670.1507568,35.10896536786823
SAC,1layer,none,fgelu,0.3,Humanoid-v4,3528713253.9978027,224809644.38267967,5,5209.29755859375,117.80510974066868,5,100.0,10000.0,1000000.0,3349341174.3395467,3528713253.9978027,5.355443662547345
SAC,1layer,none,fgelu,0.3,Walker-Walk,483880954.61940765,101291173.25460967,5,576.1860008239746,325.4537806255312,5,100.0,10000.0,1000000.0,572533753.6142914,483880954.61940765,-15.484292137404358
SAC,1layer,none,fgelu,0.4,Ant-v4,942618496.3989258,19552185.176853083,5,1128.238525390625,338.86970211720865,5,100.0,10000.0,1000000.0,1344453637.8356307,942618496.3989258,-29.88835986070887
SAC,1layer,none,fgelu,0.4,Cartpole-Swingup,726963335.5236053,43169501.72483003,5,824.1869995117188,21.925377315653545,5,100.0,10000.0,1000000.0,725148736.2683398,726963335.5236053,0.2502382152113556
SAC,1layer,none,fgelu,0.4,Cheetah-Run,297492688.5312796,46614945.166769706,5,468.9723571777344,123.86765954481297,5,100.0,10000.0,1000000.0,271976269.1009747,297492688.5312796,9.381855084140318
SAC,1layer,none,fgelu,0.4,Finger-Spin,620336000.0,79632924.67629203,5,765.6,99.37454402411112,5,100.0,10000.0,1000000.0,592910000.0,620336000.0,4.625659880926279
SAC,1layer,none,fgelu,0.4,HalfCheetah-v4,4738446798.704147,890291279.0018264,5,5956.45107421875,956.806111446766,5,100.0,10000.0,1000000.0,3805528421.1800604,4738446798.704147,24.514818292561777
SAC,1layer,none,fgelu,0.4,Hopper-v4,2336285842.689514,212232837.1663274,5,2836.4865966796874,706.2550365363061,5,100.0,10000.0,1000000.0,1497596894.951844,2336285842.689514,56.00231614827424
SAC,1layer,none,fgelu,0.4,Humanoid-v4,3494074159.301758,162975739.75442705,5,5192.951171875,39.210158907921645,5,100.0,10000.0,1000000.0,3349341174.3395467,3494074159.301758,4.3212374442789
SAC,1layer,none,fgelu,0.4,Walker-Walk,504050738.46435547,46515885.48188924,5,614.3803161621094,99.60711376114426,5,100.0,10000.0,1000000.0,572533753.6142914,504050738.46435547,-11.961393492980342
SAC,1layer,none,fgelu,0.5,Ant-v4,975824644.6342468,56095304.65821783,5,1333.1453369140625,317.1925567184011,5,100.0,10000.0,1000000.0,1344453637.8356307,975824644.6342468,-27.418497955408963
SAC,1layer,none,fgelu,0.5,Cartpole-Swingup,716658785.5810747,33555688.607766114,5,778.19794921875,55.87961633214082,5,100.0,10000.0,1000000.0,725148736.2683398,716658785.5810747,-1.1707874898817103
SAC,1layer,none,fgelu,0.5,Cheetah-Run,320031628.0825138,39130722.34700173,5,406.4200424194336,190.44123329258915,5,100.0,10000.0,1000000.0,271976269.1009747,320031628.0825138,17.668952934896673
SAC,1layer,none,fgelu,0.5,Finger-Spin,644171000.0,25996272.90593789,5,777.8,48.23069562011314,5,100.0,10000.0,1000000.0,592910000.0,644171000.0,8.64566291680019
SAC,1layer,none,fgelu,0.5,HalfCheetah-v4,3977931671.293258,1601133459.461099,5,4709.135571289063,1844.3270880842724,5,100.0,10000.0,1000000.0,3805528421.1800604,3977931671.293258,4.53033668474711
SAC,1layer,none,fgelu,0.5,Hopper-v4,1835832428.6956787,792762487.2859972,5,2295.648120117188,1218.41551051623,5,100.0,10000.0,1000000.0,1497596894.951844,1835832428.6956787,22.585218684945982
SAC,1layer,none,fgelu,0.5,Humanoid-v4,3111542417.572021,451125227.3605415,5,4682.109619140625,1087.5094298762049,5,100.0,10000.0,1000000.0,3349341174.3395467,3111542417.572021,-7.099866642114086
SAC,1layer,none,fgelu,0.5,Walker-Walk,472544547.6412773,88489731.17100409,5,613.0535522460938,67.99258553029182,5,100.0,10000.0,1000000.0,572533753.6142914,472544547.6412773,-17.464333821683383
SAC,1layer,none,flrelu,0.1,Ant-v4,1128041591.151358,227992525.0951222,5,2170.2880461630275,1050.927356236092,5,100.0,10000.0,1000000.0,1344453637.8356307,1128041591.151358,-16.096653733085493
SAC,1layer,none,flrelu,0.1,Cartpole-Swingup,727673184.0630462,18198734.03390436,5,785.1773460151051,56.38632732501094,5,100.0,10000.0,1000000.0,725148736.2683398,727673184.0630462,0.3481282760964914
SAC,1layer,none,flrelu,0.1,Cheetah-Run,346592900.1697501,57450372.932351336,5,461.9085382030424,159.9737093994484,5,100.0,10000.0,1000000.0,271976269.1009747,346592900.1697501,27.43497854258492
SAC,1layer,none,flrelu,0.1,Finger-Spin,539280000.0,50678425.51322997,5,724.8,59.24272107187513,5,100.0,10000.0,1000000.0,592910000.0,539280000.0,-9.045217655293383
SAC,1layer,none,flrelu,0.1,HalfCheetah-v4,2899804337.9196234,1563059853.1992164,5,3576.067820310139,1907.1243644920355,5,100.0,10000.0,1000000.0,3805528421.1800604,2899804337.9196234,-23.80021860353312
SAC,1layer,none,flrelu,0.1,Hopper-v4,1417975000.7153049,624287062.2027972,5,1587.0635410090415,837.4500523540861,5,100.0,10000.0,1000000.0,1497596894.951844,1417975000.7153049,-5.3166439183288645
SAC,1layer,none,flrelu,0.1,Humanoid-v4,3327319255.4639573,329876347.14001423,5,5111.939124676737,117.1725280718608,5,100.0,10000.0,1000000.0,3349341174.3395467,3327319255.4639573,-0.6575000195353897
SAC,1layer,none,flrelu,0.1,Walker-Walk,613137574.9069238,115192530.94344331,5,826.3901265458823,169.07399255270917,5,100.0,10000.0,1000000.0,572533753.6142914,613137574.9069238,7.091952402161185
SAC,1layer,none,flrelu,0.2,Ant-v4,934701270.2201916,42778838.03444875,5,1232.105819689258,332.5894954010644,5,100.0,10000.0,1000000.0,1344453637.8356307,934701270.2201916,-30.47724042571517
SAC,1layer,none,flrelu,0.2,Cartpole-Swingup,753736120.5455277,38044728.58794436,5,812.5236179849046,33.36241851691751,5,100.0,10000.0,1000000.0,725148736.2683398,753736120.5455277,3.9422787143366462
SAC,1layer,none,flrelu,0.2,Cheetah-Run,313193074.0008027,31861102.91745844,5,477.90305352448667,83.8777141309218,5,100.0,10000.0,1000000.0,271976269.1009747,313193074.0008027,15.154559269480142
SAC,1layer,none,flrelu,0.2,Finger-Spin,574318000.0,58925599.7636002,5,764.4,63.50826717837608,5,100.0,10000.0,1000000.0,592910000.0,574318000.0,-3.135720429744818
SAC,1layer,none,flrelu,0.2,HalfCheetah-v4,3871333604.6968737,1537237818.1717527,5,4611.904699183931,1778.8362585064997,5,100.0,10000.0,1000000.0,3805528421.1800604,3871333604.6968737,1.7291996336321587
SAC,1layer,none,flrelu,0.2,Hopper-v4,2013396707.7439148,203762103.43939683,5,1928.801222515844,895.4034261789333,5,100.0,10000.0,1000000.0,1497596894.951844,2013396707.7439148,34.44183241369879
SAC,1layer,none,flrelu,0.2,Humanoid-v4,3086147401.144324,250939022.10555223,5,4427.497856549436,1590.5579928278069,5,100.0,10000.0,1000000.0,3349341174.3395467,3086147401.144324,-7.858075946745609
SAC,1layer,none,flrelu,0.2,Walker-Walk,504433729.5663693,95774284.92139624,5,650.9400642885913,126.23294307623073,5,100.0,10000.0,1000000.0,572533753.6142914,504433729.5663693,-11.894499427853862
SAC,1layer,none,flrelu,0.3,Ant-v4,920734412.6042736,14190867.937157614,5,964.6804471675292,15.496642335649575,5,100.0,10000.0,1000000.0,1344453637.8356307,920734412.6042736,-31.51609050003998
SAC,1layer,none,flrelu,0.3,Cartpole-Swingup,722282539.4811299,23335077.91585248,5,758.3428660702448,119.50154820588574,5,100.0,10000.0,1000000.0,725148736.2683398,722282539.4811299,-0.3952563996676729
SAC,1layer,none,flrelu,0.3,Cheetah-Run,310196728.0766005,54168864.44408443,5,406.0009640069525,141.85694526808334,5,100.0,10000.0,1000000.0,271976269.1009747,310196728.0766005,14.05286538489723
SAC,1layer,none,flrelu,0.3,Finger-Spin,584790000.0,31181055.34615529,5,795.2,53.21372003534428,5,100.0,10000.0,1000000.0,592910000.0,584790000.0,-1.369516452749996
SAC,1layer,none,flrelu,0.3,HalfCheetah-v4,4067292519.400238,1491802254.9813323,5,4671.408208573422,1684.5937038416157,5,100.0,10000.0,1000000.0,3805528421.1800604,4067292519.400238,6.878521699202208
SAC,1layer,none,flrelu,0.3,Hopper-v4,1478959660.5427766,804182367.6870918,5,2565.8091292722324,1213.1226753946655,5,100.0,10000.0,1000000.0,1497596894.951844,1478959660.5427766,-1.2444760316938746
SAC,1layer,none,flrelu,0.3,Humanoid-v4,3176092823.7133904,393125036.2288416,5,5213.55854809236,148.7377668168985,5,100.0,10000.0,1000000.0,3349341174.3395467,3176092823.7133904,-5.17260982408933
SAC,1layer,none,flrelu,0.3,Walker-Walk,584902523.5688906,30984927.954704404,5,797.8270218715828,134.38064302153035,5,100.0,10000.0,1000000.0,572533753.6142914,584902523.5688906,2.1603564639669823
SAC,1layer,none,flrelu,0.4,Ant-v4,924693297.31945,22812620.33095549,5,975.2125777077304,29.398279985039323,5,100.0,10000.0,1000000.0,1344453637.8356307,924693297.31945,-31.221630014102384
SAC,1layer,none,flrelu,0.4,Cartpole-Swingup,704634433.0887921,26065762.57097169,5,767.1000234065739,49.03685300437401,5,100.0,10000.0,1000000.0,725148736.2683398,704634433.0887921,-2.828978684444179
SAC,1layer,none,flrelu,0.4,Cheetah-Run,322971767.34890425,41903350.60637213,5,418.3497433770207,192.50024150451827,5,100.0,10000.0,1000000.0,271976269.1009747,322971767.34890425,18.749980804022588
SAC,1layer,none,flrelu,0.4,Finger-Spin,600917000.0,78368685.43940239,5,808.2,53.960170496394845,5,100.0,10000.0,1000000.0,592910000.0,600917000.0,1.3504579109814305
SAC,1layer,none,flrelu,0.4,HalfCheetah-v4,4764783502.488401,808223762.6973338,5,5784.496226511882,1294.3337213620582,5,100.0,10000.0,1000000.0,3805528421.1800604,4764783502.488401,25.20688259663252
SAC,1layer,none,flrelu,0.4,Hopper-v4,1364956741.9401526,601005403.5992136,5,2680.7083503834383,998.2462228501984,5,100.0,10000.0,1000000.0,1497596894.951844,1364956741.9401526,-8.856866187343186
SAC,1layer,none,flrelu,0.4,Humanoid-v4,3387714825.9587355,258626347.25824708,5,5229.110258148903,91.98424813482796,5,100.0,10000.0,1000000.0,3349341174.3395467,3387714825.9587355,1.145707457728777
SAC,1layer,none,flrelu,0.4,Walker-Walk,544426638.1070068,60884956.34204316,5,785.7878432491414,156.81752782791696,5,100.0,10000.0,1000000.0,572533753.6142914,544426638.1070068,-4.9092503856497585
SAC,1layer,none,flrelu,0.5,Ant-v4,908981137.32482,11947217.07515216,5,953.7400162265994,9.55952959197958,5,100.0,10000.0,1000000.0,1344453637.8356307,908981137.32482,-32.390295080152875
SAC,1layer,none,flrelu,0.5,Cartpole-Swingup,669855231.1586926,39551371.31298398,5,793.259697139299,21.26411016947599,5,100.0,10000.0,1000000.0,725148736.2683398,669855231.1586926,-7.625126038858036
SAC,1layer,none,flrelu,0.5,Cheetah-Run,306778788.782027,32254386.48530792,5,448.8497615830328,25.792350511624512,5,100.0,10000.0,1000000.0,271976269.1009747,306778788.782027,12.79616041358794
SAC,1layer,none,flrelu,0.5,Finger-Spin,572470000.0,51827489.56876069,5,713.4,80.53756887316626,5,100.0,10000.0,1000000.0,592910000.0,572470000.0,-3.44740348450861
SAC,1layer,none,flrelu,0.5,HalfCheetah-v4,3119643650.945591,905257208.5345776,5,3780.4593533454954,949.4518359031814,5,100.0,10000.0,1000000.0,3805528421.1800604,3119643650.945591,-18.023377947123116
SAC,1layer,none,flrelu,0.5,Hopper-v4,1479472262.233129,427298038.6015598,5,2603.337984744826,779.8226322356105,5,100.0,10000.0,1000000.0,1497596894.951844,1479472262.233129,-1.21024774956533
SAC,1layer,none,flrelu,0.5,Humanoid-v4,2535539956.213416,437386330.9971461,5,4629.637438912752,1117.0818252876109,5,100.0,10000.0,1000000.0,3349341174.3395467,2535539956.213416,-24.297352099002072
SAC,1layer,none,flrelu,0.5,Walker-Walk,478720882.7715936,62404134.028819226,5,663.7503862949071,50.66386178308824,5,100.0,10000.0,1000000.0,572533753.6142914,478720882.7715936,-16.385561593613637
SAC,1layer,none,fprelu,0.1,Ant-v4,904895658.0787758,8293272.48306417,5,953.622805548728,8.725464982129571,5,100.0,10000.0,1000000.0,1344453637.8356307,904895658.0787758,-32.69417162383357
SAC,1layer,none,fprelu,0.1,Cartpole-Swingup,717859298.4246448,19771835.522403304,5,811.3504334131788,41.81502586756182,5,100.0,10000.0,1000000.0,725148736.2683398,717859298.4246448,-1.005233475439373
SAC,1layer,none,fprelu,0.1,Cheetah-Run,315649234.14927775,32362704.67321732,5,427.9147427455092,59.155034236000645,5,100.0,10000.0,1000000.0,271976269.1009747,315649234.14927775,16.057638114040355
SAC,1layer,none,fprelu,0.1,Finger-Spin,545641000.0,57987904.81643564,5,757.0,23.51595203260969,5,100.0,10000.0,1000000.0,592910000.0,545641000.0,-7.972373547418663
SAC,1layer,none,fprelu,0.1,HalfCheetah-v4,4425111462.903968,188954615.27837512,5,5592.107041698436,677.2812077279051,5,100.0,10000.0,1000000.0,3805528421.1800604,4425111462.903968,16.28113032281021
SAC,1layer,none,fprelu,0.1,Hopper-v4,2149236196.750801,207068632.6599636,5,3255.54174673241,66.90870671051887,5,100.0,10000.0,1000000.0,1497596894.951844,2149236196.750801,43.512329919721886
SAC,1layer,none,fprelu,0.1,Humanoid-v4,3028660931.473489,298952437.9551645,5,5079.102532394233,53.772904671054434,5,100.0,10000.0,1000000.0,3349341174.3395467,3028660931.473489,-9.574427511980547
SAC,1layer,none,fprelu,0.1,Walker-Walk,530737658.0809352,126715373.77852435,5,631.7970489372434,339.4087956824271,5,100.0,10000.0,1000000.0,572533753.6142914,530737658.0809352,-7.3001976336776355
SAC,1layer,none,fprelu,0.2,Ant-v4,922955531.7525918,25962903.35887576,5,1014.0914840816456,159.34555744762696,5,100.0,10000.0,1000000.0,1344453637.8356307,922955531.7525918,-31.350884420349942
SAC,1layer,none,fprelu,0.2,Cartpole-Swingup,697493293.2014531,21017287.32918609,5,811.037093754079,28.65993647612216,5,100.0,10000.0,1000000.0,725148736.2683398,697493293.2014531,-3.813761464882816
SAC,1layer,none,fprelu,0.2,Cheetah-Run,260467114.5953672,42655177.68270417,5,399.538979432825,36.54498585856091,5,100.0,10000.0,1000000.0,271976269.1009747,260467114.5953672,-4.231676000134616
SAC,1layer,none,fprelu,0.2,Finger-Spin,501293000.0,100025760.96936227,5,658.6,253.93759075804437,5,100.0,10000.0,1000000.0,592910000.0,501293000.0,-15.452092223103
SAC,1layer,none,fprelu,0.2,HalfCheetah-v4,4092873656.974575,1666726092.0309205,5,5176.377602869465,2168.238077753982,5,100.0,10000.0,1000000.0,3805528421.1800604,4092873656.974575,7.550731567139668
SAC,1layer,none,fprelu,0.2,Hopper-v4,1644913826.5261118,828536362.7487134,5,2246.9604845338745,1278.7736772806782,5,100.0,10000.0,1000000.0,1497596894.951844,1644913826.5261118,9.836888155340688
SAC,1layer,none,fprelu,0.2,Humanoid-v4,3256313161.8520026,414339976.7594116,5,5217.105805805511,52.40828547564045,5,100.0,10000.0,1000000.0,3349341174.3395467,3256313161.8520026,-2.7775018323085034
SAC,1layer,none,fprelu,0.2,Walker-Walk,547159953.0260102,113733171.0340938,5,648.7455050053244,355.66467815938995,5,100.0,10000.0,1000000.0,572533753.6142914,547159953.0260102,-4.431843612381197
SAC,1layer,none,fprelu,0.3,Ant-v4,981420913.8582832,155897240.36719304,5,1255.567600750595,655.7135233183623,5,100.0,10000.0,1000000.0,1344453637.8356307,981420913.8582832,-27.00224937185457
SAC,1layer,none,fprelu,0.3,Cartpole-Swingup,734348412.1171566,11712763.963720996,5,770.2577524188837,86.05228681415234,5,100.0,10000.0,1000000.0,725148736.2683398,734348412.1171566,1.2686605366174908
SAC,1layer,none,fprelu,0.3,Cheetah-Run,303539877.34599745,20928951.042647656,5,464.75913889389614,54.924840766571855,5,100.0,10000.0,1000000.0,271976269.1009747,303539877.34599745,11.605280250867908
SAC,1layer,none,fprelu,0.3,Finger-Spin,540949000.0,103595139.4492039,5,788.4,60.16892885867258,5,100.0,10000.0,1000000.0,592910000.0,540949000.0,-8.763724679968291
SAC,1layer,none,fprelu,0.3,HalfCheetah-v4,4184360767.166323,715227778.778749,5,5023.616625244426,669.0666012490285,5,100.0,10000.0,1000000.0,3805528421.1800604,4184360767.166323,9.954789560310005
SAC,1layer,none,fprelu,0.3,Hopper-v4,1722963834.3857856,487517921.2919799,5,2947.542130448974,882.6811894779944,5,100.0,10000.0,1000000.0,1497596894.951844,1722963834.3857856,15.048571494346508
SAC,1layer,none,fprelu,0.3,Humanoid-v4,2530676606.863349,579831434.4440795,5,4675.996016345931,1008.8755361930744,5,100.0,10000.0,1000000.0,3349341174.3395467,2530676606.863349,-24.442555262756393
SAC,1layer,none,fprelu,0.3,Walker-Walk,458134545.2411812,68090382.3166725,5,687.3385278788193,42.50202610407005,5,100.0,10000.0,1000000.0,572533753.6142914,458134545.2411812,-19.981216417535357
SAC,1layer,none,fprelu,0.4,Ant-v4,914455328.175316,15073311.638848685,5,944.3478144194032,32.5186554394661,5,100.0,10000.0,1000000.0,1344453637.8356307,914455328.175316,-31.983126644110072
SAC,1layer,none,fprelu,0.4,Cartpole-Swingup,720386033.1703899,19089820.68373837,5,723.8019210238847,104.61977908944664,5,100.0,10000.0,1000000.0,725148736.2683398,720386033.1703899,-0.6567898225209668
SAC,1layer,none,fprelu,0.4,Cheetah-Run,309525832.72245914,42725475.30214922,5,440.9279974237885,91.67541985955349,5,100.0,10000.0,1000000.0,271976269.1009747,309525832.72245914,13.80619115984112
SAC,1layer,none,fprelu,0.4,Finger-Spin,531220000.0,19282756.86980469,5,712.8,75.88609885875013,5,100.0,10000.0,1000000.0,592910000.0,531220000.0,-10.404614528343256
SAC,1layer,none,fprelu,0.4,HalfCheetah-v4,3916354846.838399,1094389304.8202095,5,4786.5915851342,1337.91148588376,5,100.0,10000.0,1000000.0,3805528421.1800604,3916354846.838399,2.912248008490034
SAC,1layer,none,fprelu,0.4,Hopper-v4,1951863845.96136,368169530.3529164,5,2389.7261405721574,1492.340958826499,5,100.0,10000.0,1000000.0,1497596894.951844,1951863845.96136,30.333059085577442
SAC,1layer,none,fprelu,0.4,Humanoid-v4,2443197274.575806,486042218.9358552,5,5057.603883465341,142.00574135058525,5,100.0,10000.0,1000000.0,3349341174.3395467,2443197274.575806,-27.054392269919237
SAC,1layer,none,fprelu,0.4,Walker-Walk,481504483.23880327,61921340.492785126,5,675.6256049317449,115.53173723056652,5,100.0,10000.0,1000000.0,572533753.6142914,481504483.23880327,-15.89937183630459
SAC,1layer,none,fprelu,0.5,Ant-v4,904367914.2334192,10195718.483324869,5,952.5241572389634,17.901863255250923,5,100.0,10000.0,1000000.0,1344453637.8356307,904367914.2334192,-32.73342502986445
SAC,1layer,none,fprelu,0.5,Cartpole-Swingup,688390796.3389617,46870172.56200462,5,730.8228005888808,97.293096851816,5,100.0,10000.0,1000000.0,725148736.2683398,688390796.3389617,-5.069020752699187
SAC,1layer,none,fprelu,0.5,Cheetah-Run,277033285.10292304,36295065.14237921,5,398.1398030299216,68.62287211182837,5,100.0,10000.0,1000000.0,271976269.1009747,277033285.10292304,1.8593592811109834
SAC,1layer,none,fprelu,0.5,Finger-Spin,550834000.0,39393925.67389038,5,764.8,65.79665645000512,5,100.0,10000.0,1000000.0,592910000.0,550834000.0,-7.096523924373008
SAC,1layer,none,fprelu,0.5,HalfCheetah-v4,3386693214.880829,1271682436.0442271,5,4042.358558585213,1507.5563566076785,5,100.0,10000.0,1000000.0,3805528421.1800604,3386693214.880829,-11.005967107436673
SAC,1layer,none,fprelu,0.5,Hopper-v4,1524779292.593533,302831318.7265217,5,2153.456939933488,1179.8327606284597,5,100.0,10000.0,1000000.0,1497596894.951844,1524779292.593533,1.8150677083610758
SAC,1layer,none,fprelu,0.5,Humanoid-v4,2897053063.02004,254891059.35240117,5,5174.670307428643,86.69231221032165,5,100.0,10000.0,1000000.0,3349341174.3395467,2897053063.02004,-13.503793366428038
SAC,1layer,none,fprelu,0.5,Walker-Walk,370761157.4835157,121992661.9899554,5,605.4019388891013,251.37797948340372,5,100.0,10000.0,1000000.0,572533753.6142914,370761157.4835157,-35.242043784672184
SAC,1layer,none,frelu,0.1,Ant-v4,946451636.4251388,27722166.529327963,5,1109.5111095134566,200.0144447226066,5,100.0,10000.0,1000000.0,1344453637.8356307,946451636.4251388,-29.6032522215653
SAC,1layer,none,frelu,0.1,Cartpole-Swingup,718991440.0952514,45250486.09730955,5,817.9148638833792,30.17966065220666,5,100.0,10000.0,1000000.0,725148736.2683398,718991440.0952514,-0.8491080333083305
SAC,1layer,none,frelu,0.1,Cheetah-Run,327983505.73746675,44783450.23673783,5,505.9034232042657,17.651712837939773,5,100.0,10000.0,1000000.0,271976269.1009747,327983505.73746675,20.592692451303044
SAC,1layer,none,frelu,0.1,Finger-Spin,581300000.0,40137027.325152025,5,758.8,67.9683749989655,5,100.0,10000.0,1000000.0,592910000.0,581300000.0,-1.958138671973824
SAC,1layer,none,frelu,0.1,HalfCheetah-v4,4580191211.123759,745044356.6720686,5,5485.370269886147,986.2685399678388,5,100.0,10000.0,1000000.0,3805528421.1800604,4580191211.123759,20.356247653603987
SAC,1layer,none,frelu,0.1,Hopper-v4,1319739714.2336626,458420909.4582219,5,2582.6111487965363,703.052537659672,5,100.0,10000.0,1000000.0,1497596894.951844,1319739714.2336626,-11.876171840213416
SAC,1layer,none,frelu,0.1,Humanoid-v4,2991308700.385691,453618284.1892381,5,5238.20466699691,134.2726509387032,5,100.0,10000.0,1000000.0,3349341174.3395467,2991308700.385691,-10.68963880708437
SAC,1layer,none,frelu,0.1,Walker-Walk,591766850.4024825,116303923.91835289,5,768.5892736807125,145.2894148441753,5,100.0,10000.0,1000000.0,572533753.6142914,591766850.4024825,3.359294830527698
SAC,1layer,none,frelu,0.2,Ant-v4,1113271274.005239,476247731.7949608,5,1428.1517763281513,906.3248998961776,5,100.0,10000.0,1000000.0,1344453637.8356307,1113271274.005239,-17.19526485142029
SAC,1layer,none,frelu,0.2,Cartpole-Swingup,748401559.4162486,25360152.35872597,5,812.5916339893074,19.059212569919527,5,100.0,10000.0,1000000.0,725148736.2683398,748401559.4162486,3.2066281005424173
SAC,1layer,none,frelu,0.2,Cheetah-Run,319743807.8694328,35469869.95398961,5,417.2458687587232,179.24676992276648,5,100.0,10000.0,1000000.0,271976269.1009747,319743807.8694328,17.56312744724203
SAC,1layer,none,frelu,0.2,Finger-Spin,593558000.0,51545367.83261906,5,759.2,82.29945321811077,5,100.0,10000.0,1000000.0,592910000.0,593558000.0,0.10929146076132971
SAC,1layer,none,frelu,0.2,HalfCheetah-v4,4891648562.553833,695468969.0581399,5,6249.262944355905,675.7295881401827,5,100.0,10000.0,1000000.0,3805528421.1800604,4891648562.553833,28.54058677709143
SAC,1layer,none,frelu,0.2,Hopper-v4,1577760150.576505,292846103.2010615,5,1897.354231843228,1248.2510417319595,5,100.0,10000.0,1000000.0,1497596894.951844,1577760150.576505,5.352792590240958
SAC,1layer,none,frelu,0.2,Humanoid-v4,3016739952.147969,196087176.0311941,5,4483.976515923928,1518.0403932531958,5,100.0,10000.0,1000000.0,3349341174.3395467,3016739952.147969,-9.93034763791011
SAC,1layer,none,frelu,0.2,Walker-Walk,510632824.12273234,63590885.65555079,5,721.0030982684818,139.470405361923,5,100.0,10000.0,1000000.0,572533753.6142914,510632824.12273234,-10.81175198855803
SAC,1layer,none,frelu,0.3,Ant-v4,919096270.6114702,15410064.10644074,5,996.6660549582588,75.83423380447528,5,100.0,10000.0,1000000.0,1344453637.8356307,919096270.6114702,-31.637934939052435
SAC,1layer,none,frelu,0.3,Cartpole-Swingup,740188074.3418796,13664572.847094852,5,821.693399871729,16.258709680554514,5,100.0,10000.0,1000000.0,725148736.2683398,740188074.3418796,2.073965977095019
SAC,1layer,none,frelu,0.3,Cheetah-Run,307556393.0220032,35991541.529905304,5,447.8835128666989,70.49491701169877,5,100.0,10000.0,1000000.0,271976269.1009747,307556393.0220032,13.082069269734308
SAC,1layer,none,frelu,0.3,Finger-Spin,632664000.0,59934882.935566016,5,793.6,74.8485136792976,5,100.0,10000.0,1000000.0,592910000.0,632664000.0,6.704896189978243
SAC,1layer,none,frelu,0.3,HalfCheetah-v4,4605025954.135716,832431801.9456985,5,5552.219727964695,1003.5975907262668,5,100.0,10000.0,1000000.0,3805528421.1800604,4605025954.135716,21.008844093923205
SAC,1layer,none,frelu,0.3,Hopper-v4,1623981247.3324392,491280372.3224631,5,2827.4991144566,793.1398745786684,5,100.0,10000.0,1000000.0,1497596894.951844,1623981247.3324392,8.439143591083578
SAC,1layer,none,frelu,0.3,Humanoid-v4,3008055942.479056,345771152.4659209,5,4712.632367777058,952.1413237070988,5,100.0,10000.0,1000000.0,3349341174.3395467,3008055942.479056,-10.189622797318894
SAC,1layer,none,frelu,0.3,Walker-Walk,556756092.4209535,119656712.3662153,5,705.6069754615387,162.17253447863186,5,100.0,10000.0,1000000.0,572533753.6142914,556756092.4209535,-2.755760877631526
SAC,1layer,none,frelu,0.4,Ant-v4,914300729.7794378,5003576.618313399,5,959.9672996647045,10.556084856445954,5,100.0,10000.0,1000000.0,1344453637.8356307,914300729.7794378,-31.99462561971826
SAC,1layer,none,frelu,0.4,Cartpole-Swingup,696940651.6692998,45595677.02722236,5,728.8708384465832,128.65977715744972,5,100.0,10000.0,1000000.0,725148736.2683398,696940651.6692998,-3.8899722482039287
SAC,1layer,none,frelu,0.4,Cheetah-Run,320316033.42373073,34650955.94621145,5,331.0938304871016,233.60863812393464,5,100.0,10000.0,1000000.0,271976269.1009747,320316033.42373073,17.7735228454102
SAC,1layer,none,frelu,0.4,Finger-Spin,604293000.0,56201758.04634585,5,787.4,52.30009560220708,5,100.0,10000.0,1000000.0,592910000.0,604293000.0,1.9198529287750248
SAC,1layer,none,frelu,0.4,HalfCheetah-v4,3830360507.600722,1950933740.666864,5,4529.204650292662,2383.1459076523647,5,100.0,10000.0,1000000.0,3805528421.1800604,3830360507.600722,0.6525266315830389
SAC,1layer,none,frelu,0.4,Hopper-v4,1081311476.3528194,426722218.01584834,5,2163.494534738692,1043.0073503981305,5,100.0,10000.0,1000000.0,1497596894.951844,1081311476.3528194,-27.79689381049434
SAC,1layer,none,frelu,0.4,Humanoid-v4,2631555655.089992,451893010.56315374,5,4395.949635262346,1457.5696431932938,5,100.0,10000.0,1000000.0,3349341174.3395467,2631555655.089992,-21.430648055467028
SAC,1layer,none,frelu,0.4,Walker-Walk,502631562.5518645,73851433.19752654,5,699.8733748180887,120.70973194324932,5,100.0,10000.0,1000000.0,572533753.6142914,502631562.5518645,-12.209269867697465
SAC,1layer,none,frelu,0.5,Ant-v4,902506649.958208,7090551.765756929,5,957.7212187423172,8.318230705711377,5,100.0,10000.0,1000000.0,1344453637.8356307,902506649.958208,-32.87186522763933
SAC,1layer,none,frelu,0.5,Cartpole-Swingup,703417518.6749502,50014644.15188351,5,761.3168829924055,47.545112397437656,5,100.0,10000.0,1000000.0,725148736.2683398,703417518.6749502,-2.9967945204206936
SAC,1layer,none,frelu,0.5,Cheetah-Run,301720335.4828415,29867738.165495884,5,382.79974839524704,179.08755243137898,5,100.0,10000.0,1000000.0,271976269.1009747,301720335.4828415,10.936272668268696
SAC,1layer,none,frelu,0.5,Finger-Spin,570625000.0,37914290.67647184,5,756.4,64.81743592583713,5,100.0,10000.0,1000000.0,592910000.0,570625000.0,-3.758580560287396
SAC,1layer,none,frelu,0.5,HalfCheetah-v4,3990898030.965933,1181200492.756337,5,4843.232671881168,1338.133266176911,5,100.0,10000.0,1000000.0,3805528421.1800604,3990898030.965933,4.871060974191621
SAC,1layer,none,frelu,0.5,Hopper-v4,771234755.3551818,293652550.4983457,5,1196.643630272778,582.4070009678904,5,100.0,10000.0,1000000.0,1497596894.951844,771234755.3551818,-48.50184599374578
SAC,1layer,none,frelu,0.5,Humanoid-v4,2631555655.089992,451893010.56315374,5,4395.949635262346,1457.5696431932938,5,100.0,10000.0,1000000.0,3349341174.3395467,2631555655.089992,-21.430648055467028
SAC,1layer,none,frelu,0.5,Walker-Walk,549919380.1479276,107283197.75010435,5,728.44236215076,106.3351713211524,5,100.0,10000.0,1000000.0,572533753.6142914,549919380.1479276,-3.949876024531961
SAC,1layer,none,fswish,0.1,Ant-v4,1363981001.413345,312068542.6722198,5,2479.0028076171875,721.6818562904052,5,100.0,10000.0,1000000.0,1344453637.8356307,1363981001.413345,1.4524385987121564
SAC,1layer,none,fswish,0.1,Cartpole-Swingup,740732044.3954468,14231017.69344569,5,782.540673828125,49.97475018808503,5,100.0,10000.0,1000000.0,725148736.2683398,740732044.3954468,2.1489809397310258
SAC,1layer,none,fswish,0.1,Cheetah-Run,307527046.2989993,57213706.06502401,5,459.431103515625,95.7746439238962,5,100.0,10000.0,1000000.0,271976269.1009747,307527046.2989993,13.071279091936491
SAC,1layer,none,fswish,0.1,Finger-Spin,592599000.0,26566242.06582481,5,811.2,34.78792894094157,5,100.0,10000.0,1000000.0,592910000.0,592599000.0,-0.052453154778971514
SAC,1layer,none,fswish,0.1,HalfCheetah-v4,4338962675.738335,571130290.2130206,5,5424.655859375,749.6451825622813,5,100.0,10000.0,1000000.0,3805528421.1800604,4338962675.738335,14.017350431267072
SAC,1layer,none,fswish,0.1,Hopper-v4,2004487038.0706787,412123104.7001626,5,3115.9654296875,95.209227362869,5,100.0,10000.0,1000000.0,1497596894.951844,2004487038.0706787,33.846901314197375
SAC,1layer,none,fswish,0.1,Humanoid-v4,3508523168.121338,437392307.1359692,5,5170.28662109375,115.86317508816488,5,100.0,10000.0,1000000.0,3349341174.3395467,3508523168.121338,4.752635981109932
SAC,1layer,none,fswish,0.1,Walker-Walk,552996768.6424255,134736476.31022692,5,716.9091674804688,219.85625645015335,5,100.0,10000.0,1000000.0,572533753.6142914,552996768.6424255,-3.4123726065987903
SAC,1layer,none,fswish,0.2,Ant-v4,981668632.9345704,118630127.6810802,5,859.1731567382812,241.150104768908,5,100.0,10000.0,1000000.0,1344453637.8356307,981668632.9345704,-26.983824112008048
SAC,1layer,none,fswish,0.2,Cartpole-Swingup,726369457.5195312,39098356.33325432,5,793.91064453125,26.899774711214555,5,100.0,10000.0,1000000.0,725148736.2683398,726369457.5195312,0.1683408092901608
SAC,1layer,none,fswish,0.2,Cheetah-Run,355627212.35560626,52707625.774525225,5,523.6697692871094,48.3995289034907,5,100.0,10000.0,1000000.0,271976269.1009747,355627212.35560626,30.756706653540824
SAC,1layer,none,fswish,0.2,Finger-Spin,534739000.0,81759585.63067698,5,785.0,53.17424188458168,5,100.0,10000.0,1000000.0,592910000.0,534739000.0,-9.811101178931034
SAC,1layer,none,fswish,0.2,HalfCheetah-v4,3603623064.682007,2056325204.5202456,5,4383.062719726562,2571.741098152352,5,100.0,10000.0,1000000.0,3805528421.1800604,3603623064.682007,-5.305580044398789
SAC,1layer,none,fswish,0.2,Hopper-v4,1731688496.9797134,507870694.778325,5,2360.192431640625,1030.4729534803912,5,100.0,10000.0,1000000.0,1497596894.951844,1731688496.9797134,15.631148997233785
SAC,1layer,none,fswish,0.2,Humanoid-v4,3102467150.9399414,367413808.7006866,5,5221.90244140625,54.25267251788807,5,100.0,10000.0,1000000.0,3349341174.3395467,3102467150.9399414,-7.370823411212688
SAC,1layer,none,fswish,0.2,Walker-Walk,639044933.5756302,135594892.24038923,5,843.4859741210937,162.6193517937192,5,100.0,10000.0,1000000.0,572533753.6142914,639044933.5756302,11.616988438055737
SAC,1layer,none,fswish,0.3,Ant-v4,963124754.0283204,136143739.0385654,5,1168.6560791015625,587.6624189493002,5,100.0,10000.0,1000000.0,1344453637.8356307,963124754.0283204,-28.36311145850985
SAC,1layer,none,fswish,0.3,Cartpole-Swingup,724328296.7758179,40286822.0956794,5,793.1160888671875,40.12830885516095,5,100.0,10000.0,1000000.0,725148736.2683398,724328296.7758179,-0.11314085669429894
SAC,1layer,none,fswish,0.3,Cheetah-Run,335379072.4514127,56905157.03004904,5,417.54613342285154,165.460644978523,5,100.0,10000.0,1000000.0,271976269.1009747,335379072.4514127,23.311888040827156
SAC,1layer,none,fswish,0.3,Finger-Spin,578388000.0,77621400.7700196,5,834.0,38.3079626187559,5,100.0,10000.0,1000000.0,592910000.0,578388000.0,-2.4492756067531327
SAC,1layer,none,fswish,0.3,HalfCheetah-v4,4043501713.197708,1440861308.6232057,5,4971.004565429687,1811.8034129525788,5,100.0,10000.0,1000000.0,3805528421.1800604,4043501713.197708,6.25335737063959
SAC,1layer,none,fswish,0.3,Hopper-v4,1447534441.1849976,183369557.16200688,5,1780.9978515625,868.4141573785162,5,100.0,10000.0,1000000.0,1497596894.951844,1447534441.1849976,-3.3428524014438614
SAC,1layer,none,fswish,0.3,Humanoid-v4,3298518916.229248,332611117.51374936,5,5216.11611328125,58.94158646644934,5,100.0,10000.0,1000000.0,3349341174.3395467,3298518916.229248,-1.517380746388735
SAC,1layer,none,fswish,0.3,Walker-Walk,540199477.6859283,80045736.81688593,5,671.8736328125,111.23766538446864,5,100.0,10000.0,1000000.0,572533753.6142914,540199477.6859283,-5.647575487775742
SAC,1layer,none,fswish,0.4,Ant-v4,1179052114.0766144,552304210.8194778,5,1235.61611328125,402.3958415798535,5,100.0,10000.0,1000000.0,1344453637.8356307,1179052114.0766144,-12.302508551004257
SAC,1layer,none,fswish,0.4,Cartpole-Swingup,761650149.2462158,9687643.88288124,5,806.0250366210937,25.68907866180757,5,100.0,10000.0,1000000.0,725148736.2683398,761650149.2462158,5.033644982367975
SAC,1layer,none,fswish,0.4,Cheetah-Run,286284724.3035436,6020557.067810617,5,393.4943786621094,114.66551588641134,5,100.0,10000.0,1000000.0,271976269.1009747,286284724.3035436,5.260920465548687
SAC,1layer,none,fswish,0.4,Finger-Spin,630119000.0,77245138.55253287,5,826.2,34.01764248151244,5,100.0,10000.0,1000000.0,592910000.0,630119000.0,6.275657351031354
SAC,1layer,none,fswish,0.4,HalfCheetah-v4,4053913380.683899,1596480657.2307763,5,4998.700634765625,2072.209318006487,5,100.0,10000.0,1000000.0,3805528421.1800604,4053913380.683899,6.526950583825007
SAC,1layer,none,fswish,0.4,Hopper-v4,1383867364.0327454,252247590.89163712,5,2339.63642578125,529.2052668800216,5,100.0,10000.0,1000000.0,1497596894.951844,1383867364.0327454,-7.594135064145926
SAC,1layer,none,fswish,0.4,Humanoid-v4,3172262861.557007,269756471.7129618,5,5023.0578125,375.7393224471285,5,98.4,10000.0,990000.0,3349341174.3395467,3172262861.557007,-5.286959541153872
SAC,1layer,none,fswish,0.4,Walker-Walk,608746474.6627808,102169237.69225714,5,822.9860473632813,144.93856130011466,5,100.0,10000.0,1000000.0,572533753.6142914,608746474.6627808,6.324993211297263
SAC,1layer,none,fswish,0.5,Ant-v4,909869957.4627876,17256751.709015418,5,928.1045043945312,52.43635866580634,5,100.0,10000.0,1000000.0,1344453637.8356307,909869957.4627876,-32.32418494344348
SAC,1layer,none,fswish,0.5,Cartpole-Swingup,721530498.2699274,48163911.50485364,5,785.017236328125,43.63142429106736,5,100.0,10000.0,1000000.0,725148736.2683398,721530498.2699274,-0.4989649457340362
SAC,1layer,none,fswish,0.5,Cheetah-Run,299668261.1195445,28127554.763875667,5,455.3688842773437,77.22511588627657,5,100.0,10000.0,1000000.0,271976269.1009747,299668261.1195445,10.181767736614116
SAC,1layer,none,fswish,0.5,Finger-Spin,611552000.0,38763036.45226983,5,772.0,38.07886552931954,5,100.0,10000.0,1000000.0,592910000.0,611552000.0,3.144153412828254
SAC,1layer,none,fswish,0.5,HalfCheetah-v4,4415295011.796236,518068292.8489484,5,5434.08525390625,707.5879392135215,5,100.0,10000.0,1000000.0,3805528421.1800604,4415295011.796236,16.023177943500748
SAC,1layer,none,fswish,0.5,Hopper-v4,1037785023.010254,388375351.2167464,5,1777.231884765625,1107.4369379481675,5,100.0,10000.0,1000000.0,1497596894.951844,1037785023.010254,-30.70331365479864
SAC,1layer,none,fswish,0.5,Humanoid-v4,3341218972.808838,388854057.584998,5,5240.9171875,68.84424277435296,5,100.0,10000.0,1000000.0,3349341174.3395467,3341218972.808838,-0.24250146843611411
SAC,1layer,none,fswish,0.5,Walker-Walk,517489365.8771515,42987489.25251996,5,672.2565795898438,42.62160780133608,5,100.0,10000.0,1000000.0,572533753.6142914,517489365.8771515,-9.614173380985084
SAC,1layer,none,gelu,,Ant-v4,1610488240.0655746,600908825.7458553,5,2402.9125,822.8721760967017,5,100.0,10000.0,1000000.0,1344453637.8356307,1610488240.0655746,19.78756237799467
SAC,1layer,none,gelu,,Cartpole-Swingup,679874516.8628693,21012627.386095576,5,814.8447631835937,25.38822492295137,5,100.0,10000.0,1000000.0,725148736.2683398,679874516.8628693,-6.243439054786804
SAC,1layer,none,gelu,,Cheetah-Run,313360565.96854,27914645.5396201,5,370.35333557128905,165.7834048853205,5,100.0,10000.0,1000000.0,271976269.1009747,313360565.96854,15.216142571689181
SAC,1layer,none,gelu,,Finger-Spin,508964000.0,17430171.901045613,5,712.8,75.51622342252028,5,100.0,10000.0,1000000.0,592910000.0,508964000.0,-14.158303958442259
SAC,1layer,none,gelu,,HalfCheetah-v4,4738757870.954514,438901921.9028101,5,6047.32060546875,752.8216703363579,5,100.0,10000.0,1000000.0,3805528421.1800604,4738757870.954514,24.522992512169097
SAC,1layer,none,gelu,,Hopper-v4,2022928198.8983157,415878513.50751126,5,3048.918017578125,149.9426977521007,5,100.0,10000.0,1000000.0,1497596894.951844,2022928198.8983157,35.078284798618256
SAC,1layer,none,gelu,,Humanoid-v4,2974999914.1845703,380070614.35438,5,3576.514794921875,1535.730651589883,5,100.0,10000.0,1000000.0,3349341174.3395467,2974999914.1845703,-11.176564006764474
SAC,1layer,none,gelu,,Walker-Walk,587646149.3778229,112587333.52210882,5,761.9768920898438,129.27724572582707,5,100.0,10000.0,1000000.0,572533753.6142914,587646149.3778229,2.6395641598647948
SAC,1layer,none,lrelu,,Ant-v4,960563081.5124512,89731769.79455678,5,1174.1099731445313,446.1573478215835,5,100.0,10000.0,1000000.0,1344453637.8356307,960563081.5124512,-28.553647780758425
SAC,1layer,none,lrelu,,Cartpole-Swingup,734525254.2190552,23364345.083363906,5,763.704296875,39.53393732060282,5,100.0,10000.0,1000000.0,725148736.2683398,734525254.2190552,1.2930475475924517
SAC,1layer,none,lrelu,,Cheetah-Run,299568682.1127534,75157700.28849526,5,309.4270355224609,197.73600135495457,5,100.0,10000.0,1000000.0,271976269.1009747,299568682.1127534,10.145154613299985
SAC,1layer,none,lrelu,,Finger-Spin,582853000.0,67510565.80269492,5,760.2,67.40326401592135,5,100.0,10000.0,1000000.0,592910000.0,582853000.0,-1.696210217402304
SAC,1layer,none,lrelu,,HalfCheetah-v4,4116500895.643234,1637624457.4714432,5,5174.7200927734375,2115.151209048381,5,100.0,10000.0,1000000.0,3805528421.1800604,4116500895.643234,8.171597740077935
SAC,1layer,none,lrelu,,Hopper-v4,1391531799.7512815,487876451.5791304,5,2488.764501953125,521.591300439045,5,100.0,10000.0,1000000.0,1497596894.951844,1391531799.7512815,-7.082352771836714
SAC,1layer,none,lrelu,,Humanoid-v4,3157926396.3165283,190625612.2030697,5,5224.34462890625,81.63893332186161,5,100.0,10000.0,1000000.0,3349341174.3395467,3157926396.3165283,-5.714997907335111
SAC,1layer,none,lrelu,,Walker-Walk,690775117.2561646,154934994.26987913,5,864.4119262695312,159.9477287893104,5,100.0,10000.0,1000000.0,572533753.6142914,690775117.2561646,20.652295676095772
SAC,1layer,none,prelu,,Ant-v4,1075766556.6974878,371201308.3459123,5,1344.0864379882812,572.6124580665193,5,100.0,10000.0,1000000.0,1344453637.8356307,1075766556.6974878,-19.984852848528778
SAC,1layer,none,prelu,,Cartpole-Swingup,743669885.5724335,13407890.974534092,5,748.0857666015625,103.90085429053656,5,100.0,10000.0,1000000.0,725148736.2683398,743669885.5724335,2.5541172972878226
SAC,1layer,none,prelu,,Cheetah-Run,302778078.638643,34748115.53882386,5,423.0496154785157,62.51736973970275,5,100.0,10000.0,1000000.0,271976269.1009747,302778078.638643,11.325182759321102
SAC,1layer,none,prelu,,Finger-Spin,573667000.0,103447618.5443628,5,780.6,39.04228476920888,5,100.0,10000.0,1000000.0,592910000.0,573667000.0,-3.2455178694911537
SAC,1layer,none,prelu,,HalfCheetah-v4,3914642906.949997,1541457500.3825493,5,4888.241918945312,1914.5516763212904,5,100.0,10000.0,1000000.0,3805528421.1800604,3914642906.949997,2.867262405994622
SAC,1layer,none,prelu,,Hopper-v4,1780236300.959587,351263351.1526296,5,2678.731591796875,819.5070443625696,5,100.0,10000.0,1000000.0,1497596894.951844,1780236300.959587,18.872862714958522
SAC,1layer,none,prelu,,Humanoid-v4,3512929230.773926,376096881.0252265,5,5216.66640625,81.93098765098513,5,100.0,10000.0,1000000.0,3349341174.3395467,3512929230.773926,4.884186110620304
SAC,1layer,none,prelu,,Walker-Walk,629719679.7008514,79365366.96206875,5,789.3373046875,111.93194140182165,5,100.0,10000.0,1000000.0,572533753.6142914,629719679.7008514,9.9882191618497
SAC,1layer,none,relu,,Ant-v4,1344453637.835631,497898036.6936598,5,1916.6875566894173,841.5836311727041,5,100.0,10000.0,1000000.0,1344453637.8356307,1344453637.835631,1.7733492058928916e-14
SAC,1layer,none,relu,,Cartpole-Swingup,725148736.2683398,23316717.192775395,5,801.4270876884888,33.20925896451564,5,100.0,10000.0,1000000.0,725148736.2683398,725148736.2683398,0.0
SAC,1layer,none,relu,,Cheetah-Run,271976269.1009747,11330783.260267785,5,287.6203539892079,178.1444007531841,5,100.0,10000.0,1000000.0,271976269.1009747,271976269.1009747,0.0
SAC,1layer,none,relu,,Finger-Spin,592910000.0,54693111.65494244,5,788.8,69.53200701835091,5,100.0,10000.0,1000000.0,592910000.0,592910000.0,0.0
SAC,1layer,none,relu,,HalfCheetah-v4,3805528421.180061,1404548665.8398757,5,4858.161174252933,1897.1078345499968,5,100.0,10000.0,1000000.0,3805528421.1800604,3805528421.180061,1.2530116857076634e-14
SAC,1layer,none,relu,,Hopper-v4,1497596894.951844,537926763.1205238,5,2519.420918950997,831.6060907491584,5,100.0,10000.0,1000000.0,1497596894.951844,1497596894.951844,0.0
SAC,1layer,none,relu,,Humanoid-v4,3349341174.3395467,312440341.3026379,5,5172.363561551507,66.08775956037572,5,100.0,10000.0,1000000.0,3349341174.3395467,3349341174.3395467,0.0
SAC,1layer,none,relu,,Walker-Walk,572533753.6142914,93673949.8468855,5,734.7408941207347,78.16878576183522,5,100.0,10000.0,1000000.0,572533753.6142914,572533753.6142914,0.0
SAC,1layer,none,swish,,Ant-v4,1628245562.0355606,386274398.3735244,5,2640.054052734375,364.31942569766335,5,100.0,10000.0,1000000.0,1344453637.8356307,1628245562.0355606,21.108345889620452
SAC,1layer,none,swish,,Cartpole-Swingup,663190659.2129585,42872074.35984916,5,779.0899536132813,87.72311650185512,5,100.0,10000.0,1000000.0,725148736.2683398,663190659.2129585,-8.544188792801515
SAC,1layer,none,swish,,Cheetah-Run,258041011.1947581,63264839.152791135,5,269.92186584472654,165.63571653239336,5,100.0,10000.0,1000000.0,271976269.1009747,258041011.1947581,-5.12370360556823
SAC,1layer,none,swish,,Finger-Spin,391775000.0,67196463.54161802,5,714.6,135.04184536653815,5,100.0,10000.0,1000000.0,592910000.0,391775000.0,-33.923361049737736
SAC,1layer,none,swish,,HalfCheetah-v4,3008716257.750511,1539029484.6579916,5,3894.371337890625,2160.5354666868266,5,100.0,10000.0,1000000.0,3805528421.1800604,3008716257.750511,-20.938279136080265
SAC,1layer,none,swish,,Hopper-v4,2018652118.2250977,211639924.78677505,5,2319.1105712890626,798.2635705862155,5,100.0,10000.0,1000000.0,1497596894.951844,2018652118.2250977,34.792755315508884
SAC,1layer,none,swish,,Humanoid-v4,3103919162.765503,194572636.49123192,5,4713.6326171875,1200.0831405426864,5,100.0,10000.0,1000000.0,3349341174.3395467,3103919162.765503,-7.327471248802782
SAC,1layer,none,swish,,Walker-Walk,623515667.4699783,125935011.52510418,5,763.681982421875,165.72490946747183,5,100.0,10000.0,1000000.0,572533753.6142914,623515667.4699783,8.904612790747837
SAC,2layers,all-actor,fgelu,0.1,Ant-v4,2900688992.9213524,811517333.0761683,5,5332.77138671875,661.8824312985581,5,100.0,10000.0,1000000.0,2372622764.7592154,2900688992.9213524,22.256645093588133
SAC,2layers,all-actor,fgelu,0.1,Cartpole-Swingup,765553574.8596191,54881132.28370474,5,797.0142822265625,37.20610767041728,5,100.0,10000.0,1000000.0,765640778.4342302,765553574.8596191,-0.01138961991933123
SAC,2layers,all-actor,fgelu,0.1,Cheetah-Run,471170376.7201901,46004883.65046907,5,619.6883544921875,54.67042287174707,5,100.0,10000.0,1000000.0,418412081.7445899,471170376.7201901,12.609171024799728
SAC,2layers,all-actor,fgelu,0.1,Finger-Spin,773718000.0,33672096.868178554,5,894.4,22.21035794398641,5,100.0,10000.0,1000000.0,701096000.0,773718000.0,10.358353206978787
SAC,2layers,all-actor,fgelu,0.1,HalfCheetah-v4,7635364864.064217,750706852.9853302,5,9964.5177734375,852.8975798724606,5,100.0,10000.0,1000000.0,6850674489.653674,7635364864.064217,11.45420608723465
SAC,2layers,all-actor,fgelu,0.1,Hopper-v4,2560482993.724823,152768021.2754847,5,3398.84091796875,121.35719417853636,5,100.0,10000.0,1000000.0,2333416292.847686,2560482993.724823,9.731084057874066
SAC,2layers,all-actor,fgelu,0.1,Humanoid-v4,3560420780.7617188,245604718.5942205,5,5487.4607421875,321.52832306716004,5,100.0,10000.0,1000000.0,3819549534.547168,3560420780.7617188,-6.784275251352916
SAC,2layers,all-actor,fgelu,0.1,Walker-Walk,754713841.0263062,126819631.85606527,5,900.2297119140625,113.16414789616658,5,100.0,10000.0,1000000.0,767541404.4895375,754713841.0263062,-1.6712536142284662
SAC,2layers,all-actor,fgelu,0.2,Ant-v4,1941878218.6403277,553284467.7294406,5,3084.40859375,1575.0372818808612,5,100.0,10000.0,1000000.0,2372622764.7592154,1941878218.6403277,-18.154784338950805
SAC,2layers,all-actor,fgelu,0.2,Cartpole-Swingup,784304150.2685547,12291175.383251326,5,799.9629760742188,36.82885814613416,5,100.0,10000.0,1000000.0,765640778.4342302,784304150.2685547,2.437614656901101
SAC,2layers,all-actor,fgelu,0.2,Cheetah-Run,480797054.5830727,38870023.828568906,5,621.2341674804687,47.345202779012496,5,100.0,10000.0,1000000.0,418412081.7445899,480797054.5830727,14.909935816950018
SAC,2layers,all-actor,fgelu,0.2,Finger-Spin,759483000.0,33038845.621480186,5,881.4,26.24499952371881,5,100.0,10000.0,1000000.0,701096000.0,759483000.0,8.32796079281582
SAC,2layers,all-actor,fgelu,0.2,HalfCheetah-v4,7299868204.15616,1159347832.3956945,5,9519.65986328125,1713.6935174514083,5,100.0,10000.0,1000000.0,6850674489.653674,7299868204.15616,6.556926842472041
SAC,2layers,all-actor,fgelu,0.2,Hopper-v4,2324487965.8470154,351997516.9773122,5,2161.062841796875,1157.0184590442375,5,100.0,10000.0,1000000.0,2333416292.847686,2324487965.8470154,-0.3826289817225182
SAC,2layers,all-actor,fgelu,0.2,Humanoid-v4,3734770970.550537,295694664.6627116,5,5543.12109375,354.04534882672306,5,100.0,10000.0,1000000.0,3819549534.547168,3734770970.550537,-2.2195958772054967
SAC,2layers,all-actor,fgelu,0.2,Walker-Walk,787158808.221817,89544850.3825674,5,923.3736450195312,98.16054933364448,5,100.0,10000.0,1000000.0,767541404.4895375,787158808.221817,2.555875633227412
SAC,2layers,all-actor,fgelu,0.3,Ant-v4,2775683795.346976,331017139.2050514,5,5166.748291015625,895.8709173149406,5,100.0,10000.0,1000000.0,2372622764.7592154,2775683795.346976,16.98799474465402
SAC,2layers,all-actor,fgelu,0.3,Cartpole-Swingup,751239001.8005371,55592981.79454973,5,836.949609375,15.551958880994606,5,100.0,10000.0,1000000.0,765640778.4342302,751239001.8005371,-1.8810096117327213
SAC,2layers,all-actor,fgelu,0.3,Cheetah-Run,481264978.12092304,22095582.677964486,5,645.8998291015625,86.06164472589309,5,100.0,10000.0,1000000.0,418412081.7445899,481264978.12092304,15.021768997268161
SAC,2layers,all-actor,fgelu,0.3,Finger-Spin,795994000.0,15281886.091055634,5,896.4,7.765307463326857,5,100.0,10000.0,1000000.0,701096000.0,795994000.0,13.53566416011502
SAC,2layers,all-actor,fgelu,0.3,HalfCheetah-v4,7218271656.862259,1276716835.2709532,5,9361.70458984375,1809.593334960864,5,100.0,10000.0,1000000.0,6850674489.653674,7218271656.862259,5.3658536508157475
SAC,2layers,all-actor,fgelu,0.3,Hopper-v4,2746639169.2562103,187312972.3087956,5,3428.11494140625,91.03827333143464,5,100.0,10000.0,1000000.0,2333416292.847686,2746639169.2562103,17.7089222216851
SAC,2layers,all-actor,fgelu,0.3,Humanoid-v4,3507976791.687012,95945179.38543896,5,5390.20009765625,244.6176938653953,5,100.0,10000.0,1000000.0,3819549534.547168,3507976791.687012,-8.15731645949434
SAC,2layers,all-actor,fgelu,0.3,Walker-Walk,683672117.8627014,172537267.12838808,5,818.9807250976562,140.3779359393579,5,100.0,10000.0,1000000.0,767541404.4895375,683672117.8627014,-10.927004867263719
SAC,2layers,all-actor,fgelu,0.4,Ant-v4,2483713492.7282333,756139349.2784549,5,4166.09375,2258.2902438729034,5,100.0,10000.0,1000000.0,2372622764.7592154,2483713492.7282333,4.682190933133526
SAC,2layers,all-actor,fgelu,0.4,Cartpole-Swingup,735971389.0151978,85613434.61741303,5,805.7547729492187,26.048063604107995,5,100.0,10000.0,1000000.0,765640778.4342302,735971389.0151978,-3.875105696395598
SAC,2layers,all-actor,fgelu,0.4,Cheetah-Run,488305213.0291462,39955523.09341484,5,684.0268676757812,68.54782066096703,5,100.0,10000.0,1000000.0,418412081.7445899,488305213.0291462,16.704376936997946
SAC,2layers,all-actor,fgelu,0.4,Finger-Spin,772679000.0,39219039.28578566,5,894.6,23.26585480914038,5,100.0,10000.0,1000000.0,701096000.0,772679000.0,10.210156668986844
SAC,2layers,all-actor,fgelu,0.4,HalfCheetah-v4,7567559511.648178,684201488.2070643,5,9865.853125,1038.1638182065344,5,100.0,10000.0,1000000.0,6850674489.653674,7567559511.648178,10.464444385398686
SAC,2layers,all-actor,fgelu,0.4,Hopper-v4,2484420741.1842346,383268976.583188,5,3383.382568359375,130.4371546889013,5,100.0,10000.0,1000000.0,2333416292.847686,2484420741.1842346,6.471389130152339
SAC,2layers,all-actor,fgelu,0.4,Humanoid-v4,3612932444.549561,147493301.18092063,5,5565.8498046875,91.77880555996536,5,100.0,10000.0,1000000.0,3819549534.547168,3612932444.549561,-5.40946224492681
SAC,2layers,all-actor,fgelu,0.4,Walker-Walk,818643578.4053802,48695904.39792852,5,953.0321044921876,51.45129612748484,5,100.0,10000.0,1000000.0,767541404.4895375,818643578.4053802,6.657904526965406
SAC,2layers,all-actor,fgelu,0.5,Ant-v4,2746379749.148369,618946253.0931028,5,5063.47958984375,1211.6507472463804,5,100.0,10000.0,1000000.0,2372622764.7592154,2746379749.148369,15.75290391462985
SAC,2layers,all-actor,fgelu,0.5,Cartpole-Swingup,778558206.993103,17317622.27152369,5,839.9282470703125,12.598515296714996,5,100.0,10000.0,1000000.0,765640778.4342302,778558206.993103,1.687139572854197
SAC,2layers,all-actor,fgelu,0.5,Cheetah-Run,471717380.7315826,38429740.355517805,5,619.5738525390625,60.87723497411907,5,100.0,10000.0,1000000.0,418412081.7445899,471717380.7315826,12.739904346149272
SAC,2layers,all-actor,fgelu,0.5,Finger-Spin,753411000.0,29288057.59178986,5,873.8,39.0217887852415,5,100.0,10000.0,1000000.0,701096000.0,753411000.0,7.461888243550098
SAC,2layers,all-actor,fgelu,0.5,HalfCheetah-v4,6158070826.455116,2402649211.1145625,5,8058.472607421875,3323.372935374599,5,100.0,10000.0,1000000.0,6850674489.653674,6158070826.455116,-10.110006894132427
SAC,2layers,all-actor,fgelu,0.5,Hopper-v4,2217444545.162201,266109296.10644028,5,2576.438134765625,1171.8920035498595,5,100.0,10000.0,1000000.0,2333416292.847686,2217444545.162201,-4.97004105272419
SAC,2layers,all-actor,fgelu,0.5,Humanoid-v4,3975592853.6987305,337097863.7623817,5,5667.50712890625,230.74510497044585,5,100.0,10000.0,1000000.0,3819549534.547168,3975592853.6987305,4.08538540317851
SAC,2layers,all-actor,fgelu,0.5,Walker-Walk,737037854.3376923,68113081.94767015,5,916.0366333007812,84.50278040400845,5,100.0,10000.0,1000000.0,767541404.4895375,737037854.3376923,-3.974189532111556
SAC,2layers,all-actor,flrelu,0.1,Ant-v4,2390661557.655552,619645059.5022849,5,4680.348115855022,679.89947305985,5,100.0,10000.0,1000000.0,2372622764.7592154,2390661557.655552,0.7602891266268035
SAC,2layers,all-actor,flrelu,0.1,Cartpole-Swingup,780872284.4753845,26890949.055023152,5,839.8684349834257,21.033929513244548,5,100.0,10000.0,1000000.0,765640778.4342302,780872284.4753845,1.9893801989365534
SAC,2layers,all-actor,flrelu,0.1,Cheetah-Run,505673205.4008095,29760054.963643026,5,674.3887271673939,67.7908806893981,5,100.0,10000.0,1000000.0,418412081.7445899,505673205.4008095,20.855306876507967
SAC,2layers,all-actor,flrelu,0.1,Finger-Spin,756493000.0,18501875.78328209,5,894.0,27.50454507895013,5,100.0,10000.0,1000000.0,701096000.0,756493000.0,7.901485673859215
SAC,2layers,all-actor,flrelu,0.1,HalfCheetah-v4,5919978619.455446,2315830009.6929774,5,7915.65507124725,3266.62124466718,5,100.0,10000.0,1000000.0,6850674489.653674,5919978619.455446,-13.585463323411792
SAC,2layers,all-actor,flrelu,0.1,Hopper-v4,2424732557.2468195,371791722.7536104,5,3431.7527947886338,104.61044799806784,5,100.0,10000.0,1000000.0,2333416292.847686,2424732557.2468195,3.9134150506719876
SAC,2layers,all-actor,flrelu,0.1,Humanoid-v4,3627656759.941701,143743616.6879405,5,5414.277968352564,132.88404249046783,5,100.0,10000.0,1000000.0,3819549534.547168,3627656759.941701,-5.023963503283038
SAC,2layers,all-actor,flrelu,0.1,Walker-Walk,824994320.9287096,47471720.328123935,5,921.546431663475,54.96780901753828,5,100.0,10000.0,1000000.0,767541404.4895375,824994320.9287096,7.4853181995285185
SAC,2layers,all-actor,flrelu,0.2,Ant-v4,2782033048.859934,917759348.3014288,5,4548.399624956886,1858.848009939761,5,100.0,10000.0,1000000.0,2372622764.7592154,2782033048.859934,17.255599591377408
SAC,2layers,all-actor,flrelu,0.2,Cartpole-Swingup,766302857.7300402,34104699.53890395,5,758.9428535869405,117.09059416731183,5,100.0,10000.0,1000000.0,765640778.4342302,766302857.7300402,0.08647388102341755
SAC,2layers,all-actor,flrelu,0.2,Cheetah-Run,457862239.4050001,84188693.90008843,5,588.7521005524246,97.4314847053458,5,100.0,10000.0,1000000.0,418412081.7445899,457862239.4050001,9.428541713212672
SAC,2layers,all-actor,flrelu,0.2,Finger-Spin,737302000.0,111134010.52333172,5,886.8,51.47037983151087,5,100.0,10000.0,1000000.0,701096000.0,737302000.0,5.164200052489245
SAC,2layers,all-actor,flrelu,0.2,HalfCheetah-v4,6379804963.017696,2637369760.0210686,5,8478.736570773366,3598.510240001923,5,100.0,10000.0,1000000.0,6850674489.653674,6379804963.017696,-6.873330901170608
SAC,2layers,all-actor,flrelu,0.2,Hopper-v4,2302423374.412225,604234823.5469184,5,3143.480475688583,571.2693985829885,5,100.0,10000.0,1000000.0,2333416292.847686,2302423374.412225,-1.3282207092861897
SAC,2layers,all-actor,flrelu,0.2,Humanoid-v4,3530612229.0328584,240541524.6035345,5,5380.531084911529,61.90708346632793,5,100.0,10000.0,1000000.0,3819549534.547168,3530612229.0328584,-7.564695860098716
SAC,2layers,all-actor,flrelu,0.2,Walker-Walk,823483066.7337711,80877165.12684533,5,920.859712788662,94.98205501065208,5,100.0,10000.0,1000000.0,767541404.4895375,823483066.7337711,7.288422737459783
SAC,2layers,all-actor,flrelu,0.3,Ant-v4,2896378921.3141274,317489838.5297322,5,5257.497736245356,443.6540750229856,5,100.0,10000.0,1000000.0,2372622764.7592154,2896378921.3141274,22.074986564839154
SAC,2layers,all-actor,flrelu,0.3,Cartpole-Swingup,796849459.8152974,9293297.789422536,5,840.1035506426877,13.197843765133335,5,100.0,10000.0,1000000.0,765640778.4342302,796849459.8152974,4.07615193183549
SAC,2layers,all-actor,flrelu,0.3,Cheetah-Run,500284565.6057016,26112805.005565573,5,655.1424639847453,45.11092280478464,5,100.0,10000.0,1000000.0,418412081.7445899,500284565.6057016,19.567428244361473
SAC,2layers,all-actor,flrelu,0.3,Finger-Spin,813040000.0,35017247.000585295,5,921.6,35.416098034650844,5,100.0,10000.0,1000000.0,701096000.0,813040000.0,15.967000239624817
SAC,2layers,all-actor,flrelu,0.3,HalfCheetah-v4,5275285489.193619,2543720598.9000025,5,7041.522758347363,3071.1105083497137,5,100.0,10000.0,1000000.0,6850674489.653674,5275285489.193619,-22.996115241489115
SAC,2layers,all-actor,flrelu,0.3,Hopper-v4,2555102471.086585,120288881.25409314,5,3220.346129824949,405.81495204236575,5,100.0,10000.0,1000000.0,2333416292.847686,2555102471.086585,9.500498428780356
SAC,2layers,all-actor,flrelu,0.3,Humanoid-v4,3784277307.8708673,143418068.96164477,5,5475.895018874012,347.7329305952785,5,100.0,10000.0,1000000.0,3819549534.547168,3784277307.8708673,-0.923465617012407
SAC,2layers,all-actor,flrelu,0.3,Walker-Walk,822889807.9481949,34762199.56995121,5,965.4072897244802,25.45718748753548,5,100.0,10000.0,1000000.0,767541404.4895375,822889807.9481949,7.211129345584619
SAC,2layers,all-actor,flrelu,0.4,Ant-v4,3136955607.516839,1151581288.1865995,5,5055.620143099975,1178.0329265562618,5,100.0,10000.0,1000000.0,2372622764.7592154,3136955607.516839,32.21468048399138
SAC,2layers,all-actor,flrelu,0.4,Cartpole-Swingup,777806393.4018223,18295184.232114837,5,802.132079993479,62.5254666888218,5,100.0,10000.0,1000000.0,765640778.4342302,777806393.4018223,1.5889455355906394
SAC,2layers,all-actor,flrelu,0.4,Cheetah-Run,471546228.1577149,33360213.648295265,5,626.7102946038324,81.34549321283738,5,100.0,10000.0,1000000.0,418412081.7445899,471546228.1577149,12.698999080423185
SAC,2layers,all-actor,flrelu,0.4,Finger-Spin,799054000.0,28409074.562540743,5,897.6,38.08280451857504,5,100.0,10000.0,1000000.0,701096000.0,799054000.0,13.972123646405057
SAC,2layers,all-actor,flrelu,0.4,HalfCheetah-v4,5703706790.153643,2139540823.8385112,5,7478.968209795287,2900.6763010485897,5,100.0,10000.0,1000000.0,6850674489.653674,5703706790.153643,-16.74240545558332
SAC,2layers,all-actor,flrelu,0.4,Hopper-v4,2553582857.563159,328081612.27276355,5,2831.5695160305454,611.6814426561826,5,100.0,10000.0,1000000.0,2333416292.847686,2553582857.563159,9.435374450342222
SAC,2layers,all-actor,flrelu,0.4,Humanoid-v4,3821166471.328055,136638785.4479513,5,5231.219890406764,890.0418698459553,5,100.0,10000.0,1000000.0,3819549534.547168,3821166471.328055,0.04233318003241514
SAC,2layers,all-actor,flrelu,0.4,Walker-Walk,732130816.4661285,119228892.61090276,5,864.064880577539,121.14555033709564,5,100.0,10000.0,1000000.0,767541404.4895375,732130816.4661285,-4.613508511239109
SAC,2layers,all-actor,flrelu,0.5,Ant-v4,3016522024.882612,851105926.7483945,5,4306.696367094561,1726.2626630631876,5,100.0,10000.0,1000000.0,2372622764.7592154,3016522024.882612,27.138712048425564
SAC,2layers,all-actor,flrelu,0.5,Cartpole-Swingup,776827742.2799072,26325154.90537491,5,812.1350155303987,23.85139511358534,5,100.0,10000.0,1000000.0,765640778.4342302,776827742.2799072,1.4611243497968933
SAC,2layers,all-actor,flrelu,0.5,Cheetah-Run,461255905.037321,51598638.19559848,5,601.0435625344526,26.847531276701936,5,100.0,10000.0,1000000.0,418412081.7445899,461255905.037321,10.239623845012218
SAC,2layers,all-actor,flrelu,0.5,Finger-Spin,756122000.0,49844151.56264576,5,885.6,18.91560202584099,5,100.0,10000.0,1000000.0,701096000.0,756122000.0,7.848568526992024
SAC,2layers,all-actor,flrelu,0.5,HalfCheetah-v4,6332230095.153991,2714403540.9592395,5,7951.999428802304,3550.4238049595497,5,100.0,10000.0,1000000.0,6850674489.653674,6332230095.153991,-7.567786139637363
SAC,2layers,all-actor,flrelu,0.5,Hopper-v4,2389051237.153225,421162495.8167085,5,3334.518205880014,214.69079754872243,5,100.0,10000.0,1000000.0,2333416292.847686,2389051237.153225,2.384269985431644
SAC,2layers,all-actor,flrelu,0.5,Humanoid-v4,3894723322.571247,242789269.32206345,5,5073.952175700132,887.5183027865921,5,100.0,10000.0,1000000.0,3819549534.547168,3894723322.571247,1.9681322979096187
SAC,2layers,all-actor,flrelu,0.5,Walker-Walk,793427879.8859383,93386426.76394552,5,925.5617287374214,95.4153248814196,5,100.0,10000.0,1000000.0,767541404.4895375,793427879.8859383,3.372648725526008
SAC,2layers,all-actor,fprelu,0.1,Ant-v4,2593227296.3463864,918472280.0111934,5,3439.5699451842825,2185.451297666122,5,100.0,10000.0,1000000.0,2372622764.7592154,2593227296.3463864,9.29791852560089
SAC,2layers,all-actor,fprelu,0.1,Cartpole-Swingup,773530922.6727983,7453907.709672098,5,776.597179709676,68.0832540773752,5,100.0,10000.0,1000000.0,765640778.4342302,773530922.6727983,1.0305282138581708
SAC,2layers,all-actor,fprelu,0.1,Cheetah-Run,494028868.7970788,42607057.88081779,5,676.7318909205542,54.83428991447634,5,100.0,10000.0,1000000.0,418412081.7445899,494028868.7970788,18.072323996286368
SAC,2layers,all-actor,fprelu,0.1,Finger-Spin,753954000.0,23110968.28347961,5,881.2,38.95125158451267,5,100.0,10000.0,1000000.0,701096000.0,753954000.0,7.539338407293723
SAC,2layers,all-actor,fprelu,0.1,HalfCheetah-v4,6063842834.301188,2695748794.299215,5,7874.876171772436,3728.5903364561855,5,100.0,10000.0,1000000.0,6850674489.653674,6063842834.301188,-11.485462585338261
SAC,2layers,all-actor,fprelu,0.1,Hopper-v4,2193231632.6255846,261223176.8577097,5,3368.97973557932,91.18799696948784,5,100.0,10000.0,1000000.0,2333416292.847686,2193231632.6255846,-6.0077004112721255
SAC,2layers,all-actor,fprelu,0.1,Humanoid-v4,3725842179.916676,228585965.5665025,5,5502.387028865413,395.2612738735692,5,100.0,10000.0,1000000.0,3819549534.547168,3725842179.916676,-2.4533614182228782
SAC,2layers,all-actor,fprelu,0.1,Walker-Walk,784946483.9698157,130872554.06593052,5,906.7194058775528,111.88092129461124,5,100.0,10000.0,1000000.0,767541404.4895375,784946483.9698157,2.2676404658395866
SAC,2layers,all-actor,fprelu,0.2,Ant-v4,2963411673.917756,762615853.1419733,5,4877.22528765778,1068.1848525536095,5,100.0,10000.0,1000000.0,2372622764.7592154,2963411673.917756,24.900246172024598
SAC,2layers,all-actor,fprelu,0.2,Cartpole-Swingup,773291575.0635233,23881732.239916846,5,784.8559748379764,129.06387238982202,5,100.0,10000.0,1000000.0,765640778.4342302,773291575.0635233,0.9992671295459611
SAC,2layers,all-actor,fprelu,0.2,Cheetah-Run,463520182.4120368,69573337.81960946,5,606.1177259242799,126.65986826433446,5,100.0,10000.0,1000000.0,418412081.7445899,463520182.4120368,10.780783499215985
SAC,2layers,all-actor,fprelu,0.2,Finger-Spin,755365000.0,31040168.93478513,5,865.4,21.12581359380036,5,100.0,10000.0,1000000.0,701096000.0,755365000.0,7.740594725971907
SAC,2layers,all-actor,fprelu,0.2,HalfCheetah-v4,7294305559.941691,1184429587.473185,5,9658.4135846003,1668.209624874621,5,100.0,10000.0,1000000.0,6850674489.653674,7294305559.941691,6.475728352850763
SAC,2layers,all-actor,fprelu,0.2,Hopper-v4,2550169632.3664303,171633512.04223484,5,3477.14492453842,156.0137669949901,5,100.0,10000.0,1000000.0,2333416292.847686,2550169632.3664303,9.289098571186376
SAC,2layers,all-actor,fprelu,0.2,Humanoid-v4,3586947453.387076,320436546.62255204,5,5451.953089968817,157.73970507742084,5,100.0,10000.0,1000000.0,3819549534.547168,3586947453.387076,-6.089777840455952
SAC,2layers,all-actor,fprelu,0.2,Walker-Walk,761596715.1484267,95286301.07233974,5,878.1745622521,96.47618035583818,5,100.0,10000.0,1000000.0,767541404.4895375,761596715.1484267,-0.7745105744574667
SAC,2layers,all-actor,fprelu,0.3,Ant-v4,2908642314.5700502,1001939462.3802724,5,3904.005527506744,1482.084189197186,5,100.0,10000.0,1000000.0,2372622764.7592154,2908642314.5700502,22.591857322300985
SAC,2layers,all-actor,fprelu,0.3,Cartpole-Swingup,763179898.7602322,34235050.1719228,5,838.5427022718334,21.4242571294492,5,100.0,10000.0,1000000.0,765640778.4342302,763179898.7602322,-0.32141439475449674
SAC,2layers,all-actor,fprelu,0.3,Cheetah-Run,536997136.2512954,17384268.571691025,5,732.4854867863885,39.563178933458246,5,100.0,10000.0,1000000.0,418412081.7445899,536997136.2512954,28.341689850890358
SAC,2layers,all-actor,fprelu,0.3,Finger-Spin,753036000.0,57074754.86149721,5,876.4,29.056840846864272,5,100.0,10000.0,1000000.0,701096000.0,753036000.0,7.408400561406712
SAC,2layers,all-actor,fprelu,0.3,HalfCheetah-v4,7397996096.163223,794532394.7588867,5,10078.6501843921,817.5137882436806,5,100.0,10000.0,1000000.0,6850674489.653674,7397996096.163223,7.989309772871987
SAC,2layers,all-actor,fprelu,0.3,Hopper-v4,2813165298.8031626,215352279.95182875,5,3376.0366996630955,349.23641873006466,5,100.0,10000.0,1000000.0,2333416292.847686,2813165298.8031626,20.55994069407968
SAC,2layers,all-actor,fprelu,0.3,Humanoid-v4,3385777091.7727933,208479683.68957588,5,4744.39295954233,1606.246845854182,5,100.0,10000.0,1000000.0,3819549534.547168,3385777091.7727933,-11.356638756769023
SAC,2layers,all-actor,fprelu,0.3,Walker-Walk,816563215.376971,84794696.58981459,5,921.5139182311792,97.94099659379724,5,100.0,10000.0,1000000.0,767541404.4895375,816563215.376971,6.386862076846013
SAC,2layers,all-actor,fprelu,0.4,Ant-v4,3440829967.3727493,390450005.8696867,5,5455.093755681858,825.9076677435708,5,100.0,10000.0,1000000.0,2372622764.7592154,3440829967.3727493,45.022209955991066
SAC,2layers,all-actor,fprelu,0.4,Cartpole-Swingup,768120237.164776,29898725.81065541,5,823.3112150367072,12.11607692026815,5,100.0,10000.0,1000000.0,765640778.4342302,768120237.164776,0.32384099702948993
SAC,2layers,all-actor,fprelu,0.4,Cheetah-Run,468976924.6522074,22468825.47667587,5,646.058155500684,35.87304081955423,5,100.0,10000.0,1000000.0,418412081.7445899,468976924.6522074,12.084938536378978
SAC,2layers,all-actor,fprelu,0.4,Finger-Spin,760745000.0,52350738.17531134,5,883.2,61.70251210445162,5,100.0,10000.0,1000000.0,701096000.0,760745000.0,8.507964672455698
SAC,2layers,all-actor,fprelu,0.4,HalfCheetah-v4,7392656047.411463,851188311.1894386,5,9864.506920347336,984.6480890896552,5,100.0,10000.0,1000000.0,6850674489.653674,7392656047.411463,7.911360532109996
SAC,2layers,all-actor,fprelu,0.4,Hopper-v4,2414852627.961998,407500143.70652777,5,3032.992856564589,983.922196415958,5,100.0,10000.0,1000000.0,2333416292.847686,2414852627.961998,3.490004563863219
SAC,2layers,all-actor,fprelu,0.4,Humanoid-v4,3793294334.586436,168469052.3834774,5,5648.31801493902,108.46033263728047,5,100.0,10000.0,1000000.0,3819549534.547168,3793294334.586436,-0.687389958508411
SAC,2layers,all-actor,fprelu,0.4,Walker-Walk,790504597.3243473,112509062.57536264,5,914.4848032193828,124.95332190116162,5,100.0,10000.0,1000000.0,767541404.4895375,790504597.3243473,2.991785550654655
SAC,2layers,all-actor,fprelu,0.5,Ant-v4,3168912173.746332,815322107.7860155,5,4795.15580564162,1137.458929440485,5,100.0,10000.0,1000000.0,2372622764.7592154,3168912173.746332,33.56156827012186
SAC,2layers,all-actor,fprelu,0.5,Cartpole-Swingup,772810015.8071892,26152814.9265889,5,816.0399518273765,34.4301402883861,5,100.0,10000.0,1000000.0,765640778.4342302,772810015.8071892,0.9363708902261489
SAC,2layers,all-actor,fprelu,0.5,Cheetah-Run,522298790.938881,44785136.22402019,5,650.5462017373782,108.80949250584597,5,100.0,10000.0,1000000.0,418412081.7445899,522298790.938881,24.82880244784765
SAC,2layers,all-actor,fprelu,0.5,Finger-Spin,787795000.0,42361083.99816982,5,901.0,40.44131550778237,5,100.0,10000.0,1000000.0,701096000.0,787795000.0,12.366209477732008
SAC,2layers,all-actor,fprelu,0.5,HalfCheetah-v4,7249921891.424988,762271865.0044011,5,9530.501865998198,1134.217672512607,5,100.0,10000.0,1000000.0,6850674489.653674,7249921891.424988,5.8278553794123855
SAC,2layers,all-actor,fprelu,0.5,Hopper-v4,2685747058.794844,168579492.65529016,5,3128.3447045054954,819.7860998140972,5,100.0,10000.0,1000000.0,2333416292.847686,2685747058.794844,15.0993531255915
SAC,2layers,all-actor,fprelu,0.5,Humanoid-v4,3735938807.1290064,161834623.5272816,5,5492.071147374006,49.56325979438864,5,100.0,10000.0,1000000.0,3819549534.547168,3735938807.1290064,-2.1890206335044686
SAC,2layers,all-actor,fprelu,0.5,Walker-Walk,820894311.6270564,61622867.67150576,5,961.927025450538,19.96911263935865,5,100.0,10000.0,1000000.0,767541404.4895375,820894311.6270564,6.951143850409199
SAC,2layers,all-actor,frelu,0.1,Ant-v4,2668199832.149082,293458125.88194346,5,3792.868039798451,2049.7045109416717,5,100.0,10000.0,1000000.0,2372622764.7592154,2668199832.149082,12.457819750366568
SAC,2layers,all-actor,frelu,0.1,Cartpole-Swingup,758635621.8132566,36036584.19028134,5,835.3214921877989,20.38320001888501,5,100.0,10000.0,1000000.0,765640778.4342302,758635621.8132566,-0.9149403765169676
SAC,2layers,all-actor,frelu,0.1,Cheetah-Run,445162788.6576049,17943068.72843862,5,630.0859998163558,49.70824570117188,5,100.0,10000.0,1000000.0,418412081.7445899,445162788.6576049,6.393387782082331
SAC,2layers,all-actor,frelu,0.1,Finger-Spin,765661000.0,35462956.97625903,5,880.2,29.99499958326388,5,100.0,10000.0,1000000.0,701096000.0,765661000.0,9.209152526900738
SAC,2layers,all-actor,frelu,0.1,HalfCheetah-v4,7179968916.376282,663052682.173296,5,9657.8537177184,478.4468548960109,5,100.0,10000.0,1000000.0,6850674489.653674,7179968916.376282,4.806744609161172
SAC,2layers,all-actor,frelu,0.1,Hopper-v4,2292606042.0593805,421740000.56445765,5,3024.222032140288,936.3986661451524,5,100.0,10000.0,1000000.0,2333416292.847686,2292606042.0593805,-1.7489485658172346
SAC,2layers,all-actor,frelu,0.1,Humanoid-v4,3629909790.6757593,232368059.7933685,5,5558.52202739271,173.2686811604304,5,100.0,10000.0,1000000.0,3819549534.547168,3629909790.6757593,-4.964976685238655
SAC,2layers,all-actor,frelu,0.1,Walker-Walk,762430485.9675508,111946234.27907026,5,864.9648244417867,108.38873657033862,5,100.0,10000.0,1000000.0,767541404.4895375,762430485.9675508,-0.6658818002640261
SAC,2layers,all-actor,frelu,0.2,Ant-v4,2986047059.361294,403888264.75037456,5,5274.778486549799,469.0869027936218,5,100.0,10000.0,1000000.0,2372622764.7592154,2986047059.361294,25.85426995447089
SAC,2layers,all-actor,frelu,0.2,Cartpole-Swingup,777833730.0094125,27482924.21144476,5,837.4034873183115,26.9163241265205,5,100.0,10000.0,1000000.0,765640778.4342302,777833730.0094125,1.5925159576946062
SAC,2layers,all-actor,frelu,0.2,Cheetah-Run,480685630.9852079,55937074.80496401,5,646.8441899552279,59.34381305770039,5,100.0,10000.0,1000000.0,418412081.7445899,480685630.9852079,14.883305706891957
SAC,2layers,all-actor,frelu,0.2,Finger-Spin,718692000.0,140444686.33593798,5,833.2,151.6746518044462,5,100.0,10000.0,1000000.0,701096000.0,718692000.0,2.5097846799867636
SAC,2layers,all-actor,frelu,0.2,HalfCheetah-v4,6204564244.320905,1100793590.3911364,5,8414.740804632645,1344.00693177302,5,100.0,10000.0,1000000.0,6850674489.653674,6204564244.320905,-9.431337692493875
SAC,2layers,all-actor,frelu,0.2,Hopper-v4,2313933076.44506,376475468.87967616,5,2400.5878132145544,1040.7358268989396,5,100.0,10000.0,1000000.0,2333416292.847686,2313933076.44506,-0.83496530226284
SAC,2layers,all-actor,frelu,0.2,Humanoid-v4,3691681688.940944,210679365.59630165,5,5615.391305107983,204.68308724673065,5,100.0,10000.0,1000000.0,3819549534.547168,3691681688.940944,-3.3477205741064737
SAC,2layers,all-actor,frelu,0.2,Walker-Walk,757078120.4324716,62509472.60917989,5,875.5662295502179,64.20919395560249,5,100.0,10000.0,1000000.0,767541404.4895375,757078120.4324716,-1.3632207977137827
SAC,2layers,all-actor,frelu,0.3,Ant-v4,2487886483.2090406,806620241.1592418,5,4353.158580707992,1006.0274791152284,5,100.0,10000.0,1000000.0,2372622764.7592154,2487886483.2090406,4.85807184192312
SAC,2layers,all-actor,frelu,0.3,Cartpole-Swingup,777792641.7902981,21519035.71823266,5,845.854393576501,7.284120167038632,5,100.0,10000.0,1000000.0,765640778.4342302,777792641.7902981,1.587149443753375
SAC,2layers,all-actor,frelu,0.3,Cheetah-Run,461418501.7545999,67265918.29178698,5,638.7622524153826,46.78279042399127,5,100.0,10000.0,1000000.0,418412081.7445899,461418501.7545999,10.27848427098295
SAC,2layers,all-actor,frelu,0.3,Finger-Spin,742404000.0,46430140.72237989,5,858.0,46.90948731333566,5,100.0,10000.0,1000000.0,701096000.0,742404000.0,5.891917797277405
SAC,2layers,all-actor,frelu,0.3,HalfCheetah-v4,6613291706.054419,2840951986.997969,5,8995.235556250662,4053.0522975612057,5,100.0,10000.0,1000000.0,6850674489.653674,6613291706.054419,-3.4651009029514714
SAC,2layers,all-actor,frelu,0.3,Hopper-v4,2336275945.25776,249198637.42423317,5,3036.313928625397,823.0153266194993,5,100.0,10000.0,1000000.0,2333416292.847686,2336275945.25776,0.12255217463079994
SAC,2layers,all-actor,frelu,0.3,Humanoid-v4,3901524432.266479,248589122.99255288,5,5626.464897771822,252.9045732887985,5,100.0,10000.0,1000000.0,3819549534.547168,3901524432.266479,2.1461928161387203
SAC,2layers,all-actor,frelu,0.3,Walker-Walk,787624853.6091201,84517085.5462456,5,922.4769492679352,74.78248733390963,5,100.0,10000.0,1000000.0,767541404.4895375,787624853.6091201,2.6165948836257753
SAC,2layers,all-actor,frelu,0.4,Ant-v4,2958928510.5209546,714950108.4448268,5,4667.587969317605,1023.1436824075791,5,100.0,10000.0,1000000.0,2372622764.7592154,2958928510.5209546,24.71129226568136
SAC,2layers,all-actor,frelu,0.4,Cartpole-Swingup,787407850.9816815,4656227.933546363,5,831.4824676405636,18.424096903626413,5,100.0,10000.0,1000000.0,765640778.4342302,787407850.9816815,2.8429876203780444
SAC,2layers,all-actor,frelu,0.4,Cheetah-Run,463748066.9544014,47942790.45915933,5,629.6502984524375,40.0854155856021,5,100.0,10000.0,1000000.0,418412081.7445899,463748066.9544014,10.835247639308314
SAC,2layers,all-actor,frelu,0.4,Finger-Spin,754757000.0,43713651.271656536,5,864.2,27.76148411018404,5,100.0,10000.0,1000000.0,701096000.0,754757000.0,7.653873363990096
SAC,2layers,all-actor,frelu,0.4,HalfCheetah-v4,5996219220.911628,2464481544.4959326,5,7655.834434460919,3144.044453932694,5,100.0,10000.0,1000000.0,6850674489.653674,5996219220.911628,-12.472571423915984
SAC,2layers,all-actor,frelu,0.4,Hopper-v4,2497469805.8539443,265310449.4796216,5,2797.8961531369705,819.8668174628566,5,100.0,10000.0,1000000.0,2333416292.847686,2497469805.8539443,7.0306148760986265
SAC,2layers,all-actor,frelu,0.4,Humanoid-v4,3723559201.433616,179439232.93552294,5,4764.552206413265,1254.6789167309316,5,100.0,10000.0,1000000.0,3819549534.547168,3723559201.433616,-2.5131323012134175
SAC,2layers,all-actor,frelu,0.4,Walker-Walk,787182858.6428818,80459357.27834216,5,902.5524662596492,73.69140253040855,5,100.0,10000.0,1000000.0,767541404.4895375,787182858.6428818,2.5590090695376957
SAC,2layers,all-actor,frelu,0.5,Ant-v4,2642410316.023221,1336819574.9770546,5,3932.716564299883,1901.8856149756728,5,100.0,10000.0,1000000.0,2372622764.7592154,2642410316.023221,11.370857401824892
SAC,2layers,all-actor,frelu,0.5,Cartpole-Swingup,768409071.9301387,24166030.994603407,5,816.2088172938795,34.06561439558136,5,100.0,10000.0,1000000.0,765640778.4342302,768409071.9301387,0.36156557668855926
SAC,2layers,all-actor,frelu,0.5,Cheetah-Run,495264066.9174704,16605094.807597436,5,666.304557401227,23.730530635799948,5,100.0,10000.0,1000000.0,418412081.7445899,495264066.9174704,18.36753490779767
SAC,2layers,all-actor,frelu,0.5,Finger-Spin,784189000.0,27640726.83559533,5,898.2,14.394443372357255,5,100.0,10000.0,1000000.0,701096000.0,784189000.0,11.8518719262412
SAC,2layers,all-actor,frelu,0.5,HalfCheetah-v4,5235101119.677782,2178027168.169065,5,6619.544409910033,2710.376893682341,5,100.0,10000.0,1000000.0,6850674489.653674,5235101119.677782,-23.582690615585868
SAC,2layers,all-actor,frelu,0.5,Hopper-v4,2643832442.387762,259558405.28939387,5,3481.1514565599145,99.05135510211736,5,100.0,10000.0,1000000.0,2333416292.847686,2643832442.387762,13.303076287396898
SAC,2layers,all-actor,frelu,0.5,Humanoid-v4,3802468618.354963,165690264.33979255,5,4680.441540624599,2037.1023534408532,5,100.0,10000.0,1000000.0,3819549534.547168,3802468618.354963,-0.44719713771770747
SAC,2layers,all-actor,frelu,0.5,Walker-Walk,694616326.7121029,85151175.71227445,5,879.7459879463786,108.65520791529416,5,100.0,10000.0,1000000.0,767541404.4895375,694616326.7121029,-9.501126239037786
SAC,2layers,all-actor,fswish,0.1,Ant-v4,2449613618.0636883,604788537.3077728,5,4592.178369140625,1504.7947091261624,5,100.0,10000.0,1000000.0,2372622764.7592154,2449613618.0636883,3.244968161311826
SAC,2layers,all-actor,fswish,0.1,Cartpole-Swingup,779530213.6688232,3933224.741519492,5,815.9320190429687,34.063412931478034,5,100.0,10000.0,1000000.0,765640778.4342302,779530213.6688232,1.8140929304990199
SAC,2layers,all-actor,fswish,0.1,Cheetah-Run,470832229.0058136,25869138.90505793,5,643.040234375,35.08357021920017,5,100.0,10000.0,1000000.0,418412081.7445899,470832229.0058136,12.528354115076045
SAC,2layers,all-actor,fswish,0.1,Finger-Spin,759858000.0,33260295.887138467,5,881.2,38.140529624010206,5,100.0,10000.0,1000000.0,701096000.0,759858000.0,8.381448474959207
SAC,2layers,all-actor,fswish,0.1,HalfCheetah-v4,8020715089.400291,492061919.51095074,5,10571.841796875,817.1849477931589,5,100.0,10000.0,1000000.0,6850674489.653674,8020715089.400291,17.079202953135304
SAC,2layers,all-actor,fswish,0.1,Hopper-v4,2328302924.9572754,362723862.1454991,5,3010.890771484375,1001.7088364657208,5,100.0,10000.0,1000000.0,2333416292.847686,2328302924.9572754,-0.21913654696265547
SAC,2layers,all-actor,fswish,0.1,Humanoid-v4,3671116100.5859375,202816765.11022976,5,4664.135400390625,1853.556765167576,5,100.0,10000.0,1000000.0,3819549534.547168,3671116100.5859375,-3.886150254596136
SAC,2layers,all-actor,fswish,0.1,Walker-Walk,790801377.5444031,115501098.87918866,5,882.8159545898437,108.81120347204777,5,100.0,10000.0,1000000.0,767541404.4895375,790801377.5444031,3.0304518972934003
SAC,2layers,all-actor,fswish,0.2,Ant-v4,2400820790.222645,656571860.329869,5,4079.071459960937,1592.762408867403,5,100.0,10000.0,1000000.0,2372622764.7592154,2400820790.222645,1.1884748760846993
SAC,2layers,all-actor,fswish,0.2,Cartpole-Swingup,755666288.8455391,52398354.42423134,5,824.9698608398437,26.2374652933453,5,100.0,10000.0,1000000.0,765640778.4342302,755666288.8455391,-1.3027636287985334
SAC,2layers,all-actor,fswish,0.2,Cheetah-Run,456837359.169364,57921136.45750976,5,609.7373291015625,77.14496279753502,5,100.0,10000.0,1000000.0,418412081.7445899,456837359.169364,9.183596531093928
SAC,2layers,all-actor,fswish,0.2,Finger-Spin,725463000.0,56602452.53078705,5,875.0,27.901612856607404,5,100.0,10000.0,1000000.0,701096000.0,725463000.0,3.4755582687677578
SAC,2layers,all-actor,fswish,0.2,HalfCheetah-v4,6607599955.200195,2813662285.195981,5,8815.622436523438,3992.5524834984017,5,100.0,10000.0,1000000.0,6850674489.653674,6607599955.200195,-3.548183975469649
SAC,2layers,all-actor,fswish,0.2,Hopper-v4,2456460087.966919,390034602.674613,5,3018.644384765625,575.6923255610642,5,100.0,10000.0,1000000.0,2333416292.847686,2456460087.966919,5.27311802426267
SAC,2layers,all-actor,fswish,0.2,Humanoid-v4,3618377572.6623535,271885892.26240355,5,5632.62314453125,227.78847374281173,5,100.0,10000.0,1000000.0,3819549534.547168,3618377572.6623535,-5.266902813152402
SAC,2layers,all-actor,fswish,0.2,Walker-Walk,766243558.5441589,110162262.23420712,5,891.6761352539063,107.8726086177527,5,100.0,10000.0,1000000.0,767541404.4895375,766243558.5441589,-0.16909132690264309
SAC,2layers,all-actor,fswish,0.3,Ant-v4,2500872080.2628994,507398166.9517672,5,4733.232421875,1030.1029055858462,5,100.0,10000.0,1000000.0,2372622764.7592154,2500872080.2628994,5.405381648047172
SAC,2layers,all-actor,fswish,0.3,Cartpole-Swingup,781377041.0614014,11999355.46209251,5,833.2530029296875,29.01786176897606,5,100.0,10000.0,1000000.0,765640778.4342302,781377041.0614014,2.055306231122188
SAC,2layers,all-actor,fswish,0.3,Cheetah-Run,455565600.7037163,50462753.40491679,5,630.0627075195313,67.16102297711528,5,100.0,10000.0,1000000.0,418412081.7445899,455565600.7037163,8.879647739666817
SAC,2layers,all-actor,fswish,0.3,Finger-Spin,767683000.0,71902396.30916344,5,885.4,57.62638284674824,5,100.0,10000.0,1000000.0,701096000.0,767683000.0,9.49755810901788
SAC,2layers,all-actor,fswish,0.3,HalfCheetah-v4,7962845666.851044,665220047.7922997,5,10340.9177734375,999.4378429115252,5,100.0,10000.0,1000000.0,6850674489.653674,7962845666.851044,16.234477041305077
SAC,2layers,all-actor,fswish,0.3,Hopper-v4,2355371873.0506897,411656126.67363685,5,2435.8982666015627,788.8781979071879,5,100.0,10000.0,1000000.0,2333416292.847686,2355371873.0506897,0.9409199837294973
SAC,2layers,all-actor,fswish,0.3,Humanoid-v4,3378997728.0578613,135610024.91998905,5,5542.44443359375,173.18599608225057,5,100.0,10000.0,1000000.0,3819549534.547168,3378997728.0578613,-11.534129941360657
SAC,2layers,all-actor,fswish,0.3,Walker-Walk,779286388.8788223,98509896.07629734,5,898.81943359375,84.60775362231436,5,100.0,10000.0,1000000.0,767541404.4895375,779286388.8788223,1.5302085751446843
SAC,2layers,all-actor,fswish,0.4,Ant-v4,2622670533.481598,886589619.5627478,5,4410.085668945312,2177.955028676444,5,100.0,10000.0,1000000.0,2372622764.7592154,2622670533.481598,10.538875898704383
SAC,2layers,all-actor,fswish,0.4,Cartpole-Swingup,768461474.5941162,28241809.07501326,5,831.36962890625,18.195227476142872,5,100.0,10000.0,1000000.0,765640778.4342302,768461474.5941162,0.36840986521831465
SAC,2layers,all-actor,fswish,0.4,Cheetah-Run,386961409.1070592,54631715.86957809,5,552.6534423828125,91.24895141544656,5,100.0,10000.0,1000000.0,418412081.7445899,386961409.1070592,-7.516674113805607
SAC,2layers,all-actor,fswish,0.4,Finger-Spin,778455000.0,51644722.8669106,5,908.2,48.78729342769486,5,100.0,10000.0,1000000.0,701096000.0,778455000.0,11.03400960781405
SAC,2layers,all-actor,fswish,0.4,HalfCheetah-v4,7750131731.359482,1088161740.4852903,5,8565.744189453126,4277.954508001664,5,100.0,10000.0,1000000.0,6850674489.653674,7750131731.359482,13.129469850950084
SAC,2layers,all-actor,fswish,0.4,Hopper-v4,2420431486.869812,333759961.5595767,5,2499.8123046875,938.463649765008,5,100.0,10000.0,1000000.0,2333416292.847686,2420431486.869812,3.7290900165925143
SAC,2layers,all-actor,fswish,0.4,Humanoid-v4,3493010738.861084,121299181.36394386,5,5578.1560546875,61.12415413339496,5,100.0,10000.0,1000000.0,3819549534.547168,3493010738.861084,-8.549144152539366
SAC,2layers,all-actor,fswish,0.4,Walker-Walk,839463608.6730957,21884843.395340294,5,971.4431518554688,15.812240411607542,5,100.0,10000.0,1000000.0,767541404.4895375,839463608.6730957,9.370465718574614
SAC,2layers,all-actor,fswish,0.5,Ant-v4,2534486476.0422707,829470857.92855,5,4565.31005859375,1385.8263913455228,5,100.0,10000.0,1000000.0,2372622764.7592154,2534486476.0422707,6.822142722696247
SAC,2layers,all-actor,fswish,0.5,Cartpole-Swingup,784616210.5140686,19912415.12852368,5,835.4281616210938,19.10349644673734,5,100.0,10000.0,1000000.0,765640778.4342302,784616210.5140686,2.4783727061460867
SAC,2layers,all-actor,fswish,0.5,Cheetah-Run,451712760.3256405,11896124.9457514,5,579.6768310546875,69.48729541223628,5,100.0,10000.0,1000000.0,418412081.7445899,451712760.3256405,7.958823378665775
SAC,2layers,all-actor,fswish,0.5,Finger-Spin,796441000.0,12287273.599135,5,917.2,41.93089553062275,5,100.0,10000.0,1000000.0,701096000.0,796441000.0,13.599421477229937
SAC,2layers,all-actor,fswish,0.5,HalfCheetah-v4,6966969105.102539,913941615.9847102,5,9484.04833984375,1257.16927106956,5,100.0,10000.0,1000000.0,6850674489.653674,6966969105.102539,1.6975644606162574
SAC,2layers,all-actor,fswish,0.5,Hopper-v4,2314144538.6505127,289547191.22305506,5,2493.449169921875,1254.7250658557348,5,100.0,10000.0,1000000.0,2333416292.847686,2314144538.6505127,-0.8259029585181304
SAC,2layers,all-actor,fswish,0.5,Humanoid-v4,3485654725.7385254,295654613.5036032,5,4645.794201660156,2068.254629436811,5,100.0,10000.0,1000000.0,3819549534.547168,3485654725.7385254,-8.741732651681078
SAC,2layers,all-actor,fswish,0.5,Walker-Walk,861976947.5650787,16493596.636388952,5,953.24892578125,20.21127259709698,5,100.0,10000.0,1000000.0,767541404.4895375,861976947.5650787,12.303641539487598
SAC,2layers,all-actor,gelu,,Ant-v4,2263733914.913177,677006016.3751014,5,3394.2385498046874,1677.9995189702902,5,100.0,10000.0,1000000.0,2372622764.7592154,2263733914.913177,-4.589387384432724
SAC,2layers,all-actor,gelu,,Cartpole-Swingup,768423211.9598389,24118706.234475277,5,844.22939453125,10.495815747646471,5,100.0,10000.0,1000000.0,765640778.4342302,768423211.9598389,0.36341239965024597
SAC,2layers,all-actor,gelu,,Cheetah-Run,456691850.5015373,90180051.37514988,5,585.4867126464844,102.17626331957084,5,100.0,10000.0,1000000.0,418412081.7445899,456691850.5015373,9.14882012903117
SAC,2layers,all-actor,gelu,,Finger-Spin,783614000.0,64171978.73682874,5,888.4,59.3952860082347,5,100.0,10000.0,1000000.0,701096000.0,783614000.0,11.769857480288007
SAC,2layers,all-actor,gelu,,HalfCheetah-v4,6660212441.146851,1031598782.4267036,5,9060.37646484375,1579.2964317295869,5,100.0,10000.0,1000000.0,6850674489.653674,6660212441.146851,-2.780194107813347
SAC,2layers,all-actor,gelu,,Hopper-v4,2342473811.267853,361621896.0002012,5,3025.3944580078123,827.579926519998,5,100.0,10000.0,1000000.0,2333416292.847686,2342473811.267853,0.38816555999586483
SAC,2layers,all-actor,gelu,,Humanoid-v4,3698209115.2038574,157821837.13955212,5,5564.108203125,139.35869998881748,5,100.0,10000.0,1000000.0,3819549534.547168,3698209115.2038574,-3.1768253885911717
SAC,2layers,all-actor,gelu,,Walker-Walk,810048551.8398285,81305239.08438043,5,939.2846069335938,35.2725403754262,5,100.0,10000.0,1000000.0,767541404.4895375,810048551.8398285,5.538091769597876
SAC,2layers,all-actor,lrelu,,Ant-v4,3125500486.6685867,317517484.4015277,5,4979.283251953125,761.2527175455963,5,100.0,10000.0,1000000.0,2372622764.7592154,3125500486.6685867,31.731876347640828
SAC,2layers,all-actor,lrelu,,Cartpole-Swingup,767520617.1569824,20925105.611836284,5,828.7566772460938,16.12063247234711,5,100.0,10000.0,1000000.0,765640778.4342302,767520617.1569824,0.24552489570847677
SAC,2layers,all-actor,lrelu,,Cheetah-Run,471952995.4805374,21954475.37714288,5,640.5817016601562,16.452202186138926,5,100.0,10000.0,1000000.0,418412081.7445899,471952995.4805374,12.796215996609371
SAC,2layers,all-actor,lrelu,,Finger-Spin,756190000.0,29846540.209880285,5,880.0,27.865749586185554,5,100.0,10000.0,1000000.0,701096000.0,756190000.0,7.858267626687358
SAC,2layers,all-actor,lrelu,,HalfCheetah-v4,6593052619.520187,2781611760.4904423,5,8434.644921875,3585.8513755557087,5,100.0,10000.0,1000000.0,6850674489.653674,6593052619.520187,-3.7605329303350166
SAC,2layers,all-actor,lrelu,,Hopper-v4,2380133461.856842,389013825.31359154,5,2329.6407958984373,1027.379822716898,5,100.0,10000.0,1000000.0,2333416292.847686,2380133461.856842,2.0020932035296153
SAC,2layers,all-actor,lrelu,,Humanoid-v4,3649342253.90625,331157495.5585478,5,5559.29228515625,242.0298472188609,5,100.0,10000.0,1000000.0,3819549534.547168,3649342253.90625,-4.456213464478527
SAC,2layers,all-actor,lrelu,,Walker-Walk,759286713.6688232,79134173.40758695,5,885.733251953125,63.661468145468106,5,100.0,10000.0,1000000.0,767541404.4895375,759286713.6688232,-1.075471729919784
SAC,2layers,all-actor,prelu,,Ant-v4,3043922097.9247093,948017076.0521384,5,5309.91640625,541.0626336423302,5,100.0,10000.0,1000000.0,2372622764.7592154,3043922097.9247093,28.29355526451001
SAC,2layers,all-actor,prelu,,Cartpole-Swingup,777955152.4658203,15039014.18375273,5,824.9006469726562,56.42214978204847,5,100.0,10000.0,1000000.0,765640778.4342302,777955152.4658203,1.6083748904771702
SAC,2layers,all-actor,prelu,,Cheetah-Run,499704259.7544193,36164855.73773724,5,673.1640380859375,49.72899174962543,5,100.0,10000.0,1000000.0,418412081.7445899,499704259.7544193,19.42873582208182
SAC,2layers,all-actor,prelu,,Finger-Spin,802343000.0,38591342.55244303,5,911.0,42.68489194082609,5,100.0,10000.0,1000000.0,701096000.0,802343000.0,14.441246277257322
SAC,2layers,all-actor,prelu,,HalfCheetah-v4,7344280860.486984,859157383.0626063,5,9847.10361328125,1550.958850721952,5,100.0,10000.0,1000000.0,6850674489.653674,7344280860.486984,7.2052229540140305
SAC,2layers,all-actor,prelu,,Hopper-v4,2248714659.96933,525600810.4413208,5,2946.9453125,1005.8334502369748,5,100.0,10000.0,1000000.0,2333416292.847686,2248714659.96933,-3.6299409212998452
SAC,2layers,all-actor,prelu,,Humanoid-v4,3518536747.970581,327009309.35329765,5,5487.36083984375,231.62869809739936,5,100.0,10000.0,1000000.0,3819549534.547168,3518536747.970581,-7.880845211038054
SAC,2layers,all-actor,prelu,,Walker-Walk,823454181.1351776,52476144.23884999,5,936.4154418945312,79.5413070151938,5,100.0,10000.0,1000000.0,767541404.4895375,823454181.1351776,7.284659344576413
SAC,2layers,all-actor,swish,,Ant-v4,1779133794.1221,573217612.594196,5,3215.1414794921875,1420.3539361748994,5,100.0,10000.0,1000000.0,2372622764.7592154,1779133794.1221,-25.014046878933375
SAC,2layers,all-actor,swish,,Cartpole-Swingup,784696870.1095581,14726608.049569933,5,844.1939208984375,15.01138343080424,5,100.0,10000.0,1000000.0,765640778.4342302,784696870.1095581,2.4889076198760547
SAC,2layers,all-actor,swish,,Cheetah-Run,491703514.1825676,34884336.70862812,5,651.8523559570312,39.50248575622435,5,100.0,10000.0,1000000.0,418412081.7445899,491703514.1825676,17.516566952939172
SAC,2layers,all-actor,swish,,Finger-Spin,761554000.0,17761190.979210835,5,884.6,10.644247272588132,5,100.0,10000.0,1000000.0,701096000.0,761554000.0,8.623355432066365
SAC,2layers,all-actor,swish,,HalfCheetah-v4,6762913247.238159,564721897.1969054,5,9176.2435546875,1269.7352223817145,5,100.0,10000.0,1000000.0,6850674489.653674,6762913247.238159,-1.2810598802797823
SAC,2layers,all-actor,swish,,Hopper-v4,2510512070.55378,303415605.4708896,5,3166.288720703125,686.9519923690409,5,100.0,10000.0,1000000.0,2333416292.847686,2510512070.55378,7.589549205125665
SAC,2layers,all-actor,swish,,Humanoid-v4,3597877008.31604,183092612.9603032,5,5498.08642578125,224.48863738070455,5,100.0,10000.0,1000000.0,3819549534.547168,3597877008.31604,-5.803630093709688
SAC,2layers,all-actor,swish,,Walker-Walk,838378758.7852478,14629617.873699326,5,959.8656372070312,17.50629544231581,5,100.0,10000.0,1000000.0,767541404.4895375,838378758.7852478,9.229124823933315
SAC,2layers,all-both,fgelu,0.1,Ant-v4,2981704149.7454643,658793686.2479941,5,4952.85986328125,953.9929297645554,5,100.0,10000.0,1000000.0,2372622764.7592154,2981704149.7454643,25.67122738738711
SAC,2layers,all-both,fgelu,0.1,Cartpole-Swingup,779808430.0231934,20159275.614972603,5,825.9037353515625,52.20115257520379,5,100.0,10000.0,1000000.0,765640778.4342302,779808430.0231934,1.8504306442424128
SAC,2layers,all-both,fgelu,0.1,Cheetah-Run,484904607.2466373,24652457.415727425,5,632.0349731445312,40.567003248828506,5,100.0,10000.0,1000000.0,418412081.7445899,484904607.2466373,15.891636117390176
SAC,2layers,all-both,fgelu,0.1,Finger-Spin,809619000.0,51929164.42135384,5,923.0,54.62142436809938,5,100.0,10000.0,1000000.0,701096000.0,809619000.0,15.479049944658078
SAC,2layers,all-both,fgelu,0.1,HalfCheetah-v4,7618876212.49485,957738030.1432987,5,9799.6634765625,1588.9206133424211,5,100.0,10000.0,1000000.0,6850674489.653674,7618876212.49485,11.21351954470123
SAC,2layers,all-both,fgelu,0.1,Hopper-v4,2336735609.642029,418210992.6822332,5,2378.34296875,839.6829116465788,5,100.0,10000.0,1000000.0,2333416292.847686,2336735609.642029,0.14225137642679792
SAC,2layers,all-both,fgelu,0.1,Humanoid-v4,3863098629.2266846,193426670.59206071,5,5285.865625,97.8132816352936,5,100.0,10000.0,1000000.0,3819549534.547168,3863098629.2266846,1.1401631078644938
SAC,2layers,all-both,fgelu,0.1,Walker-Walk,820395184.4015121,41121719.02815624,5,957.421044921875,22.719661949265827,5,100.0,10000.0,1000000.0,767541404.4895375,820395184.4015121,6.886114495298883
SAC,2layers,all-both,fgelu,0.2,Ant-v4,2868353662.834406,302574678.97341657,5,4680.28271484375,903.9778817915922,5,100.0,10000.0,1000000.0,2372622764.7592154,2868353662.834406,20.89379337660952
SAC,2layers,all-both,fgelu,0.2,Cartpole-Swingup,723511121.1166382,78116629.67271408,5,803.8802490234375,68.15177791267858,5,100.0,10000.0,1000000.0,765640778.4342302,723511121.1166382,-5.502535719655511
SAC,2layers,all-both,fgelu,0.2,Cheetah-Run,419522712.3606205,56293953.63606775,5,577.0458190917968,74.79805025867807,5,100.0,10000.0,1000000.0,418412081.7445899,419522712.3606205,0.26543942311602103
SAC,2layers,all-both,fgelu,0.2,Finger-Spin,767289000.0,41060253.65240697,5,885.4,32.02811265123188,5,100.0,10000.0,1000000.0,701096000.0,767289000.0,9.441360384312562
SAC,2layers,all-both,fgelu,0.2,HalfCheetah-v4,6958317703.178406,1100167388.713747,5,8898.83203125,1532.205418993934,5,100.0,10000.0,1000000.0,6850674489.653674,6958317703.178406,1.5712790570811865
SAC,2layers,all-both,fgelu,0.2,Hopper-v4,2146437314.3615725,437210766.4508997,5,2301.325390625,1095.0399745736056,5,100.0,10000.0,1000000.0,2333416292.847686,2146437314.3615725,-8.013099893886718
SAC,2layers,all-both,fgelu,0.2,Humanoid-v4,3541344224.7314453,171799064.31206506,5,5222.2669921875,60.08137099387704,5,100.0,10000.0,1000000.0,3819549534.547168,3541344224.7314453,-7.283720430888599
SAC,2layers,all-both,fgelu,0.2,Walker-Walk,810485723.0930328,83255712.87985525,5,909.4905029296876,76.19487361929953,5,100.0,10000.0,1000000.0,767541404.4895375,810485723.0930328,5.595049120777529
SAC,2layers,all-both,fgelu,0.3,Ant-v4,2644604873.764038,559006103.3276806,5,3493.225732421875,937.4663098077192,5,100.0,10000.0,1000000.0,2372622764.7592154,2644604873.764038,11.463352415082502
SAC,2layers,all-both,fgelu,0.3,Cartpole-Swingup,777800653.2592773,22796333.5562051,5,839.4473754882813,27.04200447214213,5,100.0,10000.0,1000000.0,765640778.4342302,777800653.2592773,1.5881958181374072
SAC,2layers,all-both,fgelu,0.3,Cheetah-Run,444000980.2621007,76705133.73938754,5,572.4416870117187,122.67198012488632,5,100.0,10000.0,1000000.0,418412081.7445899,444000980.2621007,6.115716929304859
SAC,2layers,all-both,fgelu,0.3,Finger-Spin,785139000.0,16782340.94219279,5,878.2,19.69009903479412,5,100.0,10000.0,1000000.0,701096000.0,785139000.0,11.98737405433778
SAC,2layers,all-both,fgelu,0.3,HalfCheetah-v4,8000194782.272339,378269512.4079889,5,10749.776171875,277.0282200177157,5,100.0,10000.0,1000000.0,6850674489.653674,8000194782.272339,16.77966591982649
SAC,2layers,all-both,fgelu,0.3,Hopper-v4,2435260552.394867,379991323.533239,5,1844.484838867188,310.8592591805157,5,100.0,10000.0,1000000.0,2333416292.847686,2435260552.394867,4.364598801309091
SAC,2layers,all-both,fgelu,0.3,Humanoid-v4,3651759703.7963862,221612167.406972,5,4452.69814453125,1760.1310483020925,5,100.0,10000.0,1000000.0,3819549534.547168,3651759703.7963862,-4.392921972425057
SAC,2layers,all-both,fgelu,0.3,Walker-Walk,784091793.3473587,85851321.47062354,5,909.249951171875,61.86562058179058,5,100.0,10000.0,1000000.0,767541404.4895375,784091793.3473587,2.156286131407889
SAC,2layers,all-both,fgelu,0.4,Ant-v4,2750556482.331991,885766950.1434242,5,3983.965771484375,1984.203787579244,5,100.0,10000.0,1000000.0,2372622764.7592154,2750556482.331991,15.928942568800242
SAC,2layers,all-both,fgelu,0.4,Cartpole-Swingup,751854762.1612549,66855020.27716969,5,818.3097045898437,33.81638886908007,5,100.0,10000.0,1000000.0,765640778.4342302,751854762.1612549,-1.8005854261274261
SAC,2layers,all-both,fgelu,0.4,Cheetah-Run,496604608.0763936,22074960.840681404,5,647.9302124023437,36.3010181284786,5,100.0,10000.0,1000000.0,418412081.7445899,496604608.0763936,18.687922682771507
SAC,2layers,all-both,fgelu,0.4,Finger-Spin,780192000.0,42593507.66255346,5,900.0,15.066519173319358,5,100.0,10000.0,1000000.0,701096000.0,780192000.0,11.281764551502219
SAC,2layers,all-both,fgelu,0.4,HalfCheetah-v4,7750500183.940887,758077472.759521,5,9837.31708984375,1097.9140124212074,5,100.0,10000.0,1000000.0,6850674489.653674,7750500183.940887,13.1348481911699
SAC,2layers,all-both,fgelu,0.4,Hopper-v4,2675164301.2008667,237138626.4810123,5,3339.3435546875,96.63549929657071,5,100.0,10000.0,1000000.0,2333416292.847686,2675164301.2008667,14.645822496427067
SAC,2layers,all-both,fgelu,0.4,Humanoid-v4,3759078234.863281,78749947.41110075,5,5269.6421875,190.9310742117661,5,100.0,10000.0,1000000.0,3819549534.547168,3759078234.863281,-1.5832050124480521
SAC,2layers,all-both,fgelu,0.4,Walker-Walk,677739061.7580414,120440586.5420107,5,850.7986328125,110.10863270075976,5,100.0,10000.0,1000000.0,767541404.4895375,677739061.7580414,-11.699999792352596
SAC,2layers,all-both,fgelu,0.5,Ant-v4,2524313334.597588,583065085.0866306,5,1771.746696472168,1976.7289783035187,5,100.0,10000.0,1000000.0,2372622764.7592154,2524313334.597588,6.393370749511752
SAC,2layers,all-both,fgelu,0.5,Cartpole-Swingup,750688097.0840454,44326787.87464624,5,790.8403076171875,44.26310844728512,5,100.0,10000.0,1000000.0,765640778.4342302,750688097.0840454,-1.9529630306217105
SAC,2layers,all-both,fgelu,0.5,Cheetah-Run,428605851.6497612,57035501.13993344,5,587.1792846679688,81.43486700044765,5,100.0,10000.0,1000000.0,418412081.7445899,428605851.6497612,2.4362991294772955
SAC,2layers,all-both,fgelu,0.5,Finger-Spin,792314000.0,35626855.460452855,5,878.4,30.262187627466723,5,100.0,10000.0,1000000.0,701096000.0,792314000.0,13.010771706014582
SAC,2layers,all-both,fgelu,0.5,HalfCheetah-v4,7360311667.640686,766478440.2526231,5,9445.1263671875,1198.6341756955408,5,100.0,10000.0,1000000.0,6850674489.653674,7360311667.640686,7.439226294530538
SAC,2layers,all-both,fgelu,0.5,Hopper-v4,2736123990.4556274,118587387.1871898,5,3201.0294677734373,675.137516375224,5,100.0,10000.0,1000000.0,2333416292.847686,2736123990.4556274,17.258287723554023
SAC,2layers,all-both,fgelu,0.5,Humanoid-v4,3637636303.009033,225505505.3830292,5,4353.383801269531,2001.4162442556817,5,100.0,10000.0,1000000.0,3819549534.547168,3637636303.009033,-4.762688110018229
SAC,2layers,all-both,fgelu,0.5,Walker-Walk,744900351.0131836,78523952.00288333,5,858.2095336914062,82.87520771792613,5,100.0,10000.0,1000000.0,767541404.4895375,744900351.0131836,-2.949815259987386
SAC,2layers,all-both,flrelu,0.1,Ant-v4,2811641708.953067,898638916.8334726,5,4572.042679489977,1704.379853529398,5,100.0,10000.0,1000000.0,2372622764.7592154,2811641708.953067,18.50352912037431
SAC,2layers,all-both,flrelu,0.1,Cartpole-Swingup,774508182.2160431,32245852.99051597,5,811.537475642701,66.22738981795791,5,100.0,10000.0,1000000.0,765640778.4342302,774508182.2160431,1.1581676461835204
SAC,2layers,all-both,flrelu,0.1,Cheetah-Run,452376447.2253698,66848069.6035346,5,626.0302725254184,87.30591467419544,5,100.0,10000.0,1000000.0,418412081.7445899,452376447.2253698,8.117443774368029
SAC,2layers,all-both,flrelu,0.1,Finger-Spin,776705000.0,35532139.85253351,5,905.4,44.32042418569569,5,100.0,10000.0,1000000.0,701096000.0,776705000.0,10.784400424478246
SAC,2layers,all-both,flrelu,0.1,HalfCheetah-v4,7228147436.870201,877635921.2742707,5,9545.895849017536,1108.3488180831614,5,100.0,10000.0,1000000.0,6850674489.653674,7228147436.870201,5.51001142714649
SAC,2layers,all-both,flrelu,0.1,Hopper-v4,2600491690.5584044,263718456.9820609,5,3160.586479624064,571.9055622742723,5,100.0,10000.0,1000000.0,2333416292.847686,2600491690.5584044,11.445681532667347
SAC,2layers,all-both,flrelu,0.1,Humanoid-v4,3911903619.46724,284432012.4654139,5,5684.235987307236,296.7403395865725,5,100.0,10000.0,1000000.0,3819549534.547168,3911903619.46724,2.417931331554815
SAC,2layers,all-both,flrelu,0.1,Walker-Walk,768051353.3290703,45204216.74247709,5,949.8986527720276,23.068303620219265,5,100.0,10000.0,1000000.0,767541404.4895375,768051353.3290703,0.06643926132844907
SAC,2layers,all-both,flrelu,0.2,Ant-v4,2274664710.5944223,744993191.4616791,5,3960.783752824407,1652.9499650553482,5,100.0,10000.0,1000000.0,2372622764.7592154,2274664710.5944223,-4.128682216986746
SAC,2layers,all-both,flrelu,0.2,Cartpole-Swingup,772024739.2289431,21498024.376724023,5,820.3915007091894,45.81890957947547,5,100.0,10000.0,1000000.0,765640778.4342302,772024739.2289431,0.8338062671855576
SAC,2layers,all-both,flrelu,0.2,Cheetah-Run,452724479.00254345,43219403.61819417,5,604.2939843238127,40.35569683980428,5,100.0,10000.0,1000000.0,418412081.7445899,452724479.00254345,8.20062296358324
SAC,2layers,all-both,flrelu,0.2,Finger-Spin,752707000.0,44401486.2645385,5,871.0,30.911163032147456,5,100.0,10000.0,1000000.0,701096000.0,752707000.0,7.36147403493958
SAC,2layers,all-both,flrelu,0.2,HalfCheetah-v4,6447396346.183849,906080147.7184644,5,7897.104232146198,1303.7560514652378,5,100.0,10000.0,1000000.0,6850674489.653674,6447396346.183849,-5.886692530478294
SAC,2layers,all-both,flrelu,0.2,Hopper-v4,2341109280.906501,534310403.6219896,5,2641.618499713661,1175.6063176420478,5,100.0,10000.0,1000000.0,2333416292.847686,2341109280.906501,0.3296877664905018
SAC,2layers,all-both,flrelu,0.2,Humanoid-v4,3634957949.0944033,261769765.94704524,5,5590.172902646162,98.52350420835442,5,100.0,10000.0,1000000.0,3819549534.547168,3634957949.0944033,-4.832810355859125
SAC,2layers,all-both,flrelu,0.2,Walker-Walk,719819590.3524797,124767916.0968354,5,893.9928609172208,140.64101393950645,5,100.0,10000.0,1000000.0,767541404.4895375,719819590.3524797,-6.217490529881673
SAC,2layers,all-both,flrelu,0.3,Ant-v4,2583464107.7324324,881233089.0052209,5,4227.853352794093,1011.4726094839118,5,100.0,10000.0,1000000.0,2372622764.7592154,2583464107.7324324,8.88642501896479
SAC,2layers,all-both,flrelu,0.3,Cartpole-Swingup,751574656.8445053,26119298.723535683,5,799.2212683977712,66.46937093058975,5,100.0,10000.0,1000000.0,765640778.4342302,751574656.8445053,-1.8371698564032533
SAC,2layers,all-both,flrelu,0.3,Cheetah-Run,405570742.0300383,34581032.21556087,5,539.313864097958,28.41851332907092,5,100.0,10000.0,1000000.0,418412081.7445899,405570742.0300383,-3.0690652289506137
SAC,2layers,all-both,flrelu,0.3,Finger-Spin,742820000.0,52696911.67421484,5,867.6,39.125439294658406,5,100.0,10000.0,1000000.0,701096000.0,742820000.0,5.951253466001803
SAC,2layers,all-both,flrelu,0.3,HalfCheetah-v4,6388054596.76969,2650589083.300256,5,8409.410875593192,3567.1787837168367,5,100.0,10000.0,1000000.0,6850674489.653674,6388054596.76969,-6.75291014895924
SAC,2layers,all-both,flrelu,0.3,Hopper-v4,1950877375.8422048,799363354.0409107,5,2614.3061754793875,1217.5595996429545,5,100.0,10000.0,1000000.0,2333416292.847686,1950877375.8422048,-16.393942143029825
SAC,2layers,all-both,flrelu,0.3,Humanoid-v4,3716323809.444983,162876708.9478011,5,5629.631768874878,180.8786106071916,5,100.0,10000.0,1000000.0,3819549534.547168,3716323809.444983,-2.7025628066484244
SAC,2layers,all-both,flrelu,0.3,Walker-Walk,768242462.8976889,117642044.44256112,5,708.3884462879103,373.5988181788649,5,100.0,10000.0,1000000.0,767541404.4895375,768242462.8976889,0.09133818762749814
SAC,2layers,all-both,flrelu,0.4,Ant-v4,1688164173.9682808,653684425.274272,5,2514.344135091527,1343.2789367591429,5,100.0,10000.0,1000000.0,2372622764.7592154,1688164173.9682808,-28.84818442093961
SAC,2layers,all-both,flrelu,0.4,Cartpole-Swingup,777080653.108867,9375905.623909757,5,818.1633919036892,39.82545820026723,5,100.0,10000.0,1000000.0,765640778.4342302,777080653.108867,1.4941569201723945
SAC,2layers,all-both,flrelu,0.4,Cheetah-Run,409511419.98974895,36611171.75064614,5,477.0682185291863,137.4089029536665,5,100.0,10000.0,1000000.0,418412081.7445899,409511419.98974895,-2.1272477882878573
SAC,2layers,all-both,flrelu,0.4,Finger-Spin,773855000.0,20510699.03733172,5,884.2,24.78305872970487,5,100.0,10000.0,1000000.0,701096000.0,773855000.0,10.377894040188504
SAC,2layers,all-both,flrelu,0.4,HalfCheetah-v4,6216166943.663365,1015747460.0441709,5,7581.6623236049245,1352.9298744940595,5,100.0,10000.0,1000000.0,6850674489.653674,6216166943.663365,-9.261971897053094
SAC,2layers,all-both,flrelu,0.4,Hopper-v4,2371886334.918988,363988273.4874345,5,3071.642719401331,652.6712214737845,5,100.0,10000.0,1000000.0,2333416292.847686,2371886334.918988,1.648657472274432
SAC,2layers,all-both,flrelu,0.4,Humanoid-v4,4107823214.7648,75285010.78630054,5,5708.448798992499,199.7937179349106,5,100.0,10000.0,1000000.0,3819549534.547168,4107823214.7648,7.547321421289252
SAC,2layers,all-both,flrelu,0.4,Walker-Walk,748160902.7126448,70001910.96379802,5,944.4569130799616,17.817856577845784,5,100.0,10000.0,1000000.0,767541404.4895375,748160902.7126448,-2.5250105940254643
SAC,2layers,all-both,flrelu,0.5,Ant-v4,1291649892.5656056,328150348.812183,5,2200.95168262985,888.2576540509784,5,100.0,10000.0,1000000.0,2372622764.7592154,1291649892.5656056,-45.560250379849656
SAC,2layers,all-both,flrelu,0.5,Cartpole-Swingup,773819061.9455372,12229288.88645184,5,809.5530776715561,43.84374143322483,5,100.0,10000.0,1000000.0,765640778.4342302,773819061.9455372,1.0681619555363755
SAC,2layers,all-both,flrelu,0.5,Cheetah-Run,368000242.18739897,27705470.829520404,5,485.091800488752,46.1538250691283,5,100.0,10000.0,1000000.0,418412081.7445899,368000242.18739897,-12.048370913907716
SAC,2layers,all-both,flrelu,0.5,Finger-Spin,730585000.0,51553817.51141228,5,894.2,47.27790181469562,5,100.0,10000.0,1000000.0,701096000.0,730585000.0,4.206128689936898
SAC,2layers,all-both,flrelu,0.5,HalfCheetah-v4,5891766289.992613,1928038610.045776,5,7487.280572452759,2664.032742336741,5,100.0,10000.0,1000000.0,6850674489.653674,5891766289.992613,-13.997281597735604
SAC,2layers,all-both,flrelu,0.5,Hopper-v4,2254565809.643374,1059714780.6408068,5,2757.228896810888,1295.3551767563984,5,100.0,10000.0,1000000.0,2333416292.847686,2254565809.643374,-3.37918627919081
SAC,2layers,all-both,flrelu,0.5,Humanoid-v4,3676898776.049838,177174247.78629908,5,5293.658904158709,66.08689022431408,5,100.0,10000.0,1000000.0,3819549534.547168,3676898776.049838,-3.7347534626028063
SAC,2layers,all-both,flrelu,0.5,Walker-Walk,565600731.2915163,82473539.97475398,5,789.3369497614298,126.95156797389372,5,100.0,10000.0,1000000.0,767541404.4895375,565600731.2915163,-26.31006900954408
SAC,2layers,all-both,fprelu,0.1,Ant-v4,2241638785.620129,528226296.2280909,5,4546.415281657188,1177.9030824833517,5,100.0,10000.0,1000000.0,2372622764.7592154,2241638785.620129,-5.520640747640264
SAC,2layers,all-both,fprelu,0.1,Cartpole-Swingup,729539512.2763128,38130725.18117749,5,790.3950358662339,115.57829718184422,5,100.0,10000.0,1000000.0,765640778.4342302,729539512.2763128,-4.715170243641684
SAC,2layers,all-both,fprelu,0.1,Cheetah-Run,439138407.6094944,49766237.3365384,5,609.4344140536892,57.64152448614745,5,100.0,10000.0,1000000.0,418412081.7445899,439138407.6094944,4.953567731238787
SAC,2layers,all-both,fprelu,0.1,Finger-Spin,713590000.0,24691231.49014645,5,873.6,19.781304304822772,5,100.0,10000.0,1000000.0,701096000.0,713590000.0,1.7820669351986034
SAC,2layers,all-both,fprelu,0.1,HalfCheetah-v4,5962357508.109579,2337259194.062993,5,8155.474067175356,3323.5228823521866,5,100.0,10000.0,1000000.0,6850674489.653674,5962357508.109579,-12.96685432778463
SAC,2layers,all-both,fprelu,0.1,Hopper-v4,2614724272.5680404,248581758.66752625,5,3457.314740362337,150.28536839401633,5,100.0,10000.0,1000000.0,2333416292.847686,2614724272.5680404,12.055627647008848
SAC,2layers,all-both,fprelu,0.1,Humanoid-v4,4001660860.1388335,306983542.84230494,5,5493.38489071385,204.28733499974643,5,100.0,10000.0,1000000.0,3819549534.547168,4001660860.1388335,4.7678744298116875
SAC,2layers,all-both,fprelu,0.1,Walker-Walk,664486505.5013831,134792379.15210012,5,798.4651755773407,150.56118961014064,5,100.0,10000.0,1000000.0,767541404.4895375,664486505.5013831,-13.426624073354361
SAC,2layers,all-both,fprelu,0.2,Ant-v4,2991252422.995468,797094324.3376403,5,4445.279718358838,1892.2529877521283,5,100.0,10000.0,1000000.0,2372622764.7592154,2991252422.995468,26.073662759407693
SAC,2layers,all-both,fprelu,0.2,Cartpole-Swingup,766576994.4366376,13564394.51051816,5,785.7042706572527,68.62572867344879,5,100.0,10000.0,1000000.0,765640778.4342302,766576994.4366376,0.12227875379391827
SAC,2layers,all-both,fprelu,0.2,Cheetah-Run,462351065.9811276,38736056.19583804,5,639.930804515414,58.39141369238328,5,100.0,10000.0,1000000.0,418412081.7445899,462351065.9811276,10.501366034492102
SAC,2layers,all-both,fprelu,0.2,Finger-Spin,777125000.0,56408710.20950577,5,900.2,78.91577789010258,5,100.0,10000.0,1000000.0,701096000.0,777125000.0,10.844306628478838
SAC,2layers,all-both,fprelu,0.2,HalfCheetah-v4,6961131075.232405,1410412557.854538,5,9176.465205009645,2019.64629867414,5,100.0,10000.0,1000000.0,6850674489.653674,6961131075.232405,1.6123461382605344
SAC,2layers,all-both,fprelu,0.2,Hopper-v4,2885250326.951711,299867838.8618157,5,3536.1585558886845,111.1759193560444,5,100.0,10000.0,1000000.0,2333416292.847686,2885250326.951711,23.649189207921864
SAC,2layers,all-both,fprelu,0.2,Humanoid-v4,3891273073.5021486,256140262.16112703,5,5464.420561797908,122.8775300917791,5,100.0,10000.0,1000000.0,3819549534.547168,3891273073.5021486,1.8778009895212457
SAC,2layers,all-both,fprelu,0.2,Walker-Walk,656053725.6860776,153469232.84372795,5,780.8963386694919,160.0323245455301,5,100.0,10000.0,1000000.0,767541404.4895375,656053725.6860776,-14.525298329359325
SAC,2layers,all-both,fprelu,0.3,Ant-v4,1376066323.419453,241015724.66117167,5,2204.120553590693,1060.1041147409633,5,100.0,10000.0,1000000.0,2372622764.7592154,1376066323.419453,-42.00231305800935
SAC,2layers,all-both,fprelu,0.3,Cartpole-Swingup,756860519.5926894,24959372.050375108,5,827.900525276618,28.94758889437599,5,100.0,10000.0,1000000.0,765640778.4342302,756860519.5926894,-1.146785684469006
SAC,2layers,all-both,fprelu,0.3,Cheetah-Run,413903275.20118177,44069404.97288928,5,584.756816135224,58.22772458501836,5,100.0,10000.0,1000000.0,418412081.7445899,413903275.20118177,-1.0775995101786886
SAC,2layers,all-both,fprelu,0.3,Finger-Spin,729592000.0,31264788.82065255,5,860.4,27.19926469594353,5,100.0,10000.0,1000000.0,701096000.0,729592000.0,4.06449330762121
SAC,2layers,all-both,fprelu,0.3,HalfCheetah-v4,5497319895.660418,2017863608.539381,5,7000.36380177285,2740.341526460845,5,100.0,10000.0,1000000.0,6850674489.653674,5497319895.660418,-19.7550561778578
SAC,2layers,all-both,fprelu,0.3,Hopper-v4,2757942165.537794,322005856.2938853,5,3170.915815890693,790.8556366093146,5,100.0,10000.0,1000000.0,2333416292.847686,2757942165.537794,18.193319125753586
SAC,2layers,all-both,fprelu,0.3,Humanoid-v4,4238073764.000909,136512238.6700728,5,5734.7703823267175,193.3277985094665,5,100.0,10000.0,1000000.0,3819549534.547168,4238073764.000909,10.957423792210612
SAC,2layers,all-both,fprelu,0.3,Walker-Walk,709325388.7745717,202337421.91529253,5,860.5366754071656,158.20348764730784,5,100.0,10000.0,1000000.0,767541404.4895375,709325388.7745717,-7.584739451767175
SAC,2layers,all-both,fprelu,0.4,Ant-v4,1467342389.888349,876368946.5499581,5,2666.336352106321,1985.316739060464,5,100.0,10000.0,1000000.0,2372622764.7592154,1467342389.888349,-38.15525958517633
SAC,2layers,all-both,fprelu,0.4,Cartpole-Swingup,771476153.0258572,9306804.243735995,5,834.6000762972271,16.526553377322724,5,100.0,10000.0,1000000.0,765640778.4342302,771476153.0258572,0.7621556682966397
SAC,2layers,all-both,fprelu,0.4,Cheetah-Run,382677637.6546637,32313738.089320805,5,513.649503420966,51.137800578187885,5,100.0,10000.0,1000000.0,418412081.7445899,382677637.6546637,-8.540490499444878
SAC,2layers,all-both,fprelu,0.4,Finger-Spin,739468000.0,32227132.706773646,5,855.6,37.20618228198105,5,100.0,10000.0,1000000.0,701096000.0,739468000.0,5.473144904549448
SAC,2layers,all-both,fprelu,0.4,HalfCheetah-v4,4673388060.913504,2058581827.51862,5,5984.813937496155,2601.96942617178,5,100.0,10000.0,1000000.0,6850674489.653674,4673388060.913504,-31.78207389693449
SAC,2layers,all-both,fprelu,0.4,Hopper-v4,2431682883.9141736,721908258.3554637,5,3065.707617000965,990.8538046244678,5,100.0,10000.0,1000000.0,2333416292.847686,2431682883.9141736,4.2112756034013925
SAC,2layers,all-both,fprelu,0.4,Humanoid-v4,4115474921.170412,336127511.8354853,5,5403.917276987246,311.92892061946213,5,100.0,10000.0,1000000.0,3819549534.547168,4115474921.170412,7.747651495199896
SAC,2layers,all-both,fprelu,0.4,Walker-Walk,673526266.3417377,96640975.2239705,5,870.0668434545772,127.00792921807424,5,100.0,10000.0,1000000.0,767541404.4895375,673526266.3417377,-12.248868607984166
SAC,2layers,all-both,fprelu,0.5,Ant-v4,1070148437.1590352,167233409.05728564,5,1619.8391888233202,623.9518090517353,5,100.0,10000.0,1000000.0,2372622764.7592154,1070148437.1590352,-54.89597195752951
SAC,2layers,all-both,fprelu,0.5,Cartpole-Swingup,786954895.3418863,7904337.393278988,5,830.4085833369276,17.46738150719003,5,100.0,10000.0,1000000.0,765640778.4342302,786954895.3418863,2.783827286634915
SAC,2layers,all-both,fprelu,0.5,Cheetah-Run,373890396.0389658,42690290.47294399,5,483.7155958451737,48.14941776797018,5,100.0,10000.0,1000000.0,418412081.7445899,373890396.0389658,-10.640631006635546
SAC,2layers,all-both,fprelu,0.5,Finger-Spin,717427000.0,44257678.797017805,5,868.6,33.32116444543917,5,100.0,10000.0,1000000.0,701096000.0,717427000.0,2.3293528988897383
SAC,2layers,all-both,fprelu,0.5,HalfCheetah-v4,4557876795.477775,1462529793.217838,5,5951.878989039818,2070.430680348521,5,100.0,10000.0,1000000.0,6850674489.653674,4557876795.477775,-33.46820371685487
SAC,2layers,all-both,fprelu,0.5,Hopper-v4,2729501026.353367,412694901.41255,5,3455.9150807852598,113.29362181926324,5,100.0,10000.0,1000000.0,2333416292.847686,2729501026.353367,16.97445649624319
SAC,2layers,all-both,fprelu,0.5,Humanoid-v4,4011164928.231632,406459320.47041625,5,5387.828520107547,223.1601864877473,5,100.0,10000.0,1000000.0,3819549534.547168,4011164928.231632,5.0167013662563145
SAC,2layers,all-both,fprelu,0.5,Walker-Walk,757154577.2275265,99764032.861018,5,909.1482434087328,115.10046703390604,5,100.0,10000.0,1000000.0,767541404.4895375,757154577.2275265,-1.3532595376947534
SAC,2layers,all-both,frelu,0.1,Ant-v4,2457386556.791252,443794589.7860639,5,3722.0653748418567,1858.5819569666596,5,100.0,10000.0,1000000.0,2372622764.7592154,2457386556.791252,3.5725777098256493
SAC,2layers,all-both,frelu,0.1,Cartpole-Swingup,775143049.1367034,15064781.533038074,5,808.1409399905682,80.924672647628,5,100.0,10000.0,1000000.0,765640778.4342302,775143049.1367034,1.241087331046517
SAC,2layers,all-both,frelu,0.1,Cheetah-Run,441667024.2610682,50684349.79905199,5,626.3324282397676,55.204037545659006,5,100.0,10000.0,1000000.0,418412081.7445899,441667024.2610682,5.557904164601477
SAC,2layers,all-both,frelu,0.1,Finger-Spin,749930000.0,40121551.87676568,5,886.4,35.50774563387544,5,100.0,10000.0,1000000.0,701096000.0,749930000.0,6.965379919440419
SAC,2layers,all-both,frelu,0.1,HalfCheetah-v4,6974182017.727709,813167217.7885584,5,8942.387461864051,1027.0014672230686,5,100.0,10000.0,1000000.0,6850674489.653674,6974182017.727709,1.802852087930373
SAC,2layers,all-both,frelu,0.1,Hopper-v4,2531763334.8788514,185855360.1922499,5,2721.6361544008387,839.7011855129405,5,100.0,10000.0,1000000.0,2333416292.847686,2531763334.8788514,8.500285295818527
SAC,2layers,all-both,frelu,0.1,Humanoid-v4,3736240341.106845,199239363.56685692,5,5565.284184007144,88.65344871973289,5,100.0,10000.0,1000000.0,3819549534.547168,3736240341.106845,-2.181126142934018
SAC,2layers,all-both,frelu,0.1,Walker-Walk,755645815.945075,101022416.25325014,5,876.9850244090269,95.40846020441631,5,100.0,10000.0,1000000.0,767541404.4895375,755645815.945075,-1.5498302078405457
SAC,2layers,all-both,frelu,0.2,Ant-v4,2579576867.4878774,904370682.942398,5,3591.117887937501,1806.447853711592,5,100.0,10000.0,1000000.0,2372622764.7592154,2579576867.4878774,8.722587754048828
SAC,2layers,all-both,frelu,0.2,Cartpole-Swingup,747761157.7006819,36825314.07512302,5,841.2448736879338,27.1832614683948,5,100.0,10000.0,1000000.0,765640778.4342302,747761157.7006819,-2.335249275791307
SAC,2layers,all-both,frelu,0.2,Cheetah-Run,414813192.4478895,77668107.97106856,5,560.8640517746318,100.59037368175784,5,100.0,10000.0,1000000.0,418412081.7445899,414813192.4478895,-0.8601303484580729
SAC,2layers,all-both,frelu,0.2,Finger-Spin,762112000.0,47640587.42291073,5,876.4,45.79082877607699,5,100.0,10000.0,1000000.0,701096000.0,762112000.0,8.702945103095724
SAC,2layers,all-both,frelu,0.2,HalfCheetah-v4,6549191648.109208,1174743828.9423494,5,8688.183886447763,1613.6498567621736,5,100.0,10000.0,1000000.0,6850674489.653674,6549191648.109208,-4.400776040370691
SAC,2layers,all-both,frelu,0.2,Hopper-v4,2848067904.289815,136997680.4055016,5,3541.9846737635794,82.34109721385667,5,100.0,10000.0,1000000.0,2333416292.847686,2848067904.289815,22.05571346268658
SAC,2layers,all-both,frelu,0.2,Humanoid-v4,3507656278.282309,119362474.64912532,5,5429.942467930371,171.64199842983032,5,100.0,10000.0,1000000.0,3819549534.547168,3507656278.282309,-8.165707852296139
SAC,2layers,all-both,frelu,0.2,Walker-Walk,782879040.4813756,94089032.45237778,5,904.8259739831636,100.91135107112852,5,100.0,10000.0,1000000.0,767541404.4895375,782879040.4813756,1.9982812525975162
SAC,2layers,all-both,frelu,0.3,Ant-v4,1944141813.7852175,544106309.2109547,5,3553.324164081424,507.6628485656601,5,100.0,10000.0,1000000.0,2372622764.7592154,1944141813.7852175,-18.059379575137896
SAC,2layers,all-both,frelu,0.3,Cartpole-Swingup,770017006.0943439,19943887.038696647,5,824.2174572499905,18.04891698341319,5,100.0,10000.0,1000000.0,765640778.4342302,770017006.0943439,0.5715771394861275
SAC,2layers,all-both,frelu,0.3,Cheetah-Run,394137301.075666,66631191.874084,5,538.8680366862807,109.01466224618724,5,100.0,10000.0,1000000.0,418412081.7445899,394137301.075666,-5.801644294712765
SAC,2layers,all-both,frelu,0.3,Finger-Spin,776624000.0,13097567.713129032,5,902.4,21.090282122342508,5,100.0,10000.0,1000000.0,701096000.0,776624000.0,10.772847085135274
SAC,2layers,all-both,frelu,0.3,HalfCheetah-v4,6153158366.648445,467374753.0213792,5,7622.008915707311,1168.3135656444072,5,100.0,10000.0,1000000.0,6850674489.653674,6153158366.648445,-10.18171457509275
SAC,2layers,all-both,frelu,0.3,Hopper-v4,2249836266.3109226,546993477.9901865,5,3000.135357216572,929.78654704725,5,100.0,10000.0,1000000.0,2333416292.847686,2249836266.3109226,-3.581873787071345
SAC,2layers,all-both,frelu,0.3,Humanoid-v4,3580213608.587851,202762782.9478363,5,5261.7534898712665,336.6823351533728,5,100.0,10000.0,1000000.0,3819549534.547168,3580213608.587851,-6.266077289862705
SAC,2layers,all-both,frelu,0.3,Walker-Walk,754956704.2274201,72043580.45947371,5,934.9153657095248,50.16227254681316,5,100.0,10000.0,1000000.0,767541404.4895375,754956704.2274201,-1.6396119073845912
SAC,2layers,all-both,frelu,0.4,Ant-v4,1541528235.0704207,504468196.7101156,5,3121.1516384029624,1048.416853882859,5,100.0,10000.0,1000000.0,2372622764.7592154,1541528235.0704207,-35.02851536422554
SAC,2layers,all-both,frelu,0.4,Cartpole-Swingup,775574066.2968314,14841709.655528422,5,785.2375584684587,46.77105825802772,5,100.0,10000.0,1000000.0,765640778.4342302,775574066.2968314,1.2973822897619405
SAC,2layers,all-both,frelu,0.4,Cheetah-Run,390901752.4773587,27072310.717130236,5,538.9926320711746,28.727532055782056,5,100.0,10000.0,1000000.0,418412081.7445899,390901752.4773587,-6.574936639622246
SAC,2layers,all-both,frelu,0.4,Finger-Spin,772299000.0,18871569.357104357,5,906.6,33.328666339954275,5,100.0,10000.0,1000000.0,701096000.0,772299000.0,10.155955817748211
SAC,2layers,all-both,frelu,0.4,HalfCheetah-v4,5951801530.562509,848604152.1950334,5,7561.340500704956,1122.8962089419906,5,100.0,10000.0,1000000.0,6850674489.653674,5951801530.562509,-13.120941017540693
SAC,2layers,all-both,frelu,0.4,Hopper-v4,2527934992.347941,183167982.41321623,5,2926.969334331112,709.2355768093688,5,100.0,10000.0,1000000.0,2333416292.847686,2527934992.347941,8.33621930628014
SAC,2layers,all-both,frelu,0.4,Humanoid-v4,3884373998.968859,151661002.51283056,5,5581.205242220816,286.7332661874802,5,100.0,10000.0,1000000.0,3819549534.547168,3884373998.968859,1.6971756442838428
SAC,2layers,all-both,frelu,0.4,Walker-Walk,758190170.70099,79815134.90424858,5,926.6344380631288,103.23322337400452,5,100.0,10000.0,1000000.0,767541404.4895375,758190170.70099,-1.2183360707122588
SAC,2layers,all-both,frelu,0.5,Ant-v4,1095734807.2091932,218931305.0201823,5,1873.3237921849056,854.486549604173,5,100.0,10000.0,1000000.0,2372622764.7592154,1095734807.2091932,-53.817571698112175
SAC,2layers,all-both,frelu,0.5,Cartpole-Swingup,758948975.2150407,25953116.569937583,5,838.6226032628153,11.772991420874314,5,100.0,10000.0,1000000.0,765640778.4342302,758948975.2150407,-0.8740134287092914
SAC,2layers,all-both,frelu,0.5,Cheetah-Run,329229331.3019389,34808488.43918659,5,451.9158397066631,36.76364990108247,5,100.0,10000.0,1000000.0,418412081.7445899,329229331.3019389,-21.314573439370854
SAC,2layers,all-both,frelu,0.5,Finger-Spin,684788000.0,59838910.8983444,5,854.0,71.03168307171103,5,100.0,10000.0,1000000.0,701096000.0,684788000.0,-2.3260723210516105
SAC,2layers,all-both,frelu,0.5,HalfCheetah-v4,4750409775.31263,2049988765.441467,5,6122.9746378885975,2737.284404547749,5,100.0,10000.0,1000000.0,6850674489.653674,4750409775.31263,-30.657780011486434
SAC,2layers,all-both,frelu,0.5,Hopper-v4,2171331825.2931995,886782421.1221317,5,2792.568404610191,1188.5365321779695,5,100.0,10000.0,1000000.0,2333416292.847686,2171331825.2931995,-6.9462302140986365
SAC,2layers,all-both,frelu,0.5,Humanoid-v4,3489369894.4733343,429457770.9890839,5,5364.991613979648,312.3948082046637,5,100.0,10000.0,1000000.0,3819549534.547168,3489369894.4733343,-8.644465455609765
SAC,2layers,all-both,frelu,0.5,Walker-Walk,600546360.3616177,126246626.84959105,5,799.2045170438404,128.2919835735179,5,100.0,10000.0,1000000.0,767541404.4895375,600546360.3616177,-21.757138201421437
SAC,2layers,all-both,fswish,0.1,Ant-v4,3630007476.1769776,369231020.2499534,5,4938.79296875,1736.8678593559812,5,100.0,10000.0,1000000.0,2372622764.7592154,3630007476.1769776,52.99555960154363
SAC,2layers,all-both,fswish,0.1,Cartpole-Swingup,679219964.6968842,126705095.69674228,5,746.5788696289062,131.84037586574223,5,100.0,10000.0,1000000.0,765640778.4342302,679219964.6968842,-11.28738387133461
SAC,2layers,all-both,fswish,0.1,Cheetah-Run,451827951.9665241,33001189.299092337,5,589.7270751953125,40.831044764792495,5,100.0,10000.0,1000000.0,418412081.7445899,451827951.9665241,7.98635404661478
SAC,2layers,all-both,fswish,0.1,Finger-Spin,802544000.0,14396346.064192817,5,904.8,12.969194269498786,5,100.0,10000.0,1000000.0,701096000.0,802544000.0,14.469915674886177
SAC,2layers,all-both,fswish,0.1,HalfCheetah-v4,7977374539.958954,1030923334.7097288,5,10286.08583984375,1311.6355712492616,5,100.0,10000.0,1000000.0,6850674489.653674,7977374539.958954,16.446556496106975
SAC,2layers,all-both,fswish,0.1,Hopper-v4,2378195488.7924194,419610315.0715116,5,3203.64794921875,493.4602441955125,5,100.0,10000.0,1000000.0,2333416292.847686,2378195488.7924194,1.919040167928432
SAC,2layers,all-both,fswish,0.1,Humanoid-v4,3620316812.072754,346103913.0082607,5,4045.0521240234375,1823.9769540778627,5,100.0,10000.0,1000000.0,3819549534.547168,3620316812.072754,-5.216131396448408
SAC,2layers,all-both,fswish,0.1,Walker-Walk,819560419.4583893,85033598.82766585,5,941.9306518554688,46.04259001360969,5,100.0,10000.0,1000000.0,767541404.4895375,819560419.4583893,6.777356200535874
SAC,2layers,all-both,fswish,0.2,Ant-v4,3195491680.955768,594596873.6106697,5,4863.933349609375,782.3945744469844,5,100.0,10000.0,1000000.0,2372622764.7592154,3195491680.955768,34.68182672857652
SAC,2layers,all-both,fswish,0.2,Cartpole-Swingup,755362479.9880981,20697550.64018705,5,804.9112060546875,61.2888331364819,5,100.0,10000.0,1000000.0,765640778.4342302,755362479.9880981,-1.3424439679338458
SAC,2layers,all-both,fswish,0.2,Cheetah-Run,485552644.3932056,24505775.20021721,5,623.4373046875,25.70844017210089,5,100.0,10000.0,1000000.0,418412081.7445899,485552644.3932056,16.04651624032216
SAC,2layers,all-both,fswish,0.2,Finger-Spin,773670000.0,45436207.34062209,5,872.0,39.70516339218364,5,100.0,10000.0,1000000.0,701096000.0,773670000.0,10.351506783664433
SAC,2layers,all-both,fswish,0.2,HalfCheetah-v4,8621216663.33562,270185852.2586328,5,10988.37578125,577.8637168336422,5,100.0,10000.0,1000000.0,6850674489.653674,8621216663.33562,25.844786179170132
SAC,2layers,all-both,fswish,0.2,Hopper-v4,2233776826.6067505,283461199.19262296,5,2603.717578125,1107.7473248029887,5,100.0,10000.0,1000000.0,2333416292.847686,2233776826.6067505,-4.270111019038784
SAC,2layers,all-both,fswish,0.2,Humanoid-v4,3481640447.113037,235962539.8658143,5,4832.3017578125,901.066587358346,5,100.0,10000.0,1000000.0,3819549534.547168,3481640447.113037,-8.846830873059798
SAC,2layers,all-both,fswish,0.2,Walker-Walk,796178617.2275543,102135797.36020292,5,921.0403076171876,95.90633403176834,5,100.0,10000.0,1000000.0,767541404.4895375,796178617.2275543,3.7310316512582617
SAC,2layers,all-both,fswish,0.3,Ant-v4,2920401252.649069,644593383.5463706,5,4015.860815429688,2107.6720031446407,5,100.0,10000.0,1000000.0,2372622764.7592154,2920401252.649069,23.087466580278075
SAC,2layers,all-both,fswish,0.3,Cartpole-Swingup,787924961.4486694,16883018.154901728,5,828.0804077148438,26.553375723565225,5,100.0,10000.0,1000000.0,765640778.4342302,787924961.4486694,2.9105271874378715
SAC,2layers,all-both,fswish,0.3,Cheetah-Run,470211309.0774417,62402149.80316,5,627.3126342773437,79.19897283569286,5,100.0,10000.0,1000000.0,418412081.7445899,470211309.0774417,12.379954975695808
SAC,2layers,all-both,fswish,0.3,Finger-Spin,766241000.0,34467595.361440584,5,876.2,29.141036357686392,5,100.0,10000.0,1000000.0,701096000.0,766241000.0,9.291880141949177
SAC,2layers,all-both,fswish,0.3,HalfCheetah-v4,6630502641.176224,2669203300.808033,5,8774.131103515625,3706.3693019865777,5,100.0,10000.0,1000000.0,6850674489.653674,6630502641.176224,-3.2138711131286115
SAC,2layers,all-both,fswish,0.3,Hopper-v4,2296774275.001526,106547037.3341821,5,3345.781396484375,46.328158720046055,5,100.0,10000.0,1000000.0,2333416292.847686,2296774275.001526,-1.5703163622570862
SAC,2layers,all-both,fswish,0.3,Humanoid-v4,3602760277.8930664,147902298.53691852,5,5282.41015625,185.2862155340288,5,100.0,10000.0,1000000.0,3819549534.547168,3602760277.8930664,-5.675780735222305
SAC,2layers,all-both,fswish,0.3,Walker-Walk,805978320.8675385,63666593.98014819,5,911.77001953125,89.12594769089229,5,100.0,10000.0,1000000.0,767541404.4895375,805978320.8675385,5.007797123799973
SAC,2layers,all-both,fswish,0.4,Ant-v4,3075824614.9349213,805198741.7631463,5,4666.771728515625,1124.526605633538,5,100.0,10000.0,1000000.0,2372622764.7592154,3075824614.9349213,29.63816501385841
SAC,2layers,all-both,fswish,0.4,Cartpole-Swingup,757578010.559082,36917734.12025403,5,822.0979370117187,21.64187108067362,5,100.0,10000.0,1000000.0,765640778.4342302,757578010.559082,-1.053074509907492
SAC,2layers,all-both,fswish,0.4,Cheetah-Run,437163871.27812207,29876393.64443715,5,595.9329956054687,37.48710058566987,5,100.0,10000.0,1000000.0,418412081.7445899,437163871.27812207,4.481655848785634
SAC,2layers,all-both,fswish,0.4,Finger-Spin,804741000.0,40848676.447346486,5,912.4,23.501063805708878,5,100.0,10000.0,1000000.0,701096000.0,804741000.0,14.7832821753369
SAC,2layers,all-both,fswish,0.4,HalfCheetah-v4,7053078453.926086,341822633.9192491,5,9443.8203125,1091.7789660800408,5,100.0,10000.0,1000000.0,6850674489.653674,7053078453.926086,2.954511480265128
SAC,2layers,all-both,fswish,0.4,Hopper-v4,2166350546.798706,334718450.71034724,5,2201.5015380859377,1009.8938924550994,5,100.0,10000.0,1000000.0,2333416292.847686,2166350546.798706,-7.159705988214123
SAC,2layers,all-both,fswish,0.4,Humanoid-v4,3655591833.4350586,74944944.77573311,5,4858.34892578125,687.3039155397452,5,100.0,10000.0,1000000.0,3819549534.547168,3655591833.4350586,-4.292592611488344
SAC,2layers,all-both,fswish,0.4,Walker-Walk,799867968.7871933,86833712.65964045,5,920.8474609375,82.85492774282874,5,100.0,10000.0,1000000.0,767541404.4895375,799867968.7871933,4.21170299199103
SAC,2layers,all-both,fswish,0.5,Ant-v4,3310055903.6643505,477312277.8109832,5,5037.944189453125,607.9323610057307,5,100.0,10000.0,1000000.0,2372622764.7592154,3310055903.6643505,39.51041660852775
SAC,2layers,all-both,fswish,0.5,Cartpole-Swingup,767867200.012207,42340988.1559104,5,814.4117309570313,27.82446327308212,5,100.0,10000.0,1000000.0,765640778.4342302,767867200.012207,0.2907919275838409
SAC,2layers,all-both,fswish,0.5,Cheetah-Run,433808662.0787978,68245774.9864027,5,568.9864074707032,107.91092130265876,5,100.0,10000.0,1000000.0,418412081.7445899,433808662.0787978,3.6797647596625525
SAC,2layers,all-both,fswish,0.5,Finger-Spin,796904000.0,30096647.11392285,5,913.2,32.67567902890466,5,100.0,10000.0,1000000.0,701096000.0,796904000.0,13.665460935449639
SAC,2layers,all-both,fswish,0.5,HalfCheetah-v4,7967510553.016663,933300665.0836512,5,10447.241796875,1564.9969877166216,5,100.0,10000.0,1000000.0,6850674489.653674,7967510553.016663,16.302570864368253
SAC,2layers,all-both,fswish,0.5,Hopper-v4,2013846998.664856,388239919.3693273,5,2227.5839599609376,1100.957588853405,5,100.0,10000.0,1000000.0,2333416292.847686,2013846998.664856,-13.695339968370137
SAC,2layers,all-both,fswish,0.5,Humanoid-v4,3720359777.923584,186665002.46333665,5,5316.399609375,85.0786154892079,5,100.0,10000.0,1000000.0,3819549534.547168,3720359777.923584,-2.596896721103615
SAC,2layers,all-both,fswish,0.5,Walker-Walk,693030339.0846252,127952011.75434898,5,793.4968505859375,147.98435235021185,5,100.0,10000.0,1000000.0,767541404.4895375,693030339.0846252,-9.707758430890996
SAC,2layers,all-both,gelu,,Ant-v4,3182546809.7195625,968096484.1209656,5,5614.86376953125,598.8260870321673,5,100.0,10000.0,1000000.0,2372622764.7592154,3182546809.7195625,34.13623341182693
SAC,2layers,all-both,gelu,,Cartpole-Swingup,713441446.9833374,111917163.08521149,5,758.5533935546875,137.14327124221208,5,100.0,10000.0,1000000.0,765640778.4342302,713441446.9833374,-6.817731359299173
SAC,2layers,all-both,gelu,,Cheetah-Run,462972626.4462471,33323634.83785716,5,590.818603515625,50.24907932118993,5,100.0,10000.0,1000000.0,418412081.7445899,462972626.4462471,10.649918261408652
SAC,2layers,all-both,gelu,,Finger-Spin,779555000.0,25764735.10440192,5,873.0,14.38749456993815,5,100.0,10000.0,1000000.0,701096000.0,779555000.0,11.190906808767986
SAC,2layers,all-both,gelu,,HalfCheetah-v4,7011135113.981247,2829990091.342612,5,9029.034814453124,3705.717485327336,5,100.0,10000.0,1000000.0,6850674489.653674,7011135113.981247,2.342260233936245
SAC,2layers,all-both,gelu,,Hopper-v4,2225610435.361862,324927447.6793072,5,2400.1663330078127,973.7365516678332,5,100.0,10000.0,1000000.0,2333416292.847686,2225610435.361862,-4.620086772183204
SAC,2layers,all-both,gelu,,Humanoid-v4,3951724352.020264,211844236.2263923,5,5593.0943359375,181.0142723449165,5,100.0,10000.0,1000000.0,3819549534.547168,3951724352.020264,3.460481825869724
SAC,2layers,all-both,gelu,,Walker-Walk,775927758.6669922,107290019.1081619,5,906.3876342773438,123.8932444403571,5,100.0,10000.0,1000000.0,767541404.4895375,775927758.6669922,1.0926256392685623
SAC,2layers,all-both,lrelu,,Ant-v4,2812328935.8491898,828820706.3264328,5,4885.571630859375,1238.661568292844,5,100.0,10000.0,1000000.0,2372622764.7592154,2812328935.8491898,18.532493981806574
SAC,2layers,all-both,lrelu,,Cartpole-Swingup,757244267.2805786,38529797.2455825,5,831.3672729492188,18.5628333687248,5,100.0,10000.0,1000000.0,765640778.4342302,757244267.2805786,-1.0966645704037392
SAC,2layers,all-both,lrelu,,Cheetah-Run,477173468.4969783,30955295.897507846,5,611.9606811523438,33.42824759805098,5,100.0,10000.0,1000000.0,418412081.7445899,477173468.4969783,14.043902964603662
SAC,2layers,all-both,lrelu,,Finger-Spin,763661000.0,31855378.745197788,5,893.0,50.21951811795888,5,100.0,10000.0,1000000.0,701096000.0,763661000.0,8.923884888802675
SAC,2layers,all-both,lrelu,,HalfCheetah-v4,7781237497.348785,1052744554.1086072,5,10433.738671875,1150.2753962997865,5,100.0,10000.0,1000000.0,6850674489.653674,7781237497.348785,13.583523915791167
SAC,2layers,all-both,lrelu,,Hopper-v4,2414330398.651123,356844109.3006829,5,3052.196362304688,783.694339505465,5,100.0,10000.0,1000000.0,2333416292.847686,2414330398.651123,3.4676241033994923
SAC,2layers,all-both,lrelu,,Humanoid-v4,3566977427.368164,181720007.38763595,5,5385.38017578125,121.39336432563776,5,100.0,10000.0,1000000.0,3819549534.547168,3566977427.368164,-6.612615045165208
SAC,2layers,all-both,lrelu,,Walker-Walk,808374833.6906433,63916659.28038795,5,963.8868530273436,16.846218619566944,5,100.0,10000.0,1000000.0,767541404.4895375,808374833.6906433,5.320029507497721
SAC,2layers,all-both,prelu,,Ant-v4,2705145957.326889,320239346.23771423,5,3648.222790527344,2244.218364961305,5,100.0,10000.0,1000000.0,2372622764.7592154,2705145957.326889,14.015004724167335
SAC,2layers,all-both,prelu,,Cartpole-Swingup,772868199.2034912,20327012.00385572,5,839.7191284179687,15.099158489061448,5,100.0,10000.0,1000000.0,765640778.4342302,772868199.2034912,0.943970197622102
SAC,2layers,all-both,prelu,,Cheetah-Run,455339068.3897287,44810088.72645924,5,604.9051635742187,67.23775008530383,5,100.0,10000.0,1000000.0,418412081.7445899,455339068.3897287,8.825506780580975
SAC,2layers,all-both,prelu,,Finger-Spin,776649000.0,33259671.6009043,5,878.2,22.16303228351212,5,100.0,10000.0,1000000.0,701096000.0,776649000.0,10.7764129306115
SAC,2layers,all-both,prelu,,HalfCheetah-v4,7345577823.822021,408973284.7622818,5,10268.493359375,590.5819140577569,5,100.0,10000.0,1000000.0,6850674489.653674,7345577823.822021,7.224154861186019
SAC,2layers,all-both,prelu,,Hopper-v4,2489365677.2499084,208545203.0182145,5,3249.260791015625,222.002868725726,5,100.0,10000.0,1000000.0,2333416292.847686,2489365677.2499084,6.683307426978794
SAC,2layers,all-both,prelu,,Humanoid-v4,3952523391.38794,183068803.6688993,5,4569.1001953125,1811.486266215012,5,100.0,10000.0,1000000.0,3819549534.547168,3952523391.38794,3.481401553718482
SAC,2layers,all-both,prelu,,Walker-Walk,718250339.5957947,123826202.08535811,5,852.00400390625,153.774867089381,5,100.0,10000.0,1000000.0,767541404.4895375,718250339.5957947,-6.421942139593682
SAC,2layers,all-both,swish,,Ant-v4,3741403897.157907,542331993.7817348,5,5831.009765625,725.7879536208883,5,100.0,10000.0,1000000.0,2372622764.7592154,3741403897.157907,57.690634715696234
SAC,2layers,all-both,swish,,Cartpole-Swingup,769571921.6003418,44159035.13298859,5,817.4231689453125,67.80372858923448,5,100.0,10000.0,1000000.0,765640778.4342302,769571921.6003418,0.5134448525783792
SAC,2layers,all-both,swish,,Cheetah-Run,389375064.9471283,48257500.20171768,5,528.9330200195312,51.8536351613112,5,100.0,10000.0,1000000.0,418412081.7445899,389375064.9471283,-6.939813180439328
SAC,2layers,all-both,swish,,Finger-Spin,754552000.0,29284379.710009225,5,885.6,31.508728949292763,5,100.0,10000.0,1000000.0,701096000.0,754552000.0,7.624633431085044
SAC,2layers,all-both,swish,,HalfCheetah-v4,8336908073.307037,637654848.7271738,5,11273.333203125,898.5380109786355,5,100.0,10000.0,1000000.0,6850674489.653674,8336908073.307037,21.694704454254367
SAC,2layers,all-both,swish,,Hopper-v4,2267263852.5218964,310806983.3582086,5,3096.6361572265623,697.765210554697,5,100.0,10000.0,1000000.0,2333416292.847686,2267263852.5218964,-2.835003789446308
SAC,2layers,all-both,swish,,Humanoid-v4,3974438822.6013184,197742022.23259705,5,5441.41083984375,75.10182994309588,5,100.0,10000.0,1000000.0,3819549534.547168,3974438822.6013184,4.055171602127519
SAC,2layers,all-both,swish,,Walker-Walk,726282179.769516,125243995.33660951,5,893.280126953125,141.93309344551935,5,100.0,10000.0,1000000.0,767541404.4895375,726282179.769516,-5.37550475826922
SAC,2layers,all-critic,fgelu,0.1,Ant-v4,3477289066.649437,644583965.6593063,5,4755.129858398437,1930.0873898377265,5,100.0,10000.0,1000000.0,2372622764.7592154,3477289066.649437,46.55886802984158
SAC,2layers,all-critic,fgelu,0.1,Cartpole-Swingup,732936968.7461853,94684790.71763562,5,792.508837890625,92.35642083579444,5,100.0,10000.0,1000000.0,765640778.4342302,732936968.7461853,-4.271429972019733
SAC,2layers,all-critic,fgelu,0.1,Cheetah-Run,479009090.6131268,27711281.394479398,5,598.5427978515625,23.80866088456383,5,100.0,10000.0,1000000.0,418412081.7445899,479009090.6131268,14.482614511482234
SAC,2layers,all-critic,fgelu,0.1,Finger-Spin,790388000.0,25789480.558941077,5,896.0,53.474292889200505,5,100.0,10000.0,1000000.0,701096000.0,790388000.0,12.736058970526148
SAC,2layers,all-critic,fgelu,0.1,HalfCheetah-v4,7777627535.422803,598556414.307705,5,9677.9384765625,753.1015880636986,5,100.0,10000.0,1000000.0,6850674489.653674,7777627535.422803,13.53082893033485
SAC,2layers,all-critic,fgelu,0.1,Hopper-v4,2324287112.9875183,379568535.8654248,5,2487.999194717407,1484.1365452099294,5,100.0,10000.0,1000000.0,2333416292.847686,2324287112.9875183,-0.39123665537735286
SAC,2layers,all-critic,fgelu,0.1,Humanoid-v4,3927682983.062744,234348259.83184567,5,5234.015234375,415.4443578760093,5,100.0,10000.0,1000000.0,3819549534.547168,3927682983.062744,2.8310523934178087
SAC,2layers,all-critic,fgelu,0.1,Walker-Walk,799983575.9468079,24850856.02697677,5,964.723193359375,18.061794498035944,5,100.0,10000.0,1000000.0,767541404.4895375,799983575.9468079,4.22676500153714
SAC,2layers,all-critic,fgelu,0.2,Ant-v4,2834047679.9960136,839349529.0301323,5,4692.6072265625,1071.211348542564,5,100.0,10000.0,1000000.0,2372622764.7592154,2834047679.9960136,19.447883670779234
SAC,2layers,all-critic,fgelu,0.2,Cartpole-Swingup,758085692.4285889,36491155.81516136,5,825.5455444335937,27.26097454234398,5,100.0,10000.0,1000000.0,765640778.4342302,758085692.4285889,-0.9867664077521878
SAC,2layers,all-critic,fgelu,0.2,Cheetah-Run,442176389.8843527,50568676.87569311,5,595.4196411132813,46.20586587158424,5,100.0,10000.0,1000000.0,418412081.7445899,442176389.8843527,5.6796419550497435
SAC,2layers,all-critic,fgelu,0.2,Finger-Spin,778692000.0,33120148.43716737,5,876.8,39.74543999001647,5,100.0,10000.0,1000000.0,701096000.0,778692000.0,11.067813822928672
SAC,2layers,all-critic,fgelu,0.2,HalfCheetah-v4,7815006711.547852,1196386210.639219,5,9914.29248046875,1691.6704477414107,5,100.0,10000.0,1000000.0,6850674489.653674,7815006711.547852,14.076456608040179
SAC,2layers,all-critic,fgelu,0.2,Hopper-v4,2418898452.6367188,425722241.4002934,5,2737.715576171875,1120.4389909672873,5,100.0,10000.0,1000000.0,2333416292.847686,2418898452.6367188,3.6633908853319554
SAC,2layers,all-critic,fgelu,0.2,Humanoid-v4,3817402322.021485,135376814.9291835,5,5243.45068359375,99.70135770222883,5,100.0,10000.0,1000000.0,3819549534.547168,3817402322.021485,-0.056216381179554256
SAC,2layers,all-critic,fgelu,0.2,Walker-Walk,769891079.4506073,81576910.7849797,5,903.9291015625,64.9337395820978,5,100.0,10000.0,1000000.0,767541404.4895375,769891079.4506073,0.3061300598672591
SAC,2layers,all-critic,fgelu,0.3,Ant-v4,3393118322.9260445,549938775.271698,5,4823.89482421875,1023.839674056356,5,100.0,10000.0,1000000.0,2372622764.7592154,3393118322.9260445,43.01128579411542
SAC,2layers,all-critic,fgelu,0.3,Cartpole-Swingup,713624769.9050903,96638095.54963958,5,807.7238891601562,49.11153268171103,5,100.0,10000.0,1000000.0,765640778.4342302,713624769.9050903,-6.793787634393633
SAC,2layers,all-critic,fgelu,0.3,Cheetah-Run,445780251.7132759,34004117.29850076,5,615.872314453125,50.71157521130964,5,100.0,10000.0,1000000.0,418412081.7445899,445780251.7132759,6.540960732915035
SAC,2layers,all-critic,fgelu,0.3,Finger-Spin,754850000.0,49868490.05133403,5,858.4,70.46133691607051,5,100.0,10000.0,1000000.0,701096000.0,754850000.0,7.667138309161656
SAC,2layers,all-critic,fgelu,0.3,HalfCheetah-v4,7090170317.605972,706413221.6667198,5,9071.271875,1174.736999777621,5,100.0,10000.0,1000000.0,6850674489.653674,7090170317.605972,3.4959452286632513
SAC,2layers,all-critic,fgelu,0.3,Hopper-v4,2485647497.6329803,596139421.9504656,5,3011.9076171875,1026.122114080667,5,100.0,10000.0,1000000.0,2333416292.847686,2485647497.6329803,6.523962537328158
SAC,2layers,all-critic,fgelu,0.3,Humanoid-v4,3701580438.6291504,173757440.17899147,5,5261.12236328125,77.90292057844657,5,100.0,10000.0,1000000.0,3819549534.547168,3701580438.6291504,-3.0885604402039357
SAC,2layers,all-critic,fgelu,0.3,Walker-Walk,741893225.1300812,128044146.99973255,5,859.3510131835938,148.5001802251894,5,100.0,10000.0,1000000.0,767541404.4895375,741893225.1300812,-3.3416020568315696
SAC,2layers,all-critic,fgelu,0.4,Ant-v4,3488998857.281685,909596342.2209698,5,4581.409790039063,1865.634365668786,5,100.0,10000.0,1000000.0,2372622764.7592154,3488998857.281685,47.05240584824973
SAC,2layers,all-critic,fgelu,0.4,Cartpole-Swingup,733838840.9881592,94210390.25143167,5,779.019921875,101.23274315105422,5,100.0,10000.0,1000000.0,765640778.4342302,733838840.9881592,-4.153636841432012
SAC,2layers,all-critic,fgelu,0.4,Cheetah-Run,438432617.75541306,40756513.79543007,5,602.8126586914062,36.849233546513766,5,100.0,10000.0,1000000.0,418412081.7445899,438432617.75541306,4.784884778505083
SAC,2layers,all-critic,fgelu,0.4,Finger-Spin,786325000.0,37291678.193666734,5,871.0,47.05847426340976,5,100.0,10000.0,1000000.0,701096000.0,786325000.0,12.156537763729931
SAC,2layers,all-critic,fgelu,0.4,HalfCheetah-v4,7242671815.502167,1009972430.7519804,5,9160.20830078125,1756.7190297280538,5,100.0,10000.0,1000000.0,6850674489.653674,7242671815.502167,5.722025275620846
SAC,2layers,all-critic,fgelu,0.4,Hopper-v4,2453332281.738281,289464349.8556808,5,2064.625146484375,906.8622671049072,5,100.0,10000.0,1000000.0,2333416292.847686,2453332281.738281,5.139073951705818
SAC,2layers,all-critic,fgelu,0.4,Humanoid-v4,3855510347.335816,191943040.1704377,5,5318.00537109375,134.6219732281663,5,100.0,10000.0,1000000.0,3819549534.547168,3855510347.335816,0.9414935573786587
SAC,2layers,all-critic,fgelu,0.4,Walker-Walk,779516392.1852112,81110885.0053072,5,892.7828369140625,91.02319788542128,5,100.0,10000.0,1000000.0,767541404.4895375,779516392.1852112,1.5601748160593123
SAC,2layers,all-critic,fgelu,0.5,Ant-v4,2867400584.8999023,442945977.444608,5,4275.58076171875,1923.938026319056,5,100.0,10000.0,1000000.0,2372622764.7592154,2867400584.8999023,20.853623571756433
SAC,2layers,all-critic,fgelu,0.5,Cartpole-Swingup,708171530.7159424,62257863.33632644,5,815.6706787109375,32.8514508859698,5,100.0,10000.0,1000000.0,765640778.4342302,708171530.7159424,-7.506032768502093
SAC,2layers,all-critic,fgelu,0.5,Cheetah-Run,448617409.8353386,40005315.34876822,5,614.4592956542969,84.50871699177144,5,100.0,10000.0,1000000.0,418412081.7445899,448617409.8353386,7.219038218209678
SAC,2layers,all-critic,fgelu,0.5,Finger-Spin,781831000.0,20083143.5537368,5,907.8,50.72671879788796,5,100.0,10000.0,1000000.0,701096000.0,781831000.0,11.515541380923583
SAC,2layers,all-critic,fgelu,0.5,HalfCheetah-v4,6734861960.548401,1140729338.9606757,5,8638.4140625,1573.4953285581444,5,100.0,10000.0,1000000.0,6850674489.653674,6734861960.548401,-1.6905273966845267
SAC,2layers,all-critic,fgelu,0.5,Hopper-v4,2295512102.661133,377948912.38425976,5,2732.5231689453126,1106.3036545798554,5,100.0,10000.0,1000000.0,2333416292.847686,2295512102.661133,-1.6244075393977377
SAC,2layers,all-critic,fgelu,0.5,Humanoid-v4,3875808293.548584,163654155.18115735,5,5323.26279296875,200.64563130048492,5,100.0,10000.0,1000000.0,3819549534.547168,3875808293.548584,1.4729160727610788
SAC,2layers,all-critic,fgelu,0.5,Walker-Walk,740442716.8369293,120113580.80895054,5,927.754248046875,83.81901789720206,5,100.0,10000.0,1000000.0,767541404.4895375,740442716.8369293,-3.530583170380295
SAC,2layers,all-critic,flrelu,0.1,Ant-v4,2511978247.2193823,593215969.8264458,5,4543.006579283156,1274.1332672575925,5,100.0,10000.0,1000000.0,2372622764.7592154,2511978247.2193823,5.87347826759596
SAC,2layers,all-critic,flrelu,0.1,Cartpole-Swingup,779219753.8338382,26068579.949255403,5,823.1236010887266,67.72578125640398,5,100.0,10000.0,1000000.0,765640778.4342302,779219753.8338382,1.7735439101581856
SAC,2layers,all-critic,flrelu,0.1,Cheetah-Run,446245592.1934479,40504722.26384403,5,605.7474884064602,54.74287613731993,5,100.0,10000.0,1000000.0,418412081.7445899,446245592.1934479,6.652176565457853
SAC,2layers,all-critic,flrelu,0.1,Finger-Spin,759039000.0,39349828.36684298,5,897.0,33.63777638310832,5,100.0,10000.0,1000000.0,701096000.0,759039000.0,8.26463137715805
SAC,2layers,all-critic,flrelu,0.1,HalfCheetah-v4,7223471053.64271,992748486.694127,5,9677.707137225794,1710.4742575878176,5,100.0,10000.0,1000000.0,6850674489.653674,7223471053.64271,5.4417497802888875
SAC,2layers,all-critic,flrelu,0.1,Hopper-v4,2449816894.902789,469946912.4874181,5,2623.329198715797,979.8256995517448,5,100.0,10000.0,1000000.0,2333416292.847686,2449816894.902789,4.98841987226586
SAC,2layers,all-critic,flrelu,0.1,Humanoid-v4,3464369811.299693,274951116.3737704,5,5549.25683158763,164.02556179593154,5,100.0,10000.0,1000000.0,3819549534.547168,3464369811.299693,-9.298995078737303
SAC,2layers,all-critic,flrelu,0.1,Walker-Walk,749455985.3470232,112689768.40132166,5,870.5217810947463,133.02259496754064,5,100.0,10000.0,1000000.0,767541404.4895375,749455985.3470232,-2.3562792882218715
SAC,2layers,all-critic,flrelu,0.2,Ant-v4,2110333707.9937968,749651535.7791042,5,3219.7350248155917,1565.3779914620184,5,100.0,10000.0,1000000.0,2372622764.7592154,2110333707.9937968,-11.054814977805242
SAC,2layers,all-critic,flrelu,0.2,Cartpole-Swingup,770482125.1538334,26536044.603226077,5,830.0518160832289,15.202530162533144,5,100.0,10000.0,1000000.0,765640778.4342302,770482125.1538334,0.6323261320411842
SAC,2layers,all-critic,flrelu,0.2,Cheetah-Run,435087336.9454268,31505391.87104856,5,587.7049930477998,80.26438594502133,5,100.0,10000.0,1000000.0,418412081.7445899,435087336.9454268,3.9853665628651527
SAC,2layers,all-critic,flrelu,0.2,Finger-Spin,755102000.0,31139570.806290813,5,918.4,23.49042358068496,5,100.0,10000.0,1000000.0,701096000.0,755102000.0,7.703082031562012
SAC,2layers,all-critic,flrelu,0.2,HalfCheetah-v4,7534004008.555659,915614617.0797251,5,10105.843634570974,551.2103688887071,5,100.0,10000.0,1000000.0,6850674489.653674,7534004008.555659,9.974631256148472
SAC,2layers,all-critic,flrelu,0.2,Hopper-v4,2553348816.2413774,194640418.2375129,5,2971.0387847070715,1012.3902788958644,5,100.0,10000.0,1000000.0,2333416292.847686,2553348816.2413774,9.425344464587043
SAC,2layers,all-critic,flrelu,0.2,Humanoid-v4,3582407008.911881,248305149.9315996,5,5481.491886316675,270.73037198917405,5,100.0,10000.0,1000000.0,3819549534.547168,3582407008.911881,-6.208651661416444
SAC,2layers,all-critic,flrelu,0.2,Walker-Walk,717434598.3714508,127280125.54563026,5,846.5464604488368,141.17349276043052,5,100.0,10000.0,1000000.0,767541404.4895375,717434598.3714508,-6.528221907639084
SAC,2layers,all-critic,flrelu,0.3,Ant-v4,2036791463.1905756,930822258.1596107,5,2839.779558108695,2120.6399047733557,5,100.0,10000.0,1000000.0,2372622764.7592154,2036791463.1905756,-14.154433083791197
SAC,2layers,all-critic,flrelu,0.3,Cartpole-Swingup,757492188.8048165,24868479.379546974,5,816.4036293254165,46.47361593894389,5,100.0,10000.0,1000000.0,765640778.4342302,757492188.8048165,-1.0642836508888616
SAC,2layers,all-critic,flrelu,0.3,Cheetah-Run,421315660.5958592,47391215.59531108,5,549.6393910982154,45.5018497188716,5,100.0,10000.0,1000000.0,418412081.7445899,421315660.5958592,0.6939519621810845
SAC,2layers,all-critic,flrelu,0.3,Finger-Spin,786811000.0,13287063.915703872,5,907.0,11.683321445547923,5,100.0,10000.0,1000000.0,701096000.0,786811000.0,12.22585779978776
SAC,2layers,all-critic,flrelu,0.3,HalfCheetah-v4,6971022478.81561,1141109184.943517,5,8861.163365689981,1924.1735195329425,5,100.0,10000.0,1000000.0,6850674489.653674,6971022478.81561,1.7567319735260085
SAC,2layers,all-critic,flrelu,0.3,Hopper-v4,2328406110.2872767,459216154.1491714,5,3060.8462073710057,724.9095231101161,5,100.0,10000.0,1000000.0,2333416292.847686,2328406110.2872767,-0.21471447575668873
SAC,2layers,all-critic,flrelu,0.3,Humanoid-v4,3538465805.517958,357013900.8826404,5,5426.546309935645,91.36496959266547,5,100.0,10000.0,1000000.0,3819549534.547168,3538465805.517958,-7.359080605889665
SAC,2layers,all-critic,flrelu,0.3,Walker-Walk,791017804.1876882,118920142.3507169,5,963.1006080330702,21.76202913382853,5,100.0,10000.0,1000000.0,767541404.4895375,791017804.1876882,3.0586492872998834
SAC,2layers,all-critic,flrelu,0.4,Ant-v4,1178675103.2089214,194290201.6209954,5,1815.526367141399,693.8914620631276,5,100.0,10000.0,1000000.0,2372622764.7592154,1178675103.2089214,-50.32184969663566
SAC,2layers,all-critic,flrelu,0.4,Cartpole-Swingup,778849738.2369093,20048920.22600427,5,822.1675185815699,46.55030646936852,5,100.0,10000.0,1000000.0,765640778.4342302,778849738.2369093,1.7252163383580454
SAC,2layers,all-critic,flrelu,0.4,Cheetah-Run,386023218.43745553,39541700.505315535,5,520.1250860205852,30.7172341401943,5,100.0,10000.0,1000000.0,418412081.7445899,386023218.43745553,-7.740900590653935
SAC,2layers,all-critic,flrelu,0.4,Finger-Spin,727995000.0,27160805.40042949,5,861.0,43.26661530556786,5,100.0,10000.0,1000000.0,701096000.0,727995000.0,3.8367070985999066
SAC,2layers,all-critic,flrelu,0.4,HalfCheetah-v4,5555709550.372363,2269729977.479296,5,6913.852321378261,3109.407746807077,5,100.0,10000.0,1000000.0,6850674489.653674,5555709550.372363,-18.902736383651707
SAC,2layers,all-critic,flrelu,0.4,Hopper-v4,2424688042.1848764,229937561.01989263,5,3078.230128681354,945.214587627314,5,100.0,10000.0,1000000.0,2333416292.847686,2424688042.1848764,3.911507330130244
SAC,2layers,all-critic,flrelu,0.4,Humanoid-v4,3489737573.504129,476507737.36697096,5,5431.856166243519,232.97276191825085,5,100.0,10000.0,1000000.0,3819549534.547168,3489737573.504129,-8.63483921493743
SAC,2layers,all-critic,flrelu,0.4,Walker-Walk,711964762.0254688,88487407.53788596,5,911.4471798954032,93.82752747635824,5,100.0,10000.0,1000000.0,767541404.4895375,711964762.0254688,-7.240865722550897
SAC,2layers,all-critic,flrelu,0.5,Ant-v4,1425966694.1915553,564275376.7200607,5,1929.2226307204096,1247.749720338729,5,97.0,10000.0,1000000.0,2372622764.7592154,1425966694.1915553,-39.899139662167535
SAC,2layers,all-critic,flrelu,0.5,Cartpole-Swingup,775468729.7804378,17407591.586610824,5,794.1862408648058,40.64452325930813,5,100.0,10000.0,1000000.0,765640778.4342302,775468729.7804378,1.2836243344177958
SAC,2layers,all-critic,flrelu,0.5,Cheetah-Run,375526296.18418366,48579211.71400692,5,511.2484178991693,29.559951804675247,5,100.0,10000.0,1000000.0,418412081.7445899,375526296.18418366,-10.249652778091841
SAC,2layers,all-critic,flrelu,0.5,Finger-Spin,733435000.0,40792128.070253946,5,860.2,29.14961406262525,5,100.0,10000.0,1000000.0,701096000.0,733435000.0,4.612635074226639
SAC,2layers,all-critic,flrelu,0.5,HalfCheetah-v4,5932854746.908796,1167735791.2035232,5,7678.235283701813,1498.2924085403,5,100.0,10000.0,1000000.0,6850674489.653674,5932854746.908796,-13.397509166886088
SAC,2layers,all-critic,flrelu,0.5,Hopper-v4,2344872311.9978085,449693685.4348828,5,3295.65363345408,135.16075104991867,5,100.0,10000.0,1000000.0,2333416292.847686,2344872311.9978085,0.4909547938461419
SAC,2layers,all-critic,flrelu,0.5,Humanoid-v4,3752630842.5504127,231978614.38891023,5,5450.642872979915,322.00808174091964,5,100.0,10000.0,1000000.0,3819549534.547168,3752630842.5504127,-1.752004821288141
SAC,2layers,all-critic,flrelu,0.5,Walker-Walk,702746504.833766,104997107.74246252,5,883.4411132274038,103.03386615861484,5,100.0,10000.0,1000000.0,767541404.4895375,702746504.833766,-8.441876786942082
SAC,2layers,all-critic,fprelu,0.1,Ant-v4,3041987549.226515,602604837.3175285,5,5533.741876191092,291.66303560435455,5,100.0,10000.0,1000000.0,2372622764.7592154,3041987549.226515,28.2120189694475
SAC,2layers,all-critic,fprelu,0.1,Cartpole-Swingup,740754557.0252798,38750253.13884971,5,821.6838128147389,63.67944449855927,5,100.0,10000.0,1000000.0,765640778.4342302,740754557.0252798,-3.2503782596120194
SAC,2layers,all-critic,fprelu,0.1,Cheetah-Run,380339547.5943109,45489385.25569612,5,541.5622235780047,51.68874691483953,5,100.0,10000.0,1000000.0,418412081.7445899,380339547.5943109,-9.099291299508783
SAC,2layers,all-critic,fprelu,0.1,Finger-Spin,705964000.0,29510302.734807715,5,885.6,33.336166546260245,5,100.0,10000.0,1000000.0,701096000.0,705964000.0,0.6943414311306868
SAC,2layers,all-critic,fprelu,0.1,HalfCheetah-v4,6521357270.763652,407134172.8850223,5,8938.935938231043,809.120160824644,5,100.0,10000.0,1000000.0,6850674489.653674,6521357270.763652,-4.8070773087727074
SAC,2layers,all-critic,fprelu,0.1,Hopper-v4,2616228361.711555,491003623.1438141,5,3423.112526893693,136.89353585028277,5,100.0,10000.0,1000000.0,2333416292.847686,2616228361.711555,12.120086318533723
SAC,2layers,all-critic,fprelu,0.1,Humanoid-v4,3982999099.269606,153863549.00096205,5,5374.163966051887,142.83580253430108,5,100.0,10000.0,1000000.0,3819549534.547168,3982999099.269606,4.279289042963448
SAC,2layers,all-critic,fprelu,0.1,Walker-Walk,617395024.9369006,81425960.40347715,5,807.3533466834078,167.24748182417454,5,100.0,10000.0,1000000.0,767541404.4895375,617395024.9369006,-19.56199088080382
SAC,2layers,all-critic,fprelu,0.2,Ant-v4,3528593068.6133347,1026662049.241398,5,5045.7051039375765,1230.49069946574,5,100.0,10000.0,1000000.0,2372622764.7592154,3528593068.6133347,48.7212009015446
SAC,2layers,all-critic,fprelu,0.2,Cartpole-Swingup,758970507.6492531,20787136.94262853,5,842.6337612890063,16.983431317865836,5,100.0,10000.0,1000000.0,765640778.4342302,758970507.6492531,-0.8712010870970172
SAC,2layers,all-critic,fprelu,0.2,Cheetah-Run,408178820.34480697,42962159.52907886,5,580.4663912505317,86.44978837561264,5,100.0,10000.0,1000000.0,418412081.7445899,408178820.34480697,-2.445737550673696
SAC,2layers,all-critic,fprelu,0.2,Finger-Spin,720940000.0,31648593.37316589,5,864.4,19.806564568344506,5,100.0,10000.0,1000000.0,701096000.0,720940000.0,2.830425505208987
SAC,2layers,all-critic,fprelu,0.2,HalfCheetah-v4,5636547035.428164,571565818.4062922,5,6820.565886137725,849.2221886659141,5,100.0,10000.0,1000000.0,6850674489.653674,5636547035.428164,-17.722743301541524
SAC,2layers,all-critic,fprelu,0.2,Hopper-v4,2605613795.1915226,392649124.0343757,5,3105.624391760148,831.2758837051908,5,100.0,10000.0,1000000.0,2333416292.847686,2605613795.1915226,11.66519249814823
SAC,2layers,all-critic,fprelu,0.2,Humanoid-v4,3916555179.9225206,291020188.40034086,5,5348.364032959302,123.3791228574986,5,100.0,10000.0,1000000.0,3819549534.547168,3916555179.9225206,2.539714290859524
SAC,2layers,all-critic,fprelu,0.2,Walker-Walk,705263615.664736,57471065.27287114,5,889.9553432601024,105.89563962577851,5,100.0,10000.0,1000000.0,767541404.4895375,705263615.664736,-8.113932155389067
SAC,2layers,all-critic,fprelu,0.3,Ant-v4,3221566942.004077,883226262.7929922,5,5444.409702932106,1130.7258422995285,5,100.0,10000.0,1000000.0,2372622764.7592154,3221566942.004077,35.780832497028506
SAC,2layers,all-critic,fprelu,0.3,Cartpole-Swingup,768958283.032366,25290554.21073576,5,817.8862049956881,50.27590436743893,5,100.0,10000.0,1000000.0,765640778.4342302,768958283.032366,0.43329779337514845
SAC,2layers,all-critic,fprelu,0.3,Cheetah-Run,374452694.7103683,33025489.306637857,5,528.5372487884994,81.55045552174333,5,100.0,10000.0,1000000.0,418412081.7445899,374452694.7103683,-10.506242279365072
SAC,2layers,all-critic,fprelu,0.3,Finger-Spin,753530000.0,22397940.75356036,5,884.4,14.993331851193055,5,100.0,10000.0,1000000.0,701096000.0,753530000.0,7.4788616680169335
SAC,2layers,all-critic,fprelu,0.3,HalfCheetah-v4,6217316758.082688,1340238168.3311763,5,7729.548481837573,1786.0121964319108,5,100.0,10000.0,1000000.0,6850674489.653674,6217316758.082688,-9.245187937735519
SAC,2layers,all-critic,fprelu,0.3,Hopper-v4,2425094256.263798,228935029.944826,5,3097.17945437809,726.458208929586,5,100.0,10000.0,1000000.0,2333416292.847686,2425094256.263798,3.928915885996032
SAC,2layers,all-critic,fprelu,0.3,Humanoid-v4,3985672974.463422,172256819.14394167,5,5607.25650129896,152.57093514679846,5,100.0,10000.0,1000000.0,3819549534.547168,3985672974.463422,4.349294030976589
SAC,2layers,all-critic,fprelu,0.3,Walker-Walk,672544092.3334979,110414534.58277754,5,844.1716249552525,135.0102200969745,5,100.0,10000.0,1000000.0,767541404.4895375,672544092.3334979,-12.376832259520734
SAC,2layers,all-critic,fprelu,0.4,Ant-v4,1639981556.0814357,812282812.7759321,5,2833.1436520012417,1630.8764553909043,5,100.0,10000.0,1000000.0,2372622764.7592154,1639981556.0814357,-30.878958912464597
SAC,2layers,all-critic,fprelu,0.4,Cartpole-Swingup,781842772.0596136,13372316.41429304,5,812.1846585998409,67.10235031186616,5,100.0,10000.0,1000000.0,765640778.4342302,781842772.0596136,2.11613514872042
SAC,2layers,all-critic,fprelu,0.4,Cheetah-Run,381035332.876185,34324016.6487608,5,451.7705852368839,120.89241678929986,5,100.0,10000.0,1000000.0,418412081.7445899,381035332.876185,-8.932999427875197
SAC,2layers,all-critic,fprelu,0.4,Finger-Spin,748427000.0,40698559.034688205,5,867.8,12.597618822618829,5,100.0,10000.0,1000000.0,701096000.0,748427000.0,6.751001289409724
SAC,2layers,all-critic,fprelu,0.4,HalfCheetah-v4,4156774672.426465,2389975702.7320485,5,5225.669500054607,3246.752455414309,5,100.0,10000.0,1000000.0,6850674489.653674,4156774672.426465,-39.323132653517675
SAC,2layers,all-critic,fprelu,0.4,Hopper-v4,2365588714.387604,358412942.4836049,5,3433.9077975389205,100.00186238705707,5,100.0,10000.0,1000000.0,2333416292.847686,2365588714.387604,1.3787690451349086
SAC,2layers,all-critic,fprelu,0.4,Humanoid-v4,3802429852.234117,207920554.79693267,5,5456.103150802515,190.9445136507049,5,100.0,10000.0,1000000.0,3819549534.547168,3802429852.234117,-0.44821207731975116
SAC,2layers,all-critic,fprelu,0.4,Walker-Walk,675508746.0182083,124864970.666872,5,851.272216981269,153.37332989299532,5,100.0,10000.0,1000000.0,767541404.4895375,675508746.0182083,-11.990579001081594
SAC,2layers,all-critic,fprelu,0.5,Ant-v4,1285940107.6821854,391236565.4718416,5,2288.810825061499,948.5136139585202,5,100.0,10000.0,1000000.0,2372622764.7592154,1285940107.6821854,-45.8009032543069
SAC,2layers,all-critic,fprelu,0.5,Cartpole-Swingup,775034083.9654982,16273921.71816876,5,830.4331014397446,24.733021562789038,5,100.0,10000.0,1000000.0,765640778.4342302,775034083.9654982,1.226855438718629
SAC,2layers,all-critic,fprelu,0.5,Cheetah-Run,365457815.115976,42223331.31638394,5,485.8973614675929,49.74935121368078,5,100.0,10000.0,1000000.0,418412081.7445899,365457815.115976,-12.656008021522348
SAC,2layers,all-critic,fprelu,0.5,Finger-Spin,729003000.0,39681961.991564885,5,875.8,34.05436829541845,5,100.0,10000.0,1000000.0,701096000.0,729003000.0,3.9804819882013307
SAC,2layers,all-critic,fprelu,0.5,HalfCheetah-v4,5746619290.493288,1166132124.050333,5,7727.517054025343,1594.4912082242338,5,100.0,10000.0,1000000.0,6850674489.653674,5746619290.493288,-16.116007275309908
SAC,2layers,all-critic,fprelu,0.5,Hopper-v4,2668370118.6706915,63125799.98448831,5,3345.386445034802,87.536457284643,5,100.0,10000.0,1000000.0,2333416292.847686,2668370118.6706915,14.35465359737547
SAC,2layers,all-critic,fprelu,0.5,Humanoid-v4,4045693811.621917,219639379.7535453,5,5398.26350986372,164.62787024162546,5,100.0,10000.0,1000000.0,3819549534.547168,4045693811.621917,5.920705439982201
SAC,2layers,all-critic,fprelu,0.5,Walker-Walk,655847046.6428028,126762232.05855228,5,794.6742082975401,170.61003505044988,5,100.0,10000.0,1000000.0,767541404.4895375,655847046.6428028,-14.552225742273578
SAC,2layers,all-critic,frelu,0.1,Ant-v4,3041987549.226515,602604837.3175285,5,5533.741876191092,291.66303560435455,5,100.0,10000.0,1000000.0,2372622764.7592154,3041987549.226515,28.2120189694475
SAC,2layers,all-critic,frelu,0.1,Cartpole-Swingup,763719644.2227325,18031337.904028498,5,805.9379058669181,72.5372161567248,5,100.0,10000.0,1000000.0,765640778.4342302,763719644.2227325,-0.2509184810436129
SAC,2layers,all-critic,frelu,0.1,Cheetah-Run,459116657.5338861,46157223.146463394,5,648.5008463276531,12.486829944846916,5,100.0,10000.0,1000000.0,418412081.7445899,459116657.5338861,9.728346184358827
SAC,2layers,all-critic,frelu,0.1,Finger-Spin,767230000.0,33600106.02661842,5,885.6,37.38716357254185,5,100.0,10000.0,1000000.0,701096000.0,767230000.0,9.43294498898867
SAC,2layers,all-critic,frelu,0.1,HalfCheetah-v4,6987741431.679647,1238510299.9764566,5,9056.536982150452,1527.2776120479673,5,100.0,10000.0,1000000.0,6850674489.653674,6987741431.679647,2.0007802477402854
SAC,2layers,all-critic,frelu,0.1,Hopper-v4,2616228361.711555,491003623.1438141,5,3423.112526893693,136.89353585028277,5,100.0,10000.0,1000000.0,2333416292.847686,2616228361.711555,12.120086318533723
SAC,2layers,all-critic,frelu,0.1,Humanoid-v4,3494546259.780791,144207154.46174145,5,4372.604297033118,1899.45904014962,5,100.0,10000.0,1000000.0,3819549534.547168,3494546259.780791,-8.508942529132776
SAC,2layers,all-critic,frelu,0.1,Walker-Walk,750424242.5477709,102152931.44452956,5,883.4678775873547,119.72178939383964,5,100.0,10000.0,1000000.0,767541404.4895375,750424242.5477709,-2.2301288036898272
SAC,2layers,all-critic,frelu,0.2,Ant-v4,2389915030.0094385,873296803.3351005,5,4563.646063670732,885.9381106946951,5,100.0,10000.0,1000000.0,2372622764.7592154,2389915030.0094385,0.7288248897830186
SAC,2layers,all-critic,frelu,0.2,Cartpole-Swingup,765196125.4723965,44381988.13796879,5,830.2989203762388,40.84157208797074,5,100.0,10000.0,1000000.0,765640778.4342302,765196125.4723965,-0.05807592468403404
SAC,2layers,all-critic,frelu,0.2,Cheetah-Run,427635237.0859034,64600349.38481192,5,556.8620511227703,82.71300525901049,5,100.0,10000.0,1000000.0,418412081.7445899,427635237.0859034,2.2043233796827946
SAC,2layers,all-critic,frelu,0.2,Finger-Spin,781109000.0,23358281.828935955,5,903.8,35.18806615885563,5,100.0,10000.0,1000000.0,701096000.0,781109000.0,11.412559763570181
SAC,2layers,all-critic,frelu,0.2,HalfCheetah-v4,7334168087.628519,880961066.593055,5,9247.460677454332,1882.34393782998,5,100.0,10000.0,1000000.0,6850674489.653674,7334168087.628519,7.057605768673549
SAC,2layers,all-critic,frelu,0.2,Hopper-v4,2642988690.241605,159295016.61772695,5,2583.237575140177,1110.1726655864643,5,100.0,10000.0,1000000.0,2333416292.847686,2642988690.241605,13.266916766751418
SAC,2layers,all-critic,frelu,0.2,Humanoid-v4,3477306797.798213,287030084.62193334,5,5460.836321175185,215.0054547907116,5,100.0,10000.0,1000000.0,3819549534.547168,3477306797.798213,-8.960290569697504
SAC,2layers,all-critic,frelu,0.2,Walker-Walk,733835655.9173417,100604780.42115831,5,904.3622531320708,63.30859590897042,5,100.0,10000.0,1000000.0,767541404.4895375,733835655.9173417,-4.391391575104952
SAC,2layers,all-critic,frelu,0.3,Ant-v4,2161058579.186516,720154787.9608182,5,3559.38607208864,400.8938236616583,5,100.0,10000.0,1000000.0,2372622764.7592154,2161058579.186516,-8.91689099148343
SAC,2layers,all-critic,frelu,0.3,Cartpole-Swingup,773811211.2879493,24953724.229489338,5,818.1329369774093,43.08800989366964,5,100.0,10000.0,1000000.0,765640778.4342302,773811211.2879493,1.0671365846563212
SAC,2layers,all-critic,frelu,0.3,Cheetah-Run,414916781.1784361,22155550.28149732,5,567.7502401264139,41.819532956108624,5,100.0,10000.0,1000000.0,418412081.7445899,414916781.1784361,-0.8353727625598178
SAC,2layers,all-critic,frelu,0.3,Finger-Spin,738976000.0,26465323.16069464,5,840.8,31.62593872124588,5,100.0,10000.0,1000000.0,701096000.0,738976000.0,5.402969065577325
SAC,2layers,all-critic,frelu,0.3,HalfCheetah-v4,6178650122.500422,615055524.3921101,5,7666.679553101931,1211.7900414752928,5,100.0,10000.0,1000000.0,6850674489.653674,6178650122.500422,-9.809608793531012
SAC,2layers,all-critic,frelu,0.3,Hopper-v4,2532380718.4875326,189719551.2296567,5,3320.23477704191,62.7712172477122,5,100.0,10000.0,1000000.0,2333416292.847686,2532380718.4875326,8.526743652630964
SAC,2layers,all-critic,frelu,0.3,Humanoid-v4,3380185733.879636,273883434.5199047,5,5458.795330990517,119.10111202902122,5,100.0,10000.0,1000000.0,3819549534.547168,3380185733.879636,-11.503026644727658
SAC,2layers,all-critic,frelu,0.3,Walker-Walk,711535380.2008955,86180537.8063397,5,874.6378838497064,102.16382951489298,5,100.0,10000.0,1000000.0,767541404.4895375,711535380.2008955,-7.296808219211236
SAC,2layers,all-critic,frelu,0.4,Ant-v4,1758114945.7977655,446955836.35899067,5,3072.808042117698,926.4440004555992,5,100.0,10000.0,1000000.0,2372622764.7592154,1758114945.7977655,-25.899937743529698
SAC,2layers,all-critic,frelu,0.4,Cartpole-Swingup,774785772.5934782,16999011.19407478,5,822.0607413706196,35.08451485510482,5,100.0,10000.0,1000000.0,765640778.4342302,774785772.5934782,1.1944236013591019
SAC,2layers,all-critic,frelu,0.4,Cheetah-Run,383556735.9108281,43596084.929092094,5,543.1441790334553,64.12577621460811,5,100.0,10000.0,1000000.0,418412081.7445899,383556735.9108281,-8.330387040553589
SAC,2layers,all-critic,frelu,0.4,Finger-Spin,708740000.0,99125843.56513695,5,868.4,48.4386209547712,5,100.0,10000.0,1000000.0,701096000.0,708740000.0,1.090292912810799
SAC,2layers,all-critic,frelu,0.4,HalfCheetah-v4,6825082968.863133,1136679844.053002,5,8950.613954449378,1474.1181833470644,5,100.0,10000.0,1000000.0,6850674489.653674,6825082968.863133,-0.37356206062907593
SAC,2layers,all-critic,frelu,0.4,Hopper-v4,2191781276.2126126,537801814.1440768,5,3390.661924696514,100.58948483868888,5,100.0,10000.0,1000000.0,2333416292.847686,2191781276.2126126,-6.069856333360163
SAC,2layers,all-critic,frelu,0.4,Humanoid-v4,3555428552.9467545,330968127.8525451,5,4479.995545805092,2067.0654103503334,5,100.0,10000.0,1000000.0,3819549534.547168,3555428552.9467545,-6.914977256126266
SAC,2layers,all-critic,frelu,0.4,Walker-Walk,591055475.4630154,171694318.5589482,5,685.9182668437128,180.9755134949326,5,100.0,10000.0,1000000.0,767541404.4895375,591055475.4630154,-22.993668874957446
SAC,2layers,all-critic,frelu,0.5,Ant-v4,1240655069.62181,255526222.9984097,5,2098.7049230319326,714.5463866071359,5,100.0,10000.0,1000000.0,2372622764.7592154,1240655069.62181,-47.709552144176726
SAC,2layers,all-critic,frelu,0.5,Cartpole-Swingup,769361530.0235052,27406757.385500927,5,807.6076473358987,35.47001330957396,5,100.0,10000.0,1000000.0,765640778.4342302,769361530.0235052,0.48596570272603645
SAC,2layers,all-critic,frelu,0.5,Cheetah-Run,377469136.9469805,71349942.58538298,5,513.302071248637,125.6089085563336,5,100.0,10000.0,1000000.0,418412081.7445899,377469136.9469805,-9.785316099596313
SAC,2layers,all-critic,frelu,0.5,Finger-Spin,647757000.0,139676171.31243253,5,847.8,26.67770604830933,5,100.0,10000.0,1000000.0,701096000.0,647757000.0,-7.607945274256307
SAC,2layers,all-critic,frelu,0.5,HalfCheetah-v4,6688410033.096306,1079355954.8575957,5,8403.106513898976,1336.5585758530815,5,100.0,10000.0,1000000.0,6850674489.653674,6688410033.096306,-2.3685909584878164
SAC,2layers,all-critic,frelu,0.5,Hopper-v4,2162861331.459341,569370897.4800785,5,2936.9812869779494,761.4536453002918,5,100.0,10000.0,1000000.0,2333416292.847686,2162861331.459341,-7.309238471983095
SAC,2layers,all-critic,frelu,0.5,Humanoid-v4,3553106754.147059,280324759.7301504,5,5408.196350643052,131.67083915382696,5,100.0,10000.0,1000000.0,3819549534.547168,3553106754.147059,-6.975764497624124
SAC,2layers,all-critic,frelu,0.5,Walker-Walk,678511873.7460519,60705420.17382558,5,762.0423457581669,385.19810233084206,5,100.0,10000.0,1000000.0,767541404.4895375,678511873.7460519,-11.599313108417352
SAC,2layers,all-critic,fswish,0.1,Ant-v4,3594550021.185875,483287328.5626231,5,5441.70380859375,610.0739150521194,5,100.0,10000.0,1000000.0,2372622764.7592154,3594550021.185875,51.501118280413465
SAC,2layers,all-critic,fswish,0.1,Cartpole-Swingup,760433689.9490356,61607679.22251615,5,849.583642578125,19.10327850859025,5,100.0,10000.0,1000000.0,765640778.4342302,760433689.9490356,-0.680095500639777
SAC,2layers,all-critic,fswish,0.1,Cheetah-Run,446542959.83606577,80552558.67688088,5,587.78642578125,89.52184682404625,5,100.0,10000.0,1000000.0,418412081.7445899,446542959.83606577,6.723247085548475
SAC,2layers,all-critic,fswish,0.1,Finger-Spin,692291000.0,22083930.63972082,5,904.2,26.338185207033543,5,89.0,10000.0,890000.0,701096000.0,692291000.0,-1.255890776726725
SAC,2layers,all-critic,fswish,0.1,HalfCheetah-v4,8683692290.819168,891714221.5370318,5,10946.6294921875,743.8015535254793,5,100.0,10000.0,1000000.0,6850674489.653674,8683692290.819168,26.756749338095606
SAC,2layers,all-critic,fswish,0.1,Hopper-v4,2288696319.618225,392698949.2069695,5,2843.367724609375,790.309329758904,5,100.0,10000.0,1000000.0,2333416292.847686,2288696319.618225,-1.9165021417967711
SAC,2layers,all-critic,fswish,0.1,Humanoid-v4,3799617396.92688,206205806.2402375,5,5211.4794921875,61.97032043017619,5,100.0,10000.0,1000000.0,3819549534.547168,3799617396.92688,-0.5218452448385639
SAC,2layers,all-critic,fswish,0.1,Walker-Walk,841299908.7219238,20591724.395603094,5,965.7213500976562,17.616629442851632,5,100.0,10000.0,1000000.0,767541404.4895375,841299908.7219238,9.609710147355544
SAC,2layers,all-critic,fswish,0.2,Ant-v4,3441917621.8481064,814360102.4746226,5,4796.004248046875,1794.2593009511163,5,100.0,10000.0,1000000.0,2372622764.7592154,3441917621.8481064,45.068051818908
SAC,2layers,all-critic,fswish,0.2,Cartpole-Swingup,783084049.8771667,21670769.27088181,5,808.67978515625,60.93644378553097,5,100.0,10000.0,1000000.0,765640778.4342302,783084049.8771667,2.2782578898956785
SAC,2layers,all-critic,fswish,0.2,Cheetah-Run,473456933.2830906,58017994.8577037,5,633.8903198242188,46.72146674182352,5,100.0,10000.0,1000000.0,418412081.7445899,473456933.2830906,13.155655379019754
SAC,2layers,all-critic,fswish,0.2,Finger-Spin,797373000.0,37827997.33662886,5,906.2,43.76871028485988,5,100.0,10000.0,1000000.0,701096000.0,797373000.0,13.732356196583634
SAC,2layers,all-critic,fswish,0.2,HalfCheetah-v4,8080695662.817001,476474030.9748142,5,10710.0046875,483.3326221153136,5,100.0,10000.0,1000000.0,6850674489.653674,8080695662.817001,17.954745551273582
SAC,2layers,all-critic,fswish,0.2,Hopper-v4,2497960049.980164,358065420.6880083,5,2607.9108642578126,1116.789960493311,5,100.0,10000.0,1000000.0,2333416292.847686,2497960049.980164,7.051624591669844
SAC,2layers,all-critic,fswish,0.2,Humanoid-v4,3920877959.594727,195592049.1690777,5,5303.4076171875,279.0465413598713,5,100.0,10000.0,1000000.0,3819549534.547168,3920877959.594727,2.6528894083205654
SAC,2layers,all-critic,fswish,0.2,Walker-Walk,690806074.97406,118104883.4246843,5,861.6265869140625,117.74985576746754,5,100.0,10000.0,1000000.0,767541404.4895375,690806074.97406,-9.997549196256216
SAC,2layers,all-critic,fswish,0.3,Ant-v4,3051817868.1554794,519803898.5245677,5,4797.758544921875,821.2131602724771,5,100.0,10000.0,1000000.0,2372622764.7592154,3051817868.1554794,28.62634184769747
SAC,2layers,all-critic,fswish,0.3,Cartpole-Swingup,736457965.4769897,103189094.40576673,5,798.1471313476562,56.084688723351,5,100.0,10000.0,1000000.0,765640778.4342302,736457965.4769897,-3.811554162112502
SAC,2layers,all-critic,fswish,0.3,Cheetah-Run,469375631.8477392,46352048.6755681,5,639.9248168945312,50.9214568523025,5,100.0,10000.0,1000000.0,418412081.7445899,469375631.8477392,12.180229091534414
SAC,2layers,all-critic,fswish,0.3,Finger-Spin,818623000.0,37235951.14267931,5,919.4,31.73798985443155,5,100.0,10000.0,1000000.0,701096000.0,818623000.0,16.76332485137556
SAC,2layers,all-critic,fswish,0.3,HalfCheetah-v4,8087959679.0905,1262814649.3031054,5,10101.62373046875,1892.711161190596,5,100.0,10000.0,1000000.0,6850674489.653674,8087959679.0905,18.060779143797486
SAC,2layers,all-critic,fswish,0.3,Hopper-v4,2075604164.8788447,660405981.62552,5,2426.425341796875,936.363565750368,5,100.0,10000.0,1000000.0,2333416292.847686,2075604164.8788447,-11.048698372385532
SAC,2layers,all-critic,fswish,0.3,Humanoid-v4,3783256075.592041,165402320.45519397,5,5213.435546875,36.43800710910832,5,100.0,10000.0,1000000.0,3819549534.547168,3783256075.592041,-0.950202599203353
SAC,2layers,all-critic,fswish,0.3,Walker-Walk,717966611.9556427,109140419.22181502,5,863.9568115234375,92.9300835508255,5,100.0,10000.0,1000000.0,767541404.4895375,717966611.9556427,-6.458907916096733
SAC,2layers,all-critic,fswish,0.4,Ant-v4,3688984191.010475,498910893.0084239,5,4750.114013671875,1567.242757243332,5,100.0,10000.0,1000000.0,2372622764.7592154,3688984191.010475,55.48127775739563
SAC,2layers,all-critic,fswish,0.4,Cartpole-Swingup,771479362.6174927,25548989.25571686,5,854.1908569335938,10.466629655886408,5,100.0,10000.0,1000000.0,765640778.4342302,771479362.6174927,0.7625748716261737
SAC,2layers,all-critic,fswish,0.4,Cheetah-Run,429475453.5100609,58890076.49626595,5,574.3254211425781,109.7720720915554,5,100.0,10000.0,1000000.0,418412081.7445899,429475453.5100609,2.6441329608221884
SAC,2layers,all-critic,fswish,0.4,Finger-Spin,756746000.0,44563654.10847724,5,884.4,34.5586458068021,5,100.0,10000.0,1000000.0,701096000.0,756746000.0,7.93757203007862
SAC,2layers,all-critic,fswish,0.4,HalfCheetah-v4,8473290172.32132,243077904.7099334,5,10658.534375,381.3782270573181,5,100.0,10000.0,1000000.0,6850674489.653674,8473290172.32132,23.685487978128627
SAC,2layers,all-critic,fswish,0.4,Hopper-v4,2180294777.0233154,373246471.08268046,5,2442.9894897460936,1087.4341485019584,5,100.0,10000.0,1000000.0,2333416292.847686,2180294777.0233154,-6.562117368157308
SAC,2layers,all-critic,fswish,0.4,Humanoid-v4,3766772391.021729,246735650.25123248,5,5236.719140625,96.03687820513822,5,100.0,10000.0,1000000.0,3819549534.547168,3766772391.021729,-1.3817635574058829
SAC,2layers,all-critic,fswish,0.4,Walker-Walk,745592549.5567322,97371956.8477404,5,898.9567504882813,90.12357220694504,5,100.0,10000.0,1000000.0,767541404.4895375,745592549.5567322,-2.8596313898404797
SAC,2layers,all-critic,fswish,0.5,Ant-v4,2967219290.915966,633703941.7231107,5,4337.51298828125,827.3487157698639,5,100.0,10000.0,1000000.0,2372622764.7592154,2967219290.915966,25.060727520124466
SAC,2layers,all-critic,fswish,0.5,Cartpole-Swingup,776476889.8429871,16792541.375435546,5,838.7518432617187,21.371450245660156,5,100.0,10000.0,1000000.0,765640778.4342302,776476889.8429871,1.4152996697638267
SAC,2layers,all-critic,fswish,0.5,Cheetah-Run,452214614.4171357,29919473.334663,5,604.5173706054687,50.366641406673,5,100.0,10000.0,1000000.0,418412081.7445899,452214614.4171357,8.078765921768907
SAC,2layers,all-critic,fswish,0.5,Finger-Spin,755630000.0,39754943.40330522,5,864.0,14.31782106327636,5,100.0,10000.0,1000000.0,701096000.0,755630000.0,7.7783926880199
SAC,2layers,all-critic,fswish,0.5,HalfCheetah-v4,8348815573.112488,1041226366.6761264,5,10481.30703125,1466.3158561906826,5,100.0,10000.0,1000000.0,6850674489.653674,8348815573.112488,21.868519453396917
SAC,2layers,all-critic,fswish,0.5,Hopper-v4,2203696224.5635986,485586094.4085887,5,2732.6902587890627,938.6020142229892,5,100.0,10000.0,1000000.0,2333416292.847686,2203696224.5635986,-5.559233844458062
SAC,2layers,all-critic,fswish,0.5,Humanoid-v4,3740717884.674072,223126971.53293407,5,5347.51484375,168.32726625347212,5,100.0,10000.0,1000000.0,3819549534.547168,3740717884.674072,-2.06389913679813
SAC,2layers,all-critic,fswish,0.5,Walker-Walk,811520199.2754936,73678588.13762434,5,943.379150390625,18.79585600565896,5,100.0,10000.0,1000000.0,767541404.4895375,811520199.2754936,5.72982702023805
SAC,2layers,all-critic,gelu,,Ant-v4,3341940537.312508,591631440.3854629,5,5098.22900390625,888.9490645242491,5,100.0,10000.0,1000000.0,2372622764.7592154,3341940537.312508,40.8542726197632
SAC,2layers,all-critic,gelu,,Cartpole-Swingup,745867038.4216309,77941357.5842299,5,831.0716918945312,35.78284834303334,5,100.0,10000.0,1000000.0,765640778.4342302,745867038.4216309,-2.5826393485777412
SAC,2layers,all-critic,gelu,,Cheetah-Run,407756855.312109,10226878.208108911,5,553.1515502929688,46.16686188500393,5,100.0,10000.0,1000000.0,418412081.7445899,407756855.312109,-2.5465867018116293
SAC,2layers,all-critic,gelu,,Finger-Spin,774874000.0,36002964.35711926,5,877.2,19.740820651634525,5,100.0,10000.0,1000000.0,701096000.0,774874000.0,10.523237901799469
SAC,2layers,all-critic,gelu,,HalfCheetah-v4,7255520234.836578,1053515684.4808532,5,9350.51083984375,1691.1886452710212,5,100.0,10000.0,1000000.0,6850674489.653674,7255520234.836578,5.909574973885098
SAC,2layers,all-critic,gelu,,Hopper-v4,2248861784.009933,502133805.1039787,5,1932.3241455078123,883.8909369511169,5,100.0,10000.0,1000000.0,2333416292.847686,2248861784.009933,-3.6236358294457203
SAC,2layers,all-critic,gelu,,Humanoid-v4,3772813106.994629,178482465.3326683,5,5564.84951171875,152.16608615216467,5,100.0,10000.0,1000000.0,3819549534.547168,3772813106.994629,-1.2236109816043994
SAC,2layers,all-critic,gelu,,Walker-Walk,834105489.5439148,28938143.777195897,5,955.2284545898438,35.75962287091045,5,100.0,10000.0,1000000.0,767541404.4895375,834105489.5439148,8.67237710760979
SAC,2layers,all-critic,lrelu,,Ant-v4,3263279813.8809204,591631400.7784704,5,5583.61708984375,480.5705777989528,5,100.0,10000.0,1000000.0,2372622764.7592154,3263279813.8809204,37.538923690302404
SAC,2layers,all-critic,lrelu,,Cartpole-Swingup,772992126.5106201,23760651.85262862,5,802.9905517578125,41.5276821640788,5,100.0,10000.0,1000000.0,765640778.4342302,772992126.5106201,0.96015628783824
SAC,2layers,all-critic,lrelu,,Cheetah-Run,444142709.4846964,35532615.075489454,5,588.20283203125,40.98284865174706,5,100.0,10000.0,1000000.0,418412081.7445899,444142709.4846964,6.149590048361255
SAC,2layers,all-critic,lrelu,,Finger-Spin,782514000.0,40345763.16046084,5,897.2,23.857912733514656,5,100.0,10000.0,1000000.0,701096000.0,782514000.0,11.612960279334072
SAC,2layers,all-critic,lrelu,,HalfCheetah-v4,7058982790.529251,964917901.374644,5,9219.96083984375,1547.0551287087596,5,100.0,10000.0,1000000.0,6850674489.653674,7058982790.529251,3.040697688821407
SAC,2layers,all-critic,lrelu,,Hopper-v4,2484038064.632416,138334296.14193687,5,2141.4634521484377,809.2359787800553,5,100.0,10000.0,1000000.0,2333416292.847686,2484038064.632416,6.454989289584163
SAC,2layers,all-critic,lrelu,,Humanoid-v4,3644660686.065674,53247249.73025273,5,5578.39228515625,162.53977295866727,5,100.0,10000.0,1000000.0,3819549534.547168,3644660686.065674,-4.578782050073037
SAC,2layers,all-critic,lrelu,,Walker-Walk,729325353.9905548,149246755.48451012,5,865.8361083984375,132.57697018067716,5,100.0,10000.0,1000000.0,767541404.4895375,729325353.9905548,-4.9790213629450655
SAC,2layers,all-critic,prelu,,Ant-v4,2510842953.462124,450321198.7064341,5,5003.97744140625,473.9878804104294,5,100.0,10000.0,1000000.0,2372622764.7592154,2510842953.462124,5.825628530413925
SAC,2layers,all-critic,prelu,,Cartpole-Swingup,758738408.0505371,70437189.8759008,5,820.9972045898437,89.91158647702557,5,100.0,10000.0,1000000.0,765640778.4342302,758738408.0505371,-0.9015155119883709
SAC,2layers,all-critic,prelu,,Cheetah-Run,432054108.2532033,82322545.57827312,5,614.1015502929688,107.9971512215402,5,100.0,10000.0,1000000.0,418412081.7445899,432054108.2532033,3.26042843976499
SAC,2layers,all-critic,prelu,,Finger-Spin,763235000.0,32690313.5500411,5,887.4,21.858636736997116,5,100.0,10000.0,1000000.0,701096000.0,763235000.0,8.863122881887787
SAC,2layers,all-critic,prelu,,HalfCheetah-v4,7888900827.274322,399220984.51282966,5,10294.8279296875,833.5022428151158,5,100.0,10000.0,1000000.0,6850674489.653674,7888900827.274322,15.155096614043524
SAC,2layers,all-critic,prelu,,Hopper-v4,2148874757.8849792,288322440.96077675,5,2996.6677978515627,887.6814519875594,5,100.0,10000.0,1000000.0,2333416292.847686,2148874757.8849792,-7.908641742511076
SAC,2layers,all-critic,prelu,,Humanoid-v4,3861276465.911865,321937204.9446623,5,5586.88125,273.2895206949972,5,100.0,10000.0,1000000.0,3819549534.547168,3861276465.911865,1.0924568718715268
SAC,2layers,all-critic,prelu,,Walker-Walk,785194030.5557251,80245104.41759308,5,915.132666015625,59.72249194106753,5,100.0,10000.0,1000000.0,767541404.4895375,785194030.5557251,2.2998923527686053
SAC,2layers,all-critic,swish,,Ant-v4,3664413996.318101,668469320.6316823,5,5193.53720703125,726.6089002791248,5,100.0,10000.0,1000000.0,2372622764.7592154,3664413996.318101,54.44570669834159
SAC,2layers,all-critic,swish,,Cartpole-Swingup,757724853.3859253,23615296.70596136,5,845.8633056640625,22.878328570919,5,100.0,10000.0,1000000.0,765640778.4342302,757724853.3859253,-1.0338954338996074
SAC,2layers,all-critic,swish,,Cheetah-Run,467356853.0935645,36540542.66952538,5,599.2606567382812,40.33031519283901,5,100.0,10000.0,1000000.0,418412081.7445899,467356853.0935645,11.6977433215831
SAC,2layers,all-critic,swish,,Finger-Spin,763107000.0,25475577.17697481,5,893.4,14.673104647619736,5,100.0,10000.0,1000000.0,701096000.0,763107000.0,8.844865753049511
SAC,2layers,all-critic,swish,,HalfCheetah-v4,7966271038.517088,537426196.441676,5,10863.544140625,437.2665383935944,5,100.0,10000.0,1000000.0,6850674489.653674,7966271038.517088,16.28447754375513
SAC,2layers,all-critic,swish,,Hopper-v4,2344023048.5248566,203754006.0964203,5,3380.3390625,125.3890367222432,5,100.0,10000.0,1000000.0,2333416292.847686,2344023048.5248566,0.4545590818784564
SAC,2layers,all-critic,swish,,Humanoid-v4,3697753116.577149,185281478.40889597,5,5321.8724609375,228.33768374742164,5,100.0,10000.0,1000000.0,3819549534.547168,3697753116.577149,-3.1887639332437305
SAC,2layers,all-critic,swish,,Walker-Walk,797382171.535492,107182950.32212532,5,911.4611206054688,73.02688423215193,5,100.0,10000.0,1000000.0,767541404.4895375,797382171.535492,3.8878380855297863
SAC,2layers,first-actor,fgelu,0.1,Ant-v4,2574172763.4911537,854636417.7465097,5,4973.437890625,985.7811039646468,5,100.0,10000.0,1000000.0,2372622764.7592154,2574172763.4911537,8.49481854956376
SAC,2layers,first-actor,fgelu,0.1,Cartpole-Swingup,783494141.1361694,10616366.93911345,5,838.9443969726562,11.052447650420651,5,100.0,10000.0,1000000.0,765640778.4342302,783494141.1361694,2.331819726014353
SAC,2layers,first-actor,fgelu,0.1,Cheetah-Run,485544602.1238565,57779197.82746589,5,650.219873046875,58.9983639962665,5,100.0,10000.0,1000000.0,418412081.7445899,485544602.1238565,16.04459414731864
SAC,2layers,first-actor,fgelu,0.1,Finger-Spin,749331000.0,80380389.1972414,5,843.0,63.70635761052424,5,100.0,10000.0,1000000.0,701096000.0,749331000.0,6.879942261830049
SAC,2layers,first-actor,fgelu,0.1,HalfCheetah-v4,7725594370.562553,383128909.8205187,5,10638.061328125,741.2177934022931,5,100.0,10000.0,1000000.0,6850674489.653674,7725594370.562553,12.771295472150065
SAC,2layers,first-actor,fgelu,0.1,Hopper-v4,2328785581.7108154,429624887.4829719,5,2233.2350463867188,1049.785299393432,5,100.0,10000.0,1000000.0,2333416292.847686,2328785581.7108154,-0.19845199294546345
SAC,2layers,first-actor,fgelu,0.1,Humanoid-v4,4019975162.963867,116698573.00244612,5,5666.59228515625,222.67158102452828,5,100.0,10000.0,1000000.0,3819549534.547168,4019975162.963867,5.2473629836158455
SAC,2layers,first-actor,fgelu,0.1,Walker-Walk,853801066.9670105,25130808.729383804,5,971.6903564453124,15.962919244387049,5,100.0,10000.0,1000000.0,767541404.4895375,853801066.9670105,11.238437688562357
SAC,2layers,first-actor,fgelu,0.2,Ant-v4,3083347378.574372,451143757.4078607,5,4456.8978271484375,1600.7842159727677,5,100.0,10000.0,1000000.0,2372622764.7592154,3083347378.574372,29.95523032028583
SAC,2layers,first-actor,fgelu,0.2,Cartpole-Swingup,772556033.2984924,10553496.897294706,5,787.5323608398437,64.86736980119095,5,100.0,10000.0,1000000.0,765640778.4342302,772556033.2984924,0.9031983482390045
SAC,2layers,first-actor,fgelu,0.2,Cheetah-Run,502776445.4591274,22528573.357268848,5,625.3827697753907,133.24136719614305,5,100.0,10000.0,1000000.0,418412081.7445899,502776445.4591274,20.16298462577278
SAC,2layers,first-actor,fgelu,0.2,Finger-Spin,720317000.0,77372445.80598445,5,863.4,72.48310147889646,5,100.0,10000.0,1000000.0,701096000.0,720317000.0,2.7415646359414403
SAC,2layers,first-actor,fgelu,0.2,HalfCheetah-v4,7356105279.372215,1166198963.6281695,5,10097.0380859375,1242.263401137124,5,100.0,10000.0,1000000.0,6850674489.653674,7356105279.372215,7.377825212420689
SAC,2layers,first-actor,fgelu,0.2,Hopper-v4,2355372918.308258,324085416.257402,5,3020.4212158203127,942.8601565436394,5,100.0,10000.0,1000000.0,2333416292.847686,2355372918.308258,0.9409647788897764
SAC,2layers,first-actor,fgelu,0.2,Humanoid-v4,3836929449.7680655,153039622.054911,5,5435.95341796875,194.90416154988733,5,100.0,10000.0,1000000.0,3819549534.547168,3836929449.7680655,0.4550252605365982
SAC,2layers,first-actor,fgelu,0.2,Walker-Walk,794180521.9917297,49011504.26035555,5,947.8671020507812,27.43781036820403,5,100.0,10000.0,1000000.0,767541404.4895375,794180521.9917297,3.4707075535435017
SAC,2layers,first-actor,fgelu,0.3,Ant-v4,2298578924.9072075,853756652.3449928,5,3880.0638916015614,2125.1393950590864,5,100.0,10000.0,1000000.0,2372622764.7592154,2298578924.9072075,-3.120759058363084
SAC,2layers,first-actor,fgelu,0.3,Cartpole-Swingup,776644768.1808472,20564568.65894477,5,847.9731079101563,11.302925989617396,5,100.0,10000.0,1000000.0,765640778.4342302,776644768.1808472,1.4372261844674226
SAC,2layers,first-actor,fgelu,0.3,Cheetah-Run,438424509.2082024,43640822.968154624,5,601.5945434570312,32.29343896500204,5,100.0,10000.0,1000000.0,418412081.7445899,438424509.2082024,4.782946845169883
SAC,2layers,first-actor,fgelu,0.3,Finger-Spin,738961000.0,38752991.4006648,5,862.6,27.04255905050408,5,100.0,10000.0,1000000.0,701096000.0,738961000.0,5.400829558291589
SAC,2layers,first-actor,fgelu,0.3,HalfCheetah-v4,7073725424.012184,889861074.8234388,5,9568.5650390625,1027.774759210483,5,100.0,10000.0,1000000.0,6850674489.653674,7073725424.012184,3.255897425799106
SAC,2layers,first-actor,fgelu,0.3,Hopper-v4,2466759801.940918,313706958.28193134,5,3097.737670898437,702.8825745438388,5,100.0,10000.0,1000000.0,2333416292.847686,2466759801.940918,5.714518643842185
SAC,2layers,first-actor,fgelu,0.3,Humanoid-v4,3971683150.100708,233774589.16214013,5,5571.137109375,237.2808605884203,5,100.0,10000.0,1000000.0,3819549534.547168,3971683150.100708,3.983025070823611
SAC,2layers,first-actor,fgelu,0.3,Walker-Walk,807297126.4724731,96763192.9080489,5,930.0698120117188,60.227763711605824,5,100.0,10000.0,1000000.0,767541404.4895375,807297126.4724731,5.179619203653995
SAC,2layers,first-actor,fgelu,0.4,Ant-v4,2866688457.8790665,421535477.0129469,5,4217.997680282593,2361.12212557089,5,100.0,10000.0,1000000.0,2372622764.7592154,2866688457.8790665,20.823609233555977
SAC,2layers,first-actor,fgelu,0.4,Cartpole-Swingup,768555518.8293457,42818628.918896526,5,789.1581787109375,71.4947283689207,5,100.0,10000.0,1000000.0,765640778.4342302,768555518.8293457,0.38069294076476307
SAC,2layers,first-actor,fgelu,0.4,Cheetah-Run,451884980.9370041,36210123.79165805,5,616.9495483398438,79.08369133937079,5,100.0,10000.0,1000000.0,418412081.7445899,451884980.9370041,7.999983904108899
SAC,2layers,first-actor,fgelu,0.4,Finger-Spin,761721000.0,34558021.75327747,5,869.0,28.57446412445909,5,100.0,10000.0,1000000.0,701096000.0,761721000.0,8.647175279847554
SAC,2layers,first-actor,fgelu,0.4,HalfCheetah-v4,5814133073.587418,2639251852.876908,5,8020.624560546875,3601.400958335031,5,100.0,10000.0,1000000.0,6850674489.653674,5814133073.587418,-15.13050164084876
SAC,2layers,first-actor,fgelu,0.4,Hopper-v4,2645637058.084488,192812962.9766105,5,2848.1339599609373,992.8135663521788,5,100.0,10000.0,1000000.0,2333416292.847686,2645637058.084488,13.380414210435205
SAC,2layers,first-actor,fgelu,0.4,Humanoid-v4,4025265324.737549,265494268.4521584,5,5564.3267578125,247.75109709699828,5,100.0,10000.0,1000000.0,3819549534.547168,4025265324.737549,5.385865226506874
SAC,2layers,first-actor,fgelu,0.4,Walker-Walk,823565908.5464478,44079193.52692158,5,966.7243774414062,14.38863558571112,5,100.0,10000.0,1000000.0,767541404.4895375,823565908.5464478,7.299215876721339
SAC,2layers,first-actor,fgelu,0.5,Ant-v4,2624303237.2756004,586961572.324148,5,4170.587190246582,2290.163819670024,5,100.0,10000.0,1000000.0,2372622764.7592154,2624303237.2756004,10.607690200676583
SAC,2layers,first-actor,fgelu,0.5,Cartpole-Swingup,757827356.3156128,50664283.74305754,5,814.8878784179688,39.776511442496,5,100.0,10000.0,1000000.0,765640778.4342302,757827356.3156128,-1.0205075720491552
SAC,2layers,first-actor,fgelu,0.5,Cheetah-Run,459997151.111126,36430749.37249681,5,642.1181762695312,54.8475181050548,5,100.0,10000.0,1000000.0,418412081.7445899,459997151.111126,9.938783123361322
SAC,2layers,first-actor,fgelu,0.5,Finger-Spin,745756000.0,35678057.927807674,5,870.8,11.734564329364773,5,100.0,10000.0,1000000.0,701096000.0,745756000.0,6.37002635872976
SAC,2layers,first-actor,fgelu,0.5,HalfCheetah-v4,6834325202.262878,899018840.5976516,5,9222.45068359375,1645.8767958267154,5,100.0,10000.0,1000000.0,6850674489.653674,6834325202.262878,-0.23865222928760438
SAC,2layers,first-actor,fgelu,0.5,Hopper-v4,2691967222.7516174,177867721.51060313,5,2730.7153537750246,1519.7480855961214,5,100.0,10000.0,1000000.0,2333416292.847686,2691967222.7516174,15.365922103267668
SAC,2layers,first-actor,fgelu,0.5,Humanoid-v4,3772895367.614746,135761675.21165335,5,5577.924609375,227.9213216204668,5,100.0,10000.0,1000000.0,3819549534.547168,3772895367.614746,-1.221457308262212
SAC,2layers,first-actor,fgelu,0.5,Walker-Walk,763169566.8869019,77745815.19919045,5,887.609326171875,86.38820478641605,5,100.0,10000.0,1000000.0,767541404.4895375,763169566.8869019,-0.569589806760088
SAC,2layers,first-actor,flrelu,0.1,Ant-v4,2341945568.5514784,210919557.559582,5,3399.953989808548,2730.273539663896,5,100.0,10000.0,1000000.0,2372622764.7592154,2341945568.5514784,-1.292965601754657
SAC,2layers,first-actor,flrelu,0.1,Cartpole-Swingup,771466919.2407553,6570248.088492385,5,788.1793934506547,71.23072085614659,5,100.0,10000.0,1000000.0,765640778.4342302,771466919.2407553,0.7609496477499319
SAC,2layers,first-actor,flrelu,0.1,Cheetah-Run,480865032.15821135,56925006.05602358,5,629.1587860340172,66.34872137540614,5,100.0,10000.0,1000000.0,418412081.7445899,480865032.15821135,14.926182378200158
SAC,2layers,first-actor,flrelu,0.1,Finger-Spin,747228000.0,124678281.61913364,5,896.0,96.85814369478696,5,100.0,10000.0,1000000.0,701096000.0,747228000.0,6.579983340369935
SAC,2layers,first-actor,flrelu,0.1,HalfCheetah-v4,6511670336.41735,2664648988.4941354,5,8381.73491383881,3618.611631171371,5,100.0,10000.0,1000000.0,6850674489.653674,6511670336.41735,-4.948478485560948
SAC,2layers,first-actor,flrelu,0.1,Hopper-v4,2294304774.172847,336778770.9229605,5,3051.665427190491,746.04851613049,5,100.0,10000.0,1000000.0,2333416292.847686,2294304774.172847,-1.6761483492989406
SAC,2layers,first-actor,flrelu,0.1,Humanoid-v4,3599770679.947651,156920071.65779403,5,5470.268712681627,109.30197139282689,5,100.0,10000.0,1000000.0,3819549534.547168,3599770679.947651,-5.754051691479715
SAC,2layers,first-actor,flrelu,0.1,Walker-Walk,820448461.8934333,50961581.27008835,5,941.7020565135624,32.6498259501841,5,100.0,10000.0,1000000.0,767541404.4895375,820448461.8934333,6.893055813592535
SAC,2layers,first-actor,flrelu,0.2,Ant-v4,3053341614.656935,569605484.4642776,5,5124.681481632859,815.9454789884176,5,100.0,10000.0,1000000.0,2372622764.7592154,3053341614.656935,28.690563877599917
SAC,2layers,first-actor,flrelu,0.2,Cartpole-Swingup,778394179.3263665,17234409.569411058,5,843.7380134936478,15.99351865955684,5,100.0,10000.0,1000000.0,765640778.4342302,778394179.3263665,1.665715992585663
SAC,2layers,first-actor,flrelu,0.2,Cheetah-Run,481468021.4199503,18190939.91454477,5,630.0967839794841,41.95098257100558,5,100.0,10000.0,1000000.0,418412081.7445899,481468021.4199503,15.070296109148071
SAC,2layers,first-actor,flrelu,0.2,Finger-Spin,759821000.0,27754005.88203439,5,883.0,47.43943507252169,5,100.0,10000.0,1000000.0,701096000.0,759821000.0,8.376171023654393
SAC,2layers,first-actor,flrelu,0.2,HalfCheetah-v4,7066887936.574468,1256528037.0859685,5,9711.391409577398,1478.0683568150148,5,100.0,10000.0,1000000.0,6850674489.653674,7066887936.574468,3.1560899185522957
SAC,2layers,first-actor,flrelu,0.2,Hopper-v4,2483702852.187,107807808.75736496,5,3364.0900481163408,144.0306328230904,5,100.0,10000.0,1000000.0,2333416292.847686,2483702852.187,6.440623552684003
SAC,2layers,first-actor,flrelu,0.2,Humanoid-v4,3583395023.370899,72904406.51606451,5,5442.760003003439,183.8199702972836,5,100.0,10000.0,1000000.0,3819549534.547168,3583395023.370899,-6.182784358215326
SAC,2layers,first-actor,flrelu,0.2,Walker-Walk,793659915.5770557,73832161.89566079,5,902.6714638259032,65.95102806429041,5,100.0,10000.0,1000000.0,767541404.4895375,793659915.5770557,3.4028797579836936
SAC,2layers,first-actor,flrelu,0.3,Ant-v4,2562749531.4862285,296085515.01897085,5,4833.978006567073,872.3801407194373,5,100.0,10000.0,1000000.0,2372622764.7592154,2562749531.4862285,8.013358446651676
SAC,2layers,first-actor,flrelu,0.3,Cartpole-Swingup,771589842.6082904,37522555.48776462,5,845.5111673280708,2.1414125037074303,5,100.0,10000.0,1000000.0,765640778.4342302,771589842.6082904,0.7770046138642627
SAC,2layers,first-actor,flrelu,0.3,Cheetah-Run,455626245.5536457,72132212.24451378,5,598.7611532615934,99.56162856130442,5,100.0,10000.0,1000000.0,418412081.7445899,455626245.5536457,8.8941417881361
SAC,2layers,first-actor,flrelu,0.3,Finger-Spin,752765000.0,47078155.36424511,5,871.8,34.05436829541843,5,100.0,10000.0,1000000.0,701096000.0,752765000.0,7.369746796444424
SAC,2layers,first-actor,flrelu,0.3,HalfCheetah-v4,7397077321.297667,653122674.8021494,5,10029.183186707647,699.5689242895313,5,100.0,10000.0,1000000.0,6850674489.653674,7397077321.297667,7.9758983216792
SAC,2layers,first-actor,flrelu,0.3,Hopper-v4,2396638670.795469,552644571.7933794,5,2673.25342499812,1021.9438950367752,5,100.0,10000.0,1000000.0,2333416292.847686,2396638670.795469,2.709434152044375
SAC,2layers,first-actor,flrelu,0.3,Humanoid-v4,3642903808.3555474,208584591.68673623,5,5537.233685210204,124.15147999246938,5,100.0,10000.0,1000000.0,3819549534.547168,3642903808.3555474,-4.624779037263168
SAC,2layers,first-actor,flrelu,0.3,Walker-Walk,809038478.1044539,92602709.88448,5,919.7630273515496,106.7013010380598,5,100.0,10000.0,1000000.0,767541404.4895375,809038478.1044539,5.406493170556
SAC,2layers,first-actor,flrelu,0.4,Ant-v4,3181413609.4418,354179418.07877046,5,3585.008549926265,2400.3379482019964,5,100.0,10000.0,1000000.0,2372622764.7592154,3181413609.4418,34.08847190946786
SAC,2layers,first-actor,flrelu,0.4,Cartpole-Swingup,792381397.6899873,15571195.264792988,5,830.9575914864727,23.117789243085724,5,100.0,10000.0,1000000.0,765640778.4342302,792381397.6899873,3.4925803338796637
SAC,2layers,first-actor,flrelu,0.4,Cheetah-Run,471994322.82547617,84966973.88633615,5,627.6807489144907,129.0544879368327,5,100.0,10000.0,1000000.0,418412081.7445899,471994322.82547617,12.806093183894795
SAC,2layers,first-actor,flrelu,0.4,Finger-Spin,751419000.0,23255755.846671592,5,874.2,25.22300537208048,5,100.0,10000.0,1000000.0,701096000.0,751419000.0,7.177761676004427
SAC,2layers,first-actor,flrelu,0.4,HalfCheetah-v4,7088229314.90273,886695027.8610324,5,9095.38315555966,1407.8995854179375,5,100.0,10000.0,1000000.0,6850674489.653674,7088229314.90273,3.467612212605143
SAC,2layers,first-actor,flrelu,0.4,Hopper-v4,2503254829.422973,248773662.54140708,5,2614.369551765998,1126.6978981852262,5,100.0,10000.0,1000000.0,2333416292.847686,2503254829.422973,7.278535643034253
SAC,2layers,first-actor,flrelu,0.4,Humanoid-v4,3561613484.840111,217446610.86436567,5,5623.2056847765625,187.6858916194562,5,100.0,10000.0,1000000.0,3819549534.547168,3561613484.840111,-6.753048949203822
SAC,2layers,first-actor,flrelu,0.4,Walker-Walk,764256344.1698073,91728396.65020408,5,931.4629933602424,73.84345827426219,5,100.0,10000.0,1000000.0,767541404.4895375,764256344.1698073,-0.4279977992737644
SAC,2layers,first-actor,flrelu,0.5,Ant-v4,3180039734.945517,590417493.3695112,5,4986.643610321147,1474.408062203881,5,100.0,10000.0,1000000.0,2372622764.7592154,3180039734.945517,34.03056660245111
SAC,2layers,first-actor,flrelu,0.5,Cartpole-Swingup,775379623.8951056,29363650.57219586,5,812.7674963425652,41.670893420481605,5,100.0,10000.0,1000000.0,765640778.4342302,775379623.8951056,1.2719862545450842
SAC,2layers,first-actor,flrelu,0.5,Cheetah-Run,504008451.2255844,44893721.6693012,5,661.85640320979,47.89739684230926,5,100.0,10000.0,1000000.0,418412081.7445899,504008451.2255844,20.457432568413452
SAC,2layers,first-actor,flrelu,0.5,Finger-Spin,751469000.0,43577135.26036332,5,861.0,37.19542982679458,5,100.0,10000.0,1000000.0,701096000.0,751469000.0,7.184893366956879
SAC,2layers,first-actor,flrelu,0.5,HalfCheetah-v4,6435026969.804808,2671169935.306231,5,8338.229901914654,3646.8134070794576,5,100.0,10000.0,1000000.0,6850674489.653674,6435026969.804808,-6.067249589461649
SAC,2layers,first-actor,flrelu,0.5,Hopper-v4,2376395665.006944,128447898.42815194,5,2833.9008619134547,827.387336172496,5,100.0,10000.0,1000000.0,2333416292.847686,2376395665.006944,1.841907605213754
SAC,2layers,first-actor,flrelu,0.5,Humanoid-v4,3524921271.5896544,201210336.81852487,5,5569.935782579704,190.83050418953115,5,100.0,10000.0,1000000.0,3819549534.547168,3524921271.5896544,-7.713691373620147
SAC,2layers,first-actor,flrelu,0.5,Walker-Walk,706005131.7086146,138274020.2980371,5,832.4834264008907,147.18712183327116,5,100.0,10000.0,1000000.0,767541404.4895375,706005131.7086146,-8.017322898931859
SAC,2layers,first-actor,fprelu,0.1,Ant-v4,2263853495.3688984,402697755.6774437,5,3566.8790342865955,933.2431571170908,5,100.0,10000.0,1000000.0,2372622764.7592154,2263853495.3688984,-4.584347373121297
SAC,2layers,first-actor,fprelu,0.1,Cartpole-Swingup,773636855.758363,25298539.206307206,5,826.6554335099275,22.949331478101406,5,100.0,10000.0,1000000.0,765640778.4342302,773636855.758363,1.0443640868352306
SAC,2layers,first-actor,fprelu,0.1,Cheetah-Run,429689288.0116972,54597403.46705543,5,597.3291358980157,28.382953069577407,5,100.0,10000.0,1000000.0,418412081.7445899,429689288.0116972,2.69523915755166
SAC,2layers,first-actor,fprelu,0.1,Finger-Spin,735440000.0,54379981.26608725,5,873.6,43.038354987150704,5,100.0,10000.0,1000000.0,701096000.0,735440000.0,4.898615881419948
SAC,2layers,first-actor,fprelu,0.1,HalfCheetah-v4,7472438773.090475,439807416.4336553,5,9921.657376516932,730.294143797018,5,100.0,10000.0,1000000.0,6850674489.653674,7472438773.090475,9.075957183133267
SAC,2layers,first-actor,fprelu,0.1,Hopper-v4,2401082981.014242,450984405.8821813,5,3066.8051139482004,970.9201446789934,5,100.0,10000.0,1000000.0,2333416292.847686,2401082981.014242,2.8998978182318416
SAC,2layers,first-actor,fprelu,0.1,Humanoid-v4,3651173449.209916,186999112.41230243,5,4869.149554933476,1627.2303615197352,5,100.0,10000.0,1000000.0,3819549534.547168,3651173449.209916,-4.408270761102035
SAC,2layers,first-actor,fprelu,0.1,Walker-Walk,796763247.8637859,74034460.26757844,5,923.5337431848586,79.729969245747,5,100.0,10000.0,1000000.0,767541404.4895375,796763247.8637859,3.8072009149373147
SAC,2layers,first-actor,fprelu,0.2,Ant-v4,3288790905.8976946,738574684.0245032,5,5227.84577301501,868.2252645235242,5,100.0,10000.0,1000000.0,2372622764.7592154,3288790905.8976946,38.61415117255086
SAC,2layers,first-actor,fprelu,0.2,Cartpole-Swingup,783635080.2055795,15365011.598221617,5,815.6008225291821,47.42955761988951,5,100.0,10000.0,1000000.0,765640778.4342302,783635080.2055795,2.3502277149015582
SAC,2layers,first-actor,fprelu,0.2,Cheetah-Run,477235856.67098296,25439768.69908168,5,634.7922336180698,29.394104866617088,5,100.0,10000.0,1000000.0,418412081.7445899,477235856.67098296,14.0588136654956
SAC,2layers,first-actor,fprelu,0.2,Finger-Spin,744369000.0,46713367.385578185,5,882.6,46.91801359819063,5,100.0,10000.0,1000000.0,701096000.0,744369000.0,6.172193251708753
SAC,2layers,first-actor,fprelu,0.2,HalfCheetah-v4,6415491813.142794,2526996126.555669,5,8412.446403084203,3372.134785047756,5,100.0,10000.0,1000000.0,6850674489.653674,6415491813.142794,-6.35240628011331
SAC,2layers,first-actor,fprelu,0.2,Hopper-v4,2571606079.017492,425262969.5298678,5,2870.283648432406,860.0644966636311,5,100.0,10000.0,1000000.0,2333416292.847686,2571606079.017492,10.207770765117987
SAC,2layers,first-actor,fprelu,0.2,Humanoid-v4,3695746756.899181,170263407.1253766,5,5496.055504895548,245.95962228924324,5,100.0,10000.0,1000000.0,3819549534.547168,3695746756.899181,-3.2412926322387516
SAC,2layers,first-actor,fprelu,0.2,Walker-Walk,726387094.1090192,96669652.09814212,5,837.2858836195137,90.67516369951169,5,100.0,10000.0,1000000.0,767541404.4895375,726387094.1090192,-5.361835874885275
SAC,2layers,first-actor,fprelu,0.3,Ant-v4,2999594750.38431,854750352.0798942,5,4931.282986764441,1242.8594089302146,5,100.0,10000.0,1000000.0,2372622764.7592154,2999594750.38431,26.425270588210108
SAC,2layers,first-actor,fprelu,0.3,Cartpole-Swingup,730835726.6864349,118141580.5202956,5,777.512932249893,122.54015777056485,5,100.0,10000.0,1000000.0,765640778.4342302,730835726.6864349,-4.5458722586554545
SAC,2layers,first-actor,fprelu,0.3,Cheetah-Run,480550069.88563424,38544502.692778125,5,666.463172860204,75.12100643521009,5,100.0,10000.0,1000000.0,418412081.7445899,480550069.88563424,14.850906762050679
SAC,2layers,first-actor,fprelu,0.3,Finger-Spin,830729000.0,57469513.265730746,5,948.6,45.0088880111473,5,100.0,10000.0,1000000.0,701096000.0,830729000.0,18.49004986478314
SAC,2layers,first-actor,fprelu,0.3,HalfCheetah-v4,7513086907.1616,829171079.5032169,5,10202.57381479764,1577.2603837631807,5,100.0,10000.0,1000000.0,6850674489.653674,7513086907.1616,9.669302176133803
SAC,2layers,first-actor,fprelu,0.3,Hopper-v4,2538175988.665276,225702054.1537684,5,3125.050060590761,631.7078134399111,5,100.0,10000.0,1000000.0,2333416292.847686,2538175988.665276,8.775103544327399
SAC,2layers,first-actor,fprelu,0.3,Humanoid-v4,3730373201.649089,264112115.53164533,5,5474.355650449411,187.39939474255212,5,100.0,10000.0,1000000.0,3819549534.547168,3730373201.649089,-2.3347342950129155
SAC,2layers,first-actor,fprelu,0.3,Walker-Walk,782895750.5183913,97510919.2160218,5,914.2354077092314,126.9169966995586,5,100.0,10000.0,1000000.0,767541404.4895375,782895750.5183913,2.0004583386697377
SAC,2layers,first-actor,fprelu,0.4,Ant-v4,2568415784.793669,790307010.3603798,5,4760.022502678441,900.5088106709062,5,100.0,10000.0,1000000.0,2372622764.7592154,2568415784.793669,8.252176576174927
SAC,2layers,first-actor,fprelu,0.4,Cartpole-Swingup,762244117.7791636,62445910.14383311,5,801.8065365323515,60.35712840071072,5,100.0,10000.0,1000000.0,765640778.4342302,762244117.7791636,-0.4436363306057095
SAC,2layers,first-actor,fprelu,0.4,Cheetah-Run,498221301.8555716,49537333.03350202,5,650.5818040200983,54.92787733590595,5,100.0,10000.0,1000000.0,418412081.7445899,498221301.8555716,19.0743106122111
SAC,2layers,first-actor,fprelu,0.4,Finger-Spin,773610000.0,41611086.26315829,5,889.2,26.46129248543992,5,100.0,10000.0,1000000.0,701096000.0,773610000.0,10.342948754521492
SAC,2layers,first-actor,fprelu,0.4,HalfCheetah-v4,7404737505.315518,525172056.9839138,5,9838.156243764131,686.5969278262236,5,100.0,10000.0,1000000.0,6850674489.653674,7404737505.315518,8.087714815506496
SAC,2layers,first-actor,fprelu,0.4,Hopper-v4,2545534765.5460973,249458982.5273089,5,3490.37673889024,126.41036051073534,5,100.0,10000.0,1000000.0,2333416292.847686,2545534765.5460973,9.090468483853067
SAC,2layers,first-actor,fprelu,0.4,Humanoid-v4,3650236171.5424414,205194171.4967959,5,5471.915511537487,70.85424992244917,5,100.0,10000.0,1000000.0,3819549534.547168,3650236171.5424414,-4.432809719400579
SAC,2layers,first-actor,fprelu,0.4,Walker-Walk,812956534.1505718,60222263.18178604,5,945.5119475108376,41.14441535194253,5,100.0,10000.0,1000000.0,767541404.4895375,812956534.1505718,5.91696153398242
SAC,2layers,first-actor,fprelu,0.5,Ant-v4,3239262642.476657,735966919.7401743,5,4405.658889427252,2750.022937979714,5,100.0,10000.0,1000000.0,2372622764.7592154,3239262642.476657,36.52666115278516
SAC,2layers,first-actor,fprelu,0.5,Cartpole-Swingup,766647073.6784409,26997169.33808428,5,829.4120760441652,22.37268640910112,5,100.0,10000.0,1000000.0,765640778.4342302,766647073.6784409,0.131431772255997
SAC,2layers,first-actor,fprelu,0.5,Cheetah-Run,481362616.8107472,25270092.002198964,5,628.8571361725325,62.37419639331952,5,100.0,10000.0,1000000.0,418412081.7445899,481362616.8107472,15.045104530366787
SAC,2layers,first-actor,fprelu,0.5,Finger-Spin,766648000.0,31125538.87083724,5,882.8,50.25136814057903,5,100.0,10000.0,1000000.0,701096000.0,766648000.0,9.349932106302132
SAC,2layers,first-actor,fprelu,0.5,HalfCheetah-v4,6793983123.270106,327357430.5515553,5,9080.96123131367,557.9446239113255,5,100.0,10000.0,1000000.0,6850674489.653674,6793983123.270106,-0.8275297048368994
SAC,2layers,first-actor,fprelu,0.5,Hopper-v4,2576360934.45994,203674171.42511952,5,3065.4081265343766,800.7190711904601,5,100.0,10000.0,1000000.0,2333416292.847686,2576360934.45994,10.411543039144812
SAC,2layers,first-actor,fprelu,0.5,Humanoid-v4,3858854450.2333055,229167667.06277883,5,5214.413766050785,745.2623956360708,5,100.0,10000.0,1000000.0,3819549534.547168,3858854450.2333055,1.0290458424647064
SAC,2layers,first-actor,fprelu,0.5,Walker-Walk,851151547.5547087,26886495.09446679,5,959.0568089038948,20.09411435414533,5,100.0,10000.0,1000000.0,767541404.4895375,851151547.5547087,10.893242055231816
SAC,2layers,first-actor,frelu,0.1,Ant-v4,2896078646.08053,1058420592.2419876,5,4282.5169585609765,2163.1672393188187,5,100.0,10000.0,1000000.0,2372622764.7592154,2896078646.08053,22.062330729362177
SAC,2layers,first-actor,frelu,0.1,Cartpole-Swingup,774927652.505456,15285694.122912774,5,828.6619521679755,25.449353403917108,5,100.0,10000.0,1000000.0,765640778.4342302,774927652.505456,1.2129544732737247
SAC,2layers,first-actor,frelu,0.1,Cheetah-Run,508726642.0647162,44117480.73959258,5,669.3631286709635,63.87688516973319,5,100.0,10000.0,1000000.0,418412081.7445899,508726642.0647162,21.58507468129392
SAC,2layers,first-actor,frelu,0.1,Finger-Spin,763894000.0,40066752.02084642,5,892.4,45.89444410819243,5,100.0,10000.0,1000000.0,701096000.0,763894000.0,8.9571185686411
SAC,2layers,first-actor,frelu,0.1,HalfCheetah-v4,6659004461.466774,2852815130.9966054,5,8489.652053361127,3826.919101401341,5,100.0,10000.0,1000000.0,6850674489.653674,6659004461.466774,-2.7978271114234436
SAC,2layers,first-actor,frelu,0.1,Hopper-v4,2552330744.0064244,277171737.56041414,5,3426.460686149733,135.73450259967095,5,100.0,10000.0,1000000.0,2333416292.847686,2552330744.0064244,9.381714348603303
SAC,2layers,first-actor,frelu,0.1,Humanoid-v4,3598055246.1905084,205891485.32129657,5,4637.297779144756,2068.51938749268,5,100.0,10000.0,1000000.0,3819549534.547168,3598055246.1905084,-5.798963630482644
SAC,2layers,first-actor,frelu,0.1,Walker-Walk,827077117.6691713,68679804.8996211,5,962.283667758926,22.37590140840912,5,100.0,10000.0,1000000.0,767541404.4895375,827077117.6691713,7.75667772857528
SAC,2layers,first-actor,frelu,0.2,Ant-v4,3394784690.1918583,585572570.5284449,5,5393.995329004002,322.8356501866061,5,100.0,10000.0,1000000.0,2372622764.7592154,3394784690.1918583,43.081518925591894
SAC,2layers,first-actor,frelu,0.2,Cartpole-Swingup,782381809.7254021,13076710.75968466,5,788.6843043447467,85.48694679085617,5,100.0,10000.0,1000000.0,765640778.4342302,782381809.7254021,2.1865386174190027
SAC,2layers,first-actor,frelu,0.2,Cheetah-Run,482631009.83467245,49505974.67812694,5,644.1580903036,80.61318013760108,5,100.0,10000.0,1000000.0,418412081.7445899,482631009.83467245,15.348248985143671
SAC,2layers,first-actor,frelu,0.2,Finger-Spin,761466000.0,36850402.20268972,5,882.0,29.65636525267384,5,100.0,10000.0,1000000.0,701096000.0,761466000.0,8.61080365599005
SAC,2layers,first-actor,frelu,0.2,HalfCheetah-v4,7832322534.194496,906019797.6785702,5,10204.865487898624,1582.1410649586855,5,100.0,10000.0,1000000.0,6850674489.653674,7832322534.194496,14.329217451849004
SAC,2layers,first-actor,frelu,0.2,Hopper-v4,2488744754.680609,312040626.8834541,5,2604.4148107725514,1225.9564735761007,5,100.0,10000.0,1000000.0,2333416292.847686,2488744754.680609,6.65669740581787
SAC,2layers,first-actor,frelu,0.2,Humanoid-v4,3853184245.494741,125165186.90404087,5,5611.686802797556,163.25100596356765,5,100.0,10000.0,1000000.0,3819549534.547168,3853184245.494741,0.8805936575335133
SAC,2layers,first-actor,frelu,0.2,Walker-Walk,809126843.6911873,52537264.07995082,5,934.1061380282716,58.99711503925353,5,100.0,10000.0,1000000.0,767541404.4895375,809126843.6911873,5.418005980968111
SAC,2layers,first-actor,frelu,0.3,Ant-v4,3332523125.6124725,666106657.4724383,5,4662.435619063514,1965.84807216975,5,100.0,10000.0,1000000.0,2372622764.7592154,3332523125.6124725,40.457352728412864
SAC,2layers,first-actor,frelu,0.3,Cartpole-Swingup,751533963.2479441,32852203.65076021,5,837.5756139247391,16.57034313028743,5,100.0,10000.0,1000000.0,765640778.4342302,751533963.2479441,-1.8424848288691158
SAC,2layers,first-actor,frelu,0.3,Cheetah-Run,494741391.9807693,25422236.24000223,5,651.1905020556594,38.41100904021805,5,100.0,10000.0,1000000.0,418412081.7445899,494741391.9807693,18.242616206950935
SAC,2layers,first-actor,frelu,0.3,Finger-Spin,759393000.0,47615460.93444859,5,873.6,17.966635745180557,5,100.0,10000.0,1000000.0,701096000.0,759393000.0,8.315123749101407
SAC,2layers,first-actor,frelu,0.3,HalfCheetah-v4,6143579721.581772,2602864401.8758283,5,8088.653783995613,3506.889597068911,5,100.0,10000.0,1000000.0,6850674489.653674,6143579721.581772,-10.321535042130552
SAC,2layers,first-actor,frelu,0.3,Hopper-v4,2329300564.910552,223410192.95896745,5,3087.6889473199667,311.04504111009163,5,100.0,10000.0,1000000.0,2333416292.847686,2329300564.910552,-0.17638206906110962
SAC,2layers,first-actor,frelu,0.3,Humanoid-v4,3643424135.9089966,273522804.3605964,5,5481.706752938528,247.30222335700023,5,100.0,10000.0,1000000.0,3819549534.547168,3643424135.9089966,-4.611156290686829
SAC,2layers,first-actor,frelu,0.3,Walker-Walk,733476533.2315533,100939917.341998,5,878.6329022050201,99.2612317683903,5,100.0,10000.0,1000000.0,767541404.4895375,733476533.2315533,-4.438180280403167
SAC,2layers,first-actor,frelu,0.4,Ant-v4,2979591840.1226544,316024505.6929485,5,5409.981585349808,500.5204258796167,5,100.0,10000.0,1000000.0,2372622764.7592154,2979591840.1226544,25.58219892259346
SAC,2layers,first-actor,frelu,0.4,Cartpole-Swingup,788470059.9555784,16046919.482676549,5,830.2081133319731,39.06209622990216,5,100.0,10000.0,1000000.0,765640778.4342302,788470059.9555784,2.9817222598873516
SAC,2layers,first-actor,frelu,0.4,Cheetah-Run,487120923.1293367,41687869.12637017,5,641.8414033379585,28.29371223067225,5,100.0,10000.0,1000000.0,418412081.7445899,487120923.1293367,16.421333030887126
SAC,2layers,first-actor,frelu,0.4,Finger-Spin,730721000.0,40055308.231244445,5,853.8,34.14234906974034,5,100.0,10000.0,1000000.0,701096000.0,730721000.0,4.2255268893275675
SAC,2layers,first-actor,frelu,0.4,HalfCheetah-v4,6090505812.689643,2514034841.274916,5,7531.997866950837,3200.9967699328104,5,100.0,10000.0,1000000.0,6850674489.653674,6090505812.689643,-11.096260347971379
SAC,2layers,first-actor,frelu,0.4,Hopper-v4,2730046861.7757382,172472479.58730182,5,2720.4142199100656,1054.7248744638007,5,100.0,10000.0,1000000.0,2333416292.847686,2730046861.7757382,16.99784861123118
SAC,2layers,first-actor,frelu,0.4,Humanoid-v4,3678014596.892497,285335689.9889984,5,3820.045551462915,2709.327740322731,5,100.0,10000.0,1000000.0,3819549534.547168,3678014596.892497,-3.705540047969311
SAC,2layers,first-actor,frelu,0.4,Walker-Walk,810548181.0556178,64571651.01956979,5,933.746725312498,59.43346408214523,5,100.0,10000.0,1000000.0,767541404.4895375,810548181.0556178,5.603186527075044
SAC,2layers,first-actor,frelu,0.5,Ant-v4,2727741554.7478247,927107819.9216793,5,4589.812107142136,1117.3336335124673,5,100.0,10000.0,1000000.0,2372622764.7592154,2727741554.7478247,14.967351542909451
SAC,2layers,first-actor,frelu,0.5,Cartpole-Swingup,793076474.9517558,10458167.125727342,5,841.5654231128598,12.557431639735356,5,100.0,10000.0,1000000.0,765640778.4342302,793076474.9517558,3.5833640644941593
SAC,2layers,first-actor,frelu,0.5,Cheetah-Run,495787109.3155674,29175400.2135666,5,673.531894897962,72.38791821755507,5,100.0,10000.0,1000000.0,418412081.7445899,495787109.3155674,18.492541431489844
SAC,2layers,first-actor,frelu,0.5,Finger-Spin,769301000.0,37161980.80700221,5,886.2,38.048653064201886,5,100.0,10000.0,1000000.0,701096000.0,769301000.0,9.728339628239214
SAC,2layers,first-actor,frelu,0.5,HalfCheetah-v4,6401459195.404587,2834020170.097857,5,8494.523766170067,3922.925426197447,5,100.0,10000.0,1000000.0,6850674489.653674,6401459195.404587,-6.557241844252284
SAC,2layers,first-actor,frelu,0.5,Hopper-v4,2530937071.848905,266952918.4648942,5,3421.2101075148994,135.93338705021418,5,100.0,10000.0,1000000.0,2333416292.847686,2530937071.848905,8.464875282076916
SAC,2layers,first-actor,frelu,0.5,Humanoid-v4,3701456828.8814607,271700959.95729226,5,5012.655241526065,1030.0088201193505,5,100.0,10000.0,1000000.0,3819549534.547168,3701456828.8814607,-3.091796679099955
SAC,2layers,first-actor,frelu,0.5,Walker-Walk,823070483.5380526,47481240.54812147,5,930.3784558014264,51.01490268849329,5,100.0,10000.0,1000000.0,767541404.4895375,823070483.5380526,7.234668869159619
SAC,2layers,first-actor,fswish,0.1,Ant-v4,2811936614.31396,757999154.7439978,5,5085.514013671875,678.8429953420663,5,100.0,10000.0,1000000.0,2372622764.7592154,2811936614.31396,18.51595862940851
SAC,2layers,first-actor,fswish,0.1,Cartpole-Swingup,789547696.4569092,13076256.540679578,5,835.9260864257812,32.55121548727629,5,100.0,10000.0,1000000.0,765640778.4342302,789547696.4569092,3.1224718818621042
SAC,2layers,first-actor,fswish,0.1,Cheetah-Run,455213063.9491081,46257593.69100501,5,652.0284057617188,85.63817200209992,5,100.0,10000.0,1000000.0,418412081.7445899,455213063.9491081,8.79539186609399
SAC,2layers,first-actor,fswish,0.1,Finger-Spin,779999000.0,58953377.59619884,5,876.6,45.46207210411774,5,100.0,10000.0,1000000.0,701096000.0,779999000.0,11.254236224425757
SAC,2layers,first-actor,fswish,0.1,HalfCheetah-v4,6514603287.261963,2817399893.913953,5,8627.13681640625,3705.822999350807,5,100.0,10000.0,1000000.0,6850674489.653674,6514603287.261963,-4.905665900478375
SAC,2layers,first-actor,fswish,0.1,Hopper-v4,2399035337.371826,279275267.2721814,5,2980.3113037109374,702.1809073640812,5,100.0,10000.0,1000000.0,2333416292.847686,2399035337.371826,2.812144782106553
SAC,2layers,first-actor,fswish,0.1,Humanoid-v4,4037978962.82959,388259434.3954382,5,5667.790234375,244.13250481066316,5,100.0,10000.0,1000000.0,3819549534.547168,4037978962.82959,5.718722229068258
SAC,2layers,first-actor,fswish,0.1,Walker-Walk,803748762.9327774,117876711.5043352,5,914.2816650390624,125.16408325263389,5,100.0,10000.0,1000000.0,767541404.4895375,803748762.9327774,4.717316646561896
SAC,2layers,first-actor,fswish,0.2,Ant-v4,2166570158.7942243,636159075.0446031,5,4078.468823242188,1747.4899383350628,5,100.0,10000.0,1000000.0,2372622764.7592154,2166570158.7942243,-8.684591964028561
SAC,2layers,first-actor,fswish,0.2,Cartpole-Swingup,782127966.2399292,13656120.299787316,5,833.7098022460938,21.01823140593033,5,100.0,10000.0,1000000.0,765640778.4342302,782127966.2399292,2.1533842331930164
SAC,2layers,first-actor,fswish,0.2,Cheetah-Run,464187981.21619225,56486334.365870245,5,590.6818359375,41.87143266181522,5,100.0,10000.0,1000000.0,418412081.7445899,464187981.21619225,10.94038663528487
SAC,2layers,first-actor,fswish,0.2,Finger-Spin,799839000.0,47074597.3694943,5,904.6,36.184250717681024,5,100.0,10000.0,1000000.0,701096000.0,799839000.0,14.084091194358548
SAC,2layers,first-actor,fswish,0.2,HalfCheetah-v4,7722616326.557159,566980916.6530893,5,10479.353125,790.6104026549369,5,100.0,10000.0,1000000.0,6850674489.653674,7722616326.557159,12.727824657562515
SAC,2layers,first-actor,fswish,0.2,Hopper-v4,2411652887.580872,151940351.4089127,5,2689.9892578125,859.2291638887161,5,100.0,10000.0,1000000.0,2333416292.847686,2411652887.580872,3.3528777086623847
SAC,2layers,first-actor,fswish,0.2,Humanoid-v4,3871606555.999756,302558494.19928867,5,5591.9083984375,178.0753680991213,5,100.0,10000.0,1000000.0,3819549534.547168,3871606555.999756,1.3629099709727885
SAC,2layers,first-actor,fswish,0.2,Walker-Walk,732909863.0237579,118150685.19446692,5,893.2673461914062,92.93506452195622,5,100.0,10000.0,1000000.0,767541404.4895375,732909863.0237579,-4.5120095493495445
SAC,2layers,first-actor,fswish,0.3,Ant-v4,2743082811.887741,656488859.5851244,5,4382.467565917968,2218.053465114717,5,100.0,10000.0,1000000.0,2372622764.7592154,2743082811.887741,15.61394641537639
SAC,2layers,first-actor,fswish,0.3,Cartpole-Swingup,769086541.8319702,16477524.848473608,5,844.15615234375,20.56500360340137,5,100.0,10000.0,1000000.0,765640778.4342302,769086541.8319702,0.45004961788826703
SAC,2layers,first-actor,fswish,0.3,Cheetah-Run,478220046.42546177,23829281.11704111,5,636.8804931640625,22.328442506387976,5,100.0,10000.0,1000000.0,418412081.7445899,478220046.42546177,14.29403387003061
SAC,2layers,first-actor,fswish,0.3,Finger-Spin,762408000.0,37450450.030673854,5,881.6,25.304149857286266,5,100.0,10000.0,1000000.0,701096000.0,762408000.0,8.745164713534237
SAC,2layers,first-actor,fswish,0.3,HalfCheetah-v4,6859707308.563232,2829153624.0924225,5,9171.524560546875,3830.8508074136366,5,100.0,10000.0,1000000.0,6850674489.653674,6859707308.563232,0.13185298649352317
SAC,2layers,first-actor,fswish,0.3,Hopper-v4,2431995311.285019,233748562.2059591,5,2656.001318359375,1036.7169595198252,5,100.0,10000.0,1000000.0,2333416292.847686,2431995311.285019,4.224664871823104
SAC,2layers,first-actor,fswish,0.3,Humanoid-v4,3865123029.9072266,297752931.01327306,5,5459.5271484375,56.2217953548914,5,100.0,10000.0,1000000.0,3819549534.547168,3865123029.9072266,1.1931641401127113
SAC,2layers,first-actor,fswish,0.3,Walker-Walk,820663420.7305908,41724614.81542788,5,955.4803466796876,20.632448484249448,5,100.0,10000.0,1000000.0,767541404.4895375,820663420.7305908,6.921061968817535
SAC,2layers,first-actor,fswish,0.4,Ant-v4,26189781.68773651,13299609.720634798,5,507.1996223449707,454.89745402006224,5,6.0,10000.0,60000.0,2372622764.7592154,26189781.68773651,-98.89616747859223
SAC,2layers,first-actor,fswish,0.4,Cartpole-Swingup,783981389.0304565,9858113.27168789,5,821.1110717773438,17.65827356002096,5,100.0,10000.0,1000000.0,765640778.4342302,783981389.0304565,2.3954589557956547
SAC,2layers,first-actor,fswish,0.4,Cheetah-Run,477265469.45524216,42124070.70283798,5,632.4012817382812,47.41731626699399,5,100.0,10000.0,1000000.0,418412081.7445899,477265469.45524216,14.065891086428508
SAC,2layers,first-actor,fswish,0.4,Finger-Spin,781311000.0,23484080.08630528,5,891.0,14.645818515876808,5,100.0,10000.0,1000000.0,701096000.0,781311000.0,11.441371795018085
SAC,2layers,first-actor,fswish,0.4,HalfCheetah-v4,6693418178.89595,2737455547.464501,5,8774.2498046875,3693.969572382792,5,100.0,10000.0,1000000.0,6850674489.653674,6693418178.89595,-2.2954865392483956
SAC,2layers,first-actor,fswish,0.4,Hopper-v4,2391969007.5683594,152403343.73276106,5,3143.4174072265623,627.5459157893963,5,100.0,10000.0,1000000.0,2333416292.847686,2391969007.5683594,2.5093128431539413
SAC,2layers,first-actor,fswish,0.4,Humanoid-v4,3976170144.0734863,133147879.68802226,5,5245.4662109375,835.5860192487855,5,100.0,10000.0,1000000.0,3819549534.547168,3976170144.0734863,4.100499498951699
SAC,2layers,first-actor,fswish,0.4,Walker-Walk,744070928.6475182,166899173.34226018,5,835.605029296875,178.62254287778035,5,100.0,10000.0,1000000.0,767541404.4895375,744070928.6475182,-3.057877491003712
SAC,2layers,first-actor,fswish,0.5,Ant-v4,2352189411.5293026,497540546.61754566,5,3995.252416992188,1494.304458913223,5,100.0,10000.0,1000000.0,2372622764.7592154,2352189411.5293026,-0.8612137392176809
SAC,2layers,first-actor,fswish,0.5,Cartpole-Swingup,790569938.5948181,11994256.08927324,5,840.845263671875,16.683931307625546,5,100.0,10000.0,1000000.0,765640778.4342302,790569938.5948181,3.255986470779307
SAC,2layers,first-actor,fswish,0.5,Cheetah-Run,470355613.5635376,61834290.55711623,5,642.9705200195312,50.65678480461389,5,100.0,10000.0,1000000.0,418412081.7445899,470355613.5635376,12.414443579728038
SAC,2layers,first-actor,fswish,0.5,Finger-Spin,781907000.0,49149993.46388564,5,899.4,43.23540216072934,5,100.0,10000.0,1000000.0,701096000.0,781907000.0,11.526381551171308
SAC,2layers,first-actor,fswish,0.5,HalfCheetah-v4,7957838525.71106,778741526.2808474,5,10711.6232421875,847.7347092272909,5,100.0,10000.0,1000000.0,6850674489.653674,7957838525.71106,16.16138728718603
SAC,2layers,first-actor,fswish,0.5,Hopper-v4,2476750550.6153107,357215691.7934825,5,3411.215234375,90.44990891376368,5,100.0,10000.0,1000000.0,2333416292.847686,2476750550.6153107,6.142678364206529
SAC,2layers,first-actor,fswish,0.5,Humanoid-v4,3772895367.614746,135761675.21165335,5,5577.924609375,227.9213216204668,5,100.0,10000.0,1000000.0,3819549534.547168,3772895367.614746,-1.221457308262212
SAC,2layers,first-actor,fswish,0.5,Walker-Walk,803607483.5519791,98431685.89817391,5,922.9720581054688,103.01338862230342,5,100.0,10000.0,1000000.0,767541404.4895375,803607483.5519791,4.69890990264268
SAC,2layers,first-actor,gelu,,Ant-v4,3319918496.254921,797462247.2292292,5,5343.7935546875,904.0371974701696,5,100.0,10000.0,1000000.0,2372622764.7592154,3319918496.254921,39.92609973932546
SAC,2layers,first-actor,gelu,,Cartpole-Swingup,751741915.3900146,37414493.47455496,5,816.9442260742187,24.997538452647014,5,100.0,10000.0,1000000.0,765640778.4342302,751741915.3900146,-1.815324292501682
SAC,2layers,first-actor,gelu,,Cheetah-Run,462973560.8165264,30936471.5152984,5,612.5010864257813,30.82101169396832,5,100.0,10000.0,1000000.0,418412081.7445899,462973560.8165264,10.650141574816672
SAC,2layers,first-actor,gelu,,Finger-Spin,759159000.0,49461740.31511629,5,888.2,45.95867709149165,5,100.0,10000.0,1000000.0,701096000.0,759159000.0,8.281747435443933
SAC,2layers,first-actor,gelu,,HalfCheetah-v4,6892409846.3459015,1348890275.6174393,5,8877.49248046875,2123.0321741191706,5,100.0,10000.0,1000000.0,6850674489.653674,6892409846.3459015,0.6092152934029892
SAC,2layers,first-actor,gelu,,Hopper-v4,2195549075.843811,471839971.6227945,5,3024.9968505859374,877.8514732800962,5,100.0,10000.0,1000000.0,2333416292.847686,2195549075.843811,-5.908384947274991
SAC,2layers,first-actor,gelu,,Humanoid-v4,3640765187.042236,265307140.98410293,5,5531.1265625,335.0247322198585,5,100.0,10000.0,1000000.0,3819549534.547168,3640765187.042236,-4.680770491071219
SAC,2layers,first-actor,gelu,,Walker-Walk,816635411.195755,76918803.59800194,5,907.9301025390624,100.91909585940736,5,100.0,10000.0,1000000.0,767541404.4895375,816635411.195755,6.396268190752274
SAC,2layers,first-actor,lrelu,,Ant-v4,2676294131.3066483,357973207.2757192,5,4591.112744140625,822.6864455468964,5,100.0,10000.0,1000000.0,2372622764.7592154,2676294131.3066483,12.798973821624394
SAC,2layers,first-actor,lrelu,,Cartpole-Swingup,739095876.4648438,35124996.11894461,5,833.6072875976563,32.52456805957414,5,100.0,10000.0,1000000.0,765640778.4342302,739095876.4648438,-3.4670177865489316
SAC,2layers,first-actor,lrelu,,Cheetah-Run,459784235.96322536,44633139.31296349,5,605.1821044921875,67.45408404418548,5,100.0,10000.0,1000000.0,418412081.7445899,459784235.96322536,9.887896651103427
SAC,2layers,first-actor,lrelu,,Finger-Spin,751845000.0,40614365.2234034,5,875.0,26.48584527629805,5,100.0,10000.0,1000000.0,701096000.0,751845000.0,7.238523682919315
SAC,2layers,first-actor,lrelu,,HalfCheetah-v4,6561701193.631649,2780749861.212072,5,8677.460302734375,3762.546126245566,5,100.0,10000.0,1000000.0,6850674489.653674,6561701193.631649,-4.2181729179871414
SAC,2layers,first-actor,lrelu,,Hopper-v4,2478965368.07251,211064232.0613152,5,3098.9749267578127,640.3943733275357,5,100.0,10000.0,1000000.0,2333416292.847686,2478965368.07251,6.237595737672545
SAC,2layers,first-actor,lrelu,,Humanoid-v4,3581386053.710937,173367005.9225622,5,5102.8083984375,967.2362173404756,5,100.0,10000.0,1000000.0,3819549534.547168,3581386053.710937,-6.2353813894042505
SAC,2layers,first-actor,lrelu,,Walker-Walk,684531300.8766174,150365621.85992804,5,806.6461059570313,155.18920051522775,5,100.0,10000.0,1000000.0,767541404.4895375,684531300.8766174,-10.815065236529735
SAC,2layers,first-actor,prelu,,Ant-v4,3376932231.353998,199366638.44554055,5,5588.833984375,211.409954133891,5,100.0,10000.0,1000000.0,2372622764.7592154,3376932231.353998,42.32908330442934
SAC,2layers,first-actor,prelu,,Cartpole-Swingup,766837647.6211548,18459832.378035583,5,823.9370483398437,27.344846915743137,5,100.0,10000.0,1000000.0,765640778.4342302,766837647.6211548,0.1563225497696489
SAC,2layers,first-actor,prelu,,Cheetah-Run,453415255.3188801,79695256.842804,5,590.6058898925781,112.80823741474602,5,100.0,10000.0,1000000.0,418412081.7445899,453415255.3188801,8.365717698289851
SAC,2layers,first-actor,prelu,,Finger-Spin,757302000.0,82670998.58777563,5,865.2,57.98879202052755,5,100.0,10000.0,1000000.0,701096000.0,757302000.0,8.016876433469882
SAC,2layers,first-actor,prelu,,HalfCheetah-v4,7380511858.188629,1115242596.520693,5,9382.17392578125,1472.6678518423903,5,100.0,10000.0,1000000.0,6850674489.653674,7380511858.188629,7.73409055320245
SAC,2layers,first-actor,prelu,,Hopper-v4,2565656887.7544403,370584910.8074038,5,2505.74912109375,843.3265333297153,5,100.0,10000.0,1000000.0,2333416292.847686,2565656887.7544403,9.952814490008107
SAC,2layers,first-actor,prelu,,Humanoid-v4,3828768167.96875,269649208.42933124,5,4033.704321289063,2081.3450769129336,5,100.0,10000.0,1000000.0,3819549534.547168,3828768167.96875,0.2413539433957138
SAC,2layers,first-actor,prelu,,Walker-Walk,687657812.2787476,173323178.02346194,5,798.1952575683594,215.9988631338572,5,100.0,10000.0,1000000.0,767541404.4895375,687657812.2787476,-10.407724162309844
SAC,2layers,first-actor,swish,,Ant-v4,3057195320.7798004,825059152.9511926,5,5251.72958984375,790.0123087946728,5,100.0,10000.0,1000000.0,2372622764.7592154,3057195320.7798004,28.852987764789425
SAC,2layers,first-actor,swish,,Cartpole-Swingup,780004637.9394531,25206247.27811598,5,831.2832885742188,34.37292190075257,5,100.0,10000.0,1000000.0,765640778.4342302,780004637.9394531,1.8760572725237616
SAC,2layers,first-actor,swish,,Cheetah-Run,442786870.5810309,50254225.64520323,5,596.5082397460938,34.85019274530505,5,100.0,10000.0,1000000.0,418412081.7445899,442786870.5810309,5.825546130219063
SAC,2layers,first-actor,swish,,Finger-Spin,786185000.0,21680825.91830856,5,892.6,8.203657720797478,5,100.0,10000.0,1000000.0,701096000.0,786185000.0,12.136569029063066
SAC,2layers,first-actor,swish,,HalfCheetah-v4,7742383707.16095,1074994125.381608,5,9962.151171875,1466.8323603424024,5,100.0,10000.0,1000000.0,6850674489.653674,7742383707.16095,13.016371144972538
SAC,2layers,first-actor,swish,,Hopper-v4,2140851388.0615237,272771562.99680966,5,1588.55283203125,201.6533518306391,5,100.0,10000.0,1000000.0,2333416292.847686,2140851388.0615237,-8.25248822408612
SAC,2layers,first-actor,swish,,Humanoid-v4,3626668486.022949,336055369.52678925,5,5530.49638671875,81.8021355487484,5,100.0,10000.0,1000000.0,3819549534.547168,3626668486.022949,-5.049837599424819
SAC,2layers,first-actor,swish,,Walker-Walk,799469119.4810867,65297959.85972574,5,923.4364990234376,75.09557612145792,5,100.0,10000.0,1000000.0,767541404.4895375,799469119.4810867,4.159738459032469
SAC,2layers,first-both,fgelu,0.1,Ant-v4,2945789885.239601,811731938.0902437,5,3442.386193847656,2344.319427443868,5,100.0,10000.0,1000000.0,2372622764.7592154,2945789885.239601,24.15753270994824
SAC,2layers,first-both,fgelu,0.1,Cartpole-Swingup,769423667.5949097,25504945.414527223,5,828.8218627929688,25.376745129584823,5,100.0,10000.0,1000000.0,765640778.4342302,769423667.5949097,0.49408146316548573
SAC,2layers,first-both,fgelu,0.1,Cheetah-Run,462559663.0268097,46249665.23434427,5,611.3142578125,51.20072581974179,5,100.0,10000.0,1000000.0,418412081.7445899,462559663.0268097,10.551220485351246
SAC,2layers,first-both,fgelu,0.1,Finger-Spin,767384000.0,33024139.731414653,5,884.4,16.42558979154172,5,100.0,10000.0,1000000.0,701096000.0,767384000.0,9.45491059712222
SAC,2layers,first-both,fgelu,0.1,HalfCheetah-v4,8067578815.105438,576247514.8165432,5,10366.8357421875,1325.9762511471977,5,100.0,10000.0,1000000.0,6850674489.653674,8067578815.105438,17.763277576384787
SAC,2layers,first-both,fgelu,0.1,Hopper-v4,2501696471.0388184,365074222.2675486,5,3164.145068359375,640.1131679514257,5,100.0,10000.0,1000000.0,2333416292.847686,2501696471.0388184,7.211751229600121
SAC,2layers,first-both,fgelu,0.1,Humanoid-v4,3812140411.376953,158887546.50300524,5,4809.1546875,1109.1815476079366,5,100.0,10000.0,1000000.0,3819549534.547168,3812140411.376953,-0.19397897849472587
SAC,2layers,first-both,fgelu,0.1,Walker-Walk,818606519.2890167,29721192.973399423,5,956.81982421875,24.29419009424286,5,100.0,10000.0,1000000.0,767541404.4895375,818606519.2890167,6.653076238074831
SAC,2layers,first-both,fgelu,0.2,Ant-v4,3369275440.2313232,378490198.66763735,5,5781.19765625,178.21313099726356,5,100.0,10000.0,1000000.0,2372622764.7592154,3369275440.2313232,42.00636908131718
SAC,2layers,first-both,fgelu,0.2,Cartpole-Swingup,746966948.638916,43348317.533510536,5,824.6976928710938,14.506733455700427,5,100.0,10000.0,1000000.0,765640778.4342302,746966948.638916,-2.4389805665135826
SAC,2layers,first-both,fgelu,0.2,Cheetah-Run,441329470.9963799,12350660.79250984,5,604.2355590820313,28.19435814080384,5,100.0,10000.0,1000000.0,418412081.7445899,441329470.9963799,5.477229327660616
SAC,2layers,first-both,fgelu,0.2,Finger-Spin,787276000.0,45674840.91378973,5,908.8,34.08372045419926,5,100.0,10000.0,1000000.0,701096000.0,787276000.0,12.292182525645561
SAC,2layers,first-both,fgelu,0.2,HalfCheetah-v4,6979607462.806702,764737582.8721173,5,9539.2265625,636.6485203690511,5,100.0,10000.0,1000000.0,6850674489.653674,6979607462.806702,1.882047867662525
SAC,2layers,first-both,fgelu,0.2,Hopper-v4,2592579053.179741,305889273.84278536,5,3107.8406982421875,664.5073285080732,5,100.0,10000.0,1000000.0,2333416292.847686,2592579053.179741,11.106580558575537
SAC,2layers,first-both,fgelu,0.2,Humanoid-v4,3857831073.120117,236850446.2144212,5,5365.5984375,170.6932487639246,5,100.0,10000.0,1000000.0,3819549534.547168,3857831073.120117,1.0022527061555162
SAC,2layers,first-both,fgelu,0.2,Walker-Walk,787758453.125,93982712.20516808,5,941.8836059570312,31.52974418664179,5,100.0,10000.0,1000000.0,767541404.4895375,787758453.125,2.634001047657893
SAC,2layers,first-both,fgelu,0.3,Ant-v4,2639336361.929178,430831164.5410092,5,4055.0803955078127,1973.0709554938287,5,100.0,10000.0,1000000.0,2372622764.7592154,2639336361.929178,11.241298074497326
SAC,2layers,first-both,fgelu,0.3,Cartpole-Swingup,757948047.2717285,36474572.472696565,5,799.452294921875,63.18949658298305,5,100.0,10000.0,1000000.0,765640778.4342302,757948047.2717285,-1.0047441801929193
SAC,2layers,first-both,fgelu,0.3,Cheetah-Run,444800328.414917,49240997.48946606,5,584.9192443847656,89.57870753151217,5,100.0,10000.0,1000000.0,418412081.7445899,444800328.414917,6.306760206421374
SAC,2layers,first-both,fgelu,0.3,Finger-Spin,756191000.0,71333688.34218514,5,884.6,33.91607288587521,5,100.0,10000.0,1000000.0,701096000.0,756191000.0,7.858410260506407
SAC,2layers,first-both,fgelu,0.3,HalfCheetah-v4,7349272461.86924,898180775.0110294,5,9529.3978515625,1253.4759444020756,5,100.0,10000.0,1000000.0,6850674489.653674,7349272461.86924,7.278085872691515
SAC,2layers,first-both,fgelu,0.3,Hopper-v4,2807818656.2194824,175124556.75100926,5,3286.72890625,497.48577422610776,5,100.0,10000.0,1000000.0,2333416292.847686,2807818656.2194824,20.33080701570139
SAC,2layers,first-both,fgelu,0.3,Humanoid-v4,3767835013.397217,240070565.23440436,5,4651.159375,1393.6691656799856,5,100.0,10000.0,1000000.0,3819549534.547168,3767835013.397217,-1.3539429370453777
SAC,2layers,first-both,fgelu,0.3,Walker-Walk,788041025.3582001,113124072.76170713,5,923.4108032226562,82.71980204049441,5,100.0,10000.0,1000000.0,767541404.4895375,788041025.3582001,2.670816290659409
SAC,2layers,first-both,fgelu,0.4,Ant-v4,2590260789.791107,664642243.8411593,5,4443.985302734375,1124.211242696025,5,100.0,10000.0,1000000.0,2372622764.7592154,2590260789.791107,9.172887838070572
SAC,2layers,first-both,fgelu,0.4,Cartpole-Swingup,793824850.9216309,8111386.776698057,5,797.5850219726562,57.54135636059822,5,100.0,10000.0,1000000.0,765640778.4342302,793824850.9216309,3.6811091155617843
SAC,2layers,first-both,fgelu,0.4,Cheetah-Run,461935726.8480063,33594672.198455215,5,651.9487548828125,61.3804095473958,5,100.0,10000.0,1000000.0,418412081.7445899,461935726.8480063,10.402100465632444
SAC,2layers,first-both,fgelu,0.4,Finger-Spin,784453000.0,53391011.25189519,5,890.2,54.062001442787896,5,100.0,10000.0,1000000.0,701096000.0,784453000.0,11.889527254470144
SAC,2layers,first-both,fgelu,0.4,HalfCheetah-v4,7241410721.08078,894633203.0858717,5,9157.0115234375,1101.8270302229732,5,100.0,10000.0,1000000.0,6850674489.653674,7241410721.08078,5.703616950669904
SAC,2layers,first-both,fgelu,0.4,Hopper-v4,2514322544.181824,406675669.19676375,5,2177.957690429688,803.0686021692985,5,100.0,10000.0,1000000.0,2333416292.847686,2514322544.181824,7.752849411767912
SAC,2layers,first-both,fgelu,0.4,Humanoid-v4,3768853025.817871,101214078.7274018,5,5410.65693359375,187.0087326305737,5,100.0,10000.0,1000000.0,3819549534.547168,3768853025.817871,-1.3272902542762044
SAC,2layers,first-both,fgelu,0.4,Walker-Walk,799935555.2444458,47275342.86199594,5,924.0160522460938,52.5905823323138,5,100.0,10000.0,1000000.0,767541404.4895375,799935555.2444458,4.22050857001681
SAC,2layers,first-both,fgelu,0.5,Ant-v4,3030224491.5339947,457232475.094551,5,5184.82783203125,577.1693174466773,5,100.0,10000.0,1000000.0,2372622764.7592154,3030224491.5339947,27.7162360802652
SAC,2layers,first-both,fgelu,0.5,Cartpole-Swingup,788072992.263794,35953835.98830407,5,839.33291015625,9.07925475129688,5,100.0,10000.0,1000000.0,765640778.4342302,788072992.263794,2.9298614260644036
SAC,2layers,first-both,fgelu,0.5,Cheetah-Run,447527285.37786007,47267781.29793866,5,592.9255493164062,54.79083716963781,5,100.0,10000.0,1000000.0,418412081.7445899,447527285.37786007,6.958499743093665
SAC,2layers,first-both,fgelu,0.5,Finger-Spin,759745000.0,24582481.821410947,5,892.2,47.20910929047487,5,100.0,10000.0,1000000.0,701096000.0,759745000.0,8.365330853406666
SAC,2layers,first-both,fgelu,0.5,HalfCheetah-v4,6838934499.93515,774841350.4458767,5,9049.4716796875,1325.8818983004376,5,100.0,10000.0,1000000.0,6850674489.653674,6838934499.93515,-0.17136983717814153
SAC,2layers,first-both,fgelu,0.5,Hopper-v4,2730855282.9437256,277384424.2569382,5,3226.93271484375,569.5574328301584,5,100.0,10000.0,1000000.0,2333416292.847686,2730855282.9437256,17.032494000931475
SAC,2layers,first-both,fgelu,0.5,Humanoid-v4,3650847955.1086426,213886225.5896997,5,5402.00205078125,183.49866946047243,5,100.0,10000.0,1000000.0,3819549534.547168,3650847955.1086426,-4.416792554007965
SAC,2layers,first-both,fgelu,0.5,Walker-Walk,795038570.2152252,80014509.10288845,5,925.1148681640624,86.73907549093319,5,100.0,10000.0,1000000.0,767541404.4895375,795038570.2152252,3.5824993368240583
SAC,2layers,first-both,flrelu,0.1,Ant-v4,2945495854.714351,825323505.9299672,5,4799.167821529482,980.5651650772312,5,100.0,10000.0,1000000.0,2372622764.7592154,2945495854.714351,24.145140073005816
SAC,2layers,first-both,flrelu,0.1,Cartpole-Swingup,785415853.3351665,20744586.8987514,5,835.8559712165157,51.84238380983928,5,100.0,10000.0,1000000.0,765640778.4342302,785415853.3351665,2.582813697747025
SAC,2layers,first-both,flrelu,0.1,Cheetah-Run,446435485.998496,73249406.95696062,5,609.5587835261626,113.45523295720068,5,100.0,10000.0,1000000.0,418412081.7445899,446435485.998496,6.697560963598636
SAC,2layers,first-both,flrelu,0.1,Finger-Spin,779677000.0,28107778.4163032,5,913.4,41.39202821800352,5,100.0,10000.0,1000000.0,701096000.0,779677000.0,11.208308134691968
SAC,2layers,first-both,flrelu,0.1,HalfCheetah-v4,7403905214.565007,929420924.0166452,5,9807.48612239036,1507.2403964849816,5,100.0,10000.0,1000000.0,6850674489.653674,7403905214.565007,8.075565781834438
SAC,2layers,first-both,flrelu,0.1,Hopper-v4,2632324457.7817254,96030050.54922442,5,2707.104340736194,1017.5999469671676,5,100.0,10000.0,1000000.0,2333416292.847686,2632324457.7817254,12.809894481762363
SAC,2layers,first-both,flrelu,0.1,Humanoid-v4,3611899324.874497,215706708.25593212,5,5540.387305011376,200.84448618298316,5,100.0,10000.0,1000000.0,3819549534.547168,3611899324.874497,-5.4365104522015075
SAC,2layers,first-both,flrelu,0.1,Walker-Walk,822458930.5464666,74502742.19206555,5,928.2851278322092,68.22013919367679,5,100.0,10000.0,1000000.0,767541404.4895375,822458930.5464666,7.154991995963092
SAC,2layers,first-both,flrelu,0.2,Ant-v4,2737314196.260934,888384838.8117108,5,4285.053663539577,1005.1693668074888,5,100.0,10000.0,1000000.0,2372622764.7592154,2737314196.260934,15.370813975087568
SAC,2layers,first-both,flrelu,0.2,Cartpole-Swingup,771902181.1461439,15959303.652767943,5,839.743816675273,11.09158938087779,5,100.0,10000.0,1000000.0,765640778.4342302,771902181.1461439,0.817799010747384
SAC,2layers,first-both,flrelu,0.2,Cheetah-Run,418855516.8777039,49625118.82275878,5,599.0316104161602,19.10316599301795,5,100.0,10000.0,1000000.0,418412081.7445899,418855516.8777039,0.1059804801202335
SAC,2layers,first-both,flrelu,0.2,Finger-Spin,767645000.0,36216980.30620443,5,883.4,26.254523419784256,5,100.0,10000.0,1000000.0,701096000.0,767645000.0,9.492138023894018
SAC,2layers,first-both,flrelu,0.2,HalfCheetah-v4,6290271027.260285,753484719.8022562,5,8595.189654079979,1277.5805647882482,5,100.0,10000.0,1000000.0,6850674489.653674,6290271027.260285,-8.180266968453191
SAC,2layers,first-both,flrelu,0.2,Hopper-v4,2677828091.6637306,371803673.02155375,5,3046.6950853370863,725.6813441558392,5,100.0,10000.0,1000000.0,2333416292.847686,2677828091.6637306,14.75998088603928
SAC,2layers,first-both,flrelu,0.2,Humanoid-v4,3816914670.4589233,297526096.17642736,5,5413.702229153579,324.79358547153777,5,100.0,10000.0,1000000.0,3819549534.547168,3816914670.4589233,-0.06898363444203423
SAC,2layers,first-both,flrelu,0.2,Walker-Walk,770205625.9915522,120006643.11601365,5,918.2587201678722,83.16237471536449,5,100.0,10000.0,1000000.0,767541404.4895375,770205625.9915522,0.3471111117173709
SAC,2layers,first-both,flrelu,0.3,Ant-v4,1452345158.3766675,346742355.1103567,5,2672.2699445116464,795.8296925685198,5,100.0,10000.0,1000000.0,2372622764.7592154,1452345158.3766675,-38.78735465458378
SAC,2layers,first-both,flrelu,0.3,Cartpole-Swingup,783417966.6225466,9903500.380003825,5,825.4796991849817,51.79162389196808,5,100.0,10000.0,1000000.0,765640778.4342302,783417966.6225466,2.321870606823149
SAC,2layers,first-both,flrelu,0.3,Cheetah-Run,450549521.2651,51334053.05755736,5,604.0268608950208,98.38451713700135,5,100.0,10000.0,1000000.0,418412081.7445899,450549521.2651,7.680810598611644
SAC,2layers,first-both,flrelu,0.3,Finger-Spin,756921000.0,47909910.03957323,5,877.0,40.91454509095757,5,100.0,10000.0,1000000.0,701096000.0,756921000.0,7.962532948412201
SAC,2layers,first-both,flrelu,0.3,HalfCheetah-v4,7630122633.333466,734321236.0905209,5,9969.25032496402,976.135168219871,5,100.0,10000.0,1000000.0,6850674489.653674,7630122633.333466,11.377684706184242
SAC,2layers,first-both,flrelu,0.3,Hopper-v4,2686523507.5629005,219644893.04670072,5,3105.798979317828,762.454898086877,5,100.0,10000.0,1000000.0,2333416292.847686,2686523507.5629005,15.13262831829656
SAC,2layers,first-both,flrelu,0.3,Humanoid-v4,3639098016.6285257,165637685.371953,5,5623.417723754146,336.4015287251069,5,100.0,10000.0,1000000.0,3819549534.547168,3639098016.6285257,-4.724418842758528
SAC,2layers,first-both,flrelu,0.3,Walker-Walk,796720931.6495082,91622091.85550348,5,917.569650225356,74.12243298269242,5,100.0,10000.0,1000000.0,767541404.4895375,796720931.6495082,3.801687699099041
SAC,2layers,first-both,flrelu,0.4,Ant-v4,1594553188.69549,1034466995.4804996,5,2887.773657954416,1975.66418903126,5,100.0,10000.0,1000000.0,2372622764.7592154,1594553188.69549,-32.7936487679569
SAC,2layers,first-both,flrelu,0.4,Cartpole-Swingup,773655392.2942493,28223321.39036887,5,795.7350734254182,28.830995517251424,5,100.0,10000.0,1000000.0,765640778.4342302,773655392.2942493,1.0467851355056261
SAC,2layers,first-both,flrelu,0.4,Cheetah-Run,475187182.9278471,19157404.59429366,5,659.0913961971374,23.5934878267941,5,100.0,10000.0,1000000.0,418412081.7445899,475187182.9278471,13.569183028016438
SAC,2layers,first-both,flrelu,0.4,Finger-Spin,772629000.0,29668646.413343493,5,890.2,25.92682009040059,5,100.0,10000.0,1000000.0,701096000.0,772629000.0,10.203024978034392
SAC,2layers,first-both,flrelu,0.4,HalfCheetah-v4,6472911384.774336,2834165108.709574,5,8034.676300364923,3585.391825688782,5,100.0,10000.0,1000000.0,6850674489.653674,6472911384.774336,-5.514246888388292
SAC,2layers,first-both,flrelu,0.4,Hopper-v4,2685771749.150164,219620649.38204095,5,3401.0458550778835,175.61939983221427,5,100.0,10000.0,1000000.0,2333416292.847686,2685771749.150164,15.100411246056145
SAC,2layers,first-both,flrelu,0.4,Humanoid-v4,3791759594.048281,188047054.75650135,5,5508.543027925546,160.71868715722454,5,100.0,10000.0,1000000.0,3819549534.547168,3791759594.048281,-0.727571150669244
SAC,2layers,first-both,flrelu,0.4,Walker-Walk,799531482.9382395,75012639.26797618,5,965.4521520692058,11.465049856732728,5,100.0,10000.0,1000000.0,767541404.4895375,799531482.9382395,4.167863552582855
SAC,2layers,first-both,flrelu,0.5,Ant-v4,1201174375.700702,196412374.8386553,5,1960.243265927886,1143.2991396516506,5,100.0,10000.0,1000000.0,2372622764.7592154,1201174375.700702,-49.37356272805539
SAC,2layers,first-both,flrelu,0.5,Cartpole-Swingup,786706922.2778784,19767144.149535462,5,842.0080523432034,20.861576466356656,5,100.0,10000.0,1000000.0,765640778.4342302,786706922.2778784,2.751439635533704
SAC,2layers,first-both,flrelu,0.5,Cheetah-Run,448427532.43072194,42189321.50765822,5,596.2092347303224,74.69478026696207,5,100.0,10000.0,1000000.0,418412081.7445899,448427532.43072194,7.173657739752901
SAC,2layers,first-both,flrelu,0.5,Finger-Spin,631999000.0,340717833.357017,5,729.8,337.29467828591663,5,100.0,10000.0,1000000.0,701096000.0,631999000.0,-9.85556899483095
SAC,2layers,first-both,flrelu,0.5,HalfCheetah-v4,5887692378.197583,2582199989.9908195,5,7471.065781458792,3343.4402589691645,5,100.0,10000.0,1000000.0,6850674489.653674,5887692378.197583,-14.0567489071397
SAC,2layers,first-both,flrelu,0.5,Hopper-v4,2641818079.2470565,251079164.043694,5,3043.5741166589787,884.816421989998,5,100.0,10000.0,1000000.0,2333416292.847686,2641818079.2470565,13.216749507778536
SAC,2layers,first-both,flrelu,0.5,Humanoid-v4,4192119393.6704874,153155048.5559799,5,5563.984420185799,67.6979669747041,5,100.0,10000.0,1000000.0,3819549534.547168,4192119393.6704874,9.754287927240881
SAC,2layers,first-both,flrelu,0.5,Walker-Walk,763064626.0506781,109600668.21607225,5,916.0391472694198,102.73023328061954,5,100.0,10000.0,1000000.0,767541404.4895375,763064626.0506781,-0.583262142299239
SAC,2layers,first-both,fprelu,0.1,Ant-v4,3294685097.960206,832664325.0031792,5,4706.202587363607,1434.406933249984,5,100.0,10000.0,1000000.0,2372622764.7592154,3294685097.960206,38.86257633941929
SAC,2layers,first-both,fprelu,0.1,Cartpole-Swingup,748474767.7477888,39518560.26783498,5,836.3666306037874,29.40585993562676,5,100.0,10000.0,1000000.0,765640778.4342302,748474767.7477888,-2.242044986363799
SAC,2layers,first-both,fprelu,0.1,Cheetah-Run,474255498.1291288,8561208.273644574,5,625.7634809200447,19.265221442548377,5,100.0,10000.0,1000000.0,418412081.7445899,474255498.1291288,13.346511446729023
SAC,2layers,first-both,fprelu,0.1,Finger-Spin,774228000.0,29782557.521139786,5,880.8,11.562871615649811,5,100.0,10000.0,1000000.0,701096000.0,774228000.0,10.431096454693794
SAC,2layers,first-both,fprelu,0.1,HalfCheetah-v4,7485556147.809677,836920471.7366424,5,9508.089320601972,1289.3951907955543,5,100.0,10000.0,1000000.0,6850674489.653674,7485556147.809677,9.26743285080676
SAC,2layers,first-both,fprelu,0.1,Hopper-v4,2339037672.017661,511785132.7155248,5,2527.779014154676,1357.89922757407,5,100.0,10000.0,1000000.0,2333416292.847686,2339037672.017661,0.2409076848912796
SAC,2layers,first-both,fprelu,0.1,Humanoid-v4,4231646969.699753,179000972.29059556,5,5531.415600675814,297.76146479193466,5,100.0,10000.0,1000000.0,3819549534.547168,4231646969.699753,10.789163261930096
SAC,2layers,first-both,fprelu,0.1,Walker-Walk,740874803.0467815,100819708.7369344,5,952.9566015158669,24.844942144986657,5,100.0,10000.0,1000000.0,767541404.4895375,740874803.0467815,-3.4742883298251352
SAC,2layers,first-both,fprelu,0.2,Ant-v4,2087860930.2488875,229130151.49707085,5,2674.2823006763847,1758.4511046335838,5,100.0,10000.0,1000000.0,2372622764.7592154,2087860930.2488875,-12.001985260359195
SAC,2layers,first-both,fprelu,0.2,Cartpole-Swingup,780152856.6746663,16557773.23022714,5,817.0693295968529,47.34103457452967,5,100.0,10000.0,1000000.0,765640778.4342302,780152856.6746663,1.8954160553091137
SAC,2layers,first-both,fprelu,0.2,Cheetah-Run,458266821.7939515,48174706.25155719,5,625.3018332783471,75.2676378463738,5,100.0,10000.0,1000000.0,418412081.7445899,458266821.7939515,9.525236432749569
SAC,2layers,first-both,fprelu,0.2,Finger-Spin,772425000.0,35324214.428632386,5,889.0,13.820274961085266,5,100.0,10000.0,1000000.0,701096000.0,772425000.0,10.17392767894839
SAC,2layers,first-both,fprelu,0.2,HalfCheetah-v4,7543258018.694946,913629377.0732496,5,9387.60223038766,1340.9303757103664,5,100.0,10000.0,1000000.0,6850674489.653674,7543258018.694946,10.109712993768072
SAC,2layers,first-both,fprelu,0.2,Hopper-v4,2843124174.629904,275666791.966723,5,3197.7491863915266,676.3647963818953,5,100.0,10000.0,1000000.0,2333416292.847686,2843124174.629904,21.84384686712605
SAC,2layers,first-both,fprelu,0.2,Humanoid-v4,4046419991.712161,163367090.67359674,5,4649.30303687815,2095.7442494093,5,100.0,10000.0,1000000.0,3819549534.547168,4046419991.712161,5.939717631961284
SAC,2layers,first-both,fprelu,0.2,Walker-Walk,815765899.2002872,44983622.156665936,5,955.8127113158112,29.742641904114777,5,100.0,10000.0,1000000.0,767541404.4895375,815765899.2002872,6.28298283697438
SAC,2layers,first-both,fprelu,0.3,Ant-v4,2493502541.9010487,741862375.185808,5,4059.633882376601,1445.0641192094663,5,100.0,10000.0,1000000.0,2372622764.7592154,2493502541.9010487,5.094774396388325
SAC,2layers,first-both,fprelu,0.3,Cartpole-Swingup,776767559.6598933,15634152.584606033,5,833.5155889938098,27.838465739989864,5,100.0,10000.0,1000000.0,765640778.4342302,776767559.6598933,1.4532639246851289
SAC,2layers,first-both,fprelu,0.3,Cheetah-Run,440791982.7112899,61178493.10037124,5,611.0851751938696,52.23086805285792,5,100.0,10000.0,1000000.0,418412081.7445899,440791982.7112899,5.348770253809558
SAC,2layers,first-both,fprelu,0.3,Finger-Spin,795126000.0,7512879.274951775,5,898.4,9.044335243676008,5,100.0,10000.0,1000000.0,701096000.0,795126000.0,13.411858005180461
SAC,2layers,first-both,fprelu,0.3,HalfCheetah-v4,8094409400.616826,444204811.42700505,5,10390.611413916524,842.3310164703628,5,100.0,10000.0,1000000.0,6850674489.653674,8094409400.616826,18.15492639216065
SAC,2layers,first-both,fprelu,0.3,Hopper-v4,2519947925.2029843,579173906.8533748,5,3054.278965701607,860.5238142208459,5,100.0,10000.0,1000000.0,2333416292.847686,2519947925.2029843,7.993928598469524
SAC,2layers,first-both,fprelu,0.3,Humanoid-v4,4194772057.802274,235544507.9482007,5,5458.527654837665,271.4274436740862,5,100.0,10000.0,1000000.0,3819549534.547168,4194772057.802274,9.823737586364134
SAC,2layers,first-both,fprelu,0.3,Walker-Walk,783508469.7871621,92217034.78178048,5,890.880755063508,111.14835031857967,5,100.0,10000.0,1000000.0,767541404.4895375,783508469.7871621,2.080287161608392
SAC,2layers,first-both,fprelu,0.4,Ant-v4,1369431309.473122,489572002.70638686,5,1540.446048648921,903.7332273027948,5,100.0,10000.0,1000000.0,2372622764.7592154,1369431309.473122,-42.281961978389006
SAC,2layers,first-both,fprelu,0.4,Cartpole-Swingup,757092968.5178432,34231505.576735355,5,824.0492703826136,51.49327338246034,5,100.0,10000.0,1000000.0,765640778.4342302,757092968.5178432,-1.1164256342076786
SAC,2layers,first-both,fprelu,0.4,Cheetah-Run,480437655.9101559,30354651.396402247,5,631.1158883051728,36.597786456220334,5,100.0,10000.0,1000000.0,418412081.7445899,480437655.9101559,14.824039952896976
SAC,2layers,first-both,fprelu,0.4,Finger-Spin,802075000.0,41992059.81492215,5,905.8,49.59536268644479,5,100.0,10000.0,1000000.0,701096000.0,802075000.0,14.403020413752182
SAC,2layers,first-both,fprelu,0.4,HalfCheetah-v4,7322675811.888773,906439068.160099,5,9735.309126451595,1255.2292977064374,5,100.0,10000.0,1000000.0,6850674489.653674,7322675811.888773,6.889851837916769
SAC,2layers,first-both,fprelu,0.4,Hopper-v4,2316702340.396616,343852713.1108843,5,2262.314293645881,993.046248046972,5,100.0,10000.0,1000000.0,2333416292.847686,2316702340.396616,-0.7162867809872123
SAC,2layers,first-both,fprelu,0.4,Humanoid-v4,4030763130.7756186,131608622.90273058,5,4822.079166024325,1443.2205074664278,5,100.0,10000.0,1000000.0,3819549534.547168,4030763130.7756186,5.5298038241960255
SAC,2layers,first-both,fprelu,0.4,Walker-Walk,709501034.8504051,128944938.92091028,5,842.9107912940951,140.283794838938,5,100.0,10000.0,1000000.0,767541404.4895375,709501034.8504051,-7.561855204115382
SAC,2layers,first-both,fprelu,0.5,Ant-v4,1399349549.2254498,92017939.2180858,5,2730.58107084796,320.22644169927435,5,100.0,10000.0,1000000.0,2372622764.7592154,1399349549.2254498,-41.0209844560999
SAC,2layers,first-both,fprelu,0.5,Cartpole-Swingup,776070171.7880609,21573887.180980917,5,798.0055886320366,112.8860500912908,5,100.0,10000.0,1000000.0,765640778.4342302,776070171.7880609,1.362178406322515
SAC,2layers,first-both,fprelu,0.5,Cheetah-Run,452659688.2049728,47100686.25240719,5,595.6588549125455,71.40647154526509,5,100.0,10000.0,1000000.0,418412081.7445899,452659688.2049728,8.18513803845859
SAC,2layers,first-both,fprelu,0.5,Finger-Spin,678436000.0,107523207.80882607,5,860.4,69.20476862182258,5,100.0,10000.0,1000000.0,701096000.0,678436000.0,-3.2320823396510607
SAC,2layers,first-both,fprelu,0.5,HalfCheetah-v4,6087699323.340735,2392685353.5449758,5,8004.349377912338,3367.027780088852,5,100.0,10000.0,1000000.0,6850674489.653674,6087699323.340735,-11.137226961596738
SAC,2layers,first-both,fprelu,0.5,Hopper-v4,2680400923.880877,300577793.40713364,5,3426.567563568837,76.0831492682228,5,100.0,10000.0,1000000.0,2333416292.847686,2680400923.880877,14.870241203713096
SAC,2layers,first-both,fprelu,0.5,Humanoid-v4,4037664956.97956,145367982.46181765,5,5536.754654257694,197.3651783179565,5,100.0,10000.0,1000000.0,3819549534.547168,4037664956.97956,5.71050121119194
SAC,2layers,first-both,fprelu,0.5,Walker-Walk,624343015.941081,79657921.07575452,5,781.6593668662615,123.99650861900189,5,100.0,10000.0,1000000.0,767541404.4895375,624343015.941081,-18.656764014404175
SAC,2layers,first-both,frelu,0.1,Ant-v4,2982927087.47544,656911839.6979201,5,4889.926987230685,1035.635488267441,5,100.0,10000.0,1000000.0,2372622764.7592154,2982927087.47544,25.722771094551188
SAC,2layers,first-both,frelu,0.1,Cartpole-Swingup,784335445.0199443,6794915.35925131,5,847.8966322267894,9.64871601647183,5,100.0,10000.0,1000000.0,765640778.4342302,784335445.0199443,2.4417020503982996
SAC,2layers,first-both,frelu,0.1,Cheetah-Run,504363216.5244932,25893153.47455612,5,654.7997413880496,29.88995501137691,5,100.0,10000.0,1000000.0,418412081.7445899,504363216.5244932,20.542221061477427
SAC,2layers,first-both,frelu,0.1,Finger-Spin,775297000.0,28970442.393929712,5,880.6,20.54993917265937,5,100.0,10000.0,1000000.0,701096000.0,775297000.0,10.583572007257208
SAC,2layers,first-both,frelu,0.1,HalfCheetah-v4,6353486043.851244,2697942174.144008,5,8368.231429178795,3790.0134219738034,5,100.0,10000.0,1000000.0,6850674489.653674,6353486043.851244,-7.257510870693329
SAC,2layers,first-both,frelu,0.1,Hopper-v4,2473011439.857503,165857362.73797247,5,2717.133415946058,975.8625129322786,5,100.0,10000.0,1000000.0,2333416292.847686,2473011439.857503,5.982436457553664
SAC,2layers,first-both,frelu,0.1,Humanoid-v4,3678290441.3877096,104550472.86428152,5,5488.499291623326,266.5386062446937,5,100.0,10000.0,1000000.0,3819549534.547168,3678290441.3877096,-3.6983181362564874
SAC,2layers,first-both,frelu,0.1,Walker-Walk,756929889.2299855,135075308.83080754,5,896.702831768929,88.65799773806815,5,100.0,10000.0,1000000.0,767541404.4895375,756929889.2299855,-1.3825332675843482
SAC,2layers,first-both,frelu,0.2,Ant-v4,2894698065.4450145,969906750.1890916,5,5022.753338293763,943.5244812885846,5,100.0,10000.0,1000000.0,2372622764.7592154,2894698065.4450145,22.00414277567558
SAC,2layers,first-both,frelu,0.2,Cartpole-Swingup,764868500.3920937,30415858.65597568,5,836.5440043435465,15.76165430907938,5,100.0,10000.0,1000000.0,765640778.4342302,764868500.3920937,-0.10086689004677797
SAC,2layers,first-both,frelu,0.2,Cheetah-Run,447364072.6576108,55312226.92256707,5,591.1839704149104,63.41430409050708,5,100.0,10000.0,1000000.0,418412081.7445899,447364072.6576108,6.919492093130793
SAC,2layers,first-both,frelu,0.2,Finger-Spin,748954000.0,50582395.57889683,5,866.4,44.30914126904289,5,100.0,10000.0,1000000.0,701096000.0,748954000.0,6.826169312048564
SAC,2layers,first-both,frelu,0.2,HalfCheetah-v4,6887681020.757881,595456713.4959434,5,9028.243234958518,1307.0233469003178,5,100.0,10000.0,1000000.0,6850674489.653674,6887681020.757881,0.5401881400159454
SAC,2layers,first-both,frelu,0.2,Hopper-v4,2419485013.6607985,164493825.16558164,5,3317.3305868553334,139.02972423309492,5,100.0,10000.0,1000000.0,2333416292.847686,2419485013.6607985,3.6885283211970306
SAC,2layers,first-both,frelu,0.2,Humanoid-v4,3746296910.130555,93503748.16712324,5,4738.064988412732,1061.4072777233678,5,100.0,10000.0,1000000.0,3819549534.547168,3746296910.130555,-1.9178341255704436
SAC,2layers,first-both,frelu,0.2,Walker-Walk,797135224.3587267,56798245.22741029,5,922.8960410137644,55.21724632377119,5,100.0,10000.0,1000000.0,767541404.4895375,797135224.3587267,3.8556642932990677
SAC,2layers,first-both,frelu,0.3,Ant-v4,1845063568.587051,594336402.7654032,5,3686.685526502964,1155.992570732098,5,100.0,10000.0,1000000.0,2372622764.7592154,1845063568.587051,-22.235274988002722
SAC,2layers,first-both,frelu,0.3,Cartpole-Swingup,775515552.2979887,22468774.11623368,5,851.24001276591,8.590936351985718,5,100.0,10000.0,1000000.0,765640778.4342302,775515552.2979887,1.2897398025158484
SAC,2layers,first-both,frelu,0.3,Cheetah-Run,379775225.5217042,61073818.61407281,5,514.4214992188158,87.5990078422178,5,100.0,10000.0,1000000.0,418412081.7445899,379775225.5217042,-9.234163617309385
SAC,2layers,first-both,frelu,0.3,Finger-Spin,763553000.0,64174335.07641509,5,908.2,13.51665639128257,5,100.0,10000.0,1000000.0,701096000.0,763553000.0,8.908480436345378
SAC,2layers,first-both,frelu,0.3,HalfCheetah-v4,6225678541.826616,2632247186.209713,5,7958.637065353844,3471.9939181108507,5,100.0,10000.0,1000000.0,6850674489.653674,6225678541.826616,-9.123130120559173
SAC,2layers,first-both,frelu,0.3,Hopper-v4,2148916386.513395,668615048.7139554,5,2960.426776247248,791.8528152135574,5,100.0,10000.0,1000000.0,2333416292.847686,2148916386.513395,-7.9068577218653315
SAC,2layers,first-both,frelu,0.3,Humanoid-v4,3864066348.7240815,340149636.06767553,5,5623.511145674742,367.6973491911864,5,100.0,10000.0,1000000.0,3819549534.547168,3864066348.7240815,1.1654990666901115
SAC,2layers,first-both,frelu,0.3,Walker-Walk,810778333.9381955,44062925.01994625,5,959.8873422648342,14.413124819257984,5,100.0,10000.0,1000000.0,767541404.4895375,810778333.9381955,5.633172255692607
SAC,2layers,first-both,frelu,0.4,Ant-v4,1368671804.9209936,168866466.27695283,5,2018.7532199067289,801.0371080081106,5,100.0,10000.0,1000000.0,2372622764.7592154,1368671804.9209936,-42.31397315873378
SAC,2layers,first-both,frelu,0.4,Cartpole-Swingup,774308492.7628347,17584653.924279377,5,850.7838750630275,9.626771338708568,5,100.0,10000.0,1000000.0,765640778.4342302,774308492.7628347,1.1320862959167777
SAC,2layers,first-both,frelu,0.4,Cheetah-Run,482475984.9644995,40845348.46356688,5,631.2573013446685,65.1310273708566,5,100.0,10000.0,1000000.0,418412081.7445899,482475984.9644995,15.311198221808494
SAC,2layers,first-both,frelu,0.4,Finger-Spin,762499000.0,40898996.07569847,5,873.4,36.73962438566839,5,100.0,10000.0,1000000.0,701096000.0,762499000.0,8.7581443910677
SAC,2layers,first-both,frelu,0.4,HalfCheetah-v4,6667578127.327047,822154914.2885967,5,8490.243636088479,1314.6796113465705,5,100.0,10000.0,1000000.0,6850674489.653674,6667578127.327047,-2.672676429206359
SAC,2layers,first-both,frelu,0.4,Hopper-v4,2579771035.3212767,188344803.8941613,5,3368.511827120022,103.85335126454716,5,100.0,10000.0,1000000.0,2333416292.847686,2579771035.3212767,10.557685022972954
SAC,2layers,first-both,frelu,0.4,Humanoid-v4,3814658224.764539,253552661.08792248,5,5448.385216974918,121.65698592612851,5,100.0,10000.0,1000000.0,3819549534.547168,3814658224.764539,-0.1280598598967747
SAC,2layers,first-both,frelu,0.4,Walker-Walk,746153724.2626528,111806232.4727714,5,906.1235558463492,120.42610584520423,5,100.0,10000.0,1000000.0,767541404.4895375,746153724.2626528,-2.7865181085714656
SAC,2layers,first-both,frelu,0.5,Ant-v4,1593824209.0889852,154193641.5756212,5,3032.145237719103,487.66817500974304,5,100.0,10000.0,1000000.0,2372622764.7592154,1593824209.0889852,-32.824373399673846
SAC,2layers,first-both,frelu,0.5,Cartpole-Swingup,781197824.0151371,14754066.632633004,5,836.1048727020958,34.01032211600202,5,100.0,10000.0,1000000.0,765640778.4342302,781197824.0151371,2.031898772779805
SAC,2layers,first-both,frelu,0.5,Cheetah-Run,431681279.6699377,25653986.069354467,5,600.4913846528053,35.30029773144543,5,100.0,10000.0,1000000.0,418412081.7445899,431681279.6699377,3.171322842787227
SAC,2layers,first-both,frelu,0.5,Finger-Spin,714353000.0,172216546.6280752,5,845.4,107.62574041557158,5,100.0,10000.0,1000000.0,701096000.0,714353000.0,1.8908965391330146
SAC,2layers,first-both,frelu,0.5,HalfCheetah-v4,5905213361.825876,908015677.48256,5,7475.864166696864,1254.1857453816651,5,100.0,10000.0,1000000.0,6850674489.653674,5905213361.825876,-13.800993307384458
SAC,2layers,first-both,frelu,0.5,Hopper-v4,2602700512.088738,282526508.40539414,5,3173.067829761848,540.803896753184,5,100.0,10000.0,1000000.0,2333416292.847686,2602700512.088738,11.540341946975072
SAC,2layers,first-both,frelu,0.5,Humanoid-v4,4120454610.9037423,251708023.35923037,5,5371.100115143823,273.00184157808764,5,100.0,10000.0,1000000.0,3819549534.547168,4120454610.9037423,7.8780252392314845
SAC,2layers,first-both,frelu,0.5,Walker-Walk,699797947.2573423,106889437.20390262,5,886.9716582924572,128.95639238951088,5,100.0,10000.0,1000000.0,767541404.4895375,699797947.2573423,-8.826032945707825
SAC,2layers,first-both,fswish,0.1,Ant-v4,3715257993.4921274,438777996.1658367,5,5800.01953125,306.1112615959365,5,100.0,10000.0,1000000.0,2372622764.7592154,3715257993.4921274,56.588651541037066
SAC,2layers,first-both,fswish,0.1,Cartpole-Swingup,748536293.6019897,59995294.40246026,5,828.5969848632812,35.81372086185726,5,100.0,10000.0,1000000.0,765640778.4342302,748536293.6019897,-2.234009122034997
SAC,2layers,first-both,fswish,0.1,Cheetah-Run,449813512.4299526,27047121.1359814,5,587.5602783203125,31.485617664776008,5,100.0,10000.0,1000000.0,418412081.7445899,449813512.4299526,7.504905344614542
SAC,2layers,first-both,fswish,0.1,Finger-Spin,756561000.0,47519145.40477342,5,874.2,26.855167100578623,5,100.0,10000.0,1000000.0,701096000.0,756561000.0,7.911184773554549
SAC,2layers,first-both,fswish,0.1,HalfCheetah-v4,8032336192.606448,770333697.9713241,5,10428.651953125,1327.9980246527757,5,100.0,10000.0,1000000.0,6850674489.653674,8032336192.606448,17.24883739166698
SAC,2layers,first-both,fswish,0.1,Hopper-v4,2657573514.7821903,198538652.11289945,5,3075.8720703125,737.1835387647022,5,100.0,10000.0,1000000.0,2333416292.847686,2657573514.7821903,13.891958452853055
SAC,2layers,first-both,fswish,0.1,Humanoid-v4,3739769879.058838,272941076.70803475,5,5321.1083984375,122.26220315599426,5,100.0,10000.0,1000000.0,3819549534.547168,3739769879.058838,-2.0887189645463855
SAC,2layers,first-both,fswish,0.1,Walker-Walk,734098796.1368561,64863361.969278,5,884.124072265625,82.7175715576584,5,100.0,10000.0,1000000.0,767541404.4895375,734098796.1368561,-4.357108053984762
SAC,2layers,first-both,fswish,0.2,Ant-v4,3381683998.6400604,124520408.97079436,5,5799.80966796875,272.6170034649052,5,100.0,10000.0,1000000.0,2372622764.7592154,3381683998.6400604,42.52935817983898
SAC,2layers,first-both,fswish,0.2,Cartpole-Swingup,768444649.635315,22702541.926819183,5,761.574755859375,109.33735656863728,5,100.0,10000.0,1000000.0,765640778.4342302,768444649.635315,0.3662123648662987
SAC,2layers,first-both,fswish,0.2,Cheetah-Run,458487608.3284617,38680555.8502146,5,610.488037109375,51.12698093053531,5,100.0,10000.0,1000000.0,418412081.7445899,458487608.3284617,9.578004157235348
SAC,2layers,first-both,fswish,0.2,Finger-Spin,749239000.0,37508158.34588523,5,861.4,33.91607288587522,5,100.0,10000.0,1000000.0,701096000.0,749239000.0,6.866819950477538
SAC,2layers,first-both,fswish,0.2,HalfCheetah-v4,7486069646.186829,987515129.5823768,5,9609.95234375,1115.5108691699502,5,100.0,10000.0,1000000.0,6850674489.653674,7486069646.186829,9.274928439422553
SAC,2layers,first-both,fswish,0.2,Hopper-v4,2272559859.0955734,180346639.1202365,5,2638.14833984375,872.1542606809738,5,100.0,10000.0,1000000.0,2333416292.847686,2272559859.0955734,-2.608040148628756
SAC,2layers,first-both,fswish,0.2,Humanoid-v4,3620404247.406006,211782834.95875815,5,4428.589526367187,1839.9450324035072,5,100.0,10000.0,1000000.0,3819549534.547168,3620404247.406006,-5.213842243435439
SAC,2layers,first-both,fswish,0.2,Walker-Walk,819841874.1931915,46572618.63264078,5,954.2887084960936,9.957168114175367,5,100.0,10000.0,1000000.0,767541404.4895375,819841874.1931915,6.8140258489947
SAC,2layers,first-both,fswish,0.3,Ant-v4,3003750657.630801,594301570.0076485,5,4790.471142578125,895.4465009005435,5,100.0,10000.0,1000000.0,2372622764.7592154,3003750657.630801,26.60043148223083
SAC,2layers,first-both,fswish,0.3,Cartpole-Swingup,769737357.3608398,25543937.59238046,5,841.528515625,12.91578190961401,5,100.0,10000.0,1000000.0,765640778.4342302,769737357.3608398,0.5350523433440058
SAC,2layers,first-both,fswish,0.3,Cheetah-Run,472907427.9813767,25725762.50348357,5,628.28046875,37.38811705012286,5,100.0,10000.0,1000000.0,418412081.7445899,472907427.9813767,13.024324252197914
SAC,2layers,first-both,fswish,0.3,Finger-Spin,787767000.0,41877691.94332467,5,907.0,44.50280890011326,5,100.0,10000.0,1000000.0,701096000.0,787767000.0,12.362215730798635
SAC,2layers,first-both,fswish,0.3,HalfCheetah-v4,7925671332.019806,1279784962.575857,5,10005.13427734375,1778.5783401603203,5,100.0,10000.0,1000000.0,6850674489.653674,7925671332.019806,15.691839453029926
SAC,2layers,first-both,fswish,0.3,Hopper-v4,2482222160.4537964,283342116.6752236,5,2509.29755859375,1169.5186476057568,5,100.0,10000.0,1000000.0,2333416292.847686,2482222160.4537964,6.377167591664875
SAC,2layers,first-both,fswish,0.3,Humanoid-v4,3701629875.335693,309626823.2144861,5,3962.364465332031,2050.895666186242,5,100.0,10000.0,1000000.0,3819549534.547168,3701629875.335693,-3.087266132953949
SAC,2layers,first-both,fswish,0.3,Walker-Walk,771713475.528717,80558625.35229851,5,944.120166015625,20.04543189449315,5,100.0,10000.0,1000000.0,767541404.4895375,771713475.528717,0.5435629940972694
SAC,2layers,first-both,fswish,0.4,Ant-v4,2796807766.31546,748131597.9693363,5,2777.2153610229493,2530.05594302417,5,100.0,10000.0,1000000.0,2372622764.7592154,2796807766.31546,17.878316260667468
SAC,2layers,first-both,fswish,0.4,Cartpole-Swingup,783549865.4556274,16150579.374922732,5,835.7440795898438,23.472523254946832,5,100.0,10000.0,1000000.0,765640778.4342302,783549865.4556274,2.339097854482375
SAC,2layers,first-both,fswish,0.4,Cheetah-Run,473886526.8498845,27585298.54874449,5,611.6921142578125,28.649172053953485,5,100.0,10000.0,1000000.0,418412081.7445899,473886526.8498845,13.25832774091779
SAC,2layers,first-both,fswish,0.4,Finger-Spin,799542000.0,18701500.14036307,5,915.6,29.108418026406035,5,100.0,10000.0,1000000.0,701096000.0,799542000.0,14.041728950100985
SAC,2layers,first-both,fswish,0.4,HalfCheetah-v4,8099956108.16288,1099998967.1803014,5,10766.8248046875,904.4129574679044,5,100.0,10000.0,1000000.0,6850674489.653674,8099956108.16288,18.23589225259426
SAC,2layers,first-both,fswish,0.4,Hopper-v4,2601184543.157577,317399932.63415724,5,3163.5968994140626,731.4559907033351,5,100.0,10000.0,1000000.0,2333416292.847686,2601184543.157577,11.475374159795061
SAC,2layers,first-both,fswish,0.4,Humanoid-v4,3768577141.143799,208070021.91341725,5,5225.2818359375,69.68569896098377,5,100.0,10000.0,1000000.0,3819549534.547168,3768577141.143799,-1.3345132179156842
SAC,2layers,first-both,fswish,0.4,Walker-Walk,785226589.2887115,108550488.73386772,5,911.459521484375,108.65538531222968,5,100.0,10000.0,1000000.0,767541404.4895375,785226589.2887115,2.3041343041208067
SAC,2layers,first-both,fswish,0.5,Ant-v4,3930721286.633968,319714309.7006114,5,5810.46806640625,138.34895836939847,5,100.0,10000.0,1000000.0,2372622764.7592154,3930721286.633968,65.66987997490935
SAC,2layers,first-both,fswish,0.5,Cartpole-Swingup,789467594.3832397,16761640.73792482,5,836.1588012695313,16.710549092750206,5,100.0,10000.0,1000000.0,765640778.4342302,789467594.3832397,3.1120097858079667
SAC,2layers,first-both,fswish,0.5,Cheetah-Run,487650332.4526251,68933395.64237572,5,644.494970703125,84.8107786869719,5,100.0,10000.0,1000000.0,418412081.7445899,487650332.4526251,16.547861242281257
SAC,2layers,first-both,fswish,0.5,Finger-Spin,785833000.0,17712634.120875414,5,891.0,23.674881203503418,5,100.0,10000.0,1000000.0,701096000.0,785833000.0,12.086361924757808
SAC,2layers,first-both,fswish,0.5,HalfCheetah-v4,7988225827.774048,1004871810.772048,5,10395.980078125,1085.2467121830637,5,100.0,10000.0,1000000.0,6850674489.653674,7988225827.774048,16.60495386021298
SAC,2layers,first-both,fswish,0.5,Hopper-v4,2021099920.3147888,614199049.7442445,5,2554.5476806640627,921.2508297911296,5,100.0,10000.0,1000000.0,2333416292.847686,2021099920.3147888,-13.384511520306056
SAC,2layers,first-both,fswish,0.5,Humanoid-v4,3635962331.390381,258848199.89865467,5,5314.69736328125,145.5176927062237,5,100.0,10000.0,1000000.0,3819549534.547168,3635962331.390381,-4.806514524717438
SAC,2layers,first-both,fswish,0.5,Walker-Walk,791202967.0219421,83431005.82688966,5,920.9795532226562,105.92414301458332,5,100.0,10000.0,1000000.0,767541404.4895375,791202967.0219421,3.082773436586273
SAC,2layers,first-both,gelu,,Ant-v4,3319918496.254921,797462247.2292292,5,5343.7935546875,904.0371974701696,5,100.0,10000.0,1000000.0,2372622764.7592154,3319918496.254921,39.92609973932546
SAC,2layers,first-both,gelu,,Cartpole-Swingup,780037179.1229248,15243297.77395467,5,834.09912109375,21.002558788501617,5,100.0,10000.0,1000000.0,765640778.4342302,780037179.1229248,1.8803074619583198
SAC,2layers,first-both,gelu,,Cheetah-Run,400715769.7663754,29019988.84632683,5,554.3611389160156,83.46677319971207,5,100.0,10000.0,1000000.0,418412081.7445899,400715769.7663754,-4.229397942915236
SAC,2layers,first-both,gelu,,Finger-Spin,774064000.0,31723468.914984696,5,899.6,28.80624932197873,5,100.0,10000.0,1000000.0,701096000.0,774064000.0,10.407704508369752
SAC,2layers,first-both,gelu,,HalfCheetah-v4,6892409846.3459015,1348890275.6174393,5,8877.49248046875,2123.0321741191706,5,100.0,10000.0,1000000.0,6850674489.653674,6892409846.3459015,0.6092152934029892
SAC,2layers,first-both,gelu,,Hopper-v4,2195549075.843811,471839971.6227945,5,3024.9968505859374,877.8514732800962,5,100.0,10000.0,1000000.0,2333416292.847686,2195549075.843811,-5.908384947274991
SAC,2layers,first-both,gelu,,Humanoid-v4,3640765187.042236,265307140.98410293,5,5531.1265625,335.0247322198585,5,100.0,10000.0,1000000.0,3819549534.547168,3640765187.042236,-4.680770491071219
SAC,2layers,first-both,gelu,,Walker-Walk,788388842.496872,98146029.79122654,5,902.080078125,81.38267533997835,5,100.0,10000.0,1000000.0,767541404.4895375,788388842.496872,2.716132039964581
SAC,2layers,first-both,lrelu,,Ant-v4,3013866843.4712887,518852546.0112528,5,3199.3371704101564,2854.095403247813,5,100.0,10000.0,1000000.0,2372622764.7592154,3013866843.4712887,27.026802921919607
SAC,2layers,first-both,lrelu,,Cartpole-Swingup,760529137.7258301,26493334.796488848,5,843.013134765625,19.268757914681284,5,100.0,10000.0,1000000.0,765640778.4342302,760529137.7258301,-0.6676291091566028
SAC,2layers,first-both,lrelu,,Cheetah-Run,455917067.3651695,25665546.19278397,5,624.2322143554687,57.84114261693198,5,100.0,10000.0,1000000.0,418412081.7445899,455917067.3651695,8.963647862222501
SAC,2layers,first-both,lrelu,,Finger-Spin,770329000.0,17044091.131532945,5,903.4,50.22250491562523,5,100.0,10000.0,1000000.0,701096000.0,770329000.0,9.874967194221618
SAC,2layers,first-both,lrelu,,HalfCheetah-v4,7650174183.280945,1101562211.9051063,5,10188.5625,1526.4512003060556,5,100.0,10000.0,1000000.0,6850674489.653674,7650174183.280945,11.670379242726042
SAC,2layers,first-both,lrelu,,Hopper-v4,2375259669.7235107,231648100.1050147,5,2495.02431640625,1027.6740460011597,5,100.0,10000.0,1000000.0,2333416292.847686,2375259669.7235107,1.7932238239735416
SAC,2layers,first-both,lrelu,,Humanoid-v4,3683835414.733887,68337035.97926594,5,5507.22255859375,97.17974127583902,5,100.0,10000.0,1000000.0,3819549534.547168,3683835414.733887,-3.5531446466597627
SAC,2layers,first-both,lrelu,,Walker-Walk,727389185.084343,94564975.33463313,5,901.9652587890624,65.60495214391469,5,100.0,10000.0,1000000.0,767541404.4895375,727389185.084343,-5.231277318765394
SAC,2layers,first-both,prelu,,Ant-v4,2303217961.055994,242420811.00860345,5,3167.72861328125,392.9603959710306,5,100.0,10000.0,1000000.0,2372622764.7592154,2303217961.055994,-2.925235512956264
SAC,2layers,first-both,prelu,,Cartpole-Swingup,773297369.1594601,18756458.37525795,5,809.3621337890625,46.03437194757771,5,100.0,10000.0,1000000.0,765640778.4342302,773297369.1594601,1.0000238938275898
SAC,2layers,first-both,prelu,,Cheetah-Run,452100943.8333512,40477763.75570125,5,644.0814453125,70.6169472035561,5,100.0,10000.0,1000000.0,418412081.7445899,452100943.8333512,8.05159878469424
SAC,2layers,first-both,prelu,,Finger-Spin,773491000.0,36573105.79510578,5,890.6,41.86048255813591,5,100.0,10000.0,1000000.0,701096000.0,773491000.0,10.325975330054657
SAC,2layers,first-both,prelu,,HalfCheetah-v4,7539344334.224701,672344294.3721546,5,9720.46376953125,1242.200432702952,5,100.0,10000.0,1000000.0,6850674489.653674,7539344334.224701,10.052584539100492
SAC,2layers,first-both,prelu,,Hopper-v4,2475360400.8789062,147987613.55794904,5,3365.520751953125,125.90447197814022,5,100.0,10000.0,1000000.0,2333416292.847686,2475360400.8789062,6.083102636520669
SAC,2layers,first-both,prelu,,Humanoid-v4,3884787682.785034,220429227.5545337,5,5492.430078125,257.09889304410746,5,100.0,10000.0,1000000.0,3819549534.547168,3884787682.785034,1.7080063407425035
SAC,2layers,first-both,prelu,,Walker-Walk,777843155.538559,69281872.51321638,5,904.7287353515624,74.42964036159638,5,100.0,10000.0,1000000.0,767541404.4895375,777843155.538559,1.3421752870612609
SAC,2layers,first-both,swish,,Ant-v4,3057195320.7798004,825059152.9511926,5,5251.72958984375,790.0123087946728,5,100.0,10000.0,1000000.0,2372622764.7592154,3057195320.7798004,28.852987764789425
SAC,2layers,first-both,swish,,Cartpole-Swingup,736531696.3195801,64074387.05728853,5,805.3068359375,90.88304819365923,5,100.0,10000.0,1000000.0,765640778.4342302,736531696.3195801,-3.8019242097030816
SAC,2layers,first-both,swish,,Cheetah-Run,380268168.784976,58399533.66621623,5,496.2855163574219,77.90088468347622,5,100.0,10000.0,1000000.0,418412081.7445899,380268168.784976,-9.116350751768683
SAC,2layers,first-both,swish,,Finger-Spin,766779000.0,31820119.303673267,5,878.2,25.762375666851835,5,100.0,10000.0,1000000.0,701096000.0,766779000.0,9.368617136597555
SAC,2layers,first-both,swish,,HalfCheetah-v4,7742383707.16095,1074994125.381608,5,9962.151171875,1466.8323603424024,5,100.0,10000.0,1000000.0,6850674489.653674,7742383707.16095,13.016371144972538
SAC,2layers,first-both,swish,,Hopper-v4,2140851388.0615237,272771562.99680966,5,1588.55283203125,201.6533518306391,5,100.0,10000.0,1000000.0,2333416292.847686,2140851388.0615237,-8.25248822408612
SAC,2layers,first-both,swish,,Humanoid-v4,3626668486.022949,336055369.52678925,5,5530.49638671875,81.8021355487484,5,100.0,10000.0,1000000.0,3819549534.547168,3626668486.022949,-5.049837599424819
SAC,2layers,first-both,swish,,Walker-Walk,763209425.9815216,115157925.20496966,5,898.0176635742188,116.63023101574292,5,100.0,10000.0,1000000.0,767541404.4895375,763209425.9815216,-0.5643967195355285
SAC,2layers,r,relu,,Ant-v4,2372622764.759216,704845899.3254327,5,3050.136409844251,1799.74201394965,5,100.0,10000.0,1000000.0,2372622764.7592154,2372622764.759216,2.009747041483506e-14
SAC,2layers,r,relu,,Cartpole-Swingup,765640778.4342302,33315598.152676143,5,836.3757588488954,18.805875009834097,5,100.0,10000.0,1000000.0,765640778.4342302,765640778.4342302,0.0
SAC,2layers,r,relu,,Cheetah-Run,418412081.7445899,50541975.26407032,5,550.7355605079193,68.05683237571198,5,100.0,10000.0,1000000.0,418412081.7445899,418412081.7445899,0.0
SAC,2layers,r,relu,,Finger-Spin,701096000.0,118692572.81944816,5,846.0,28.905016865589268,5,100.0,10000.0,1000000.0,701096000.0,701096000.0,0.0
SAC,2layers,r,relu,,HalfCheetah-v4,6850674489.653674,642033000.2626348,5,8884.398382220385,1421.1396232118493,5,100.0,10000.0,1000000.0,6850674489.653674,6850674489.653674,0.0
SAC,2layers,r,relu,,Hopper-v4,2333416292.847686,256278298.663009,5,2884.0715076757087,713.5396672308266,5,100.0,10000.0,1000000.0,2333416292.847686,2333416292.847686,0.0
SAC,2layers,r,relu,,Humanoid-v4,3819549534.547168,269070392.5217933,5,5568.868875934602,88.97523207032373,5,99.0,10009.0,990865.0,3819549534.547168,3819549534.547168,0.0
SAC,2layers,r,relu,,Walker-Walk,767541404.4895375,100576865.45380507,5,873.6953271764166,101.7848163682229,5,100.0,10000.0,1000000.0,767541404.4895375,767541404.4895375,0.0
TD3,1layer,none,fgelu,0.1,Ant-v4,1198239179.5578003,148333539.03002068,5,2135.504272460937,411.3382681945799,5,100.0,10000.0,1000000.0,1435997724.7550051,1198239179.5578003,-16.557027988172383
TD3,1layer,none,fgelu,0.1,Cartpole-Swingup,662774016.2963867,127899273.25046565,5,797.9761108398437,35.57713907110863,5,100.0,10000.0,1000000.0,656025240.207854,662774016.2963867,1.0287372611447716
TD3,1layer,none,fgelu,0.1,Cheetah-Run,319307003.28946114,49259224.49096824,5,472.7327209472657,30.95948902695086,5,100.0,10000.0,1000000.0,282632550.53843087,319307003.28946114,12.976018749844409
TD3,1layer,none,fgelu,0.1,Finger-Spin,514023000.0,55002467.74009326,5,671.4,89.2149090679355,5,100.0,10000.0,1000000.0,447739000.0,514023000.0,14.804160459553446
TD3,1layer,none,fgelu,0.1,HalfCheetah-v4,964109007.2593688,421398599.5671172,5,3701.045068359375,1728.2185277741387,5,38.4,10000.0,390000.0,2272098573.3879137,964109007.2593688,-57.567465665814346
TD3,1layer,none,fgelu,0.1,Hopper-v4,1481394439.54134,390693425.9639475,5,2578.0268798828124,951.7821693686524,5,100.0,10000.0,1000000.0,1096397127.585713,1481394439.54134,35.11476838719913
TD3,1layer,none,fgelu,0.1,Humanoid-v4,1660689470.062256,924522975.9319798,5,3144.103076171875,2093.16119634612,5,100.0,10000.0,1000000.0,2245589736.7499375,1660689470.062256,-26.046621834592678
TD3,1layer,none,fgelu,0.1,Walker-Walk,546997274.1279602,117764744.89420225,5,641.2231323242188,229.233163184045,5,100.0,10000.0,1000000.0,546355122.2629595,546997274.1279602,0.11753378687857502
TD3,1layer,none,fgelu,0.2,Ant-v4,1210804647.8500366,246794072.41331857,5,1907.9913940429688,637.2227492192346,5,100.0,10000.0,1000000.0,1435997724.7550051,1210804647.8500366,-15.681993990860157
TD3,1layer,none,fgelu,0.2,Cartpole-Swingup,735773794.2047119,54342791.63826639,5,789.1939208984375,85.35988822681384,5,100.0,10000.0,1000000.0,656025240.207854,735773794.2047119,12.156324041982055
TD3,1layer,none,fgelu,0.2,Cheetah-Run,316772035.7837677,39202827.93735187,5,458.0831970214844,45.19651367391284,5,100.0,10000.0,1000000.0,282632550.53843087,316772035.7837677,12.079105955877761
TD3,1layer,none,fgelu,0.2,Finger-Spin,507695000.0,72807461.24196339,5,666.8,116.38169959233284,5,100.0,10000.0,1000000.0,447739000.0,507695000.0,13.390837072490893
TD3,1layer,none,fgelu,0.2,HalfCheetah-v4,2620502389.328003,1447269826.069971,5,3259.832763671875,1975.171330041033,5,100.0,10000.0,1000000.0,2272098573.3879137,2620502389.328003,15.33400971334559
TD3,1layer,none,fgelu,0.2,Hopper-v4,1431769348.7012386,702684418.7331846,5,2237.020068359375,1070.4366341355997,5,100.0,10000.0,1000000.0,1096397127.585713,1431769348.7012386,30.58857166600041
TD3,1layer,none,fgelu,0.2,Humanoid-v4,2032216718.849182,716617191.7391251,5,4684.621826171875,876.054046961492,5,100.0,10000.0,1000000.0,2245589736.7499375,2032216718.849182,-9.501870016985933
TD3,1layer,none,fgelu,0.2,Walker-Walk,620782393.623352,181086540.50270867,5,692.3481628417969,307.20916234845816,5,100.0,10000.0,1000000.0,546355122.2629595,620782393.623352,13.622508205308065
TD3,1layer,none,fgelu,0.3,Ant-v4,1494459707.6644895,477535263.6191398,5,1656.118962097168,896.740568829999,5,100.0,10000.0,1000000.0,1435997724.7550051,1494459707.6644895,4.071175176789263
TD3,1layer,none,fgelu,0.3,Cartpole-Swingup,714003528.6712646,25481944.586019665,5,818.6967895507812,13.085069834667912,5,100.0,10000.0,1000000.0,656025240.207854,714003528.6712646,8.837813686107697
TD3,1layer,none,fgelu,0.3,Cheetah-Run,306070530.8008194,29838171.29986939,5,425.2303131103516,159.1679557509605,5,100.0,10000.0,1000000.0,282632550.53843087,306070530.8008194,8.292739182991435
TD3,1layer,none,fgelu,0.3,Finger-Spin,432959000.0,247583159.7514257,5,617.0,354.92323113597394,5,100.0,10000.0,1000000.0,447739000.0,432959000.0,-3.301030287734595
TD3,1layer,none,fgelu,0.3,HalfCheetah-v4,2451260893.0683136,1272802603.434399,5,3361.30576171875,1836.896189676353,5,100.0,10000.0,1000000.0,2272098573.3879137,2451260893.0683136,7.8853233648772525
TD3,1layer,none,fgelu,0.3,Hopper-v4,1209658310.0738523,644225027.4402585,5,2344.1505615234373,940.5587837998676,5,100.0,10000.0,1000000.0,1096397127.585713,1209658310.0738523,10.33030638611236
TD3,1layer,none,fgelu,0.3,Humanoid-v4,2413490788.444519,1001552541.6106968,5,4233.516198730469,1889.4024246498768,5,100.0,10000.0,1000000.0,2245589736.7499375,2413490788.444519,7.476924611242044
TD3,1layer,none,fgelu,0.3,Walker-Walk,677240393.0950165,126203199.83451223,5,882.7761962890625,70.17892664068597,5,100.0,10000.0,1000000.0,546355122.2629595,677240393.0950165,23.956080120552475
TD3,1layer,none,fgelu,0.4,Ant-v4,1143484727.5390625,386870661.0222773,5,1650.8778076171875,625.8683515371386,5,100.0,10000.0,1000000.0,1435997724.7550051,1143484727.5390625,-20.370018153465256
TD3,1layer,none,fgelu,0.4,Cartpole-Swingup,699933998.5046387,45286778.87627217,5,788.1314086914062,55.019331422147694,5,100.0,10000.0,1000000.0,656025240.207854,699933998.5046387,6.6931507517717845
TD3,1layer,none,fgelu,0.4,Cheetah-Run,323499278.5745859,34478288.230026595,5,336.1989356994629,256.6484856505814,5,100.0,10000.0,1000000.0,282632550.53843087,323499278.5745859,14.459314030992408
TD3,1layer,none,fgelu,0.4,Finger-Spin,573927000.0,50175199.25222021,5,778.8,71.81712887605576,5,100.0,10000.0,1000000.0,447739000.0,573927000.0,28.18338362304825
TD3,1layer,none,fgelu,0.4,HalfCheetah-v4,2753062397.714615,1410638302.6824272,5,3331.149365234375,1698.839532918692,5,100.0,10000.0,1000000.0,2272098573.3879137,2753062397.714615,21.168263998755066
TD3,1layer,none,fgelu,0.4,Hopper-v4,1551734546.2799072,782877337.7468044,5,2384.22548828125,679.3842553285094,5,100.0,10000.0,1000000.0,1096397127.585713,1551734546.2799072,41.53033670353149
TD3,1layer,none,fgelu,0.4,Humanoid-v4,1446232578.6743164,632971633.8635491,5,3574.9723876953126,2207.5285200126627,5,100.0,10000.0,1000000.0,2245589736.7499375,1446232578.6743164,-35.59675861506822
TD3,1layer,none,fgelu,0.4,Walker-Walk,651483742.3171997,202286160.52338877,5,808.8139282226563,165.38229990091955,5,100.0,10000.0,1000000.0,546355122.2629595,651483742.3171997,19.241811007244856
TD3,1layer,none,fgelu,0.5,Ant-v4,1497196359.131813,471193492.0771822,5,2122.7505126953124,708.208485040114,5,100.0,10000.0,1000000.0,1435997724.7550051,1497196359.131813,4.26175009345847
TD3,1layer,none,fgelu,0.5,Cartpole-Swingup,688365040.5471772,34539601.31533612,5,770.1526733398438,90.8393114347451,5,100.0,10000.0,1000000.0,656025240.207854,688365040.5471772,4.929657939544623
TD3,1layer,none,fgelu,0.5,Cheetah-Run,331477774.75476265,26202960.347939257,5,520.2278259277343,60.90688385008519,5,100.0,10000.0,1000000.0,282632550.53843087,331477774.75476265,17.28223593612232
TD3,1layer,none,fgelu,0.5,Finger-Spin,591872000.0,19356633.423712917,5,788.6,67.2517657760746,5,100.0,10000.0,1000000.0,447739000.0,591872000.0,32.19129894871789
TD3,1layer,none,fgelu,0.5,HalfCheetah-v4,3344317583.625793,1174594818.4301715,5,4190.412670898438,1475.5981403074677,5,100.0,10000.0,1000000.0,2272098573.3879137,3344317583.625793,47.19069070313703
TD3,1layer,none,fgelu,0.5,Hopper-v4,1390592903.6159515,985930908.4631608,5,2013.7294799804688,1393.700847431926,5,100.0,10000.0,1000000.0,1096397127.585713,1390592903.6159515,26.83295756876555
TD3,1layer,none,fgelu,0.5,Humanoid-v4,2326629457.4432373,712004817.3845762,5,4699.073486328125,1062.2325531806,5,100.0,10000.0,1000000.0,2245589736.7499375,2326629457.4432373,3.6088391110385682
TD3,1layer,none,fgelu,0.5,Walker-Walk,607345640.6736374,232370167.1036674,5,677.0263479232788,399.7575842605342,5,100.0,10000.0,1000000.0,546355122.2629595,607345640.6736374,11.163164016484377
TD3,1layer,none,flrelu,0.1,Ant-v4,1476546167.4999716,150306022.8673606,5,2447.636296807543,321.0978151112536,5,100.0,10000.0,1000000.0,1435997724.7550051,1476546167.4999716,2.8237121860262318
TD3,1layer,none,flrelu,0.1,Cartpole-Swingup,690339458.1490338,59876718.6100926,5,824.3053707240264,27.87941792759634,5,100.0,10000.0,1000000.0,656025240.207854,690339458.1490338,5.230624652537407
TD3,1layer,none,flrelu,0.1,Cheetah-Run,325637249.20150244,50076248.65306142,5,464.5535169700582,43.54679791044008,5,100.0,10000.0,1000000.0,282632550.53843087,325637249.20150244,15.21576286282143
TD3,1layer,none,flrelu,0.1,Finger-Spin,475539000.0,97490637.97360235,5,649.2,84.38127754425147,5,100.0,10000.0,1000000.0,447739000.0,475539000.0,6.208974424832324
TD3,1layer,none,flrelu,0.1,HalfCheetah-v4,2377944026.561464,1342407977.4059846,5,3162.377913499776,1633.9978947107636,5,100.0,10000.0,1000000.0,2272098573.3879137,2377944026.561464,4.658488606668352
TD3,1layer,none,flrelu,0.1,Hopper-v4,1129385339.1654148,629352908.7393898,5,2295.715002581801,1159.3711205553857,5,100.0,10000.0,1000000.0,1096397127.585713,1129385339.1654148,3.0087831087575507
TD3,1layer,none,flrelu,0.1,Humanoid-v4,2354109085.362489,550563775.4760303,5,3325.111081724145,2488.714791256326,5,100.0,10000.0,1000000.0,2245589736.7499375,2354109085.362489,4.832554532851256
TD3,1layer,none,flrelu,0.1,Walker-Walk,507640375.22964513,184582033.1555054,5,691.6116477910421,181.49943966719744,5,100.0,10000.0,1000000.0,546355122.2629595,507640375.22964513,-7.086004222484625
TD3,1layer,none,flrelu,0.2,Ant-v4,1466498301.5217144,346782329.41407424,5,2260.0182679367367,740.4000722516934,5,100.0,10000.0,1000000.0,1435997724.7550051,1466498301.5217144,2.123998961900376
TD3,1layer,none,flrelu,0.2,Cartpole-Swingup,691266171.1829004,63116399.59044998,5,795.5423015508197,40.99020458767419,5,100.0,10000.0,1000000.0,656025240.207854,691266171.1829004,5.371886448131281
TD3,1layer,none,flrelu,0.2,Cheetah-Run,326114562.143372,54589951.30893449,5,501.4310105292613,60.23503796116342,5,100.0,10000.0,1000000.0,282632550.53843087,326114562.143372,15.384643956297836
TD3,1layer,none,flrelu,0.2,Finger-Spin,520139000.0,112245629.83697852,5,732.6,119.40812367674152,5,100.0,10000.0,1000000.0,447739000.0,520139000.0,16.170134833016558
TD3,1layer,none,flrelu,0.2,HalfCheetah-v4,3100301400.087842,1103095167.3194685,5,4452.459568314671,1656.276200962686,5,100.0,10000.0,1000000.0,2272098573.3879137,3100301400.087842,36.45100773356851
TD3,1layer,none,flrelu,0.2,Hopper-v4,1267733800.4504662,744040606.8694569,5,2056.186526521736,822.5895105199762,5,100.0,10000.0,1000000.0,1096397127.585713,1267733800.4504662,15.627245689893389
TD3,1layer,none,flrelu,0.2,Humanoid-v4,2428632831.586045,1021334059.8213704,5,2798.779068391433,2234.6396170180683,5,100.0,10000.0,1000000.0,2245589736.7499375,2428632831.586045,8.151226016067708
TD3,1layer,none,flrelu,0.2,Walker-Walk,484890755.4036527,124218930.60145284,5,690.738628580104,133.02159524897965,5,100.0,10000.0,1000000.0,546355122.2629595,484890755.4036527,-11.249893037467322
TD3,1layer,none,flrelu,0.3,Ant-v4,1888941518.8296075,325206333.3395188,5,2424.370937787388,575.8590883754367,5,100.0,10000.0,1000000.0,1435997724.7550051,1888941518.8296075,31.54209691745012
TD3,1layer,none,flrelu,0.3,Cartpole-Swingup,701492259.5067914,21467253.211249933,5,784.7827465474868,45.04926955154678,5,100.0,10000.0,1000000.0,656025240.207854,701492259.5067914,6.930681399473536
TD3,1layer,none,flrelu,0.3,Cheetah-Run,321552992.15126365,44797226.09594494,5,377.9355867355189,200.0982513504627,5,100.0,10000.0,1000000.0,282632550.53843087,321552992.15126365,13.770686192615521
TD3,1layer,none,flrelu,0.3,Finger-Spin,351768000.0,200156108.53156596,5,545.4,213.23531602433965,5,100.0,10000.0,1000000.0,447739000.0,351768000.0,-21.434585774301546
TD3,1layer,none,flrelu,0.3,HalfCheetah-v4,2493398089.674578,1449430841.9174955,5,3273.632956515379,1827.0828035352808,5,100.0,10000.0,1000000.0,2272098573.3879137,2493398089.674578,9.739873035380063
TD3,1layer,none,flrelu,0.3,Hopper-v4,796546493.4226497,606283633.0134357,5,1698.2746029067875,1344.6239026763972,5,100.0,10000.0,1000000.0,1096397127.585713,796546493.4226497,-27.348724893446217
TD3,1layer,none,flrelu,0.3,Humanoid-v4,2352138283.862792,513410700.9556015,5,4168.381945769594,1900.9491544100845,5,100.0,10000.0,1000000.0,2245589736.7499375,2352138283.862792,4.7447913289389705
TD3,1layer,none,flrelu,0.3,Walker-Walk,442183304.4499957,247775585.2153524,5,540.5453009609138,353.5448643435517,5,100.0,10000.0,1000000.0,546355122.2629595,442183304.4499957,-19.06668640379766
TD3,1layer,none,flrelu,0.4,Ant-v4,1335891368.7844815,177806933.18451694,5,2102.83153753917,424.53363575360686,5,100.0,10000.0,1000000.0,1435997724.7550051,1335891368.7844815,-6.971205750872809
TD3,1layer,none,flrelu,0.4,Cartpole-Swingup,656100760.681215,65972591.1528287,5,746.5407118701107,73.39190595134072,5,100.0,10000.0,1000000.0,656025240.207854,656100760.681215,0.011511824352533681
TD3,1layer,none,flrelu,0.4,Cheetah-Run,344194008.8045095,38452185.60298433,5,383.62586986879217,175.34055729115607,5,100.0,10000.0,1000000.0,282632550.53843087,344194008.8045095,21.781446669465574
TD3,1layer,none,flrelu,0.4,Finger-Spin,207979000.0,186981735.71902683,5,491.6,277.9825534093821,5,100.0,10000.0,1000000.0,447739000.0,207979000.0,-53.54905424812223
TD3,1layer,none,flrelu,0.4,HalfCheetah-v4,2414386968.1633286,1878000057.141955,5,3088.3845819432136,2253.790000250386,5,100.0,10000.0,1000000.0,2272098573.3879137,2414386968.1633286,6.262421729496071
TD3,1layer,none,flrelu,0.4,Hopper-v4,706110939.3578846,405506112.3469976,5,1502.662392556524,1037.2132071780477,5,100.0,10000.0,1000000.0,1096397127.585713,706110939.3578846,-35.59715530149607
TD3,1layer,none,flrelu,0.4,Humanoid-v4,1496008009.961413,765925380.5996302,5,3410.781966949048,2103.499413631201,5,100.0,10000.0,1000000.0,2245589736.7499375,1496008009.961413,-33.3801724563188
TD3,1layer,none,flrelu,0.4,Walker-Walk,533203659.1671235,217391839.81860176,5,703.7340889296279,133.53179430721158,5,100.0,10000.0,1000000.0,546355122.2629595,533203659.1671235,-2.4071272620935025
TD3,1layer,none,flrelu,0.5,Ant-v4,974599305.5887228,575621350.2936901,5,1485.4567267052776,968.6879900063688,5,100.0,10000.0,1000000.0,1435997724.7550051,974599305.5887228,-32.130860043319444
TD3,1layer,none,flrelu,0.5,Cartpole-Swingup,661476781.550687,37143837.23330678,5,779.658686257764,34.09615197298969,5,100.0,10000.0,1000000.0,656025240.207854,661476781.550687,0.8309956703961062
TD3,1layer,none,flrelu,0.5,Cheetah-Run,306595864.4877759,27689295.123822734,5,407.77338835073215,114.75581199536786,5,100.0,10000.0,1000000.0,282632550.53843087,306595864.4877759,8.478610798258586
TD3,1layer,none,flrelu,0.5,Finger-Spin,221150000.0,209444908.7767473,5,339.8,313.56052047411833,5,100.0,10000.0,1000000.0,447739000.0,221150000.0,-50.60738510605509
TD3,1layer,none,flrelu,0.5,HalfCheetah-v4,3241974852.7034383,1390632510.864422,5,4403.100380794106,1685.6833893775242,5,100.0,10000.0,1000000.0,2272098573.3879137,3241974852.7034383,42.68636452111967
TD3,1layer,none,flrelu,0.5,Hopper-v4,532110310.8285341,395524315.599532,5,995.8699254101168,1037.9144966090896,5,100.0,10000.0,1000000.0,1096397127.585713,532110310.8285341,-51.467374599908794
TD3,1layer,none,flrelu,0.5,Humanoid-v4,1038360792.0884492,590507470.1674682,5,1738.620441179894,1858.532543777006,5,100.0,10000.0,1000000.0,2245589736.7499375,1038360792.0884492,-53.759995644116266
TD3,1layer,none,flrelu,0.5,Walker-Walk,325909040.045148,169678730.29956746,5,532.4316825114458,208.97063599171705,5,100.0,10000.0,1000000.0,546355122.2629595,325909040.045148,-40.34849738476713
TD3,1layer,none,fprelu,0.1,Ant-v4,1183039552.4388962,198514690.03509083,5,1825.1998318143576,490.1625733688254,5,100.0,10000.0,1000000.0,1435997724.7550051,1183039552.4388962,-17.615499520325912
TD3,1layer,none,fprelu,0.1,Cartpole-Swingup,616499791.9821479,87221135.249878,5,787.2090343843058,59.43405689312064,5,100.0,10000.0,1000000.0,656025240.207854,616499791.9821479,-6.0249889490811235
TD3,1layer,none,fprelu,0.1,Cheetah-Run,297312611.28137964,44277909.29380643,5,368.2240449810573,210.7967142371764,5,100.0,10000.0,1000000.0,282632550.53843087,297312611.28137964,5.194044604905709
TD3,1layer,none,fprelu,0.1,Finger-Spin,526218000.0,43391841.6295045,5,785.6,53.36478239438439,5,100.0,10000.0,1000000.0,447739000.0,526218000.0,17.527845463540142
TD3,1layer,none,fprelu,0.1,HalfCheetah-v4,3195152986.5086064,607671504.5540082,5,4260.361935094073,838.0706322940686,5,100.0,10000.0,1000000.0,2272098573.3879137,3195152986.5086064,40.625632352927866
TD3,1layer,none,fprelu,0.1,Hopper-v4,1811859929.0179093,240913570.19152215,5,3109.8171837273576,25.32049119865532,5,100.0,10000.0,1000000.0,1096397127.585713,1811859929.0179093,65.2558077206622
TD3,1layer,none,fprelu,0.1,Humanoid-v4,1524816779.962685,707975627.3427616,5,3361.175212353912,2255.592407334937,5,100.0,10000.0,1000000.0,2245589736.7499375,1524816779.962685,-32.09726803572026
TD3,1layer,none,fprelu,0.1,Walker-Walk,630377843.3322626,184302115.43145165,5,783.1145419467191,161.18489310759605,5,100.0,10000.0,1000000.0,546355122.2629595,630377843.3322626,15.378774289016953
TD3,1layer,none,fprelu,0.2,Ant-v4,1235751055.5070963,290238285.9149703,5,1929.415265377403,684.881928922707,5,100.0,10000.0,1000000.0,1435997724.7550051,1235751055.5070963,-13.944776220454862
TD3,1layer,none,fprelu,0.2,Cartpole-Swingup,681604291.2545874,61852584.32522232,5,804.928982949244,55.653715914471896,5,100.0,10000.0,1000000.0,656025240.207854,681604291.2545874,3.899095565077489
TD3,1layer,none,fprelu,0.2,Cheetah-Run,293589404.156546,33294753.270336464,5,471.0914976376085,19.119346558550227,5,100.0,10000.0,1000000.0,282632550.53843087,293589404.156546,3.8767132792177357
TD3,1layer,none,fprelu,0.2,Finger-Spin,363261000.0,147348832.85082376,5,687.0,97.83404315472195,5,100.0,10000.0,1000000.0,447739000.0,363261000.0,-18.867688541762053
TD3,1layer,none,fprelu,0.2,HalfCheetah-v4,2289157058.131424,1074885671.9744053,5,3090.994463848009,1579.7284756198078,5,100.0,10000.0,1000000.0,2272098573.3879137,2289157058.131424,0.7507810155469811
TD3,1layer,none,fprelu,0.2,Hopper-v4,1266742604.949516,957696417.2271714,5,1558.3663981553868,1465.6090467303916,5,100.0,10000.0,1000000.0,1096397127.585713,1266742604.949516,15.536840901700197
TD3,1layer,none,fprelu,0.2,Humanoid-v4,1192611046.688558,605643308.3763174,5,3267.5193340298,2071.5708447310526,5,100.0,10000.0,1000000.0,2245589736.7499375,1192611046.688558,-46.89096466861151
TD3,1layer,none,fprelu,0.2,Walker-Walk,643414530.7904065,164711181.12989387,5,821.6145971223835,176.43907100472117,5,100.0,10000.0,1000000.0,546355122.2629595,643414530.7904065,17.76489403548275
TD3,1layer,none,fprelu,0.3,Ant-v4,1048318816.2978866,226461595.94897613,5,1585.6984742951458,476.64917545687183,5,100.0,10000.0,1000000.0,1435997724.7550051,1048318816.2978866,-26.997181247154153
TD3,1layer,none,fprelu,0.3,Cartpole-Swingup,674179281.7698294,67155470.25673082,5,786.7631243769665,73.7812143395139,5,100.0,10000.0,1000000.0,656025240.207854,674179281.7698294,2.767277910865664
TD3,1layer,none,fprelu,0.3,Cheetah-Run,365807010.9324671,31574738.495210413,5,525.154443641101,61.00306329088362,5,100.0,10000.0,1000000.0,282632550.53843087,365807010.9324671,29.42847886260242
TD3,1layer,none,fprelu,0.3,Finger-Spin,304336000.0,260875771.259042,5,531.6,327.09295314940675,5,100.0,10000.0,1000000.0,447739000.0,304336000.0,-32.0282575339651
TD3,1layer,none,fprelu,0.3,HalfCheetah-v4,3226980009.6787376,385517087.118002,5,4333.114433594838,665.2395677238706,5,100.0,10000.0,1000000.0,2272098573.3879137,3226980009.6787376,42.02640886601172
TD3,1layer,none,fprelu,0.3,Hopper-v4,996701172.1339972,541733736.8311832,5,2029.3247603982409,960.8986131014598,5,100.0,10000.0,1000000.0,1096397127.585713,996701172.1339972,-9.093051499619309
TD3,1layer,none,fprelu,0.3,Humanoid-v4,832926238.013017,148405121.37429798,5,1770.420121379579,1395.472165344685,5,100.0,10000.0,1000000.0,2245589736.7499375,832926238.013017,-62.90835211873925
TD3,1layer,none,fprelu,0.3,Walker-Walk,463336823.57078016,88644893.23002608,5,750.3963219757534,165.73076583475694,5,100.0,10000.0,1000000.0,546355122.2629595,463336823.57078016,-15.194933717894713
TD3,1layer,none,fprelu,0.4,Ant-v4,470599015.0877659,278106553.17943585,5,1095.7750408136758,770.8144367868542,5,100.0,10000.0,1000000.0,1435997724.7550051,470599015.0877659,-67.22842891912975
TD3,1layer,none,fprelu,0.4,Cartpole-Swingup,548873975.1894356,185416726.22581583,5,653.0165132996098,179.60539374404394,5,100.0,10000.0,1000000.0,656025240.207854,548873975.1894356,-16.33340585866312
TD3,1layer,none,fprelu,0.4,Cheetah-Run,358243842.0070063,44797895.600989945,5,500.0757115556048,46.2885970098791,5,100.0,10000.0,1000000.0,282632550.53843087,358243842.0070063,26.75250650518904
TD3,1layer,none,fprelu,0.4,Finger-Spin,222874000.0,141484961.1442856,5,449.2,254.96901772568367,5,100.0,10000.0,1000000.0,447739000.0,222874000.0,-50.22233935395398
TD3,1layer,none,fprelu,0.4,HalfCheetah-v4,3118085717.307255,510580548.2766446,5,4551.586249599449,343.48007126538056,5,100.0,10000.0,1000000.0,2272098573.3879137,3118085717.307255,37.23373421505627
TD3,1layer,none,fprelu,0.4,Hopper-v4,978431106.2246742,805348187.5202413,5,1280.9496529256548,1157.5320621143935,5,100.0,10000.0,1000000.0,1096397127.585713,978431106.2246742,-10.759424518085165
TD3,1layer,none,fprelu,0.4,Humanoid-v4,1520706291.9069698,521469330.6876308,5,2298.3867074321,1671.608383415513,5,100.0,10000.0,1000000.0,2245589736.7499375,1520706291.9069698,-32.280315187586226
TD3,1layer,none,fprelu,0.4,Walker-Walk,512651663.112305,87611008.57811731,5,775.8393237678115,155.58841877338415,5,100.0,10000.0,1000000.0,546355122.2629595,512651663.112305,-6.1687824964571485
TD3,1layer,none,fprelu,0.5,Ant-v4,-19523333.82092005,13120438.58560399,5,-5.647718606253162,9.87718236382612,5,100.0,10000.0,1000000.0,1435997724.7550051,-19523333.82092005,-101.35956579069446
TD3,1layer,none,fprelu,0.5,Cartpole-Swingup,648534952.4153528,21883127.425310407,5,802.9220617800364,34.27411649255142,5,100.0,10000.0,1000000.0,656025240.207854,648534952.4153528,-1.1417682329003074
TD3,1layer,none,fprelu,0.5,Cheetah-Run,318509436.87456185,28649708.12238873,5,430.30427863367777,112.49930759526926,5,100.0,10000.0,1000000.0,282632550.53843087,318509436.87456185,12.693826761207616
TD3,1layer,none,fprelu,0.5,Finger-Spin,177567000.0,192590319.6100469,5,342.2,310.3106508001296,5,100.0,10000.0,1000000.0,447739000.0,177567000.0,-60.34140425560427
TD3,1layer,none,fprelu,0.5,HalfCheetah-v4,2450848592.780228,499998727.3662669,5,3284.159650747374,783.8717628514454,5,100.0,10000.0,1000000.0,2272098573.3879137,2450848592.780228,7.867177132450784
TD3,1layer,none,fprelu,0.5,Hopper-v4,1119699847.5166738,550241934.629248,5,2664.1580403814637,1067.997030417346,5,100.0,10000.0,1000000.0,1096397127.585713,1119699847.5166738,2.1253904579514833
TD3,1layer,none,fprelu,0.5,Humanoid-v4,735955154.452054,130084604.19276308,5,1811.799745140074,1872.616224908841,5,100.0,10000.0,1000000.0,2245589736.7499375,735955154.452054,-67.22664240899104
TD3,1layer,none,fprelu,0.5,Walker-Walk,350680945.10039663,145449681.28256553,5,476.8282264934287,300.2667920652817,5,100.0,10000.0,1000000.0,546355122.2629595,350680945.10039663,-35.81446740209847
TD3,1layer,none,frelu,0.1,Ant-v4,1502573021.9868505,480094195.0314728,5,1942.3915350181544,1062.932947570513,5,100.0,10000.0,1000000.0,1435997724.7550051,1502573021.9868505,4.63617010557616
TD3,1layer,none,frelu,0.1,Cartpole-Swingup,661958472.8686599,34470645.691428445,5,810.3046384942155,32.436269264172246,5,100.0,10000.0,1000000.0,656025240.207854,661958472.8686599,0.9044213998421684
TD3,1layer,none,frelu,0.1,Cheetah-Run,307120702.8438131,34098473.51679476,5,407.7482788280915,119.69439770843935,5,100.0,10000.0,1000000.0,282632550.53843087,307120702.8438131,8.664307157378351
TD3,1layer,none,frelu,0.1,Finger-Spin,558769000.0,49773686.37141517,5,819.8,72.78873539222948,5,100.0,10000.0,1000000.0,447739000.0,558769000.0,24.797929150688237
TD3,1layer,none,frelu,0.1,HalfCheetah-v4,3458199016.5966234,1075992445.4904113,5,4425.966704324518,1376.2144057830455,5,100.0,10000.0,1000000.0,2272098573.3879137,3458199016.5966234,52.20286025883647
TD3,1layer,none,frelu,0.1,Hopper-v4,1383355884.9927492,301246347.9757167,5,2385.518010723166,649.674422121911,5,100.0,10000.0,1000000.0,1096397127.585713,1383355884.9927492,26.17288482312288
TD3,1layer,none,frelu,0.1,Humanoid-v4,2048442611.3435369,324053232.4602242,5,4437.686800239806,1566.4017464615931,5,100.0,10000.0,1000000.0,2245589736.7499375,2048442611.3435369,-8.779302923415276
TD3,1layer,none,frelu,0.1,Walker-Walk,701978770.0107957,124957952.98153415,5,863.2067964042537,141.18803772411812,5,100.0,10000.0,1000000.0,546355122.2629595,701978770.0107957,28.483973409685525
TD3,1layer,none,frelu,0.2,Ant-v4,1520888922.8812346,337570647.6275699,5,2672.623950823954,110.92241873856936,5,100.0,10000.0,1000000.0,1435997724.7550051,1520888922.8812346,5.91165269016793
TD3,1layer,none,frelu,0.2,Cartpole-Swingup,704704812.3817223,40578858.51286808,5,808.5901016766102,29.015667222728336,5,100.0,10000.0,1000000.0,656025240.207854,704704812.3817223,7.420380983884817
TD3,1layer,none,frelu,0.2,Cheetah-Run,318723077.19983304,33151683.757785365,5,509.6865995116374,66.38318201821832,5,100.0,10000.0,1000000.0,282632550.53843087,318723077.19983304,12.769416188138164
TD3,1layer,none,frelu,0.2,Finger-Spin,417439000.0,238398584.26593056,5,586.4,333.01696653473977,5,100.0,10000.0,1000000.0,447739000.0,417439000.0,-6.767335434259691
TD3,1layer,none,frelu,0.2,HalfCheetah-v4,2865667204.036484,1566827313.8560438,5,3936.094665275377,1829.96301741169,5,100.0,10000.0,1000000.0,2272098573.3879137,2865667204.036484,26.12424643898716
TD3,1layer,none,frelu,0.2,Hopper-v4,920549256.3330104,409781474.8221548,5,1709.6380103781516,1044.0871510593568,5,100.0,10000.0,1000000.0,1096397127.585713,920549256.3330104,-16.038702293932747
TD3,1layer,none,frelu,0.2,Humanoid-v4,2322923870.395617,496004476.4695044,5,5134.507311249906,62.47556363425987,5,100.0,10000.0,1000000.0,2245589736.7499375,2322923870.395617,3.443822902290508
TD3,1layer,none,frelu,0.2,Walker-Walk,546553325.0131035,190222300.2660365,5,721.2277189972044,155.44495080389166,5,100.0,10000.0,1000000.0,546355122.2629595,546553325.0131035,0.036277274993426395
TD3,1layer,none,frelu,0.3,Ant-v4,1563724885.4961133,310395463.5730651,5,2113.508278642811,893.5780186587425,5,100.0,10000.0,1000000.0,1435997724.7550051,1563724885.4961133,8.894663169671778
TD3,1layer,none,frelu,0.3,Cartpole-Swingup,611829391.2585772,91105346.74419037,5,814.4367479526395,38.965546488048254,5,100.0,10000.0,1000000.0,656025240.207854,611829391.2585772,-6.736912886960548
TD3,1layer,none,frelu,0.3,Cheetah-Run,323732874.4680458,53323290.01864493,5,464.78491643504304,69.12430491836075,5,100.0,10000.0,1000000.0,282632550.53843087,323732874.4680458,14.541964062991498
TD3,1layer,none,frelu,0.3,Finger-Spin,459403000.0,112214421.4550875,5,687.8,66.84085576950672,5,100.0,10000.0,1000000.0,447739000.0,459403000.0,2.6050891255843247
TD3,1layer,none,frelu,0.3,HalfCheetah-v4,4082180507.7026014,356284476.36560625,5,5392.084385631192,686.0583284297247,5,100.0,10000.0,1000000.0,2272098573.3879137,4082180507.7026014,79.66564283413481
TD3,1layer,none,frelu,0.3,Hopper-v4,760409099.8397849,589671948.6282816,5,1396.678016315794,1322.0267446428002,5,100.0,10000.0,1000000.0,1096397127.585713,760409099.8397849,-30.64473805087213
TD3,1layer,none,frelu,0.3,Humanoid-v4,2374925826.2492,647136020.2938801,5,4365.637617445428,1616.3619850109317,5,100.0,10000.0,1000000.0,2245589736.7499375,2374925826.2492,5.759560055990086
TD3,1layer,none,frelu,0.3,Walker-Walk,563542088.6219662,222193616.6317981,5,764.4452605983803,222.14750008574217,5,100.0,10000.0,1000000.0,546355122.2629595,563542088.6219662,3.1457500183799345
TD3,1layer,none,frelu,0.4,Ant-v4,1319904546.4555488,333894265.15363085,5,2069.207827319843,588.8078947090285,5,100.0,10000.0,1000000.0,1435997724.7550051,1319904546.4555488,-8.08449597782357
TD3,1layer,none,frelu,0.4,Cartpole-Swingup,654196448.0295494,61211611.44569422,5,815.9596487754843,20.956968102903424,5,100.0,10000.0,1000000.0,656025240.207854,654196448.0295494,-0.2787685695942492
TD3,1layer,none,frelu,0.4,Cheetah-Run,330642607.2223415,79861366.65396191,5,447.1832993198894,123.98771711642824,5,100.0,10000.0,1000000.0,282632550.53843087,330642607.2223415,16.98674005964591
TD3,1layer,none,frelu,0.4,Finger-Spin,442955000.0,65358181.67987846,5,713.2,120.04040986267916,5,100.0,10000.0,1000000.0,447739000.0,442955000.0,-1.06847962764021
TD3,1layer,none,frelu,0.4,HalfCheetah-v4,3494360163.8496933,435772581.79154754,5,4316.684238978688,532.9328274075723,5,100.0,10000.0,1000000.0,2272098573.3879137,3494360163.8496933,53.79439099947464
TD3,1layer,none,frelu,0.4,Hopper-v4,429890195.479479,253659085.9748206,5,1011.5785023624464,1063.9322143064023,5,100.0,10000.0,1000000.0,1096397127.585713,429890195.479479,-60.79064923983289
TD3,1layer,none,frelu,0.4,Humanoid-v4,1178617524.387737,763207737.1350116,5,1666.3874626347915,1877.915863835738,5,100.0,10000.0,1000000.0,2245589736.7499375,1178617524.387737,-47.51412045133583
TD3,1layer,none,frelu,0.4,Walker-Walk,418483836.9903431,153804094.9480883,5,648.3925834017197,179.58305838208594,5,100.0,10000.0,1000000.0,546355122.2629595,418483836.9903431,-23.404426912478407
TD3,1layer,none,frelu,0.5,Ant-v4,1321847659.7596128,445074224.02627087,5,1256.3651412684635,1704.0390803823077,5,100.0,10000.0,1000000.0,1435997724.7550051,1321847659.7596128,-7.949181466486475
TD3,1layer,none,frelu,0.5,Cartpole-Swingup,621826263.4363667,67996636.80820036,5,799.2900004835888,50.98430042438893,5,100.0,10000.0,1000000.0,656025240.207854,621826263.4363667,-5.21305807695018
TD3,1layer,none,frelu,0.5,Cheetah-Run,314239786.13123107,47134113.20492945,5,395.730141237396,111.30370479496068,5,100.0,10000.0,1000000.0,282632550.53843087,314239786.13123107,11.183154782627351
TD3,1layer,none,frelu,0.5,Finger-Spin,505629000.0,84923207.98815833,5,685.0,106.97663296253066,5,100.0,10000.0,1000000.0,447739000.0,505629000.0,12.929407534300116
TD3,1layer,none,frelu,0.5,HalfCheetah-v4,2788195914.125886,1238071116.3581886,5,4034.255184547759,1656.658118742762,5,100.0,10000.0,1000000.0,2272098573.3879137,2788195914.125886,22.714566470961792
TD3,1layer,none,frelu,0.5,Hopper-v4,552996022.7227714,199832752.21991012,5,1340.206101705143,1060.7386900235283,5,100.0,10000.0,1000000.0,1096397127.585713,552996022.7227714,-49.562434193851
TD3,1layer,none,frelu,0.5,Humanoid-v4,923771345.9437954,461314146.8268017,5,1717.060817851485,1573.7048609694796,5,100.0,10000.0,1000000.0,2245589736.7499375,923771345.9437954,-58.86286213256487
TD3,1layer,none,frelu,0.5,Walker-Walk,557280923.4574516,177055206.29978257,5,669.1819527578609,352.8466034272648,5,100.0,10000.0,1000000.0,546355122.2629595,557280923.4574516,1.9997618305907523
TD3,1layer,none,fswish,0.1,Ant-v4,1368390550.283432,408750577.0819099,5,2208.1166015625,519.8376182526058,5,100.0,10000.0,1000000.0,1435997724.7550051,1368390550.283432,-4.708027965929231
TD3,1layer,none,fswish,0.1,Cartpole-Swingup,673116997.2991943,70597947.35229218,5,787.1876953125,68.67520131410136,5,100.0,10000.0,1000000.0,656025240.207854,673116997.2991943,2.605350532843062
TD3,1layer,none,fswish,0.1,Cheetah-Run,305695589.57087994,56836619.55283126,5,407.9306579589844,109.0676175017376,5,100.0,10000.0,1000000.0,282632550.53843087,305695589.57087994,8.16007886866275
TD3,1layer,none,fswish,0.1,Finger-Spin,516157000.0,107146516.60226756,5,731.4,129.7104467650929,5,100.0,10000.0,1000000.0,447739000.0,516157000.0,15.280777417200646
TD3,1layer,none,fswish,0.1,HalfCheetah-v4,3424792493.871689,1586120694.400561,5,4182.740185546875,2085.074098225136,5,100.0,10000.0,1000000.0,2272098573.3879137,3424792493.871689,50.73256653495449
TD3,1layer,none,fswish,0.1,Hopper-v4,1540484644.897461,394954217.09760725,5,2635.73857421875,402.3636703361711,5,100.0,10000.0,1000000.0,1096397127.585713,1540484644.897461,40.504257639714645
TD3,1layer,none,fswish,0.1,Humanoid-v4,2164659995.025635,668232306.9251933,5,3310.8073791503907,2256.4935285654183,5,100.0,10000.0,1000000.0,2245589736.7499375,2164659995.025635,-3.6039415570821554
TD3,1layer,none,fswish,0.1,Walker-Walk,618062382.3032379,183395947.1716645,5,816.9451293945312,147.4847504810941,5,100.0,10000.0,1000000.0,546355122.2629595,618062382.3032379,13.124661436919025
TD3,1layer,none,fswish,0.2,Ant-v4,1293982916.0938263,450628655.72391,5,1849.8024047851563,776.4697207157151,5,100.0,10000.0,1000000.0,1435997724.7550051,1293982916.0938263,-9.889626300446116
TD3,1layer,none,fswish,0.2,Cartpole-Swingup,660718983.5343361,64968783.79974098,5,779.5528076171875,64.0884641029794,5,100.0,10000.0,1000000.0,656025240.207854,660718983.5343361,0.7154821245894287
TD3,1layer,none,fswish,0.2,Cheetah-Run,285562267.1864927,47608014.51783707,5,431.84223022460935,112.22775366242904,5,100.0,10000.0,1000000.0,282632550.53843087,285562267.1864927,1.0365814703510043
TD3,1layer,none,fswish,0.2,Finger-Spin,516207000.0,64641919.11987143,5,709.0,91.79596941042674,5,100.0,10000.0,1000000.0,447739000.0,516207000.0,15.291944637389193
TD3,1layer,none,fswish,0.2,HalfCheetah-v4,3269945203.742981,1410314526.5885372,5,3988.37734375,1734.6682791906037,5,100.0,10000.0,1000000.0,2272098573.3879137,3269945203.742981,43.91740050552401
TD3,1layer,none,fswish,0.2,Hopper-v4,1468587139.0845776,747610945.0531822,5,2027.2551635742188,1044.0298731272426,5,100.0,10000.0,1000000.0,1096397127.585713,1468587139.0845776,33.946642337383174
TD3,1layer,none,fswish,0.2,Humanoid-v4,2132457620.162964,653538298.2304617,5,4407.1541015625,1593.2231839421945,5,100.0,10000.0,1000000.0,2245589736.7499375,2132457620.162964,-5.03796907937024
TD3,1layer,none,fswish,0.2,Walker-Walk,624900394.1860199,150456713.83047217,5,783.90029296875,164.1524587778414,5,100.0,10000.0,1000000.0,546355122.2629595,624900394.1860199,14.376230536236605
TD3,1layer,none,fswish,0.3,Ant-v4,1949373852.8318405,710649043.9884131,5,2671.469030761719,1139.189381283528,5,100.0,10000.0,1000000.0,1435997724.7550051,1949373852.8318405,35.750483390523634
TD3,1layer,none,fswish,0.3,Cartpole-Swingup,678566018.2672832,61561895.60746592,5,803.040625,36.67098234747657,5,100.0,10000.0,1000000.0,656025240.207854,678566018.2672832,3.435962014554102
TD3,1layer,none,fswish,0.3,Cheetah-Run,329761622.7196455,47414551.37539797,5,502.98662109375,40.38675468683788,5,100.0,10000.0,1000000.0,282632550.53843087,329761622.7196455,16.675033392803165
TD3,1layer,none,fswish,0.3,Finger-Spin,522528000.0,65111197.15532805,5,737.6,76.45783151515612,5,100.0,10000.0,1000000.0,447739000.0,522528000.0,16.703704613625348
TD3,1layer,none,fswish,0.3,HalfCheetah-v4,3238894182.0640564,1216786026.1427586,5,4117.2990234375,1500.746625535197,5,100.0,10000.0,1000000.0,2272098573.3879137,3238894182.0640564,42.550777505861426
TD3,1layer,none,fswish,0.3,Hopper-v4,998630386.9400024,549952871.5212471,5,1715.957781982422,1240.1192153476711,5,100.0,10000.0,1000000.0,1096397127.585713,998630386.9400024,-8.91709200853113
TD3,1layer,none,fswish,0.3,Humanoid-v4,2215996120.643616,620492892.7912607,5,5223.45078125,161.11726206975806,5,100.0,10000.0,1000000.0,2245589736.7499375,2215996120.643616,-1.317854976891391
TD3,1layer,none,fswish,0.3,Walker-Walk,600673056.1828613,144336974.4712374,5,749.3084045410156,195.8214556709036,5,100.0,10000.0,1000000.0,546355122.2629595,600673056.1828613,9.941873281048649
TD3,1layer,none,fswish,0.4,Ant-v4,1447171156.2919617,340309589.1845689,5,2335.048095703125,672.694497178418,5,100.0,10000.0,1000000.0,1435997724.7550051,1447171156.2919617,0.7780953510119831
TD3,1layer,none,fswish,0.4,Cartpole-Swingup,647194969.0704346,40655780.767125815,5,743.3233032226562,75.39179278581076,5,100.0,10000.0,1000000.0,656025240.207854,647194969.0704346,-1.3460261276870524
TD3,1layer,none,fswish,0.4,Cheetah-Run,316635060.7696176,30839795.535208754,5,499.83595581054686,43.14773449570055,5,100.0,10000.0,1000000.0,282632550.53843087,316635060.7696176,12.030641964773716
TD3,1layer,none,fswish,0.4,Finger-Spin,524610000.0,26708749.50273786,5,776.8,41.29406737050734,5,100.0,10000.0,1000000.0,447739000.0,524610000.0,17.16870766227646
TD3,1layer,none,fswish,0.4,HalfCheetah-v4,2907010333.340645,1502372506.3206012,5,3677.5083984375,1937.433292061493,5,100.0,10000.0,1000000.0,2272098573.3879137,2907010333.340645,27.943847480438215
TD3,1layer,none,fswish,0.4,Hopper-v4,1389813580.6090832,380118717.8499696,5,2302.092529296875,661.2770136777762,5,100.0,10000.0,1000000.0,1096397127.585713,1389813580.6090832,26.761877210448265
TD3,1layer,none,fswish,0.4,Humanoid-v4,2406114521.3394165,908206985.2841604,5,5069.42822265625,163.0830409654155,5,100.0,10000.0,1000000.0,2245589736.7499375,2406114521.3394165,7.14844666247041
TD3,1layer,none,fswish,0.4,Walker-Walk,665242252.3155212,118400361.01246144,5,787.4891723632812,108.31878730181803,5,100.0,10000.0,1000000.0,546355122.2629595,665242252.3155212,21.760046754964193
TD3,1layer,none,fswish,0.5,Ant-v4,1392008097.3205566,334755903.11275035,5,2324.3458740234373,446.3852230383417,5,100.0,10000.0,1000000.0,1435997724.7550051,1392008097.3205566,-3.063349382531475
TD3,1layer,none,fswish,0.5,Cartpole-Swingup,687869357.8830063,26228337.26355253,5,768.7884643554687,44.90656189250661,5,100.0,10000.0,1000000.0,656025240.207854,687869357.8830063,4.854099464993582
TD3,1layer,none,fswish,0.5,Cheetah-Run,295928775.1419544,65103032.644597165,5,446.630712890625,92.83315072488044,5,100.0,10000.0,1000000.0,282632550.53843087,295928775.1419544,4.704420838361858
TD3,1layer,none,fswish,0.5,Finger-Spin,538424000.0,39641105.62282541,5,803.2,34.78792894094156,5,100.0,10000.0,1000000.0,447739000.0,538424000.0,20.253987255968323
TD3,1layer,none,fswish,0.5,HalfCheetah-v4,2644358056.526184,1471356520.7352693,5,3489.2218017578125,2050.439032681548,5,100.0,10000.0,1000000.0,2272098573.3879137,2644358056.526184,16.383949512507126
TD3,1layer,none,fswish,0.5,Hopper-v4,925944046.9200612,492519490.61713153,5,2179.2912841796874,1003.3605866665256,5,100.0,10000.0,1000000.0,1096397127.585713,925944046.9200612,-15.546655165085353
TD3,1layer,none,fswish,0.5,Humanoid-v4,1808108114.387512,1082834465.6284196,5,3448.120556640625,2299.2372223640937,5,100.0,10000.0,1000000.0,2245589736.7499375,1808108114.387512,-19.481814295945114
TD3,1layer,none,fswish,0.5,Walker-Walk,656820036.365509,171620574.34348524,5,860.432666015625,149.98752525251302,5,100.0,10000.0,1000000.0,546355122.2629595,656820036.365509,20.21851898175909
TD3,1layer,none,gelu,,Ant-v4,1280352905.517578,462522078.314062,5,1747.2522338867188,729.2227750739982,5,100.0,10000.0,1000000.0,1435997724.7550051,1280352905.517578,-10.838792886247903
TD3,1layer,none,gelu,,Cartpole-Swingup,625760348.6616015,53930349.43697716,5,771.862109375,36.67066211985437,5,100.0,10000.0,1000000.0,656025240.207854,625760348.6616015,-4.613373036784897
TD3,1layer,none,gelu,,Cheetah-Run,298765212.2583389,38606692.75313134,5,413.0103820800781,98.83971007908734,5,100.0,10000.0,1000000.0,282632550.53843087,298765212.2583389,5.707998491035244
TD3,1layer,none,gelu,,Finger-Spin,464346000.0,168947103.68189213,5,673.6,153.1544971589147,5,100.0,10000.0,1000000.0,447739000.0,464346000.0,3.7090805134241154
TD3,1layer,none,gelu,,HalfCheetah-v4,2960150211.9750977,1535715443.8620996,5,3623.50712890625,1984.0426681488316,5,100.0,10000.0,1000000.0,2272098573.3879137,2960150211.9750977,30.2826491176936
TD3,1layer,none,gelu,,Hopper-v4,1200995539.794922,624537249.2401292,5,2231.880993652344,873.9876857358518,5,100.0,10000.0,1000000.0,1096397127.585713,1200995539.794922,9.540193929505898
TD3,1layer,none,gelu,,Humanoid-v4,1870153266.372681,1128314004.5569754,5,3624.963146972656,2135.34624348273,5,100.0,10000.0,1000000.0,2245589736.7499375,1870153266.372681,-16.718836225206
TD3,1layer,none,gelu,,Walker-Walk,651068213.4151459,88430199.39330004,5,871.151318359375,146.7049960888263,5,100.0,10000.0,1000000.0,546355122.2629595,651068213.4151459,19.16575627926267
TD3,1layer,none,lrelu,,Ant-v4,1614145898.6729808,436949512.2743644,5,1809.2019044053795,740.0262191569648,5,100.0,10000.0,1000000.0,1435997724.7550051,1614145898.6729808,12.405881349733296
TD3,1layer,none,lrelu,,Cartpole-Swingup,604264637.3904554,99062348.7910856,5,795.9204065226755,77.42200379449162,5,100.0,10000.0,1000000.0,656025240.207854,604264637.3904554,-7.890032219034578
TD3,1layer,none,lrelu,,Cheetah-Run,314426935.6022955,19400002.662950777,5,491.603713398821,49.33396258906666,5,100.0,10000.0,1000000.0,282632550.53843087,314426935.6022955,11.249371313847101
TD3,1layer,none,lrelu,,Finger-Spin,532126000.0,35091878.58322777,5,719.2,76.05721530532128,5,100.0,10000.0,1000000.0,447739000.0,532126000.0,18.847364201018898
TD3,1layer,none,lrelu,,HalfCheetah-v4,3004155444.228668,1696122126.8384764,5,3769.534451575696,2215.0600016148437,5,100.0,10000.0,1000000.0,2272098573.3879137,3004155444.228668,32.21941509998788
TD3,1layer,none,lrelu,,Hopper-v4,1013643684.61399,489863658.42376703,5,1781.6292809847089,1048.8837090716322,5,100.0,10000.0,1000000.0,1096397127.585713,1013643684.61399,-7.547761745230727
TD3,1layer,none,lrelu,,Humanoid-v4,1652857144.644257,605570929.8858644,5,3991.6308103871656,1710.3027266285685,5,100.0,10000.0,1000000.0,2245589736.7499375,1652857144.644257,-26.395408849861763
TD3,1layer,none,lrelu,,Walker-Walk,552684602.4329532,224838764.60367343,5,661.953255069684,278.7111088210521,5,100.0,10000.0,1000000.0,546355122.2629595,552684602.4329532,1.1584919610120163
TD3,1layer,none,prelu,,Ant-v4,1498941448.4903991,407468279.7429727,5,2545.79405093371,422.7373615944434,5,100.0,10000.0,1000000.0,1435997724.7550051,1498941448.4903991,4.383274614598209
TD3,1layer,none,prelu,,Cartpole-Swingup,681661935.5868882,50355387.7593619,5,812.7173123765799,39.51180199383406,5,100.0,10000.0,1000000.0,656025240.207854,681661935.5868882,3.9078824727706314
TD3,1layer,none,prelu,,Cheetah-Run,309922866.837831,42377516.47517966,5,380.3038919348602,134.38273880613727,5,100.0,10000.0,1000000.0,282632550.53843087,309922866.837831,9.655758421105624
TD3,1layer,none,prelu,,Finger-Spin,392122000.0,208068201.63710743,5,669.4,164.15328202628177,5,100.0,10000.0,1000000.0,447739000.0,392122000.0,-12.421745704528755
TD3,1layer,none,prelu,,HalfCheetah-v4,2662288409.0091085,1330932736.357091,5,3423.219053188768,1747.506070983555,5,100.0,10000.0,1000000.0,2272098573.3879137,2662288409.0091085,17.173103323566853
TD3,1layer,none,prelu,,Hopper-v4,1010394439.5943116,602480620.7710689,5,1390.9735742111866,1093.8228898691148,5,100.0,10000.0,1000000.0,1096397127.585713,1010394439.5943116,-7.844118324240856
TD3,1layer,none,prelu,,Humanoid-v4,2743338226.5911813,1009019832.6451688,5,4450.466674539466,1628.1845854832652,5,100.0,10000.0,1000000.0,2245589736.7499375,2743338226.5911813,22.165602277896035
TD3,1layer,none,prelu,,Walker-Walk,643869339.2827172,196793428.97961456,5,834.9855701979044,160.63168344054188,5,100.0,10000.0,1000000.0,546355122.2629595,643869339.2827172,17.84813815158566
TD3,1layer,none,relu,,Ant-v4,1435997724.7550051,373028460.3327677,5,2312.38619564978,840.1751553470492,5,100.0,10000.0,1000000.0,1435997724.7550051,1435997724.7550051,0.0
TD3,1layer,none,relu,,Cartpole-Swingup,656025240.207854,86131725.59718345,5,776.4898153088636,121.36512413477922,5,100.0,10000.0,1000000.0,656025240.207854,656025240.207854,0.0
TD3,1layer,none,relu,,Cheetah-Run,282632550.53843087,31865168.5751589,5,409.3867966998917,45.3818260971078,5,100.0,10000.0,1000000.0,282632550.53843087,282632550.53843087,0.0
TD3,1layer,none,relu,,Finger-Spin,447739000.0,251334966.63815007,5,498.8,456.5514209812516,5,100.0,10000.0,1000000.0,447739000.0,447739000.0,0.0
TD3,1layer,none,relu,,HalfCheetah-v4,2272098573.3879137,924041017.370766,5,2989.3293537255117,1158.6102743215488,5,100.0,10000.0,1000000.0,2272098573.3879137,2272098573.3879137,0.0
TD3,1layer,none,relu,,Hopper-v4,1096397127.585713,426613943.62649095,5,1636.957572926034,613.5438246421988,5,100.0,10000.0,1000000.0,1096397127.585713,1096397127.585713,0.0
TD3,1layer,none,relu,,Humanoid-v4,2245589736.749937,728881792.3300722,5,5162.216833996834,58.44426538608173,5,100.0,10000.0,1000000.0,2245589736.7499375,2245589736.749937,-2.1234384464780097e-14
TD3,1layer,none,relu,,Walker-Walk,546355122.2629595,242501564.9904121,5,689.6840666502281,297.3816517226484,5,100.0,10000.0,1000000.0,546355122.2629595,546355122.2629595,0.0
TD3,1layer,none,swish,,Ant-v4,1457188228.8284302,438414015.6311696,5,2354.312353515625,568.7961167806179,5,100.0,10000.0,1000000.0,1435997724.7550051,1457188228.8284302,1.4756641816434881
TD3,1layer,none,swish,,Cartpole-Swingup,441442556.5643311,98160751.9431522,5,707.9187133789062,109.65153181658188,5,100.0,10000.0,1000000.0,656025240.207854,441442556.5643311,-32.70951641670599
TD3,1layer,none,swish,,Cheetah-Run,296033845.2049494,23631155.764416307,5,371.920068359375,109.83746753091128,5,100.0,10000.0,1000000.0,282632550.53843087,296033845.2049494,4.741596338068029
TD3,1layer,none,swish,,Finger-Spin,386776000.0,61746016.30874659,5,597.8,169.9932351595204,5,100.0,10000.0,1000000.0,447739000.0,386776000.0,-13.615744887088237
TD3,1layer,none,swish,,HalfCheetah-v4,3032523307.220459,1527524079.324578,5,3659.6653076171874,1806.1759276997325,5,100.0,10000.0,1000000.0,2272098573.3879137,3032523307.220459,33.46794644999403
TD3,1layer,none,swish,,Hopper-v4,1502120327.8045654,156554191.94782665,5,1981.728253173828,1063.0824194121662,5,100.0,10000.0,1000000.0,1096397127.585713,1502120327.8045654,37.005131627101456
TD3,1layer,none,swish,,Humanoid-v4,2547570984.359741,416721217.1186691,5,5244.48623046875,250.5456464592574,5,100.0,10000.0,1000000.0,2245589736.7499375,2547570984.359741,13.447747942011166
TD3,1layer,none,swish,,Walker-Walk,717265886.2285614,103260163.5780655,5,865.0895629882813,117.13182930974516,5,100.0,10000.0,1000000.0,546355122.2629595,717265886.2285614,31.281991693919355
TD3,2layers,all-actor,fgelu,0.1,Ant-v4,2365706745.085716,176108363.0311784,5,3299.95771484375,324.29631635416973,5,100.0,10000.0,1000000.0,2509126367.125186,2365706745.085716,-5.715918652745746
TD3,2layers,all-actor,fgelu,0.1,Cartpole-Swingup,759374751.1949539,32597388.164124727,5,784.5329345703125,107.59267343951088,5,100.0,10000.0,1000000.0,754008382.2283134,759374751.1949539,0.7117121099875967
TD3,2layers,all-actor,fgelu,0.1,Cheetah-Run,534182658.8687897,29751726.913735475,5,699.150048828125,53.9279605095546,5,100.0,10000.0,1000000.0,520839473.57993376,534182658.8687897,2.561861372976009
TD3,2layers,all-actor,fgelu,0.1,Finger-Spin,763886000.0,39832853.65122613,5,891.2,26.28117196777952,5,100.0,10000.0,1000000.0,719283000.0,763886000.0,6.20103630976959
TD3,2layers,all-actor,fgelu,0.1,HalfCheetah-v4,2113382201.5399933,1514282520.005011,5,2656.46630859375,1898.0434289103307,5,100.0,10000.0,1000000.0,3031874421.6131363,2113382201.5399933,-30.29453375527509
TD3,2layers,all-actor,fgelu,0.1,Hopper-v4,2244178963.409424,269101285.71442115,5,3364.87763671875,142.32141457222224,5,100.0,10000.0,1000000.0,1938538991.8401551,2244178963.409424,15.766511422044726
TD3,2layers,all-actor,fgelu,0.1,Humanoid-v4,3784030804.992676,94149978.39851835,5,5520.84365234375,269.55743761799346,5,100.0,10000.0,1000000.0,3553641840.947341,3784030804.992676,6.4831790697263125
TD3,2layers,all-actor,fgelu,0.1,Walker-Walk,840315271.2240219,64818443.09715065,5,949.8568237304688,16.94539007739177,5,100.0,10000.0,1000000.0,779060973.2326782,840315271.2240219,7.862580734492681
TD3,2layers,all-actor,fgelu,0.2,Ant-v4,2526419887.248993,255526443.853814,5,3674.758056640625,567.4018566169289,5,100.0,10000.0,1000000.0,2509126367.125186,2526419887.248993,0.6892247576841211
TD3,2layers,all-actor,fgelu,0.2,Cartpole-Swingup,750262346.1914062,17971531.142002296,5,826.5268432617188,23.329204513365443,5,100.0,10000.0,1000000.0,754008382.2283134,750262346.1914062,-0.49681623244513184
TD3,2layers,all-actor,fgelu,0.2,Cheetah-Run,498073964.35165405,71116350.67455192,5,684.7377807617188,92.1151658519836,5,100.0,10000.0,1000000.0,520839473.57993376,498073964.35165405,-4.37092624178491
TD3,2layers,all-actor,fgelu,0.2,Finger-Spin,749945000.0,79124742.41664235,5,916.6,42.81705267764235,5,100.0,10000.0,1000000.0,719283000.0,749945000.0,4.2628562054156705
TD3,2layers,all-actor,fgelu,0.2,HalfCheetah-v4,3360903510.261536,2431433577.102545,5,4299.184912109375,3212.32227698347,5,100.0,10000.0,1000000.0,3031874421.6131363,3360903510.261536,10.852332349350304
TD3,2layers,all-actor,fgelu,0.2,Hopper-v4,1822747140.3121948,248080662.8126578,5,3285.376220703125,103.59123089821524,5,100.0,10000.0,1000000.0,1938538991.8401551,1822747140.3121948,-5.973150502278268
TD3,2layers,all-actor,fgelu,0.2,Humanoid-v4,3664757995.109558,212539709.80805475,5,5231.759765625,91.81195361310448,5,100.0,10000.0,1000000.0,3553641840.947341,3664757995.109558,3.126824793705025
TD3,2layers,all-actor,fgelu,0.2,Walker-Walk,827446718.0585861,42936357.50419174,5,963.0496337890625,9.372124259028697,5,100.0,10000.0,1000000.0,779060973.2326782,827446718.0585861,6.21077765263141
TD3,2layers,all-actor,fgelu,0.3,Ant-v4,2320197236.7191315,284720082.57900417,5,3330.53916015625,1099.0779097022853,5,100.0,10000.0,1000000.0,2509126367.125186,2320197236.7191315,-7.529677774759457
TD3,2layers,all-actor,fgelu,0.3,Cartpole-Swingup,754709894.5430266,10243343.65911041,5,839.5951538085938,5.566212415499242,5,100.0,10000.0,1000000.0,754008382.2283134,754709894.5430266,0.09303773422782756
TD3,2layers,all-actor,fgelu,0.3,Cheetah-Run,512012948.3947754,37026864.63522103,5,669.04462890625,57.866763892582895,5,100.0,10000.0,1000000.0,520839473.57993376,512012948.3947754,-1.6946728565886542
TD3,2layers,all-actor,fgelu,0.3,Finger-Spin,611202000.0,342325372.28125525,5,720.4,403.0475158092405,5,100.0,10000.0,1000000.0,719283000.0,611202000.0,-15.026213604381029
TD3,2layers,all-actor,fgelu,0.3,HalfCheetah-v4,2881578691.017151,1940588030.1753504,5,3684.031127929688,2599.8423303031564,5,100.0,10000.0,1000000.0,3031874421.6131363,2881578691.017151,-4.957188514292726
TD3,2layers,all-actor,fgelu,0.3,Hopper-v4,2260599103.351593,223813440.6987529,5,3366.84326171875,134.57301898255506,5,100.0,10000.0,1000000.0,1938538991.8401551,2260599103.351593,16.613548289050552
TD3,2layers,all-actor,fgelu,0.3,Humanoid-v4,3628769451.828003,565037123.5932717,5,5288.0162109375,251.46488380598325,5,100.0,10000.0,1000000.0,3553641840.947341,3628769451.828003,2.1141019338244345
TD3,2layers,all-actor,fgelu,0.3,Walker-Walk,868121487.1349335,48148609.00044433,5,955.6564086914062,8.798132767080318,5,100.0,10000.0,1000000.0,779060973.2326782,868121487.1349335,11.431777096047146
TD3,2layers,all-actor,fgelu,0.4,Ant-v4,2332237844.162941,399947947.62726194,5,3085.612109375,589.7182383543766,5,100.0,10000.0,1000000.0,2509126367.125186,2332237844.162941,-7.049805274052968
TD3,2layers,all-actor,fgelu,0.4,Cartpole-Swingup,775047839.8742676,17153558.12531447,5,803.7218383789062,69.04150084054146,5,100.0,10000.0,1000000.0,754008382.2283134,775047839.8742676,2.7903479778005162
TD3,2layers,all-actor,fgelu,0.4,Cheetah-Run,465904575.5252838,78261130.51580016,5,590.5136413574219,120.58962990955632,5,100.0,10000.0,1000000.0,520839473.57993376,465904575.5252838,-10.547376080591755
TD3,2layers,all-actor,fgelu,0.4,Finger-Spin,606963000.0,336018002.7654768,5,797.8,282.71841114437524,5,100.0,10000.0,1000000.0,719283000.0,606963000.0,-15.615550485692001
TD3,2layers,all-actor,fgelu,0.4,HalfCheetah-v4,2284076011.257172,1818191484.115155,5,3454.027416992188,2314.658000244319,5,100.0,10000.0,1000000.0,3031874421.6131363,2284076011.257172,-24.6645575102049
TD3,2layers,all-actor,fgelu,0.4,Hopper-v4,2042565886.4593503,194632242.89610392,5,3271.985498046875,58.98569055052706,5,100.0,10000.0,1000000.0,1938538991.8401551,2042565886.4593503,5.366252371351471
TD3,2layers,all-actor,fgelu,0.4,Humanoid-v4,3551495188.194275,643686607.248423,5,5359.23544921875,248.4429083266429,5,100.0,10000.0,1000000.0,3553641840.947341,3551495188.194275,-0.060407121740040114
TD3,2layers,all-actor,fgelu,0.4,Walker-Walk,794962507.645607,140439446.68967745,5,920.7536499023438,90.41785180939048,5,100.0,10000.0,1000000.0,779060973.2326782,794962507.645607,2.041115517177831
TD3,2layers,all-actor,fgelu,0.5,Ant-v4,2391795741.1937714,302120855.66434485,5,3590.941748046875,420.709026107226,5,100.0,10000.0,1000000.0,2509126367.125186,2391795741.1937714,-4.676154516117311
TD3,2layers,all-actor,fgelu,0.5,Cartpole-Swingup,764152021.232605,21089057.850535657,5,817.4430541992188,36.3789369586226,5,100.0,10000.0,1000000.0,754008382.2283134,764152021.232605,1.3452952571049859
TD3,2layers,all-actor,fgelu,0.5,Cheetah-Run,521736147.1138001,43658398.75132986,5,649.7327758789063,34.07209295455398,5,100.0,10000.0,1000000.0,520839473.57993376,521736147.1138001,0.17215928886940104
TD3,2layers,all-actor,fgelu,0.5,Finger-Spin,722223000.0,90879610.92841452,5,902.2,43.2862564793954,5,100.0,10000.0,1000000.0,719283000.0,722223000.0,0.4087403706190748
TD3,2layers,all-actor,fgelu,0.5,HalfCheetah-v4,3090889974.927902,1947649434.099183,5,4313.078100585937,3122.1937754955184,5,100.0,10000.0,1000000.0,3031874421.6131363,3090889974.927902,1.946503882023127
TD3,2layers,all-actor,fgelu,0.5,Hopper-v4,1995139349.910736,206780385.3249581,5,3264.707080078125,177.7944968691175,5,100.0,10000.0,1000000.0,1938538991.8401551,1995139349.910736,2.9197430801664277
TD3,2layers,all-actor,fgelu,0.5,Humanoid-v4,3790730292.5109854,322064717.4366717,5,5325.1349609375,232.9316665426136,5,100.0,10000.0,1000000.0,3553641840.947341,3790730292.5109854,6.671703626171866
TD3,2layers,all-actor,fgelu,0.5,Walker-Walk,767643510.799408,150530895.73656443,5,890.5602783203125,88.2380916402214,5,100.0,10000.0,1000000.0,779060973.2326782,767643510.799408,-1.4655415719123976
TD3,2layers,all-actor,flrelu,0.1,Ant-v4,2416248338.2367697,197313913.9359216,5,2752.2606990552945,924.6505317566985,5,100.0,10000.0,1000000.0,2509126367.125186,2416248338.2367697,-3.7016082611586696
TD3,2layers,all-actor,flrelu,0.1,Cartpole-Swingup,742217978.5772762,39305597.187451325,5,835.6685353189883,9.891388153717172,5,100.0,10000.0,1000000.0,754008382.2283134,742217978.5772762,-1.5636966284370943
TD3,2layers,all-actor,flrelu,0.1,Cheetah-Run,550209935.8990579,16775318.498562155,5,696.486909848301,38.21690297330704,5,100.0,10000.0,1000000.0,520839473.57993376,550209935.8990579,5.639062284824422
TD3,2layers,all-actor,flrelu,0.1,Finger-Spin,789174000.0,53278393.7680182,5,924.2,50.80059054774856,5,100.0,10000.0,1000000.0,719283000.0,789174000.0,9.716759606441414
TD3,2layers,all-actor,flrelu,0.1,HalfCheetah-v4,1584714523.0029128,170804682.63686287,5,1978.343494338268,208.8858677415448,5,100.0,10000.0,1000000.0,3031874421.6131363,1584714523.0029128,-47.731525035929714
TD3,2layers,all-actor,flrelu,0.1,Hopper-v4,1810541729.04254,535300976.4243199,5,3267.002410784878,185.00543328445676,5,100.0,10000.0,1000000.0,1938538991.8401551,1810541729.04254,-6.602769577315226
TD3,2layers,all-actor,flrelu,0.1,Humanoid-v4,3578706863.715023,310161252.9406325,5,5032.528429227615,236.80739220782888,5,100.0,10000.0,1000000.0,3553641840.947341,3578706863.715023,0.705333398511544
TD3,2layers,all-actor,flrelu,0.1,Walker-Walk,833014107.1083037,98900849.7855555,5,953.0332764271228,24.480127647494324,5,100.0,10000.0,1000000.0,779060973.2326782,833014107.1083037,6.925405806396567
TD3,2layers,all-actor,flrelu,0.2,Ant-v4,2502223235.576051,303996330.9033132,5,3615.5342244947183,441.2887207854729,5,100.0,10000.0,1000000.0,2509126367.125186,2502223235.576051,-0.27512092015692086
TD3,2layers,all-actor,flrelu,0.2,Cartpole-Swingup,739609844.7101667,26342459.190374408,5,843.6165268301169,17.476221122551767,5,100.0,10000.0,1000000.0,754008382.2283134,739609844.7101667,-1.9095991314572525
TD3,2layers,all-actor,flrelu,0.2,Cheetah-Run,499013432.8275668,51223537.37402738,5,687.0055881741156,41.36641713964392,5,100.0,10000.0,1000000.0,520839473.57993376,499013432.8275668,-4.190550420909543
TD3,2layers,all-actor,flrelu,0.2,Finger-Spin,772084000.0,37280947.781675294,5,920.6,44.35989179427741,5,100.0,10000.0,1000000.0,719283000.0,772084000.0,7.34078241804686
TD3,2layers,all-actor,flrelu,0.2,HalfCheetah-v4,3003548189.044716,2067491389.5562396,5,3908.84401856772,2717.613212865222,5,100.0,10000.0,1000000.0,3031874421.6131363,3003548189.044716,-0.9342811947121867
TD3,2layers,all-actor,flrelu,0.2,Hopper-v4,2117296627.810096,471814942.0354932,5,3275.713748165885,176.45806069546128,5,100.0,10000.0,1000000.0,1938538991.8401551,2117296627.810096,9.221255632328319
TD3,2layers,all-actor,flrelu,0.2,Humanoid-v4,3725674390.818846,232910858.9417649,5,5385.89137432893,358.06114554548526,5,100.0,10000.0,1000000.0,3553641840.947341,3725674390.818846,4.84102105871323
TD3,2layers,all-actor,flrelu,0.2,Walker-Walk,650773210.7213364,132694109.44198608,5,799.8918230951053,136.42251791906543,5,100.0,10000.0,1000000.0,779060973.2326782,650773210.7213364,-16.466973307495763
TD3,2layers,all-actor,flrelu,0.3,Ant-v4,2390376034.468932,176335131.36296913,5,3673.515611831309,122.94471848725271,5,100.0,10000.0,1000000.0,2509126367.125186,2390376034.468932,-4.73273623091017
TD3,2layers,all-actor,flrelu,0.3,Cartpole-Swingup,756494850.3603423,5583280.190699877,5,803.3083775049442,49.737548720756585,5,100.0,10000.0,1000000.0,754008382.2283134,756494850.3603423,0.32976664326735783
TD3,2layers,all-actor,flrelu,0.3,Cheetah-Run,546585517.226093,60119423.96462907,5,736.6452500955631,37.95639716541265,5,100.0,10000.0,1000000.0,520839473.57993376,546585517.226093,4.943182103536939
TD3,2layers,all-actor,flrelu,0.3,Finger-Spin,611261000.0,342091597.9748699,5,733.8,411.3006199849448,5,100.0,10000.0,1000000.0,719283000.0,611261000.0,-15.018010991501258
TD3,2layers,all-actor,flrelu,0.3,HalfCheetah-v4,2760153898.906072,1614646959.27837,5,3640.494635541289,2293.952965531317,5,100.0,10000.0,1000000.0,3031874421.6131363,2760153898.906072,-8.962129855051607
TD3,2layers,all-actor,flrelu,0.3,Hopper-v4,1925013091.156116,777629302.4663258,5,2825.660657670377,1064.9992001969983,5,100.0,10000.0,1000000.0,1938538991.8401551,1925013091.156116,-0.6977368389789094
TD3,2layers,all-actor,flrelu,0.3,Humanoid-v4,3459474879.3468046,272326010.0747462,5,5389.539639674175,42.8512471159039,5,100.0,10000.0,1000000.0,3553641840.947341,3459474879.3468046,-2.649872041562664
TD3,2layers,all-actor,flrelu,0.3,Walker-Walk,815471422.1665065,29477383.39741852,5,942.7401913034925,28.2066123255302,5,100.0,10000.0,1000000.0,779060973.2326782,815471422.1665065,4.673632768786357
TD3,2layers,all-actor,flrelu,0.4,Ant-v4,2316980813.89433,558608476.9096907,5,3242.7763362702035,644.0138188061366,5,100.0,10000.0,1000000.0,2509126367.125186,2316980813.89433,-7.6578667279721495
TD3,2layers,all-actor,flrelu,0.4,Cartpole-Swingup,743004014.3602272,29618258.98709817,5,820.4352112497709,16.72880346446917,5,100.0,10000.0,1000000.0,754008382.2283134,743004014.3602272,-1.459449009779589
TD3,2layers,all-actor,flrelu,0.4,Cheetah-Run,496553000.2300234,66877567.75856456,5,642.2546436895493,56.49875886100422,5,100.0,10000.0,1000000.0,520839473.57993376,496553000.2300234,-4.662947910414688
TD3,2layers,all-actor,flrelu,0.4,Finger-Spin,746827000.0,74440001.47770014,5,902.6,96.53393185818136,5,100.0,10000.0,1000000.0,719283000.0,746827000.0,3.829368968820339
TD3,2layers,all-actor,flrelu,0.4,HalfCheetah-v4,2824436959.8454576,1597924973.8532157,5,3504.735325404152,1898.2082599860348,5,100.0,10000.0,1000000.0,3031874421.6131363,2824436959.8454576,-6.841888314665414
TD3,2layers,all-actor,flrelu,0.4,Hopper-v4,1864566873.948679,867536970.7949635,5,2792.2703188826863,1089.5739168945413,5,100.0,10000.0,1000000.0,1938538991.8401551,1864566873.948679,-3.815869487425591
TD3,2layers,all-actor,flrelu,0.4,Humanoid-v4,3780715935.0110855,246710993.39684457,5,5317.1273144315,229.91657383868517,5,100.0,10000.0,1000000.0,3553641840.947341,3780715935.0110855,6.389898144693457
TD3,2layers,all-actor,flrelu,0.4,Walker-Walk,688321472.6409374,75646008.87460527,5,851.373480700976,131.82271043719888,5,100.0,10000.0,1000000.0,779060973.2326782,688321472.6409374,-11.647291253112229
TD3,2layers,all-actor,flrelu,0.5,Ant-v4,2414136739.7439647,150570196.26234046,5,3784.029281128672,212.72265125900745,5,100.0,10000.0,1000000.0,2509126367.125186,2414136739.7439647,-3.785764982815712
TD3,2layers,all-actor,flrelu,0.5,Cartpole-Swingup,768612762.9665238,16728694.567961,5,845.3898804976182,6.291902874597557,5,100.0,10000.0,1000000.0,754008382.2283134,768612762.9665238,1.9368989897764983
TD3,2layers,all-actor,flrelu,0.5,Cheetah-Run,488736890.9167608,61852997.86813946,5,675.607307718008,48.63403240840323,5,100.0,10000.0,1000000.0,520839473.57993376,488736890.9167608,-6.163623206689642
TD3,2layers,all-actor,flrelu,0.5,Finger-Spin,754453000.0,48791333.45175145,5,905.8,28.46401236649536,5,100.0,10000.0,1000000.0,719283000.0,754453000.0,4.889591440364919
TD3,2layers,all-actor,flrelu,0.5,HalfCheetah-v4,2873765235.048116,1998185664.6863964,5,3703.418864615073,2660.303174792008,5,100.0,10000.0,1000000.0,3031874421.6131363,2873765235.048116,-5.214898923184841
TD3,2layers,all-actor,flrelu,0.5,Hopper-v4,1637086587.708876,628788351.0191618,5,2851.014846746465,895.6432118460748,5,100.0,10000.0,1000000.0,1938538991.8401551,1637086587.708876,-15.550494748889523
TD3,2layers,all-actor,flrelu,0.5,Humanoid-v4,3759248965.32473,179731247.6746143,5,5373.32274857366,271.2630874840493,5,100.0,10000.0,1000000.0,3553641840.947341,3759248965.32473,5.785814484967274
TD3,2layers,all-actor,flrelu,0.5,Walker-Walk,786354031.4605657,125652042.81151824,5,928.5061688551802,61.28497300723161,5,100.0,10000.0,1000000.0,779060973.2326782,786354031.4605657,0.936134459107263
TD3,2layers,all-actor,fprelu,0.1,Ant-v4,2369179827.6769667,241637897.34612325,5,2838.2318129584864,1664.0375742656674,5,100.0,10000.0,1000000.0,2509126367.125186,2369179827.6769667,-5.577500650497809
TD3,2layers,all-actor,fprelu,0.1,Cartpole-Swingup,734511410.5788052,59561757.86249263,5,784.0909555743448,88.06067724079996,5,100.0,10000.0,1000000.0,754008382.2283134,734511410.5788052,-2.5857765124426115
TD3,2layers,all-actor,fprelu,0.1,Cheetah-Run,470136881.349841,58848119.50837081,5,637.561775559607,62.02027140321991,5,100.0,10000.0,1000000.0,520839473.57993376,470136881.349841,-9.734782942159507
TD3,2layers,all-actor,fprelu,0.1,Finger-Spin,263141000.0,279989575.4845169,5,279.4,350.9982905941281,5,100.0,10000.0,1000000.0,719283000.0,263141000.0,-63.4162075288864
TD3,2layers,all-actor,fprelu,0.1,HalfCheetah-v4,2793203578.918749,1732393642.0397737,5,3288.8912872511,1875.4637964167696,5,100.0,10000.0,1000000.0,3031874421.6131363,2793203578.918749,-7.872055682550349
TD3,2layers,all-actor,fprelu,0.1,Hopper-v4,2618842337.9766345,348730974.2976954,5,3408.826049331333,201.5273527730468,5,100.0,10000.0,1000000.0,1938538991.8401551,2618842337.9766345,35.09361168385385
TD3,2layers,all-actor,fprelu,0.1,Humanoid-v4,934808434.2722794,271599314.4719904,5,1552.839804861772,1171.4922927333544,5,100.0,10000.0,1000000.0,3553641840.947341,934808434.2722794,-73.69435423961929
TD3,2layers,all-actor,fprelu,0.1,Walker-Walk,839913761.9143779,45259892.02774235,5,959.7696209776096,27.15991800318441,5,100.0,10000.0,1000000.0,779060973.2326782,839913761.9143779,7.811043136866921
TD3,2layers,all-actor,fprelu,0.2,Ant-v4,2337981054.628237,220137462.3259497,5,3387.2031047860373,369.1804422542485,5,100.0,10000.0,1000000.0,2509126367.125186,2337981054.628237,-6.820912439457473
TD3,2layers,all-actor,fprelu,0.2,Cartpole-Swingup,751979597.1037443,39044303.04587711,5,837.4314644233398,30.15087282438379,5,100.0,10000.0,1000000.0,754008382.2283134,751979597.1037443,-0.2690666539506536
TD3,2layers,all-actor,fprelu,0.2,Cheetah-Run,504802078.43258274,61600334.88882146,5,686.5371254062744,109.44314714408594,5,100.0,10000.0,1000000.0,520839473.57993376,504802078.43258274,-3.0791435674258185
TD3,2layers,all-actor,fprelu,0.2,Finger-Spin,626044000.0,159493118.98950374,5,698.8,173.48256396537374,5,100.0,10000.0,1000000.0,719283000.0,626044000.0,-12.962769869439429
TD3,2layers,all-actor,fprelu,0.2,HalfCheetah-v4,3611528704.172784,1880704344.270691,5,4669.644054716666,2606.495723607874,5,100.0,10000.0,1000000.0,3031874421.6131363,3611528704.172784,19.118677159828973
TD3,2layers,all-actor,fprelu,0.2,Hopper-v4,2397241391.3764105,236689337.80899408,5,3484.5559160201738,101.86756004324442,5,100.0,10000.0,1000000.0,1938538991.8401551,2397241391.3764105,23.66227357133698
TD3,2layers,all-actor,fprelu,0.2,Humanoid-v4,2967058775.1081934,465801699.920432,5,5077.298595810249,273.00021305610466,5,100.0,10000.0,1000000.0,3553641840.947341,2967058775.1081934,-16.506533074891262
TD3,2layers,all-actor,fprelu,0.2,Walker-Walk,762389695.1084793,168235325.19988224,5,894.4746664464367,138.99771792163224,5,100.0,10000.0,1000000.0,779060973.2326782,762389695.1084793,-2.139919556619837
TD3,2layers,all-actor,fprelu,0.3,Ant-v4,2157562942.7609186,158597918.95215717,5,2305.223100962929,1356.7136934636287,5,100.0,10000.0,1000000.0,2509126367.125186,2157562942.7609186,-14.01138774716511
TD3,2layers,all-actor,fprelu,0.3,Cartpole-Swingup,731470528.4936715,42069045.50012387,5,822.0995110877304,8.607616336256603,5,100.0,10000.0,1000000.0,754008382.2283134,731470528.4936715,-2.9890720402916497
TD3,2layers,all-actor,fprelu,0.3,Cheetah-Run,529795300.5268711,89400417.29158127,5,651.4202585810655,86.76535984895354,5,100.0,10000.0,1000000.0,520839473.57993376,529795300.5268711,1.7194985021738878
TD3,2layers,all-actor,fprelu,0.3,Finger-Spin,585311000.0,125521013.54952486,5,747.0,93.7149934642264,5,100.0,10000.0,1000000.0,719283000.0,585311000.0,-18.625770385230847
TD3,2layers,all-actor,fprelu,0.3,HalfCheetah-v4,3991378475.786372,1416248270.990477,5,4927.499215483114,1922.4229137821023,5,100.0,10000.0,1000000.0,3031874421.6131363,3991378475.786372,31.64722283130457
TD3,2layers,all-actor,fprelu,0.3,Hopper-v4,2353601354.051636,463196563.0084871,5,3415.6318608384345,139.0298270821038,5,100.0,10000.0,1000000.0,1938538991.8401551,2353601354.051636,21.411091753046648
TD3,2layers,all-actor,fprelu,0.3,Humanoid-v4,3274888587.0912867,280833983.7978161,5,4680.021259096036,1516.4640680278817,5,100.0,10000.0,1000000.0,3553641840.947341,3274888587.0912867,-7.844157242974812
TD3,2layers,all-actor,fprelu,0.3,Walker-Walk,801668168.0337139,196041848.8202193,5,902.5563946636752,115.12919623160244,5,100.0,10000.0,1000000.0,779060973.2326782,801668168.0337139,2.901851790525231
TD3,2layers,all-actor,fprelu,0.4,Ant-v4,2096340013.6607409,366698985.1483888,5,3022.6079072259136,324.39406780418926,5,100.0,10000.0,1000000.0,2509126367.125186,2096340013.6607409,-16.451397541104804
TD3,2layers,all-actor,fprelu,0.4,Cartpole-Swingup,752210642.0304812,38129420.49356064,5,836.7655749027783,41.85768293629957,5,100.0,10000.0,1000000.0,754008382.2283134,752210642.0304812,-0.2384244313729488
TD3,2layers,all-actor,fprelu,0.4,Cheetah-Run,551015488.3224518,75273171.44051641,5,716.0403973574732,82.18219491773442,5,100.0,10000.0,1000000.0,520839473.57993376,551015488.3224518,5.793726526737019
TD3,2layers,all-actor,fprelu,0.4,Finger-Spin,645203000.0,109539945.43087924,5,768.2,107.91756112885427,5,100.0,10000.0,1000000.0,719283000.0,645203000.0,-10.299145120905123
TD3,2layers,all-actor,fprelu,0.4,HalfCheetah-v4,2904546087.711608,1834374400.2499316,5,3873.848087536928,2518.838700785647,5,100.0,10000.0,1000000.0,3031874421.6131363,2904546087.711608,-4.19965724813174
TD3,2layers,all-actor,fprelu,0.4,Hopper-v4,2318509630.5442367,243975158.5372905,5,3032.5332022277944,1138.0269381832877,5,100.0,10000.0,1000000.0,1938538991.8401551,2318509630.5442367,19.600876758398087
TD3,2layers,all-actor,fprelu,0.4,Humanoid-v4,3632371024.699408,601861642.1585666,5,5273.633739133863,222.6380563981881,5,100.0,10000.0,1000000.0,3553641840.947341,3632371024.699408,2.215450720016264
TD3,2layers,all-actor,fprelu,0.4,Walker-Walk,835008705.2270725,88861231.93202235,5,966.33627681511,13.342631072231098,5,100.0,10000.0,1000000.0,779060973.2326782,835008705.2270725,7.1814317385508
TD3,2layers,all-actor,fprelu,0.5,Ant-v4,2185301716.4619207,445423509.6890285,5,3348.877805894173,440.5808262031519,5,100.0,10000.0,1000000.0,2509126367.125186,2185301716.4619207,-12.90587253420341
TD3,2layers,all-actor,fprelu,0.5,Cartpole-Swingup,752914852.6837537,17882674.13576529,5,818.8508266352833,52.29967873435737,5,100.0,10000.0,1000000.0,754008382.2283134,752914852.6837537,-0.14502883128805813
TD3,2layers,all-actor,fprelu,0.5,Cheetah-Run,523522152.2128776,43841598.25454496,5,671.4677910298831,63.526645375831976,5,100.0,10000.0,1000000.0,520839473.57993376,523522152.2128776,0.5150682252450468
TD3,2layers,all-actor,fprelu,0.5,Finger-Spin,706714000.0,55494204.0216814,5,884.0,3.741657386773941,5,100.0,10000.0,1000000.0,719283000.0,706714000.0,-1.7474345980650174
TD3,2layers,all-actor,fprelu,0.5,HalfCheetah-v4,3418270026.538408,1969765259.4241412,5,4387.108430696129,2477.821125120452,5,100.0,10000.0,1000000.0,3031874421.6131363,3418270026.538408,12.744446213563366
TD3,2layers,all-actor,fprelu,0.5,Hopper-v4,2490269215.532971,139020400.537533,5,3403.2277033438504,142.19244642435137,5,100.0,10000.0,1000000.0,1938538991.8401551,2490269215.532971,28.461136248236446
TD3,2layers,all-actor,fprelu,0.5,Humanoid-v4,3368101384.120229,389332390.19677377,5,5282.619518818789,360.7781156062591,5,100.0,10000.0,1000000.0,3553641840.947341,3368101384.120229,-5.22113553170148
TD3,2layers,all-actor,fprelu,0.5,Walker-Walk,849920511.2816637,87827858.19431135,5,926.7600423539212,66.81542731016053,5,100.0,10000.0,1000000.0,779060973.2326782,849920511.2816637,9.095506062247868
TD3,2layers,all-actor,frelu,0.1,Ant-v4,2224021376.20135,217602310.18039572,5,3085.0882713741703,263.422854875248,5,100.0,10000.0,1000000.0,2509126367.125186,2224021376.20135,-11.362719497085067
TD3,2layers,all-actor,frelu,0.1,Cartpole-Swingup,753383323.8651279,6972655.067886967,5,844.3903804392437,8.84598332694323,5,100.0,10000.0,1000000.0,754008382.2283134,753383323.8651279,-0.08289806558095497
TD3,2layers,all-actor,frelu,0.1,Cheetah-Run,540791812.0741136,65672851.71646544,5,707.1243421909037,87.87348083951825,5,100.0,10000.0,1000000.0,520839473.57993376,540791812.0741136,3.8308038284885755
TD3,2layers,all-actor,frelu,0.1,Finger-Spin,685159000.0,68792930.54158981,5,871.0,40.25543441574069,5,100.0,10000.0,1000000.0,719283000.0,685159000.0,-4.744168845920173
TD3,2layers,all-actor,frelu,0.1,HalfCheetah-v4,2795321388.0374045,1800308185.216584,5,3769.090608451677,2574.9385670997144,5,100.0,10000.0,1000000.0,3031874421.6131363,2795321388.0374045,-7.802204203756947
TD3,2layers,all-actor,frelu,0.1,Hopper-v4,1738265667.7962475,796784230.5122486,5,2648.079793793313,1473.7461765821704,5,100.0,10000.0,1000000.0,1938538991.8401551,1738265667.7962475,-10.331147574896004
TD3,2layers,all-actor,frelu,0.1,Humanoid-v4,3238548061.6410203,926525070.269195,5,5382.717624692805,289.85223700696247,5,100.0,10000.0,1000000.0,3553641840.947341,3238548061.6410203,-8.86678493244896
TD3,2layers,all-actor,frelu,0.1,Walker-Walk,714837749.8951857,108287085.08848578,5,919.058116315198,56.52964164641404,5,100.0,10000.0,1000000.0,779060973.2326782,714837749.8951857,-8.243670976226818
TD3,2layers,all-actor,frelu,0.2,Ant-v4,2410681055.5459347,290786009.7019657,5,3013.7302664410136,1433.7730507704034,5,100.0,10000.0,1000000.0,2509126367.125186,2410681055.5459347,-3.923489580640146
TD3,2layers,all-actor,frelu,0.2,Cartpole-Swingup,758242528.8753171,14386881.3416265,5,835.3085537540907,16.1666708380936,5,100.0,10000.0,1000000.0,754008382.2283134,758242528.8753171,0.5615516679656158
TD3,2layers,all-actor,frelu,0.2,Cheetah-Run,507766944.209272,52457412.37396011,5,660.0179686320912,69.35669141346804,5,100.0,10000.0,1000000.0,520839473.57993376,507766944.209272,-2.5098960493161395
TD3,2layers,all-actor,frelu,0.2,Finger-Spin,622114000.0,280878131.23310256,5,879.6,45.39603506915554,5,100.0,10000.0,1000000.0,719283000.0,622114000.0,-13.509147303634313
TD3,2layers,all-actor,frelu,0.2,HalfCheetah-v4,3566895454.1243653,1821954013.3064709,5,4631.586075955574,2470.739871851272,5,100.0,10000.0,1000000.0,3031874421.6131363,3566895454.1243653,17.646543296689913
TD3,2layers,all-actor,frelu,0.2,Hopper-v4,2208476543.3443155,361550340.3302394,5,3097.531315960236,590.0206051072116,5,100.0,10000.0,1000000.0,1938538991.8401551,2208476543.3443155,13.924793498629738
TD3,2layers,all-actor,frelu,0.2,Humanoid-v4,3638430819.464025,191387466.1308612,5,5333.596554908327,207.3392000276563,5,100.0,10000.0,1000000.0,3553641840.947341,3638430819.464025,2.385974229020242
TD3,2layers,all-actor,frelu,0.2,Walker-Walk,732481901.0301263,157057142.31961408,5,773.1797935690602,329.47412084153143,5,100.0,10000.0,1000000.0,779060973.2326782,732481901.0301263,-5.978873772777257
TD3,2layers,all-actor,frelu,0.3,Ant-v4,2241826953.845141,311707138.2713177,5,3265.981733467333,223.1923989659102,5,100.0,10000.0,1000000.0,2509126367.125186,2241826953.845141,-10.653086938235855
TD3,2layers,all-actor,frelu,0.3,Cartpole-Swingup,718455953.5817603,78323115.91349493,5,800.6796572790024,50.522558906624624,5,100.0,10000.0,1000000.0,754008382.2283134,718455953.5817603,-4.715123794974987
TD3,2layers,all-actor,frelu,0.3,Cheetah-Run,523307176.3881725,51990494.05542614,5,674.6704565544876,61.09692547587093,5,100.0,10000.0,1000000.0,520839473.57993376,523307176.3881725,0.47379335350242496
TD3,2layers,all-actor,frelu,0.3,Finger-Spin,767196000.0,40785301.02867943,5,941.2,34.831020656879986,5,100.0,10000.0,1000000.0,719283000.0,767196000.0,6.6612167950584125
TD3,2layers,all-actor,frelu,0.3,HalfCheetah-v4,3015995664.1575,2043265001.6417637,5,3993.385320300372,2939.248487989706,5,100.0,10000.0,1000000.0,3031874421.6131363,3015995664.1575,-0.5237274124034486
TD3,2layers,all-actor,frelu,0.3,Hopper-v4,1940610177.7423184,452725163.9749872,5,3013.573922468516,443.4516626908377,5,100.0,10000.0,1000000.0,1938538991.8401551,1940610177.7423184,0.1068426227628879
TD3,2layers,all-actor,frelu,0.3,Humanoid-v4,3610580704.6382,321751484.75837684,5,5331.40604481443,389.7835737957584,5,100.0,10000.0,1000000.0,3553641840.947341,3610580704.6382,1.6022679335540437
TD3,2layers,all-actor,frelu,0.3,Walker-Walk,822455099.2021663,101263049.80314104,5,914.51130244406,104.72327416511352,5,100.0,10000.0,1000000.0,779060973.2326782,822455099.2021663,5.570055163901509
TD3,2layers,all-actor,frelu,0.4,Ant-v4,2185652130.7674994,310111209.64321965,5,2238.1069946282305,2841.4641726840023,5,100.0,10000.0,1000000.0,2509126367.125186,2185652130.7674994,-12.891906944021512
TD3,2layers,all-actor,frelu,0.4,Cartpole-Swingup,769698489.7235832,15133625.711468056,5,842.1144139179078,15.14561446098307,5,100.0,10000.0,1000000.0,754008382.2283134,769698489.7235832,2.080892980115282
TD3,2layers,all-actor,frelu,0.4,Cheetah-Run,538672632.2283242,56387600.19979575,5,735.5021253946782,91.34566655548392,5,100.0,10000.0,1000000.0,520839473.57993376,538672632.2283242,3.4239260948898758
TD3,2layers,all-actor,frelu,0.4,Finger-Spin,622973000.0,348263695.55984443,5,751.8,421.4726562898239,5,100.0,10000.0,1000000.0,719283000.0,622973000.0,-13.389722821198331
TD3,2layers,all-actor,frelu,0.4,HalfCheetah-v4,3057243613.2675247,2051699216.2166224,5,3809.1135556782583,2509.392864657006,5,100.0,10000.0,1000000.0,3031874421.6131363,3057243613.2675247,0.8367494205413204
TD3,2layers,all-actor,frelu,0.4,Hopper-v4,1643152261.3252854,610593011.4849793,5,3258.099063498822,173.94173891251793,5,100.0,10000.0,1000000.0,1938538991.8401551,1643152261.3252854,-15.237595516945175
TD3,2layers,all-actor,frelu,0.4,Humanoid-v4,3723761137.156644,389061600.06905246,5,5409.7440431550585,279.7538567153444,5,100.0,10000.0,1000000.0,3553641840.947341,3723761137.156644,4.787181821450863
TD3,2layers,all-actor,frelu,0.4,Walker-Walk,787527663.6643103,68873752.62055533,5,939.6897722235302,31.175490154710676,5,100.0,10000.0,1000000.0,779060973.2326782,787527663.6643103,1.08678148726922
TD3,2layers,all-actor,frelu,0.5,Ant-v4,2189230732.9355817,274399396.586352,5,2958.803347328201,1117.0007633175778,5,100.0,10000.0,1000000.0,2509126367.125186,2189230732.9355817,-12.74928351082303
TD3,2layers,all-actor,frelu,0.5,Cartpole-Swingup,747038430.7423618,17907553.4456902,5,829.1866309740711,26.54442409611556,5,100.0,10000.0,1000000.0,754008382.2283134,747038430.7423618,-0.9243864723828976
TD3,2layers,all-actor,frelu,0.5,Cheetah-Run,538423001.5896552,27450436.958174195,5,727.5171062551293,64.5299238581481,5,100.0,10000.0,1000000.0,520839473.57993376,538423001.5896552,3.375997577307826
TD3,2layers,all-actor,frelu,0.5,Finger-Spin,747992000.0,26704351.84571984,5,892.4,23.901882771028724,5,100.0,10000.0,1000000.0,719283000.0,747992000.0,3.991335816361571
TD3,2layers,all-actor,frelu,0.5,HalfCheetah-v4,2549691537.9198804,1562570676.3388562,5,3691.5389218353785,2419.808306174723,5,100.0,10000.0,1000000.0,3031874421.6131363,2549691537.9198804,-15.903788107315677
TD3,2layers,all-actor,frelu,0.5,Hopper-v4,2476184389.31331,451582406.2764674,5,3340.739587350426,158.3516608370605,5,100.0,10000.0,1000000.0,1938538991.8401551,2476184389.31331,27.734567101113402
TD3,2layers,all-actor,frelu,0.5,Humanoid-v4,3479271162.931878,553441832.3827088,5,5527.919718002026,326.6422209449745,5,100.0,10000.0,1000000.0,3553641840.947341,3479271162.931878,-2.0928017325357953
TD3,2layers,all-actor,frelu,0.5,Walker-Walk,712650054.9303237,193574922.54841983,5,836.8164710985609,201.5210220180425,5,100.0,10000.0,1000000.0,779060973.2326782,712650054.9303237,-8.524482753485309
TD3,2layers,all-actor,fswish,0.1,Ant-v4,2260049852.1089554,409323719.7738873,5,2838.05234375,966.820306442756,5,100.0,10000.0,1000000.0,2509126367.125186,2260049852.1089554,-9.926822270877025
TD3,2layers,all-actor,fswish,0.1,Cartpole-Swingup,770709251.5330576,8126020.533523533,5,836.3652709960937,21.681546451093297,5,100.0,10000.0,1000000.0,754008382.2283134,770709251.5330576,2.2149447802407995
TD3,2layers,all-actor,fswish,0.1,Cheetah-Run,488188632.9898834,62354602.49714915,5,637.2675170898438,98.14931775904344,5,100.0,10000.0,1000000.0,520839473.57993376,488188632.9898834,-6.268887487660703
TD3,2layers,all-actor,fswish,0.1,Finger-Spin,690131000.0,130817539.31526151,5,889.0,32.45766473423496,5,100.0,10000.0,1000000.0,719283000.0,690131000.0,-4.0529249266283225
TD3,2layers,all-actor,fswish,0.1,HalfCheetah-v4,4350439150.969505,2662971388.485797,5,5954.130102539062,3818.478547890309,5,100.0,10000.0,1000000.0,3031874421.6131363,4350439150.969505,43.49008388859373
TD3,2layers,all-actor,fswish,0.1,Hopper-v4,1626620232.011795,577936892.2124873,5,2694.041943359375,961.4333211921326,5,100.0,10000.0,1000000.0,1938538991.8401551,1626620232.011795,-16.090404224073495
TD3,2layers,all-actor,fswish,0.1,Humanoid-v4,3366837676.361084,508554657.8158566,5,5321.5841796875,269.4338153443816,5,100.0,10000.0,1000000.0,3553641840.947341,3366837676.361084,-5.2566964524612345
TD3,2layers,all-actor,fswish,0.1,Walker-Walk,759787607.9511642,119073172.3120662,5,897.61591796875,112.48783058997452,5,100.0,10000.0,1000000.0,779060973.2326782,759787607.9511642,-2.473922573934101
TD3,2layers,all-actor,fswish,0.2,Ant-v4,2424739168.273926,371350802.5124173,5,3491.515625,422.63864547221215,5,100.0,10000.0,1000000.0,2509126367.125186,2424739168.273926,-3.363210396929758
TD3,2layers,all-actor,fswish,0.2,Cartpole-Swingup,742125924.2609739,29740428.41910168,5,803.9616821289062,49.63597257614592,5,100.0,10000.0,1000000.0,754008382.2283134,742125924.2609739,-1.5759052879788162
TD3,2layers,all-actor,fswish,0.2,Cheetah-Run,513968705.8773041,81641474.80463935,5,680.5836120605469,139.25212131664483,5,100.0,10000.0,1000000.0,520839473.57993376,513968705.8773041,-1.3191718468272398
TD3,2layers,all-actor,fswish,0.2,Finger-Spin,730122000.0,39437068.31776418,5,914.0,24.21776207662468,5,100.0,10000.0,1000000.0,719283000.0,730122000.0,1.5069173051497116
TD3,2layers,all-actor,fswish,0.2,HalfCheetah-v4,3103637983.016968,2089956785.6846983,5,4520.593188476562,3340.939459799884,5,100.0,10000.0,1000000.0,3031874421.6131363,3103637983.016968,2.3669701123587115
TD3,2layers,all-actor,fswish,0.2,Hopper-v4,1783564066.2078855,755631910.2674311,5,2359.236926269531,1170.126727203112,5,100.0,10000.0,1000000.0,1938538991.8401551,1783564066.2078855,-7.9944188012003785
TD3,2layers,all-actor,fswish,0.2,Humanoid-v4,3310305894.454956,433843694.8070482,5,5464.508203125,259.8538924171864,5,100.0,10000.0,1000000.0,3553641840.947341,3310305894.454956,-6.847509045186041
TD3,2layers,all-actor,fswish,0.2,Walker-Walk,747299448.2402802,164352225.94027016,5,888.7635131835938,95.93576850854252,5,100.0,10000.0,1000000.0,779060973.2326782,747299448.2402802,-4.0768984821053245
TD3,2layers,all-actor,fswish,0.3,Ant-v4,2470281812.0298386,522161001.6983161,5,3619.90107421875,547.948760438506,5,100.0,10000.0,1000000.0,2509126367.125186,2470281812.0298386,-1.5481306802356585
TD3,2layers,all-actor,fswish,0.3,Cartpole-Swingup,760998146.774292,24003298.108193077,5,830.5236083984375,32.54495524718532,5,100.0,10000.0,1000000.0,754008382.2283134,760998146.774292,0.9270141699647642
TD3,2layers,all-actor,fswish,0.3,Cheetah-Run,528915490.8871948,52374555.52043701,5,674.8035034179687,52.21826102671969,5,100.0,10000.0,1000000.0,520839473.57993376,528915490.8871948,1.5505770428173231
TD3,2layers,all-actor,fswish,0.3,Finger-Spin,644549000.0,280150711.16722155,5,876.8,141.9179340323132,5,100.0,10000.0,1000000.0,719283000.0,644549000.0,-10.390068999267326
TD3,2layers,all-actor,fswish,0.3,HalfCheetah-v4,3608118582.77893,1787687611.565158,5,4799.410913085938,2619.452805625574,5,100.0,10000.0,1000000.0,3031874421.6131363,3608118582.77893,19.006201479123202
TD3,2layers,all-actor,fswish,0.3,Hopper-v4,2185485587.173462,234949485.61089596,5,3371.5072265625,143.9529325383534,5,100.0,10000.0,1000000.0,1938538991.8401551,2185485587.173462,12.738799496567935
TD3,2layers,all-actor,fswish,0.3,Humanoid-v4,3503251504.798889,508421932.0642484,5,5390.69248046875,404.3148546740584,5,100.0,10000.0,1000000.0,3553641840.947341,3503251504.798889,-1.4179914128605204
TD3,2layers,all-actor,fswish,0.3,Walker-Walk,813200832.107544,90384023.13641062,5,931.417041015625,66.61640653462541,5,100.0,10000.0,1000000.0,779060973.2326782,813200832.107544,4.38218060560831
TD3,2layers,all-actor,fswish,0.4,Ant-v4,2117301871.4904785,167731083.90412644,5,3064.302490234375,547.4633530463645,5,100.0,10000.0,1000000.0,2509126367.125186,2117301871.4904785,-15.615972984399255
TD3,2layers,all-actor,fswish,0.4,Cartpole-Swingup,759460511.2457275,22250286.89408996,5,813.2524169921875,60.57378774746248,5,100.0,10000.0,1000000.0,754008382.2283134,759460511.2457275,0.7230859955828967
TD3,2layers,all-actor,fswish,0.4,Cheetah-Run,529213891.10958576,49558472.3049629,5,720.425830078125,74.02622912906986,5,100.0,10000.0,1000000.0,520839473.57993376,529213891.10958576,1.6078692100833576
TD3,2layers,all-actor,fswish,0.4,Finger-Spin,725771000.0,62678401.42345688,5,910.2,26.32869157402242,5,100.0,10000.0,1000000.0,719283000.0,725771000.0,0.9020093621008699
TD3,2layers,all-actor,fswish,0.4,HalfCheetah-v4,2308329674.499512,1666041341.9913702,5,3060.5454345703124,2471.80408058075,5,100.0,10000.0,1000000.0,3031874421.6131363,2308329674.499512,-23.864601447729342
TD3,2layers,all-actor,fswish,0.4,Hopper-v4,1964700069.7479248,744633760.8969887,5,1990.1281494140624,1209.8997098881357,5,100.0,10000.0,1000000.0,1938538991.8401551,1964700069.7479248,1.3495254940905943
TD3,2layers,all-actor,fswish,0.4,Humanoid-v4,3547598014.907837,378204241.1350893,5,5305.17578125,243.63728035504013,5,100.0,10000.0,1000000.0,3553641840.947341,3547598014.907837,-0.17007414674892699
TD3,2layers,all-actor,fswish,0.4,Walker-Walk,808822540.7180786,82591978.77859399,5,924.5644653320312,61.0248914018992,5,100.0,10000.0,1000000.0,779060973.2326782,808822540.7180786,3.8201846207115424
TD3,2layers,all-actor,fswish,0.5,Ant-v4,2291683942.768097,192802037.97284523,5,3304.744580078125,304.9309270604626,5,100.0,10000.0,1000000.0,2509126367.125186,2291683942.768097,-8.666061112187911
TD3,2layers,all-actor,fswish,0.5,Cartpole-Swingup,758829315.1855469,21621653.34360132,5,856.1482421875,5.67439386176901,5,100.0,10000.0,1000000.0,754008382.2283134,758829315.1855469,0.6393739208821756
TD3,2layers,all-actor,fswish,0.5,Cheetah-Run,464277407.3193073,57951805.90461058,5,657.4432495117187,63.66902829890976,5,100.0,10000.0,1000000.0,520839473.57993376,464277407.3193073,-10.859788693021516
TD3,2layers,all-actor,fswish,0.5,Finger-Spin,555014000.0,323990906.72810555,5,677.2,388.14520478810505,5,100.0,10000.0,1000000.0,719283000.0,555014000.0,-22.837881612661498
TD3,2layers,all-actor,fswish,0.5,HalfCheetah-v4,3020303289.545059,2122559649.745932,5,4154.617822265625,3227.421171898553,5,100.0,10000.0,1000000.0,3031874421.6131363,3020303289.545059,-0.38164945043866827
TD3,2layers,all-actor,fswish,0.5,Hopper-v4,1889232281.5055847,904683477.0847552,5,2756.2290893554687,1331.8868870422843,5,100.0,10000.0,1000000.0,1938538991.8401551,1889232281.5055847,-2.5434985080060777
TD3,2layers,all-actor,fswish,0.5,Humanoid-v4,3548433528.114319,386282457.66913617,5,5197.53291015625,377.5711632854734,5,100.0,10000.0,1000000.0,3553641840.947341,3548433528.114319,-0.1465626831890765
TD3,2layers,all-actor,fswish,0.5,Walker-Walk,773237658.8001251,79275147.1360673,5,889.00166015625,76.28165347090959,5,100.0,10000.0,1000000.0,779060973.2326782,773237658.8001251,-0.7474786483514215
TD3,2layers,all-actor,gelu,,Ant-v4,2545945685.498953,88849035.15809305,5,3713.517822265625,123.86500907890331,5,100.0,10000.0,1000000.0,2509126367.125186,2545945685.498953,1.4674158645884534
TD3,2layers,all-actor,gelu,,Cartpole-Swingup,764237588.7298584,19449554.02860356,5,830.84306640625,12.349064941915112,5,100.0,10000.0,1000000.0,754008382.2283134,764237588.7298584,1.3566436053820357
TD3,2layers,all-actor,gelu,,Cheetah-Run,538513893.579483,51210051.217808455,5,695.5202392578125,81.83071235584906,5,100.0,10000.0,1000000.0,520839473.57993376,538513893.579483,3.393448633619502
TD3,2layers,all-actor,gelu,,Finger-Spin,787050000.0,49336090.36496508,5,910.0,15.182226450688976,5,100.0,10000.0,1000000.0,719283000.0,787050000.0,9.421465542769674
TD3,2layers,all-actor,gelu,,HalfCheetah-v4,2414502022.396088,1886726949.2391968,5,3175.16171875,2681.784478113138,5,100.0,10000.0,1000000.0,3031874421.6131363,2414502022.396088,-20.362729894616468
TD3,2layers,all-actor,gelu,,Hopper-v4,2055256484.1918943,489907249.2339379,5,3360.732373046875,107.46292540305852,5,100.0,10000.0,1000000.0,1938538991.8401551,2055256484.1918943,6.020899906735704
TD3,2layers,all-actor,gelu,,Humanoid-v4,3258920986.595154,285129905.89376265,5,4938.15537109375,361.38786501408015,5,100.0,10000.0,1000000.0,3553641840.947341,3258920986.595154,-8.293487851145391
TD3,2layers,all-actor,gelu,,Walker-Walk,854425736.0725403,43071869.9932293,5,933.154833984375,59.67270246591837,5,100.0,10000.0,1000000.0,779060973.2326782,854425736.0725403,9.673795175124669
TD3,2layers,all-actor,lrelu,,Ant-v4,2181557880.2690506,218544525.2849771,5,2982.62880859375,328.3906516943309,5,100.0,10000.0,1000000.0,2509126367.125186,2181557880.2690506,-13.055081288370689
TD3,2layers,all-actor,lrelu,,Cartpole-Swingup,723102452.2476196,35918413.979268774,5,830.2540649414062,27.574264785910827,5,100.0,10000.0,1000000.0,754008382.2283134,723102452.2476196,-4.098884138311279
TD3,2layers,all-actor,lrelu,,Cheetah-Run,413416203.8624287,109332314.35792296,5,547.6393981933594,131.13240653345417,5,100.0,10000.0,1000000.0,520839473.57993376,413416203.8624287,-20.625024631705198
TD3,2layers,all-actor,lrelu,,Finger-Spin,685866000.0,38359548.09431414,5,861.6,27.960686686846596,5,100.0,10000.0,1000000.0,719283000.0,685866000.0,-4.645876518699872
TD3,2layers,all-actor,lrelu,,HalfCheetah-v4,3373661201.6744614,1671848176.002035,5,4568.95400390625,2464.4429926382386,5,100.0,10000.0,1000000.0,3031874421.6131363,3373661201.6744614,11.273117963753734
TD3,2layers,all-actor,lrelu,,Hopper-v4,1343386893.9156532,823756813.2249583,5,2270.483575439453,1498.0888133094284,5,100.0,10000.0,1000000.0,1938538991.8401551,1343386893.9156532,-30.701064070914285
TD3,2layers,all-actor,lrelu,,Humanoid-v4,2866138681.1676025,1257954570.267766,5,4580.850354003906,2041.214758948152,5,100.0,10000.0,1000000.0,3553641840.947341,2866138681.1676025,-19.346439246011965
TD3,2layers,all-actor,lrelu,,Walker-Walk,654381486.4416122,137407294.67074233,5,765.2947143554687,300.04269602056183,5,100.0,10000.0,1000000.0,779060973.2326782,654381486.4416122,-16.00381627046649
TD3,2layers,all-actor,prelu,,Ant-v4,2266815362.7929688,384755568.8149465,5,2704.2397277832038,1314.3058996819598,5,100.0,10000.0,1000000.0,2509126367.125186,2266815362.7929688,-9.657186162761636
TD3,2layers,all-actor,prelu,,Cartpole-Swingup,722590679.3518066,19782808.974194556,5,813.0780151367187,37.28637152486221,5,100.0,10000.0,1000000.0,754008382.2283134,722590679.3518066,-4.16675777312427
TD3,2layers,all-actor,prelu,,Cheetah-Run,443609562.4239445,88952774.45207904,5,604.2023864746094,107.83383504968076,5,100.0,10000.0,1000000.0,520839473.57993376,443609562.4239445,-14.8279681309786
TD3,2layers,all-actor,prelu,,Finger-Spin,684490000.0,94381313.2325462,5,843.2,23.188359148503817,5,100.0,10000.0,1000000.0,719283000.0,684490000.0,-4.837178134336555
TD3,2layers,all-actor,prelu,,HalfCheetah-v4,2985607395.7948685,2113333503.139612,5,3951.8166259765626,2925.057722696597,5,100.0,10000.0,1000000.0,3031874421.6131363,2985607395.7948685,-1.5260205201259962
TD3,2layers,all-actor,prelu,,Hopper-v4,1681323933.692932,906470247.3028016,5,2667.901416015625,1353.053974003215,5,100.0,10000.0,1000000.0,1938538991.8401551,1681323933.692932,-13.268500619792137
TD3,2layers,all-actor,prelu,,Humanoid-v4,3678366198.768616,335123381.4813551,5,5433.69453125,338.3163943688666,5,100.0,10000.0,1000000.0,3553641840.947341,3678366198.768616,3.5097616305650496
TD3,2layers,all-actor,prelu,,Walker-Walk,681976906.1317444,116050598.12947167,5,918.67109375,54.55082795803884,5,100.0,10000.0,1000000.0,779060973.2326782,681976906.1317444,-12.461677639695885
TD3,2layers,all-actor,swish,,Ant-v4,2424596524.551392,186262129.9084957,5,3443.6599609375,261.2892338427203,5,100.0,10000.0,1000000.0,2509126367.125186,2424596524.551392,-3.3688953924884766
TD3,2layers,all-actor,swish,,Cartpole-Swingup,751344390.1367188,19811066.565735336,5,779.8299682617187,170.3011646801569,5,100.0,10000.0,1000000.0,754008382.2283134,751344390.1367188,-0.3533106732476669
TD3,2layers,all-actor,swish,,Cheetah-Run,530998874.4320869,49108223.27211976,5,712.13271484375,82.56055126524528,5,100.0,10000.0,1000000.0,520839473.57993376,530998874.4320869,1.9505819676691516
TD3,2layers,all-actor,swish,,Finger-Spin,733809000.0,75216975.26157242,5,926.2,32.66037354348538,5,100.0,10000.0,1000000.0,719283000.0,733809000.0,2.019511096466898
TD3,2layers,all-actor,swish,,HalfCheetah-v4,3004450617.0520782,2044505628.9110875,5,4168.36201171875,3093.4400235920434,5,100.0,10000.0,1000000.0,3031874421.6131363,3004450617.0520782,-0.9045165052207855
TD3,2layers,all-actor,swish,,Hopper-v4,2048519930.94635,819583229.1305196,5,2866.421740722656,1093.4238585835317,5,100.0,10000.0,1000000.0,1938538991.8401551,2048519930.94635,5.673393187814899
TD3,2layers,all-actor,swish,,Humanoid-v4,3565788797.0962524,333749056.1082285,5,5372.56328125,276.8488986671079,5,100.0,10000.0,1000000.0,3553641840.947341,3565788797.0962524,0.34181711867939124
TD3,2layers,all-actor,swish,,Walker-Walk,769386748.8822937,73578780.36243989,5,932.35107421875,50.23343861329723,5,100.0,10000.0,1000000.0,779060973.2326782,769386748.8822937,-1.2417801279714626
TD3,2layers,all-both,fgelu,0.1,Ant-v4,2358972641.2506104,328175621.8843648,5,3514.511181640625,425.7327172950082,5,100.0,10000.0,1000000.0,2509126367.125186,2358972641.2506104,-5.984303056310918
TD3,2layers,all-both,fgelu,0.1,Cartpole-Swingup,772481776.5487432,10680692.425097492,5,793.5329711914062,73.66017168551078,5,100.0,10000.0,1000000.0,754008382.2283134,772481776.5487432,2.4500250601771247
TD3,2layers,all-both,fgelu,0.1,Cheetah-Run,476750863.0781174,73057373.4341291,5,607.8634460449218,116.52253841281548,5,100.0,10000.0,1000000.0,520839473.57993376,476750863.0781174,-8.4649134211695
TD3,2layers,all-both,fgelu,0.1,Finger-Spin,837836000.0,44604852.93104328,5,948.6,29.43297470525192,5,100.0,10000.0,1000000.0,719283000.0,837836000.0,16.48210787687183
TD3,2layers,all-both,fgelu,0.1,HalfCheetah-v4,3411268260.30159,2491751819.566442,5,4468.195654296875,3350.819054601563,5,100.0,10000.0,1000000.0,3031874421.6131363,3411268260.30159,12.51350768303239
TD3,2layers,all-both,fgelu,0.1,Hopper-v4,2066188963.1118772,803137619.483909,5,2868.2328125,916.7750983026888,5,100.0,10000.0,1000000.0,1938538991.8401551,2066188963.1118772,6.584854460448615
TD3,2layers,all-both,fgelu,0.1,Humanoid-v4,3424688279.296875,391268409.9751284,5,5111.15087890625,190.6918825032275,5,100.0,10000.0,1000000.0,3553641840.947341,3424688279.296875,-3.6287720435014106
TD3,2layers,all-both,fgelu,0.1,Walker-Walk,730190137.178421,155625358.48822972,5,825.4697387695312,114.31046901789816,5,100.0,10000.0,1000000.0,779060973.2326782,730190137.178421,-6.273043796748005
TD3,2layers,all-both,fgelu,0.2,Ant-v4,2233264540.193081,273320597.16502714,5,3346.958935546875,419.0376529169348,5,100.0,10000.0,1000000.0,2509126367.125186,2233264540.193081,-10.994337732306876
TD3,2layers,all-both,fgelu,0.2,Cartpole-Swingup,772291783.3609908,19341377.98336399,5,838.4044921875,32.983253912772135,5,100.0,10000.0,1000000.0,754008382.2283134,772291783.3609908,2.4248273047899764
TD3,2layers,all-both,fgelu,0.2,Cheetah-Run,485854076.259017,60059823.44510275,5,637.7336975097656,105.32904196090745,5,100.0,10000.0,1000000.0,520839473.57993376,485854076.259017,-6.71711709568563
TD3,2layers,all-both,fgelu,0.2,Finger-Spin,806811000.0,43036921.85205627,5,923.0,34.32928778754374,5,100.0,10000.0,1000000.0,719283000.0,806811000.0,12.168784748145027
TD3,2layers,all-both,fgelu,0.2,HalfCheetah-v4,3198791951.099396,2082787308.6024384,5,4082.8220703125,2764.8188900656173,5,100.0,10000.0,1000000.0,3031874421.6131363,3198791951.099396,5.505423585369012
TD3,2layers,all-both,fgelu,0.2,Hopper-v4,2483214165.4663086,435477835.3550784,5,3357.379248046875,171.2652165650693,5,100.0,10000.0,1000000.0,1938538991.8401551,2483214165.4663086,28.097199794218294
TD3,2layers,all-both,fgelu,0.2,Humanoid-v4,3876549041.717529,97910526.61716664,5,5031.379296875,112.86862137261872,5,100.0,10000.0,1000000.0,3553641840.947341,3876549041.717529,9.086655752682894
TD3,2layers,all-both,fgelu,0.2,Walker-Walk,835540454.788208,73668924.4065828,5,930.5003662109376,84.46422282580912,5,100.0,10000.0,1000000.0,779060973.2326782,835540454.788208,7.249686930301589
TD3,2layers,all-both,fgelu,0.3,Ant-v4,2437353864.5442724,134902490.1636912,5,3576.2580078125,471.0334704170123,5,100.0,10000.0,1000000.0,2509126367.125186,2437353864.5442724,-2.860457867777556
TD3,2layers,all-both,fgelu,0.3,Cartpole-Swingup,756221792.3736572,22011188.97133772,5,833.5742065429688,14.356657549518811,5,100.0,10000.0,1000000.0,754008382.2283134,756221792.3736572,0.2935524587674359
TD3,2layers,all-both,fgelu,0.3,Cheetah-Run,519982621.6545105,53100899.88257291,5,646.44921875,62.82912616135441,5,100.0,10000.0,1000000.0,520839473.57993376,519982621.6545105,-0.16451363018509052
TD3,2layers,all-both,fgelu,0.3,Finger-Spin,812909000.0,20798809.280821823,5,926.0,23.48403713163476,5,100.0,10000.0,1000000.0,719283000.0,812909000.0,13.016573448837244
TD3,2layers,all-both,fgelu,0.3,HalfCheetah-v4,2730932369.796753,2385352920.453079,5,3489.87431640625,3176.2876577335223,5,100.0,10000.0,1000000.0,3031874421.6131363,2730932369.796753,-9.925940522835521
TD3,2layers,all-both,fgelu,0.3,Hopper-v4,1928170599.647522,842531740.3377395,5,2529.9149169921875,1217.9102808410944,5,100.0,10000.0,1000000.0,1938538991.8401551,1928170599.647522,-0.5348560042525103
TD3,2layers,all-both,fgelu,0.3,Humanoid-v4,3044348584.8884583,1241248579.3253238,5,4351.663110351563,1767.5434916525708,5,100.0,10000.0,1000000.0,3553641840.947341,3044348584.8884583,-14.331586548494537
TD3,2layers,all-both,fgelu,0.3,Walker-Walk,726710396.4157104,170589623.64158982,5,849.75400390625,120.32005085193263,5,100.0,10000.0,1000000.0,779060973.2326782,726710396.4157104,-6.719702130597222
TD3,2layers,all-both,fgelu,0.4,Ant-v4,2403175193.7761307,393337661.4808152,5,3265.950341796875,920.0577915267204,5,100.0,10000.0,1000000.0,2509126367.125186,2403175193.7761307,-4.222632017950061
TD3,2layers,all-both,fgelu,0.4,Cartpole-Swingup,771390204.9713135,25791589.52574872,5,820.6012939453125,72.19337176096894,5,100.0,10000.0,1000000.0,754008382.2283134,771390204.9713135,2.305255903340451
TD3,2layers,all-both,fgelu,0.4,Cheetah-Run,498538187.9117489,65605891.59161623,5,631.4533081054688,77.33302187087618,5,100.0,10000.0,1000000.0,520839473.57993376,498538187.9117489,-4.281796369023147
TD3,2layers,all-both,fgelu,0.4,Finger-Spin,800585000.0,25113205.44056452,5,907.2,29.29505077653902,5,100.0,10000.0,1000000.0,719283000.0,800585000.0,11.303200548323817
TD3,2layers,all-both,fgelu,0.4,HalfCheetah-v4,2456414067.0137405,1688181199.1505191,5,3092.997119140625,2241.6967800841144,5,100.0,10000.0,1000000.0,3031874421.6131363,2456414067.0137405,-18.98034926833206
TD3,2layers,all-both,fgelu,0.4,Hopper-v4,2493658289.60228,275882499.0930084,5,3492.93564453125,52.86484769787635,5,100.0,10000.0,1000000.0,1938538991.8401551,2493658289.60228,28.635962448977047
TD3,2layers,all-both,fgelu,0.4,Humanoid-v4,3671344196.6552734,375639733.2762937,5,5258.71953125,130.44272577494957,5,100.0,10000.0,1000000.0,3553641840.947341,3671344196.6552734,3.3121614663495467
TD3,2layers,all-both,fgelu,0.4,Walker-Walk,763755167.5224304,95866050.13700004,5,897.1449096679687,132.63720918477796,5,100.0,10000.0,1000000.0,779060973.2326782,763755167.5224304,-1.9646479847061276
TD3,2layers,all-both,fgelu,0.5,Ant-v4,2375803807.3186874,285538614.342223,5,3662.869482421875,484.12199229040647,5,100.0,10000.0,1000000.0,2509126367.125186,2375803807.3186874,-5.313505192616182
TD3,2layers,all-both,fgelu,0.5,Cartpole-Swingup,760162505.1269531,17612129.062855713,5,805.2557495117187,16.07570850393675,5,100.0,10000.0,1000000.0,754008382.2283134,760162505.1269531,0.8161875973384356
TD3,2layers,all-both,fgelu,0.5,Cheetah-Run,479698478.69348526,73230471.67736621,5,622.3392761230468,110.3709698726102,5,100.0,10000.0,1000000.0,520839473.57993376,479698478.69348526,-7.898977894987553
TD3,2layers,all-both,fgelu,0.5,Finger-Spin,768475000.0,60280882.7490109,5,898.4,56.59770313360781,5,100.0,10000.0,1000000.0,719283000.0,768475000.0,6.839032759011404
TD3,2layers,all-both,fgelu,0.5,HalfCheetah-v4,2237224482.292176,1670911769.9449544,5,3050.7726806640626,2211.526821130636,5,100.0,10000.0,1000000.0,3031874421.6131363,2237224482.292176,-26.20985663707535
TD3,2layers,all-both,fgelu,0.5,Hopper-v4,2130481781.1203003,228088455.45391247,5,2855.70732421875,1001.1243582358682,5,100.0,10000.0,1000000.0,1938538991.8401551,2130481781.1203003,9.901414936098025
TD3,2layers,all-both,fgelu,0.5,Humanoid-v4,3254005988.3270264,880239234.9049994,5,4818.74140625,955.037266014563,5,100.0,10000.0,1000000.0,3553641840.947341,3254005988.3270264,-8.431796619673882
TD3,2layers,all-both,fgelu,0.5,Walker-Walk,705070841.4840698,89770712.38939725,5,836.5991943359375,115.87833236159216,5,100.0,10000.0,1000000.0,779060973.2326782,705070841.4840698,-9.497347998525669
TD3,2layers,all-both,flrelu,0.1,Ant-v4,2517319375.712259,470556870.602074,5,4026.20432697387,932.4989444928226,5,100.0,10000.0,1000000.0,2509126367.125186,2517319375.712259,0.3265283364926706
TD3,2layers,all-both,flrelu,0.1,Cartpole-Swingup,744926032.4583919,32463647.21740658,5,813.4035895902877,35.15189541011688,5,100.0,10000.0,1000000.0,754008382.2283134,744926032.4583919,-1.204542281490368
TD3,2layers,all-both,flrelu,0.1,Cheetah-Run,481260877.4057598,31893209.3593944,5,627.6618434260961,114.17383548517395,5,100.0,10000.0,1000000.0,520839473.57993376,481260877.4057598,-7.5990008787419185
TD3,2layers,all-both,flrelu,0.1,Finger-Spin,762104000.0,53240905.9605488,5,897.8,44.24025316383261,5,100.0,10000.0,1000000.0,719283000.0,762104000.0,5.95328959533313
TD3,2layers,all-both,flrelu,0.1,HalfCheetah-v4,2333882472.947753,1978816340.5976095,5,3106.311080887415,2764.1355433229564,5,100.0,10000.0,1000000.0,3031874421.6131363,2333882472.947753,-23.021796143324774
TD3,2layers,all-both,flrelu,0.1,Hopper-v4,1811272510.1667824,761721597.9656657,5,3254.089689479537,322.4841841186762,5,100.0,10000.0,1000000.0,1938538991.8401551,1811272510.1667824,-6.565072057310812
TD3,2layers,all-both,flrelu,0.1,Humanoid-v4,3627405575.303108,457046657.9997607,5,5256.258783822294,130.99035036542045,5,100.0,10000.0,1000000.0,3553641840.947341,3627405575.303108,2.075722249378488
TD3,2layers,all-both,flrelu,0.1,Walker-Walk,757412382.36435,111772743.87772834,5,903.0442128268476,88.33764274911361,5,100.0,10000.0,1000000.0,779060973.2326782,757412382.36435,-2.7788057176703855
TD3,2layers,all-both,flrelu,0.2,Ant-v4,2478236162.5695605,266142434.7719817,5,3815.503557749677,426.7948046932132,5,100.0,10000.0,1000000.0,2509126367.125186,2478236162.5695605,-1.2311139430979587
TD3,2layers,all-both,flrelu,0.2,Cartpole-Swingup,723788518.8758643,25005168.785234112,5,825.4514619561353,33.22471538913496,5,100.0,10000.0,1000000.0,754008382.2283134,723788518.8758643,-4.0078948808421355
TD3,2layers,all-both,flrelu,0.2,Cheetah-Run,510413333.4998247,39551163.14277954,5,683.7335545474218,41.93820505004912,5,100.0,10000.0,1000000.0,520839473.57993376,510413333.4998247,-2.0017952956687624
TD3,2layers,all-both,flrelu,0.2,Finger-Spin,729820000.0,40755510.67033757,5,910.0,21.587033144922906,5,100.0,10000.0,1000000.0,719283000.0,729820000.0,1.464931049392242
TD3,2layers,all-both,flrelu,0.2,HalfCheetah-v4,1988365289.3030407,1028424011.2539086,5,2418.789505928532,1665.2400201743574,5,100.0,10000.0,1000000.0,3031874421.6131363,1988365289.3030407,-34.41795362206615
TD3,2layers,all-both,flrelu,0.2,Hopper-v4,1922910282.0311968,305361607.21801823,5,3241.392913043704,149.27772160684586,5,100.0,10000.0,1000000.0,1938538991.8401551,1922910282.0311968,-0.8062107532912074
TD3,2layers,all-both,flrelu,0.2,Humanoid-v4,3272837185.9588475,508668127.9422205,5,4765.187315286223,1998.2175772399137,5,100.0,10000.0,1000000.0,3553641840.947341,3272837185.9588475,-7.901883970209998
TD3,2layers,all-both,flrelu,0.2,Walker-Walk,798347808.2689463,62294235.09131625,5,937.2126062901094,35.3347041587773,5,100.0,10000.0,1000000.0,779060973.2326782,798347808.2689463,2.4756515470462173
TD3,2layers,all-both,flrelu,0.3,Ant-v4,1886145032.4855068,313368161.5557709,5,3123.88031498537,538.9696662159001,5,100.0,10000.0,1000000.0,2509126367.125186,1886145032.4855068,-24.82861536198576
TD3,2layers,all-both,flrelu,0.3,Cartpole-Swingup,765635629.0329,17915007.619320706,5,824.0825540175007,25.943975174282016,5,100.0,10000.0,1000000.0,754008382.2283134,765635629.0329,1.5420580299418745
TD3,2layers,all-both,flrelu,0.3,Cheetah-Run,482495861.95558864,38507882.58651905,5,646.2916787406009,24.01729367774108,5,100.0,10000.0,1000000.0,520839473.57993376,482495861.95558864,-7.361886640579382
TD3,2layers,all-both,flrelu,0.3,Finger-Spin,411929000.0,364799733.3709278,5,582.6,370.1152523201389,5,100.0,10000.0,1000000.0,719283000.0,411929000.0,-42.73060811947453
TD3,2layers,all-both,flrelu,0.3,HalfCheetah-v4,3070547463.124831,1588526644.457811,5,3783.510639060852,1972.135071971965,5,100.0,10000.0,1000000.0,3031874421.6131363,3070547463.124831,1.2755489223435108
TD3,2layers,all-both,flrelu,0.3,Hopper-v4,1701765464.1874714,178509735.2782153,5,2961.109339570917,875.9535329746421,5,100.0,10000.0,1000000.0,1938538991.8401551,1701765464.1874714,-12.214019354231652
TD3,2layers,all-both,flrelu,0.3,Humanoid-v4,3202271684.493128,496703345.1319392,5,5417.690384130305,500.05739173817983,5,100.0,10000.0,1000000.0,3553641840.947341,3202271684.493128,-9.887607479332914
TD3,2layers,all-both,flrelu,0.3,Walker-Walk,755671959.8879522,100362118.76566052,5,947.0134983887624,28.852916785376475,5,100.0,10000.0,1000000.0,779060973.2326782,755671959.8879522,-3.002205751325768
TD3,2layers,all-both,flrelu,0.4,Ant-v4,1045859967.2392316,121641177.93302009,5,1737.5038397108958,487.8284226636794,5,100.0,10000.0,1000000.0,2509126367.125186,1045859967.2392316,-58.31776426479793
TD3,2layers,all-both,flrelu,0.4,Cartpole-Swingup,754146047.1660337,17417663.674635783,5,830.2417875604053,19.81590916279856,5,100.0,10000.0,1000000.0,754008382.2283134,754146047.1660337,0.018257746328158707
TD3,2layers,all-both,flrelu,0.4,Cheetah-Run,459405441.1778364,52517049.0568883,5,609.093056269917,71.73222896014353,5,100.0,10000.0,1000000.0,520839473.57993376,459405441.1778364,-11.79519516442123
TD3,2layers,all-both,flrelu,0.4,Finger-Spin,582376000.0,226798662.73305053,5,857.6,73.5003401352674,5,100.0,10000.0,1000000.0,719283000.0,582376000.0,-19.033815619165196
TD3,2layers,all-both,flrelu,0.4,HalfCheetah-v4,1666669001.3396344,1092672557.0315454,5,2262.800178969058,1616.2662168911804,5,100.0,10000.0,1000000.0,3031874421.6131363,1666669001.3396344,-45.02842896597056
TD3,2layers,all-both,flrelu,0.4,Hopper-v4,1889034515.4261863,530672146.8989679,5,3248.9220145133995,184.7232869866199,5,100.0,10000.0,1000000.0,1938538991.8401551,1889034515.4261863,-2.5537003187630885
TD3,2layers,all-both,flrelu,0.4,Humanoid-v4,3054363241.768929,854078284.5505687,5,4991.44884351098,267.7955148055238,5,100.0,10000.0,1000000.0,3553641840.947341,3054363241.768929,-14.049772642403171
TD3,2layers,all-both,flrelu,0.4,Walker-Walk,726242262.7325537,187612049.36097696,5,898.8937512792405,116.27909403123418,5,100.0,10000.0,1000000.0,779060973.2326782,726242262.7325537,-6.7797916100142475
TD3,2layers,all-both,flrelu,0.5,Ant-v4,827134753.2711458,383613427.5265162,5,1401.4801721902109,595.655553015776,5,100.0,10000.0,1000000.0,2509126367.125186,827134753.2711458,-67.03495032739903
TD3,2layers,all-both,flrelu,0.5,Cartpole-Swingup,753938614.9709098,25376297.00187323,5,831.1656271863691,29.40311266021791,5,100.0,10000.0,1000000.0,754008382.2283134,753938614.9709098,-0.009252849046243976
TD3,2layers,all-both,flrelu,0.5,Cheetah-Run,438262595.350035,63844932.34092174,5,622.6752838418395,90.02460716680957,5,100.0,10000.0,1000000.0,520839473.57993376,438262595.350035,-15.854573706235342
TD3,2layers,all-both,flrelu,0.5,Finger-Spin,438196000.0,248747875.2773579,5,556.0,308.82357422968863,5,100.0,10000.0,1000000.0,719283000.0,438196000.0,-39.078777059933294
TD3,2layers,all-both,flrelu,0.5,HalfCheetah-v4,3013979496.79475,1795255164.514053,5,3756.021846868444,2154.948163516785,5,100.0,10000.0,1000000.0,3031874421.6131363,3013979496.79475,-0.590226451690071
TD3,2layers,all-both,flrelu,0.5,Hopper-v4,1788100425.1453185,143120566.13556194,5,3262.1100419891127,88.22076228466217,5,100.0,10000.0,1000000.0,1938538991.8401551,1788100425.1453185,-7.760409634682305
TD3,2layers,all-both,flrelu,0.5,Humanoid-v4,2280300196.117326,1031929837.4318413,5,4244.484431228126,1982.8941527195268,5,100.0,10000.0,1000000.0,3553641840.947341,2280300196.117326,-35.83201970884505
TD3,2layers,all-both,flrelu,0.5,Walker-Walk,609423709.0483439,178492760.50091803,5,899.6739809875378,90.02309938207753,5,100.0,10000.0,1000000.0,779060973.2326782,609423709.0483439,-21.774581196184446
TD3,2layers,all-both,fprelu,0.1,Ant-v4,2644197447.573565,655578557.7242028,5,4008.926333547485,852.6476687436751,5,100.0,10000.0,1000000.0,2509126367.125186,2644197447.573565,5.383191624706243
TD3,2layers,all-both,fprelu,0.1,Cartpole-Swingup,743221613.0346127,33011425.085178837,5,836.7640173710968,48.898358879827605,5,100.0,10000.0,1000000.0,754008382.2283134,743221613.0346127,-1.430590089969923
TD3,2layers,all-both,fprelu,0.1,Cheetah-Run,473548124.69503295,52546215.622017965,5,626.9332421758002,88.4705386823323,5,100.0,10000.0,1000000.0,520839473.57993376,473548124.69503295,-9.079831941279112
TD3,2layers,all-both,fprelu,0.1,Finger-Spin,636795000.0,104735256.30130476,5,612.2,353.06543302906334,5,100.0,10000.0,1000000.0,719283000.0,636795000.0,-11.468086969940899
TD3,2layers,all-both,fprelu,0.1,HalfCheetah-v4,3447276569.215547,2611770987.064193,5,4934.055780100669,3945.354565815993,5,100.0,10000.0,1000000.0,3031874421.6131363,3447276569.215547,13.701166006123444
TD3,2layers,all-both,fprelu,0.1,Hopper-v4,2618842337.9766345,348730974.2976954,5,3408.826049331333,201.5273527730468,5,100.0,10000.0,1000000.0,1938538991.8401551,2618842337.9766345,35.09361168385385
TD3,2layers,all-both,fprelu,0.1,Humanoid-v4,1931474537.5710387,1042465896.9374344,5,1370.5781185774415,1134.6297813536858,5,100.0,10000.0,1000000.0,3553641840.947341,1931474537.5710387,-45.648024645721186
TD3,2layers,all-both,fprelu,0.1,Walker-Walk,779975888.508294,102505160.162061,5,918.0671226508996,92.1287321304242,5,100.0,10000.0,1000000.0,779060973.2326782,779975888.508294,0.11743821177685386
TD3,2layers,all-both,fprelu,0.2,Ant-v4,2319619257.7492285,223451824.21187836,5,3372.3758045708337,325.0494005908793,5,100.0,10000.0,1000000.0,2509126367.125186,2319619257.7492285,-7.552712842959916
TD3,2layers,all-both,fprelu,0.2,Cartpole-Swingup,746968867.6149527,12684446.797261024,5,828.8445140594416,20.98085875681093,5,100.0,10000.0,1000000.0,754008382.2283134,746968867.6149527,-0.9336122487865394
TD3,2layers,all-both,fprelu,0.2,Cheetah-Run,501781739.0653822,36624342.79526344,5,668.8494105385553,37.88995413149907,5,100.0,10000.0,1000000.0,520839473.57993376,501781739.0653822,-3.6590418893484213
TD3,2layers,all-both,fprelu,0.2,Finger-Spin,686107000.0,80396800.51158753,5,851.6,91.366295755054,5,100.0,10000.0,1000000.0,719283000.0,686107000.0,-4.612370930496064
TD3,2layers,all-both,fprelu,0.2,HalfCheetah-v4,2011257169.5877843,825596491.1736604,5,2445.479560204437,910.1275267308112,5,100.0,10000.0,1000000.0,3031874421.6131363,2011257169.5877843,-33.66291310582459
TD3,2layers,all-both,fprelu,0.2,Hopper-v4,2397241391.3764105,236689337.80899408,5,3484.5559160201738,101.86756004324442,5,100.0,10000.0,1000000.0,1938538991.8401551,2397241391.3764105,23.66227357133698
TD3,2layers,all-both,fprelu,0.2,Humanoid-v4,3309709875.646904,909245787.3533168,5,4584.752397857572,1470.079556513345,5,100.0,10000.0,1000000.0,3553641840.947341,3309709875.646904,-6.864281101423796
TD3,2layers,all-both,fprelu,0.2,Walker-Walk,814935917.7567606,105616693.0229679,5,924.040908899884,105.55314470832818,5,100.0,10000.0,1000000.0,779060973.2326782,814935917.7567606,4.604895605952506
TD3,2layers,all-both,fprelu,0.3,Ant-v4,1496487309.210197,277113843.95072424,5,2828.2000261711864,762.4857410072183,5,100.0,10000.0,1000000.0,2509126367.125186,1496487309.210197,-40.358232697351674
TD3,2layers,all-both,fprelu,0.3,Cartpole-Swingup,714878224.5052888,57571652.8771084,5,812.373813780627,29.820385657928547,5,100.0,10000.0,1000000.0,754008382.2283134,714878224.5052888,-5.189618397528108
TD3,2layers,all-both,fprelu,0.3,Cheetah-Run,489216715.2045395,44135843.03448279,5,625.6066714725035,73.88668623658528,5,100.0,10000.0,1000000.0,520839473.57993376,489216715.2045395,-6.071498029525043
TD3,2layers,all-both,fprelu,0.3,Finger-Spin,497308000.0,296284314.4810403,5,622.8,366.19216266872775,5,100.0,10000.0,1000000.0,719283000.0,497308000.0,-30.860593118424877
TD3,2layers,all-both,fprelu,0.3,HalfCheetah-v4,2798491976.8966827,1719500004.2163436,5,3408.5687599136427,1965.8305761189251,5,100.0,10000.0,1000000.0,3031874421.6131363,2798491976.8966827,-7.69762899982778
TD3,2layers,all-both,fprelu,0.3,Hopper-v4,2353601354.051636,463196563.0084871,5,3415.6318608384345,139.0298270821038,5,100.0,10000.0,1000000.0,1938538991.8401551,2353601354.051636,21.411091753046648
TD3,2layers,all-both,fprelu,0.3,Humanoid-v4,1953597897.8462703,1706923028.3983529,5,2507.4145131191285,2426.259850825539,5,100.0,10000.0,1000000.0,3553641840.947341,1953597897.8462703,-45.02547005903459
TD3,2layers,all-both,fprelu,0.3,Walker-Walk,711488626.308776,121395778.280392,5,829.9391895523122,128.86583605798157,5,100.0,10000.0,1000000.0,779060973.2326782,711488626.308776,-8.673563334011426
TD3,2layers,all-both,fprelu,0.4,Ant-v4,361426137.450315,455966085.3085152,5,1734.1503794539822,1520.4760785345882,5,100.0,10000.0,1000000.0,2509126367.125186,361426137.450315,-85.59553866294839
TD3,2layers,all-both,fprelu,0.4,Cartpole-Swingup,761441643.3757885,11445676.417727796,5,845.5606415917451,10.749732635720724,5,100.0,10000.0,1000000.0,754008382.2283134,761441643.3757885,0.98583269399573
TD3,2layers,all-both,fprelu,0.4,Cheetah-Run,449210423.43642175,49821094.7586779,5,561.8348960755573,61.77886356257657,5,100.0,10000.0,1000000.0,520839473.57993376,449210423.43642175,-13.752615494209278
TD3,2layers,all-both,fprelu,0.4,Finger-Spin,626950000.0,111150372.30032118,5,806.4,78.20677719993326,5,100.0,10000.0,1000000.0,719283000.0,626950000.0,-12.836811102167019
TD3,2layers,all-both,fprelu,0.4,HalfCheetah-v4,2817906101.3655314,2084194244.6241293,5,3868.3826402771456,2944.6214947869166,5,100.0,10000.0,1000000.0,3031874421.6131363,2817906101.3655314,-7.057294943428463
TD3,2layers,all-both,fprelu,0.4,Hopper-v4,2318509630.5442367,243975158.5372905,5,3032.5332022277944,1138.0269381832877,5,100.0,10000.0,1000000.0,1938538991.8401551,2318509630.5442367,19.600876758398087
TD3,2layers,all-both,fprelu,0.4,Humanoid-v4,2253833042.8588896,1272489601.2828205,5,3228.1840508495,2194.733836449922,5,100.0,10000.0,1000000.0,3553641840.947341,2253833042.8588896,-36.57680926398436
TD3,2layers,all-both,fprelu,0.4,Walker-Walk,739974500.830194,109525015.10667153,5,843.7247497107703,108.3949445826874,5,100.0,10000.0,1000000.0,779060973.2326782,739974500.830194,-5.0171262257300135
TD3,2layers,all-both,fprelu,0.5,Ant-v4,-22745466.35517769,5237808.233874901,5,-19.26222056779104,6.77131327753288,5,100.0,10000.0,1000000.0,2509126367.125186,-22745466.35517769,-100.90650939917539
TD3,2layers,all-both,fprelu,0.5,Cartpole-Swingup,736411365.8316205,19169090.191969912,5,827.2630986371554,12.0018617837833,5,100.0,10000.0,1000000.0,754008382.2283134,736411365.8316205,-2.333795858434452
TD3,2layers,all-both,fprelu,0.5,Cheetah-Run,433937283.300908,71215396.02204505,5,551.48068246543,106.18231978449988,5,100.0,10000.0,1000000.0,520839473.57993376,433937283.300908,-16.685023829264114
TD3,2layers,all-both,fprelu,0.5,Finger-Spin,461257000.0,68956190.58503741,5,685.8,112.77056353499349,5,100.0,10000.0,1000000.0,719283000.0,461257000.0,-35.872667642638575
TD3,2layers,all-both,fprelu,0.5,HalfCheetah-v4,2600599173.036781,1444377082.5363362,5,4138.852310680506,2329.788127833125,5,100.0,10000.0,1000000.0,3031874421.6131363,2600599173.036781,-14.22470685137716
TD3,2layers,all-both,fprelu,0.5,Hopper-v4,2490269215.532971,139020400.537533,5,3403.2277033438504,142.19244642435137,5,100.0,10000.0,1000000.0,1938538991.8401551,2490269215.532971,28.461136248236446
TD3,2layers,all-both,fprelu,0.5,Humanoid-v4,1366550628.8240972,1096517676.4209423,5,2208.892796338762,2024.951710107307,5,100.0,10000.0,1000000.0,3553641840.947341,1366550628.8240972,-61.54506587923903
TD3,2layers,all-both,fprelu,0.5,Walker-Walk,667979194.5846064,135207352.3440803,5,893.8494060908728,64.8426638516402,5,100.0,10000.0,1000000.0,779060973.2326782,667979194.5846064,-14.258419105136657
TD3,2layers,all-both,frelu,0.1,Ant-v4,2440653767.979302,186591565.03719535,5,3192.226726554049,1006.5326935280652,5,100.0,10000.0,1000000.0,2509126367.125186,2440653767.979302,-2.7289418358125994
TD3,2layers,all-both,frelu,0.1,Cartpole-Swingup,755062337.5239563,19529270.50782644,5,834.0077920706477,13.639644822785575,5,100.0,10000.0,1000000.0,754008382.2283134,755062337.5239563,0.13978031550897474
TD3,2layers,all-both,frelu,0.1,Cheetah-Run,500979511.7589485,103505822.8127992,5,659.3543349883018,123.9402137982932,5,100.0,10000.0,1000000.0,520839473.57993376,500979511.7589485,-3.813067716331091
TD3,2layers,all-both,frelu,0.1,Finger-Spin,585495000.0,329361488.69820833,5,725.8,405.9035599745339,5,100.0,10000.0,1000000.0,719283000.0,585495000.0,-18.60018935523292
TD3,2layers,all-both,frelu,0.1,HalfCheetah-v4,3278294931.5960245,2473893628.371592,5,4374.441834847164,3386.6609514148845,5,100.0,10000.0,1000000.0,3031874421.6131363,3278294931.5960245,8.127662155999785
TD3,2layers,all-both,frelu,0.1,Hopper-v4,1960127305.8680053,842708887.547554,5,3102.9576229151144,818.0195260476197,5,100.0,10000.0,1000000.0,1938538991.8401551,1960127305.8680053,1.1136383698610817
TD3,2layers,all-both,frelu,0.1,Humanoid-v4,3501094204.902691,356871695.081561,5,5316.408459200598,330.9195206305953,5,100.0,10000.0,1000000.0,3553641840.947341,3501094204.902691,-1.4786981467620768
TD3,2layers,all-both,frelu,0.1,Walker-Walk,761684742.8484724,142259713.69312146,5,916.9288130521207,66.15819670616253,5,100.0,10000.0,1000000.0,779060973.2326782,761684742.8484724,-2.2304069875434704
TD3,2layers,all-both,frelu,0.2,Ant-v4,1925719139.0362785,503448399.73719263,5,3160.5423130691256,345.71118472582816,5,100.0,10000.0,1000000.0,2509126367.125186,1925719139.0362785,-23.251408766523873
TD3,2layers,all-both,frelu,0.2,Cartpole-Swingup,759635700.6063845,8966103.170625288,5,807.6462264663198,44.43372678485052,5,100.0,10000.0,1000000.0,754008382.2283134,759635700.6063845,0.746320400502805
TD3,2layers,all-both,frelu,0.2,Cheetah-Run,460989752.3724631,53858245.25835183,5,622.2964477553116,95.20968268808092,5,100.0,10000.0,1000000.0,520839473.57993376,460989752.3724631,-11.491011001163194
TD3,2layers,all-both,frelu,0.2,Finger-Spin,747011000.0,85051638.09416018,5,913.4,36.84155262743416,5,100.0,10000.0,1000000.0,719283000.0,747011000.0,3.8549499988182676
TD3,2layers,all-both,frelu,0.2,HalfCheetah-v4,2135723452.554458,1447583618.1663952,5,3266.286085500492,3076.936185522105,5,100.0,10000.0,1000000.0,3031874421.6131363,2135723452.554458,-29.557654587219783
TD3,2layers,all-both,frelu,0.2,Hopper-v4,1554846904.5650136,379802398.17814887,5,2929.458301394454,1069.7796989109029,5,100.0,10000.0,1000000.0,1938538991.8401551,1554846904.5650136,-19.792848577728236
TD3,2layers,all-both,frelu,0.2,Humanoid-v4,3652870091.964335,527377910.69042325,5,5598.29945390972,184.07315330150453,5,100.0,10000.0,1000000.0,3553641840.947341,3652870091.964335,2.79229746435396
TD3,2layers,all-both,frelu,0.2,Walker-Walk,715930722.2559259,194605722.39334908,5,831.6239974489008,222.33558566390423,5,100.0,10000.0,1000000.0,779060973.2326782,715930722.2559259,-8.103377417918416
TD3,2layers,all-both,frelu,0.3,Ant-v4,2342448995.5373044,372895274.04167646,5,3383.888565498084,1129.2257888812924,5,100.0,10000.0,1000000.0,2509126367.125186,2342448995.5373044,-6.642844847182847
TD3,2layers,all-both,frelu,0.3,Cartpole-Swingup,751219473.0942829,19931218.71913008,5,825.5510498628934,32.56002747047791,5,100.0,10000.0,1000000.0,754008382.2283134,751219473.0942829,-0.3698777360788146
TD3,2layers,all-both,frelu,0.3,Cheetah-Run,491732064.3981804,54527839.308537655,5,635.0655695537405,78.65513681599467,5,100.0,10000.0,1000000.0,520839473.57993376,491732064.3981804,-5.5885566778736475
TD3,2layers,all-both,frelu,0.3,Finger-Spin,695191000.0,66224714.92954877,5,903.6,26.053790511171304,5,100.0,10000.0,1000000.0,719283000.0,695191000.0,-3.3494466016852895
TD3,2layers,all-both,frelu,0.3,HalfCheetah-v4,2583820234.192357,1616225879.3419588,5,3450.264537516665,2175.6689826047905,5,100.0,10000.0,1000000.0,3031874421.6131363,2583820234.192357,-14.77812485328426
TD3,2layers,all-both,frelu,0.3,Hopper-v4,1826982761.3177016,574651299.2994965,5,3383.402120035614,50.45539324601435,5,100.0,10000.0,1000000.0,1938538991.8401551,1826982761.3177016,-5.754654974288599
TD3,2layers,all-both,frelu,0.3,Humanoid-v4,3170338079.427476,289390828.6040599,5,5285.05260988331,173.05426182447883,5,100.0,10000.0,1000000.0,3553641840.947341,3170338079.427476,-10.78622378606626
TD3,2layers,all-both,frelu,0.3,Walker-Walk,712048428.2877496,176675491.5766018,5,861.0983482153664,155.08210475683336,5,100.0,10000.0,1000000.0,779060973.2326782,712048428.2877496,-8.60170734350394
TD3,2layers,all-both,frelu,0.4,Ant-v4,1048127519.168861,271918494.34101737,5,1767.7910608468217,674.2474883955058,5,100.0,10000.0,1000000.0,2509126367.125186,1048127519.168861,-58.22739209545091
TD3,2layers,all-both,frelu,0.4,Cartpole-Swingup,754506730.5491683,19270886.24570021,5,817.6817781840734,45.86037532515123,5,100.0,10000.0,1000000.0,754008382.2283134,754506730.5491683,0.06609320699885834
TD3,2layers,all-both,frelu,0.4,Cheetah-Run,505916306.53483945,30054891.763377823,5,680.4675492917147,58.585669860518045,5,100.0,10000.0,1000000.0,520839473.57993376,505916306.53483945,-2.865214293863239
TD3,2layers,all-both,frelu,0.4,Finger-Spin,518697000.0,292836904.3426733,5,665.4,380.0115787709632,5,100.0,10000.0,1000000.0,719283000.0,518697000.0,-27.886937408502632
TD3,2layers,all-both,frelu,0.4,HalfCheetah-v4,3778742363.00189,2341355341.0201077,5,5174.8236677622535,3428.450396013854,5,100.0,10000.0,1000000.0,3031874421.6131363,3778742363.00189,24.63386794863938
TD3,2layers,all-both,frelu,0.4,Hopper-v4,1462573053.213677,902791058.8338926,5,2713.915686135003,1197.051176113641,5,100.0,10000.0,1000000.0,1938538991.8401551,1462573053.213677,-24.552817386183616
TD3,2layers,all-both,frelu,0.4,Humanoid-v4,2153581599.692019,326034952.237236,5,4061.060781938702,1915.9761714518208,5,100.0,10000.0,1000000.0,3553641840.947341,2153581599.692019,-39.39789950475396
TD3,2layers,all-both,frelu,0.4,Walker-Walk,792107934.3257269,78824581.46020901,5,953.6516089159657,23.90424771173701,5,100.0,10000.0,1000000.0,779060973.2326782,792107934.3257269,1.6747034624146193
TD3,2layers,all-both,frelu,0.5,Ant-v4,965950255.219257,299313350.2368485,5,1353.9856491003325,636.0794813913584,5,100.0,10000.0,1000000.0,2509126367.125186,965950255.219257,-61.50252662140776
TD3,2layers,all-both,frelu,0.5,Cartpole-Swingup,736928225.234725,21363435.22915257,5,748.5054656344813,102.61345965085276,5,100.0,10000.0,1000000.0,754008382.2283134,736928225.234725,-2.2652476280318834
TD3,2layers,all-both,frelu,0.5,Cheetah-Run,413715009.8611844,67389849.35317881,5,559.7070689818522,103.45369347739631,5,100.0,10000.0,1000000.0,520839473.57993376,413715009.8611844,-20.567654556295615
TD3,2layers,all-both,frelu,0.5,Finger-Spin,540851000.0,41367816.95956412,5,724.2,63.06504578607709,5,100.0,10000.0,1000000.0,719283000.0,540851000.0,-24.806925785817267
TD3,2layers,all-both,frelu,0.5,HalfCheetah-v4,2643188639.4563446,1259892685.8816988,5,3540.87886399129,1708.290690796753,5,100.0,10000.0,1000000.0,3031874421.6131363,2643188639.4563446,-12.819982891969117
TD3,2layers,all-both,frelu,0.5,Hopper-v4,1371619803.244423,414618592.74049175,5,2918.855281566443,928.9213975659416,5,100.0,10000.0,1000000.0,1938538991.8401551,1371619803.244423,-29.244662654816402
TD3,2layers,all-both,frelu,0.5,Humanoid-v4,1180676527.1728988,309641569.5181299,5,2417.4488055680986,1718.4904033272094,5,100.0,10000.0,1000000.0,3553641840.947341,1180676527.1728988,-66.77559022498029
TD3,2layers,all-both,frelu,0.5,Walker-Walk,636865514.7524179,166041589.37067538,5,828.6035852827199,324.73537964118924,5,100.0,10000.0,1000000.0,779060973.2326782,636865514.7524179,-18.25216040411146
TD3,2layers,all-both,fswish,0.1,Ant-v4,2508986936.335087,334060234.0612233,5,3435.090771484375,293.043342878991,5,100.0,10000.0,1000000.0,2509126367.125186,2508986936.335087,-0.005556945713296052
TD3,2layers,all-both,fswish,0.1,Cartpole-Swingup,768784933.380127,18042812.79579652,5,841.7104858398437,27.51811794115285,5,100.0,10000.0,1000000.0,754008382.2283134,768784933.380127,1.9597330082915674
TD3,2layers,all-both,fswish,0.1,Cheetah-Run,494386517.8103447,76347237.77969003,5,651.9681640625,93.98946135522924,5,100.0,10000.0,1000000.0,520839473.57993376,494386517.8103447,-5.078907631130094
TD3,2layers,all-both,fswish,0.1,Finger-Spin,804784000.0,29959559.70137078,5,913.8,12.814054783713075,5,100.0,10000.0,1000000.0,719283000.0,804784000.0,11.886976336156978
TD3,2layers,all-both,fswish,0.1,HalfCheetah-v4,2425276303.9474487,1729730255.7736795,5,3060.6628662109374,2245.186288972253,5,100.0,10000.0,1000000.0,3031874421.6131363,2425276303.9474487,-20.00736288223117
TD3,2layers,all-both,fswish,0.1,Hopper-v4,2108391959.8999023,829643794.454287,5,2568.8341064453125,1039.9459707478525,5,100.0,10000.0,1000000.0,1938538991.8401551,2108391959.8999023,8.76190619712604
TD3,2layers,all-both,fswish,0.1,Humanoid-v4,3712175908.973694,226376965.90433693,5,5321.63740234375,275.3610911829884,5,100.0,10000.0,1000000.0,3553641840.947341,3712175908.973694,4.461171809708611
TD3,2layers,all-both,fswish,0.1,Walker-Walk,803224933.6776733,107956479.3486297,5,938.9296630859376,69.7510700010182,5,100.0,10000.0,1000000.0,779060973.2326782,803224933.6776733,3.101677695999571
TD3,2layers,all-both,fswish,0.2,Ant-v4,2235240447.6550817,488180047.9132688,5,3168.604931640625,703.3118766089638,5,100.0,10000.0,1000000.0,2509126367.125186,2235240447.6550817,-10.915588910091726
TD3,2layers,all-both,fswish,0.2,Cartpole-Swingup,733737262.1307373,64128270.10706424,5,784.9614624023437,65.37757252951137,5,100.0,10000.0,1000000.0,754008382.2283134,733737262.1307373,-2.688447579013525
TD3,2layers,all-both,fswish,0.2,Cheetah-Run,454459104.7759056,18640155.785587866,5,591.47880859375,50.9062229861799,5,100.0,10000.0,1000000.0,520839473.57993376,454459104.7759056,-12.744880557491134
TD3,2layers,all-both,fswish,0.2,Finger-Spin,812841000.0,39143065.86101809,5,927.4,40.097381460639056,5,100.0,10000.0,1000000.0,719283000.0,812841000.0,13.007119589924967
TD3,2layers,all-both,fswish,0.2,HalfCheetah-v4,2645828831.0012817,2201043835.186926,5,3411.5146240234376,3106.089206697356,5,100.0,10000.0,1000000.0,3031874421.6131363,2645828831.0012817,-12.732901727719169
TD3,2layers,all-both,fswish,0.2,Hopper-v4,2255783122.117996,434980739.4546652,5,3314.186328125,81.86749152440056,5,100.0,10000.0,1000000.0,1938538991.8401551,2255783122.117996,16.365114739151963
TD3,2layers,all-both,fswish,0.2,Humanoid-v4,3682499369.567871,142711646.7196385,5,5294.64384765625,222.49497778175044,5,100.0,10000.0,1000000.0,3553641840.947341,3682499369.567871,3.6260696600245703
TD3,2layers,all-both,fswish,0.2,Walker-Walk,817402445.9953308,84386326.57787871,5,910.9293701171875,96.40706651642093,5,100.0,10000.0,1000000.0,779060973.2326782,817402445.9953308,4.921498326832678
TD3,2layers,all-both,fswish,0.3,Ant-v4,2239417123.3287454,578227892.9322121,5,3471.669580078125,787.4681569374566,5,100.0,10000.0,1000000.0,2509126367.125186,2239417123.3287454,-10.749129550834782
TD3,2layers,all-both,fswish,0.3,Cartpole-Swingup,779043890.6478882,5679611.9957761085,5,832.309375,16.58084543588032,5,100.0,10000.0,1000000.0,754008382.2283134,779043890.6478882,3.3203222947717834
TD3,2layers,all-both,fswish,0.3,Cheetah-Run,474504702.2280693,73975891.43604831,5,616.1487426757812,75.28878652551099,5,100.0,10000.0,1000000.0,520839473.57993376,474504702.2280693,-8.8961712201626
TD3,2layers,all-both,fswish,0.3,Finger-Spin,818232000.0,32980769.699932728,5,937.6,34.565879129569375,5,100.0,10000.0,1000000.0,719283000.0,818232000.0,13.756615963396882
TD3,2layers,all-both,fswish,0.3,HalfCheetah-v4,1675532553.6990166,200442362.82910252,5,2039.1561767578123,155.0113322444354,5,100.0,10000.0,1000000.0,3031874421.6131363,1675532553.6990166,-44.73608333660685
TD3,2layers,all-both,fswish,0.3,Hopper-v4,2103137562.2940063,549260826.959851,5,3314.774365234375,194.52156736516048,5,100.0,10000.0,1000000.0,1938538991.8401551,2103137562.2940063,8.490856833248749
TD3,2layers,all-both,fswish,0.3,Humanoid-v4,3470607125.854492,351050672.19049007,5,4459.086010742188,1409.6580025349049,5,100.0,10000.0,1000000.0,3553641840.947341,3470607125.854492,-2.336609000267543
TD3,2layers,all-both,fswish,0.3,Walker-Walk,784677518.9933777,105437467.832174,5,893.344580078125,103.96862972155178,5,100.0,10000.0,1000000.0,779060973.2326782,784677518.9933777,0.7209378923698242
TD3,2layers,all-both,fswish,0.4,Ant-v4,1967497048.8815308,234977078.8972232,5,3029.346533203125,271.1636179618705,5,100.0,10000.0,1000000.0,2509126367.125186,1967497048.8815308,-21.586370672283966
TD3,2layers,all-both,fswish,0.4,Cartpole-Swingup,760276001.5869141,28185412.982593656,5,836.566943359375,25.4959434716419,5,100.0,10000.0,1000000.0,754008382.2283134,760276001.5869141,0.8312400108972242
TD3,2layers,all-both,fswish,0.4,Cheetah-Run,477111860.5675697,63242428.61329752,5,645.1868041992187,92.3558370736769,5,100.0,10000.0,1000000.0,520839473.57993376,477111860.5675697,-8.395602720317466
TD3,2layers,all-both,fswish,0.4,Finger-Spin,773493000.0,45283136.84474607,5,932.6,22.389729788454343,5,100.0,10000.0,1000000.0,719283000.0,773493000.0,7.536671935802737
TD3,2layers,all-both,fswish,0.4,HalfCheetah-v4,2984900289.245605,1991711317.8156028,5,4186.818774414062,3102.2082407980747,5,100.0,10000.0,1000000.0,3031874421.6131363,2984900289.245605,-1.549342942196738
TD3,2layers,all-both,fswish,0.4,Hopper-v4,1658574212.753296,509180308.9336317,5,3179.357080078125,88.96136479441371,5,100.0,10000.0,1000000.0,1938538991.8401551,1658574212.753296,-14.442050444448531
TD3,2layers,all-both,fswish,0.4,Humanoid-v4,3699302675.4074097,275758254.24370664,5,5204.1634765625,153.56881963847752,5,100.0,10000.0,1000000.0,3553641840.947341,3699302675.4074097,4.098917138516074
TD3,2layers,all-both,fswish,0.4,Walker-Walk,739710636.089325,200281179.080477,5,852.7399780273438,148.0853008448357,5,100.0,10000.0,1000000.0,779060973.2326782,739710636.089325,-5.050995813597335
TD3,2layers,all-both,fswish,0.5,Ant-v4,1653524160.7012749,417031157.6712569,5,2100.5314185142515,1744.9432261847437,5,100.0,10000.0,1000000.0,2509126367.125186,1653524160.7012749,-34.099606047510925
TD3,2layers,all-both,fswish,0.5,Cartpole-Swingup,765760952.0721436,20645141.980972923,5,839.1586547851563,15.812895670977854,5,100.0,10000.0,1000000.0,754008382.2283134,765760952.0721436,1.5586789379048887
TD3,2layers,all-both,fswish,0.5,Cheetah-Run,468765266.11971855,80578619.77829191,5,576.9399658203125,110.67079142180133,5,100.0,10000.0,1000000.0,520839473.57993376,468765266.11971855,-9.998129961672985
TD3,2layers,all-both,fswish,0.5,Finger-Spin,755344000.0,46462032.53733096,5,912.8,40.6534131408422,5,100.0,10000.0,1000000.0,719283000.0,755344000.0,5.013464797583149
TD3,2layers,all-both,fswish,0.5,HalfCheetah-v4,3880265237.220764,2433900117.4366693,5,5081.582495117187,3319.5256712399364,5,100.0,10000.0,1000000.0,3031874421.6131363,3880265237.220764,27.982386393043083
TD3,2layers,all-both,fswish,0.5,Hopper-v4,2115130154.882908,293803732.3299871,5,3356.321728515625,110.05382401826344,5,100.0,10000.0,1000000.0,1938538991.8401551,2115130154.882908,9.109497605468544
TD3,2layers,all-both,fswish,0.5,Humanoid-v4,3844925470.5047607,363857025.7076822,5,5464.8734375,263.8080293238629,5,100.0,10000.0,1000000.0,3553641840.947341,3844925470.5047607,8.196763843814054
TD3,2layers,all-both,fswish,0.5,Walker-Walk,749106769.0610886,117160535.02763592,5,921.0124267578124,55.63402075436445,5,100.0,10000.0,1000000.0,779060973.2326782,749106769.0610886,-3.844911399847948
TD3,2layers,all-both,gelu,,Ant-v4,2503349690.639496,393466431.489321,5,3525.79296875,464.7907950939185,5,100.0,10000.0,1000000.0,2509126367.125186,2503349690.639496,-0.23022660641475398
TD3,2layers,all-both,gelu,,Cartpole-Swingup,775713216.8884277,22677826.187744107,5,838.0832885742187,36.67606412826424,5,100.0,10000.0,1000000.0,754008382.2283134,775713216.8884277,2.878593285126381
TD3,2layers,all-both,gelu,,Cheetah-Run,448948076.6503811,55745531.81366734,5,567.359814453125,81.36616500510317,5,100.0,10000.0,1000000.0,520839473.57993376,448948076.6503811,-13.802985483303509
TD3,2layers,all-both,gelu,,Finger-Spin,797167000.0,34310371.90121959,5,902.0,41.73727350941841,5,100.0,10000.0,1000000.0,719283000.0,797167000.0,10.828005110644906
TD3,2layers,all-both,gelu,,HalfCheetah-v4,3909922585.8955374,2166068817.0147505,5,5044.43232421875,3001.4438154678805,5,100.0,10000.0,1000000.0,3031874421.6131363,3909922585.8955374,28.96057165241124
TD3,2layers,all-both,gelu,,Hopper-v4,2490427981.8115234,260888701.82329217,5,3145.804736328125,393.35823129699423,5,100.0,10000.0,1000000.0,1938538991.8401551,2490427981.8115234,28.46932624488964
TD3,2layers,all-both,gelu,,Humanoid-v4,3474113295.8755493,142953587.35352692,5,4700.437817382813,1564.6432997064412,5,100.0,10000.0,1000000.0,3553641840.947341,3474113295.8755493,-2.237944864206987
TD3,2layers,all-both,gelu,,Walker-Walk,785913436.0694885,88311321.53521644,5,930.0589477539064,63.08587378654276,5,100.0,10000.0,1000000.0,779060973.2326782,785913436.0694885,0.87957978544046
TD3,2layers,all-both,lrelu,,Ant-v4,2480536918.785095,277076229.2911677,5,3381.29521484375,363.145519450584,5,100.0,10000.0,1000000.0,2509126367.125186,2480536918.785095,-1.139418433231281
TD3,2layers,all-both,lrelu,,Cartpole-Swingup,709683159.9121094,83923545.96267043,5,823.1739379882813,36.82842146900715,5,100.0,10000.0,1000000.0,754008382.2283134,709683159.9121094,-5.878611347159057
TD3,2layers,all-both,lrelu,,Cheetah-Run,476973278.97691727,33850127.73217742,5,656.2401733398438,80.99929010316687,5,100.0,10000.0,1000000.0,520839473.57993376,476973278.97691727,-8.42221007204138
TD3,2layers,all-both,lrelu,,Finger-Spin,645386000.0,75322462.40332295,5,821.4,53.11120409103901,5,100.0,10000.0,1000000.0,719283000.0,645386000.0,-10.273703118244141
TD3,2layers,all-both,lrelu,,HalfCheetah-v4,2859596340.067506,1423145155.9786077,5,4198.842260742187,2099.446162634979,5,100.0,10000.0,1000000.0,3031874421.6131363,2859596340.067506,-5.682230118685732
TD3,2layers,all-both,lrelu,,Hopper-v4,1770688837.879181,323984835.16108614,5,2926.225268554688,889.9203331970624,5,100.0,10000.0,1000000.0,1938538991.8401551,1770688837.879181,-8.658590550280483
TD3,2layers,all-both,lrelu,,Humanoid-v4,2820886572.250366,825096798.1341416,5,5448.41611328125,445.9059817830982,5,100.0,10000.0,1000000.0,3553641840.947341,2820886572.250366,-20.619840194746093
TD3,2layers,all-both,lrelu,,Walker-Walk,665297189.2814636,152677876.7174901,5,729.0133819580078,312.6429653595122,5,100.0,10000.0,1000000.0,779060973.2326782,665297189.2814636,-14.60268038830862
TD3,2layers,all-both,prelu,,Ant-v4,2276284292.193413,183065598.46358895,5,3117.62080078125,344.93768603652853,5,100.0,10000.0,1000000.0,2509126367.125186,2276284292.193413,-9.27980662841427
TD3,2layers,all-both,prelu,,Cartpole-Swingup,739148559.7839355,19494920.29620228,5,779.4185668945313,88.14580403110372,5,100.0,10000.0,1000000.0,754008382.2283134,739148559.7839355,-1.97077682352321
TD3,2layers,all-both,prelu,,Cheetah-Run,458975986.2905741,47390176.89884779,5,644.1452880859375,99.4293720301371,5,100.0,10000.0,1000000.0,520839473.57993376,458975986.2905741,-11.877649530698527
TD3,2layers,all-both,prelu,,Finger-Spin,623850000.0,35538021.71618449,5,786.0,53.91196527673611,5,100.0,10000.0,1000000.0,719283000.0,623850000.0,-13.267795846697336
TD3,2layers,all-both,prelu,,HalfCheetah-v4,1696333733.932495,602844996.144319,5,2406.3138916015623,1441.6550735441235,5,100.0,10000.0,1000000.0,3031874421.6131363,1696333733.932495,-44.05000016359697
TD3,2layers,all-both,prelu,,Hopper-v4,1785858009.95636,621843317.6227087,5,2797.86748046875,790.7681437859192,5,100.0,10000.0,1000000.0,1938538991.8401551,1785858009.95636,-7.876085161375208
TD3,2layers,all-both,prelu,,Humanoid-v4,3582454316.5283203,328590368.43339306,5,5305.83828125,333.8858171085703,5,100.0,10000.0,1000000.0,3553641840.947341,3582454316.5283203,0.8107872675570036
TD3,2layers,all-both,prelu,,Walker-Walk,680889706.2110901,106251560.24221969,5,818.6211791992188,114.09571979932576,5,100.0,10000.0,1000000.0,779060973.2326782,680889706.2110901,-12.601230249569667
TD3,2layers,all-both,swish,,Ant-v4,2458644167.176246,333278900.9371737,5,3549.829052734375,471.89383688899335,5,100.0,10000.0,1000000.0,2509126367.125186,2458644167.176246,-2.011943304664222
TD3,2layers,all-both,swish,,Cartpole-Swingup,759498422.5616455,21999416.69170472,5,832.2050170898438,36.58354305676068,5,100.0,10000.0,1000000.0,754008382.2283134,759498422.5616455,0.7281139656706999
TD3,2layers,all-both,swish,,Cheetah-Run,436738269.4222927,30465034.409252517,5,569.2647583007813,38.24318250326094,5,100.0,10000.0,1000000.0,520839473.57993376,436738269.4222927,-16.147240834029056
TD3,2layers,all-both,swish,,Finger-Spin,790683000.0,37285641.60638784,5,905.8,22.960836221705865,5,100.0,10000.0,1000000.0,719283000.0,790683000.0,9.926551857891818
TD3,2layers,all-both,swish,,HalfCheetah-v4,4260963794.122696,2444200263.398092,5,5588.323803710938,3352.372717182959,5,100.0,10000.0,1000000.0,3031874421.6131363,4260963794.122696,40.538927461765105
TD3,2layers,all-both,swish,,Hopper-v4,2258835273.8342285,373140601.49662566,5,3403.869775390625,181.6684316624435,5,100.0,10000.0,1000000.0,1938538991.8401551,2258835273.8342285,16.52256071929885
TD3,2layers,all-both,swish,,Humanoid-v4,3548162313.5910034,251017979.74895185,5,4217.092102050781,1983.252131753472,5,100.0,10000.0,1000000.0,3553641840.947341,3548162313.5910034,-0.15419469945448408
TD3,2layers,all-both,swish,,Walker-Walk,859596548.9082336,46092123.491543695,5,937.6545166015624,26.14391307534583,5,100.0,10000.0,1000000.0,779060973.2326782,859596548.9082336,10.337518941730163
TD3,2layers,all-critic,fgelu,0.1,Ant-v4,2286651434.86166,255637403.66632432,5,3283.751806640625,451.54658092206193,5,100.0,10000.0,1000000.0,2509126367.125186,2286651434.86166,-8.866629245079636
TD3,2layers,all-critic,fgelu,0.1,Cartpole-Swingup,723245814.5764321,32680829.33189724,5,815.3286987304688,34.52782379381614,5,100.0,10000.0,1000000.0,754008382.2283134,723245814.5764321,-4.079870778222522
TD3,2layers,all-critic,fgelu,0.1,Cheetah-Run,536050913.50221634,69496043.26555048,5,655.8778076171875,75.6405705445687,5,100.0,10000.0,1000000.0,520839473.57993376,536050913.50221634,2.920562033773744
TD3,2layers,all-critic,fgelu,0.1,Finger-Spin,803428000.0,54576047.0124028,5,926.8,35.2803061211209,5,100.0,10000.0,1000000.0,719283000.0,803428000.0,11.6984552672592
TD3,2layers,all-critic,fgelu,0.1,HalfCheetah-v4,2658783331.3627243,2119804128.7779176,5,3382.631591796875,3089.5060810847986,5,100.0,10000.0,1000000.0,3031874421.6131363,2658783331.3627243,-12.305624784152686
TD3,2layers,all-critic,fgelu,0.1,Hopper-v4,1745948279.006958,519006720.0084373,5,3293.395947265625,133.3024824928911,5,100.0,10000.0,1000000.0,1938538991.8401551,1745948279.006958,-9.934838228370154
TD3,2layers,all-critic,fgelu,0.1,Humanoid-v4,3620073483.3602905,744698637.6907599,5,5137.8771484375,274.2360468387638,5,100.0,10000.0,1000000.0,3553641840.947341,3620073483.3602905,1.869396112109036
TD3,2layers,all-critic,fgelu,0.1,Walker-Walk,610758436.4910126,224304814.08843115,5,675.6233856201172,318.37590427021786,5,100.0,10000.0,1000000.0,779060973.2326782,610758436.4910126,-21.60325603826641
TD3,2layers,all-critic,fgelu,0.2,Ant-v4,2278937580.2612305,212786568.277234,5,3350.0185546875,483.4657612119774,5,100.0,10000.0,1000000.0,2509126367.125186,2278937580.2612305,-9.174061134580985
TD3,2layers,all-critic,fgelu,0.2,Cartpole-Swingup,764763817.2786832,21148979.59929529,5,838.9347045898437,7.741485183774223,5,100.0,10000.0,1000000.0,754008382.2283134,764763817.2786832,1.4264344142414318
TD3,2layers,all-critic,fgelu,0.2,Cheetah-Run,495651197.5886822,41642402.22931735,5,603.73583984375,77.34515091489489,5,100.0,10000.0,1000000.0,520839473.57993376,495651197.5886822,-4.836091976309456
TD3,2layers,all-critic,fgelu,0.2,Finger-Spin,799627000.0,52878518.15718743,5,931.4,35.683329441070946,5,100.0,10000.0,1000000.0,719283000.0,799627000.0,11.170012359530254
TD3,2layers,all-critic,fgelu,0.2,HalfCheetah-v4,3290413066.8029785,2139198173.987115,5,4309.06591796875,3031.2363674329777,5,100.0,10000.0,1000000.0,3031874421.6131363,3290413066.8029785,8.52735335430827
TD3,2layers,all-critic,fgelu,0.2,Hopper-v4,1906327596.221924,593322788.0442063,5,3330.86044921875,220.34812445502652,5,100.0,10000.0,1000000.0,1938538991.8401551,1906327596.221924,-1.6616325879344032
TD3,2layers,all-critic,fgelu,0.2,Humanoid-v4,3605388036.071777,322724263.5432683,5,5209.77783203125,99.64838340395929,5,100.0,10000.0,1000000.0,3553641840.947341,3605388036.071777,1.4561454823100923
TD3,2layers,all-critic,fgelu,0.2,Walker-Walk,722801812.7307892,127488925.58698252,5,876.3866577148438,114.1847572021798,5,100.0,10000.0,1000000.0,779060973.2326782,722801812.7307892,-7.221406595230173
TD3,2layers,all-critic,fgelu,0.3,Ant-v4,2490355742.8627014,311957812.9641366,5,3651.18955078125,508.8157749250332,5,100.0,10000.0,1000000.0,2509126367.125186,2490355742.8627014,-0.7480940182375455
TD3,2layers,all-critic,fgelu,0.3,Cartpole-Swingup,758863613.92802,20922853.35752561,5,839.94345703125,17.517583783013013,5,100.0,10000.0,1000000.0,754008382.2283134,758863613.92802,0.643922775149785
TD3,2layers,all-critic,fgelu,0.3,Cheetah-Run,517610948.78959656,80020532.7030783,5,670.3919189453125,123.09019560254109,5,100.0,10000.0,1000000.0,520839473.57993376,517610948.78959656,-0.619869451934257
TD3,2layers,all-critic,fgelu,0.3,Finger-Spin,783650000.0,36864709.75065449,5,921.8,18.21263297823793,5,100.0,10000.0,1000000.0,719283000.0,783650000.0,8.948772597155779
TD3,2layers,all-critic,fgelu,0.3,HalfCheetah-v4,3345092877.936363,2358313980.2700143,5,4409.7333984375,3212.438280747861,5,100.0,10000.0,1000000.0,3031874421.6131363,3345092877.936363,10.330851901068389
TD3,2layers,all-critic,fgelu,0.3,Hopper-v4,2229440723.136902,690956648.823025,5,2977.94169921875,980.3428131350628,5,100.0,10000.0,1000000.0,1938538991.8401551,2229440723.136902,15.006235753896739
TD3,2layers,all-critic,fgelu,0.3,Humanoid-v4,3242279983.482361,676223619.0924363,5,4992.28232421875,152.65077033204642,5,100.0,10000.0,1000000.0,3553641840.947341,3242279983.482361,-8.761768107220853
TD3,2layers,all-critic,fgelu,0.3,Walker-Walk,729044094.0523148,172263967.6077348,5,849.4380615234375,146.85166757204237,5,100.0,10000.0,1000000.0,779060973.2326782,729044094.0523148,-6.4201495003427835
TD3,2layers,all-critic,fgelu,0.4,Ant-v4,2446143947.713852,214801699.3798449,5,3122.997912597656,1616.8032533923242,5,100.0,10000.0,1000000.0,2509126367.125186,2446143947.713852,-2.5101334168153397
TD3,2layers,all-critic,fgelu,0.4,Cartpole-Swingup,755315137.9547119,39848411.33501306,5,823.9486694335938,13.996593534024717,5,100.0,10000.0,1000000.0,754008382.2283134,755315137.9547119,0.17330785137117785
TD3,2layers,all-critic,fgelu,0.4,Cheetah-Run,442337273.9841938,82885500.3597553,5,578.9450439453125,126.20027009599002,5,100.0,10000.0,1000000.0,520839473.57993376,442337273.9841938,-15.07224463156826
TD3,2layers,all-critic,fgelu,0.4,Finger-Spin,777439000.0,46302564.50781103,5,915.6,11.0589330407594,5,100.0,10000.0,1000000.0,719283000.0,777439000.0,8.085273807388747
TD3,2layers,all-critic,fgelu,0.4,HalfCheetah-v4,3381041557.937622,2449487406.061404,5,4447.6353759765625,3377.438685899595,5,100.0,10000.0,1000000.0,3031874421.6131363,3381041557.937622,11.516543489908406
TD3,2layers,all-critic,fgelu,0.4,Hopper-v4,1853491326.3664248,530831719.6212344,5,2769.9978759765627,1029.1483980727164,5,100.0,10000.0,1000000.0,1938538991.8401551,1853491326.3664248,-4.387204272481461
TD3,2layers,all-critic,fgelu,0.4,Humanoid-v4,3780773676.03302,384613646.3632757,5,5247.60322265625,359.3856526203445,5,100.0,10000.0,1000000.0,3553641840.947341,3780773676.03302,6.3915229854770494
TD3,2layers,all-critic,fgelu,0.4,Walker-Walk,773901360.1198196,59775600.88943192,5,882.93935546875,79.78014491460492,5,100.0,10000.0,1000000.0,779060973.2326782,773901360.1198196,-0.6622861740139483
TD3,2layers,all-critic,fgelu,0.5,Ant-v4,2374678572.3457336,271943679.4237777,5,3934.930517578125,557.6965018147191,5,100.0,10000.0,1000000.0,2509126367.125186,2374678572.3457336,-5.358350880250601
TD3,2layers,all-critic,fgelu,0.5,Cartpole-Swingup,765229602.7374268,19903016.31749382,5,835.7777099609375,28.957006832234992,5,100.0,10000.0,1000000.0,754008382.2283134,765229602.7374268,1.4882089872729731
TD3,2layers,all-critic,fgelu,0.5,Cheetah-Run,539113459.4125748,80007125.60849869,5,715.8728637695312,107.5043619526174,5,100.0,10000.0,1000000.0,520839473.57993376,539113459.4125748,3.508563916447565
TD3,2layers,all-critic,fgelu,0.5,Finger-Spin,775059000.0,95796870.0819604,5,914.0,49.36598018878993,5,100.0,10000.0,1000000.0,719283000.0,775059000.0,7.7543887454590195
TD3,2layers,all-critic,fgelu,0.5,HalfCheetah-v4,2824054566.7266846,2093914751.8171632,5,3761.049658203125,2890.500990527127,5,100.0,10000.0,1000000.0,3031874421.6131363,2824054566.7266846,-6.854500747292801
TD3,2layers,all-critic,fgelu,0.5,Hopper-v4,2151288231.201172,667251467.114639,5,3340.1185546875,115.74202513367624,5,100.0,10000.0,1000000.0,1938538991.8401551,2151288231.201172,10.974720666261394
TD3,2layers,all-critic,fgelu,0.5,Humanoid-v4,3132926064.0029907,970268025.4019266,5,5630.28896484375,284.1899356228847,5,100.0,10000.0,1000000.0,3553641840.947341,3132926064.0029907,-11.839003359781316
TD3,2layers,all-critic,fgelu,0.5,Walker-Walk,815390560.0566864,46776685.65757054,5,958.8041015625,18.120815997093064,5,100.0,10000.0,1000000.0,779060973.2326782,815390560.0566864,4.66325333603354
TD3,2layers,all-critic,flrelu,0.1,Ant-v4,2390504495.08958,268621781.75947744,5,3059.977054918562,1101.3743038256264,5,100.0,10000.0,1000000.0,2509126367.125186,2390504495.08958,-4.727616495916708
TD3,2layers,all-critic,flrelu,0.1,Cartpole-Swingup,758364704.9917326,15094251.33577173,5,798.8672873017888,58.65302031033471,5,100.0,10000.0,1000000.0,754008382.2283134,758364704.9917326,0.5777552167981149
TD3,2layers,all-critic,flrelu,0.1,Cheetah-Run,521571079.8358677,54812267.4813859,5,697.0337642981216,74.43168961868994,5,100.0,10000.0,1000000.0,520839473.57993376,521571079.8358677,0.1404667451384443
TD3,2layers,all-critic,flrelu,0.1,Finger-Spin,708293000.0,62711042.94699618,5,901.0,36.83069372140579,5,100.0,10000.0,1000000.0,719283000.0,708293000.0,-1.5279104330284463
TD3,2layers,all-critic,flrelu,0.1,HalfCheetah-v4,2537102887.2396765,2020859112.4558623,5,3318.3098100092625,2854.429992815952,5,100.0,10000.0,1000000.0,3031874421.6131363,2537102887.2396765,-16.318998268741357
TD3,2layers,all-critic,flrelu,0.1,Hopper-v4,1402147059.2133691,546680448.535042,5,2933.49332451718,822.4485574084883,5,100.0,10000.0,1000000.0,1938538991.8401551,1402147059.2133691,-27.66990681562803
TD3,2layers,all-critic,flrelu,0.1,Humanoid-v4,3504792977.500554,298188399.7539761,5,5124.614377976312,201.8413624118521,5,100.0,10000.0,1000000.0,3553641840.947341,3504792977.500554,-1.374614146083011
TD3,2layers,all-critic,flrelu,0.1,Walker-Walk,661170857.0428938,255187620.830201,5,725.0477899887856,301.8808837699854,5,100.0,10000.0,1000000.0,779060973.2326782,661170857.0428938,-15.132334982794058
TD3,2layers,all-critic,flrelu,0.2,Ant-v4,2392139421.076389,319459562.91450304,5,3517.9168643492058,383.4003703204997,5,100.0,10000.0,1000000.0,2509126367.125186,2392139421.076389,-4.662457323057591
TD3,2layers,all-critic,flrelu,0.2,Cartpole-Swingup,765513707.2962619,17672816.12510469,5,817.0229481028387,49.21387497844935,5,100.0,10000.0,1000000.0,754008382.2283134,765513707.2962619,1.525888218105333
TD3,2layers,all-critic,flrelu,0.2,Cheetah-Run,511164829.4525307,74174748.94520165,5,664.0031619700532,105.22317775638804,5,100.0,10000.0,1000000.0,520839473.57993376,511164829.4525307,-1.85750977377069
TD3,2layers,all-critic,flrelu,0.2,Finger-Spin,731144000.0,52182274.69649057,5,908.0,8.276472678623424,5,100.0,10000.0,1000000.0,719283000.0,731144000.0,1.6490032435077708
TD3,2layers,all-critic,flrelu,0.2,HalfCheetah-v4,2248462336.8008766,1722874936.705833,5,3392.0254073044,2515.473885087177,5,100.0,10000.0,1000000.0,3031874421.6131363,2248462336.8008766,-25.839199645855984
TD3,2layers,all-critic,flrelu,0.2,Hopper-v4,2071941863.4312396,283706122.93069744,5,3321.5232164859613,143.0032590633548,5,100.0,10000.0,1000000.0,1938538991.8401551,2071941863.4312396,6.881619206660992
TD3,2layers,all-critic,flrelu,0.2,Humanoid-v4,3516850407.0140123,110587177.94190246,5,5226.453982649532,106.34321533102349,5,100.0,10000.0,1000000.0,3553641840.947341,3516850407.0140123,-1.0353163199902176
TD3,2layers,all-critic,flrelu,0.2,Walker-Walk,768525291.3235877,146268973.99869093,5,920.012245200394,60.72326532805668,5,100.0,10000.0,1000000.0,779060973.2326782,768525291.3235877,-1.352356525494171
TD3,2layers,all-critic,flrelu,0.3,Ant-v4,2438061941.7350955,199727252.45019343,5,3488.2005317854187,297.7816670068228,5,100.0,10000.0,1000000.0,2509126367.125186,2438061941.7350955,-2.832237798828444
TD3,2layers,all-critic,flrelu,0.3,Cartpole-Swingup,752382562.8224945,31530375.657381564,5,834.7960396701055,12.61315297630825,5,100.0,10000.0,1000000.0,754008382.2283134,752382562.8224945,-0.2156235188014981
TD3,2layers,all-critic,flrelu,0.3,Cheetah-Run,504493647.8254024,50393504.03037102,5,647.7149693070676,37.30141438836262,5,100.0,10000.0,1000000.0,520839473.57993376,504493647.8254024,-3.1383615458675047
TD3,2layers,all-critic,flrelu,0.3,Finger-Spin,749156000.0,73957596.83764745,5,921.0,13.92838827718412,5,100.0,10000.0,1000000.0,719283000.0,749156000.0,4.153163636565858
TD3,2layers,all-critic,flrelu,0.3,HalfCheetah-v4,2380505773.6661744,1632649754.1957116,5,3097.893255117843,1886.4116589002408,5,100.0,10000.0,1000000.0,3031874421.6131363,2380505773.6661744,-21.484024645070733
TD3,2layers,all-critic,flrelu,0.3,Hopper-v4,1745274964.2330575,822423631.4793799,5,2459.269161256342,1246.0190476390114,5,100.0,10000.0,1000000.0,1938538991.8401551,1745274964.2330575,-9.969571332874871
TD3,2layers,all-critic,flrelu,0.3,Humanoid-v4,3146467020.0652504,335838844.2867719,5,4250.298815916567,2017.251521711699,5,100.0,10000.0,1000000.0,3553641840.947341,3146467020.0652504,-11.457958880108881
TD3,2layers,all-critic,flrelu,0.3,Walker-Walk,807076154.8403251,116006086.85896523,5,910.3687357292862,110.97198001866984,5,100.0,10000.0,1000000.0,779060973.2326782,807076154.8403251,3.596019126898273
TD3,2layers,all-critic,flrelu,0.4,Ant-v4,2022905110.2563856,606582682.4653884,5,2368.349635767786,1687.2671604006264,5,100.0,10000.0,1000000.0,2509126367.125186,2022905110.2563856,-19.37810957787212
TD3,2layers,all-critic,flrelu,0.4,Cartpole-Swingup,757493255.6749083,30386460.62982009,5,845.9954489364425,26.145960035993944,5,100.0,10000.0,1000000.0,754008382.2283134,757493255.6749083,0.4621796691829901
TD3,2layers,all-critic,flrelu,0.4,Cheetah-Run,473208431.6272796,66145130.58816766,5,623.9135157112183,86.89288749326687,5,100.0,10000.0,1000000.0,520839473.57993376,473208431.6272796,-9.145052241387805
TD3,2layers,all-critic,flrelu,0.4,Finger-Spin,638720000.0,112647033.86019534,5,886.2,34.730390150414365,5,100.0,10000.0,1000000.0,719283000.0,638720000.0,-11.200459346321267
TD3,2layers,all-critic,flrelu,0.4,HalfCheetah-v4,2885343706.673232,2214997887.516046,5,3900.480727117654,3050.4442847812284,5,100.0,10000.0,1000000.0,3031874421.6131363,2885343706.673232,-4.83300739289661
TD3,2layers,all-critic,flrelu,0.4,Hopper-v4,1834115477.497536,550934109.8853408,5,3293.6704387399377,172.5840024420653,5,100.0,10000.0,1000000.0,1938538991.8401551,1834115477.497536,-5.3867120951482805
TD3,2layers,all-critic,flrelu,0.4,Humanoid-v4,2131030628.6093552,1084928706.8061056,5,4272.191149135286,1678.365395040382,5,100.0,10000.0,1000000.0,3553641840.947341,2131030628.6093552,-40.032487121964486
TD3,2layers,all-critic,flrelu,0.4,Walker-Walk,772653567.1405348,92769221.84723996,5,961.6893377809008,13.386387767476686,5,100.0,10000.0,1000000.0,779060973.2326782,772653567.1405348,-0.822452453953145
TD3,2layers,all-critic,flrelu,0.5,Ant-v4,1240801474.5419586,401560219.3520845,5,1884.758921126527,949.0828008613856,5,100.0,10000.0,1000000.0,2509126367.125186,1240801474.5419586,-50.54846615941475
TD3,2layers,all-critic,flrelu,0.5,Cartpole-Swingup,748659784.5276954,27663677.06109561,5,829.7613016463841,37.35433612947084,5,100.0,10000.0,1000000.0,754008382.2283134,748659784.5276954,-0.7093552043561334
TD3,2layers,all-critic,flrelu,0.5,Cheetah-Run,481271711.2755839,41089171.31148558,5,550.9917540280665,188.94440990341772,5,100.0,10000.0,1000000.0,520839473.57993376,481271711.2755839,-7.596920800258304
TD3,2layers,all-critic,flrelu,0.5,Finger-Spin,580255000.0,96752682.7147444,5,796.8,94.95104001536792,5,100.0,10000.0,1000000.0,719283000.0,580255000.0,-19.328692600826102
TD3,2layers,all-critic,flrelu,0.5,HalfCheetah-v4,1779666926.9301662,1634671843.073918,5,2431.086587288083,2173.220552187732,5,100.0,10000.0,1000000.0,3031874421.6131363,1779666926.9301662,-41.301430090785935
TD3,2layers,all-critic,flrelu,0.5,Hopper-v4,1710160643.3320086,412912552.94288296,5,3247.7300410373778,182.85107535947472,5,100.0,10000.0,1000000.0,1938538991.8401551,1710160643.3320086,-11.780952019508193
TD3,2layers,all-critic,flrelu,0.5,Humanoid-v4,574713307.7238004,296936698.8473918,5,794.4261104055504,487.3878760675037,5,100.0,10000.0,1000000.0,3553641840.947341,574713307.7238004,-83.82748365067111
TD3,2layers,all-critic,flrelu,0.5,Walker-Walk,605565588.2600157,130396593.95845884,5,873.4293695946639,137.63645980973544,5,100.0,10000.0,1000000.0,779060973.2326782,605565588.2600157,-22.26980826067454
TD3,2layers,all-critic,fprelu,0.1,Ant-v4,2567839802.911258,519125810.60076725,5,3805.4773833332047,949.410569013686,5,100.0,10000.0,1000000.0,2509126367.125186,2567839802.911258,2.339995169447873
TD3,2layers,all-critic,fprelu,0.1,Cartpole-Swingup,744263020.438917,23204118.67811908,5,834.0884327577465,26.387916983993325,5,100.0,10000.0,1000000.0,754008382.2283134,744263020.438917,-1.2924739325305687
TD3,2layers,all-critic,fprelu,0.1,Cheetah-Run,463424969.74146926,21364068.23022221,5,633.708303723233,40.77226433257459,5,100.0,10000.0,1000000.0,520839473.57993376,463424969.74146926,-11.023454778462185
TD3,2layers,all-critic,fprelu,0.1,Finger-Spin,751464000.0,67698560.30596219,5,904.0,19.261360284258224,5,100.0,10000.0,1000000.0,719283000.0,751464000.0,4.4740387302355265
TD3,2layers,all-critic,fprelu,0.1,HalfCheetah-v4,4082375367.637211,2084622851.6586056,5,5294.1300610620365,2855.582652519063,5,100.0,10000.0,1000000.0,3031874421.6131363,4082375367.637211,34.648563889567235
TD3,2layers,all-critic,fprelu,0.1,Hopper-v4,2479326648.967972,215341931.75139663,5,3316.762591606278,117.55298723256882,5,100.0,10000.0,1000000.0,1938538991.8401551,2479326648.967972,27.896661320929883
TD3,2layers,all-critic,fprelu,0.1,Humanoid-v4,3663857318.788746,263816790.42303288,5,3998.243876259175,2078.156122900223,5,100.0,10000.0,1000000.0,3553641840.947341,3663857318.788746,3.101479630598432
TD3,2layers,all-critic,fprelu,0.1,Walker-Walk,839417201.3340971,78277637.32028477,5,957.0810979027434,29.73519665561067,5,100.0,10000.0,1000000.0,779060973.2326782,839417201.3340971,7.747304790660164
TD3,2layers,all-critic,fprelu,0.2,Ant-v4,2400736756.511852,354092265.560557,5,3620.703314477578,272.0668775673295,5,100.0,10000.0,1000000.0,2509126367.125186,2400736756.511852,-4.3198147384470245
TD3,2layers,all-critic,fprelu,0.2,Cartpole-Swingup,754434367.6834737,29123180.380880777,5,831.1548136141613,28.339252442603275,5,100.0,10000.0,1000000.0,754008382.2283134,754434367.6834737,0.05649611664811333
TD3,2layers,all-critic,fprelu,0.2,Cheetah-Run,476234385.50217086,57579047.05874136,5,627.185055588334,107.1678810466098,5,100.0,10000.0,1000000.0,520839473.57993376,476234385.50217086,-8.564075946697098
TD3,2layers,all-critic,fprelu,0.2,Finger-Spin,718838000.0,41751105.614103206,5,874.8,15.849290204927163,5,100.0,10000.0,1000000.0,719283000.0,718838000.0,-0.06186716494064228
TD3,2layers,all-critic,fprelu,0.2,HalfCheetah-v4,3452695705.0329065,2574530238.3987,5,4523.1919000010685,3410.591249404893,5,100.0,10000.0,1000000.0,3031874421.6131363,3452695705.0329065,13.879904801461679
TD3,2layers,all-critic,fprelu,0.2,Hopper-v4,2323872595.77545,327839859.8847429,5,3330.816704824635,191.97077021025237,5,100.0,10000.0,1000000.0,1938538991.8401551,2323872595.77545,19.877526609331586
TD3,2layers,all-critic,fprelu,0.2,Humanoid-v4,1985559138.6412385,1628659956.5152528,5,3045.837915286511,2554.3659880081227,5,100.0,10000.0,1000000.0,3553641840.947341,1985559138.6412385,-44.12607607884531
TD3,2layers,all-critic,fprelu,0.2,Walker-Walk,775479460.0048783,127859905.53915209,5,879.771264279961,124.74105442646236,5,100.0,10000.0,1000000.0,779060973.2326782,775479460.0048783,-0.4597218126507564
TD3,2layers,all-critic,fprelu,0.3,Ant-v4,1918309723.528376,385891271.4202021,5,3149.707827348743,511.3576246204354,5,100.0,10000.0,1000000.0,2509126367.125186,1918309723.528376,-23.54670738539701
TD3,2layers,all-critic,fprelu,0.3,Cartpole-Swingup,761605991.040944,22175154.18984985,5,823.6287545386792,52.24161094117795,5,100.0,10000.0,1000000.0,754008382.2283134,761605991.040944,1.0076292242504514
TD3,2layers,all-critic,fprelu,0.3,Cheetah-Run,437818161.3472659,72560147.45919774,5,588.4938058415479,123.49899251141572,5,100.0,10000.0,1000000.0,520839473.57993376,437818161.3472659,-15.939904028784504
TD3,2layers,all-critic,fprelu,0.3,Finger-Spin,741682000.0,42272315.05370861,5,908.4,11.73882447266335,5,100.0,10000.0,1000000.0,719283000.0,741682000.0,3.114073320236958
TD3,2layers,all-critic,fprelu,0.3,HalfCheetah-v4,3581873876.6913667,2331788390.951737,5,5077.014796498054,3320.480211252967,5,100.0,10000.0,1000000.0,3031874421.6131363,3581873876.6913667,18.14057505672013
TD3,2layers,all-critic,fprelu,0.3,Hopper-v4,2280895628.9237976,316036229.63778424,5,3381.5560394793474,136.30184931634986,5,100.0,10000.0,1000000.0,1938538991.8401551,2280895628.9237976,17.660549440827136
TD3,2layers,all-critic,fprelu,0.3,Humanoid-v4,2955952656.0907774,755612382.5213249,5,5210.414172904095,484.00968601381913,5,100.0,10000.0,1000000.0,3553641840.947341,2955952656.0907774,-16.819060884797263
TD3,2layers,all-critic,fprelu,0.3,Walker-Walk,814058070.953413,132636503.44326012,5,963.1960892603016,19.337706122775828,5,100.0,10000.0,1000000.0,779060973.2326782,814058070.953413,4.492215490594525
TD3,2layers,all-critic,fprelu,0.4,Ant-v4,913005727.9946686,271339602.07374245,5,1223.519829650928,684.7368081222596,5,100.0,10000.0,1000000.0,2509126367.125186,913005727.9946686,-63.612604771247995
TD3,2layers,all-critic,fprelu,0.4,Cartpole-Swingup,741264692.0943636,30972811.25033531,5,815.5228828360889,33.229032161889684,5,100.0,10000.0,1000000.0,754008382.2283134,741264692.0943636,-1.690125790947917
TD3,2layers,all-critic,fprelu,0.4,Cheetah-Run,419810395.5585241,41675903.83471952,5,536.2381272413182,56.0616698382788,5,100.0,10000.0,1000000.0,520839473.57993376,419810395.5585241,-19.397354299396174
TD3,2layers,all-critic,fprelu,0.4,Finger-Spin,605738000.0,174756828.42881992,5,888.6,26.829088691194865,5,100.0,10000.0,1000000.0,719283000.0,605738000.0,-15.78585897344995
TD3,2layers,all-critic,fprelu,0.4,HalfCheetah-v4,3578273790.959487,1576360482.012315,5,4423.045791832449,1876.6021295040732,5,100.0,10000.0,1000000.0,3031874421.6131363,3578273790.959487,18.02183380193016
TD3,2layers,all-critic,fprelu,0.4,Hopper-v4,2058924855.7414825,687184889.5120895,5,3278.570487029966,203.35286455549013,5,100.0,10000.0,1000000.0,1938538991.8401551,2058924855.7414825,6.210133735151299
TD3,2layers,all-critic,fprelu,0.4,Humanoid-v4,2046754722.5253248,1669185941.3557413,5,3198.436263269132,2719.696117604129,5,100.0,10000.0,1000000.0,3553641840.947341,2046754722.5253248,-42.404023417855335
TD3,2layers,all-critic,fprelu,0.4,Walker-Walk,816556153.7820908,94925531.02932778,5,914.5688252760308,94.75378511622088,5,100.0,10000.0,1000000.0,779060973.2326782,816556153.7820908,4.812868547865779
TD3,2layers,all-critic,fprelu,0.5,Ant-v4,394831210.7761541,365578537.10729855,5,925.0058331075476,1039.1086941458157,5,100.0,10000.0,1000000.0,2509126367.125186,394831210.7761541,-84.26419585919345
TD3,2layers,all-critic,fprelu,0.5,Cartpole-Swingup,736180987.6907351,26275140.53363364,5,836.8164642162013,24.869926897926767,5,100.0,10000.0,1000000.0,754008382.2283134,736180987.6907351,-2.3643496488584415
TD3,2layers,all-critic,fprelu,0.5,Cheetah-Run,386633997.448344,56233686.871183686,5,504.5798591881486,63.90989875492623,5,100.0,10000.0,1000000.0,520839473.57993376,386633997.448344,-25.767147641315077
TD3,2layers,all-critic,fprelu,0.5,Finger-Spin,454991000.0,299087383.39321506,5,683.0,391.3310618900575,5,100.0,10000.0,1000000.0,719283000.0,454991000.0,-36.74381293593759
TD3,2layers,all-critic,fprelu,0.5,HalfCheetah-v4,2105097983.1169808,1330803847.7174892,5,3276.0500393569014,2194.336542406382,5,100.0,10000.0,1000000.0,3031874421.6131363,2105097983.1169808,-30.56777127342417
TD3,2layers,all-critic,fprelu,0.5,Hopper-v4,2473589882.4113894,219184231.9834464,5,3404.215278299935,153.92279991171108,5,100.0,10000.0,1000000.0,1938538991.8401551,2473589882.4113894,27.600728838749742
TD3,2layers,all-critic,fprelu,0.5,Humanoid-v4,475324926.55249727,330955040.5067679,5,565.2828237113438,509.93523417717824,5,100.0,10000.0,1000000.0,3553641840.947341,475324926.55249727,-86.62428720093571
TD3,2layers,all-critic,fprelu,0.5,Walker-Walk,710737915.6264836,125653626.5294434,5,923.3988535994952,70.1907959461831,5,100.0,10000.0,1000000.0,779060973.2326782,710737915.6264836,-8.769924300365243
TD3,2layers,all-critic,frelu,0.1,Ant-v4,2539956615.5475464,225820224.154422,5,2863.361565254736,1164.5873527061312,5,100.0,10000.0,1000000.0,2509126367.125186,2539956615.5475464,1.2287244208303452
TD3,2layers,all-critic,frelu,0.1,Cartpole-Swingup,755456840.5796096,20142255.37482953,5,825.7391192140612,23.31469226489245,5,100.0,10000.0,1000000.0,754008382.2283134,755456840.5796096,0.19210109402438896
TD3,2layers,all-critic,frelu,0.1,Cheetah-Run,473430389.5611218,53425410.76264311,5,640.5560830578773,48.888675338783415,5,100.0,10000.0,1000000.0,520839473.57993376,473430389.5611218,-9.102436820494948
TD3,2layers,all-critic,frelu,0.1,Finger-Spin,786484000.0,31496378.24417278,5,911.0,9.137833441248542,5,100.0,10000.0,1000000.0,719283000.0,786484000.0,9.342776070058656
TD3,2layers,all-critic,frelu,0.1,HalfCheetah-v4,1553341534.5732818,144496107.48907676,5,1911.4371980780556,199.32617669059584,5,100.0,10000.0,1000000.0,3031874421.6131363,1553341534.5732818,-48.766297063622694
TD3,2layers,all-critic,frelu,0.1,Hopper-v4,2007981146.4747283,531495569.4561017,5,3302.5928846791053,126.11370259799216,5,100.0,10000.0,1000000.0,1938538991.8401551,2007981146.4747283,3.582190243625451
TD3,2layers,all-critic,frelu,0.1,Humanoid-v4,3718651906.168544,293706312.2629562,5,5425.724364867236,412.3232520662564,5,100.0,10000.0,1000000.0,3553641840.947341,3718651906.168544,4.643407315837264
TD3,2layers,all-critic,frelu,0.1,Walker-Walk,856745960.052206,52997493.2006418,5,965.4189680194834,17.973048959306873,5,100.0,10000.0,1000000.0,779060973.2326782,856745960.052206,9.97161833138394
TD3,2layers,all-critic,frelu,0.2,Ant-v4,2529603650.656625,254517872.13700345,5,3555.9709827486854,273.52862859642886,5,100.0,10000.0,1000000.0,2509126367.125186,2529603650.656625,0.8161120858532339
TD3,2layers,all-critic,frelu,0.2,Cartpole-Swingup,741232044.128608,19132565.264338028,5,817.5473969292289,18.231018407117265,5,100.0,10000.0,1000000.0,754008382.2283134,741232044.128608,-1.6944557117452292
TD3,2layers,all-critic,frelu,0.2,Cheetah-Run,482915848.6775144,56829788.78173464,5,648.0270926749096,66.93523783513216,5,100.0,10000.0,1000000.0,520839473.57993376,482915848.6775144,-7.28125014061539
TD3,2layers,all-critic,frelu,0.2,Finger-Spin,768479000.0,67182588.64839906,5,923.2,43.401612873256205,5,100.0,10000.0,1000000.0,719283000.0,768479000.0,6.8395888683591854
TD3,2layers,all-critic,frelu,0.2,HalfCheetah-v4,2307783731.7724395,1903769060.749935,5,3040.2374330852003,2492.738423793727,5,100.0,10000.0,1000000.0,3031874421.6131363,2307783731.7724395,-23.882608220146462
TD3,2layers,all-critic,frelu,0.2,Hopper-v4,1490337697.8517892,812269829.718058,5,2057.2995122406187,1175.3648391259046,5,100.0,10000.0,1000000.0,1938538991.8401551,1490337697.8517892,-23.120571516743723
TD3,2layers,all-critic,frelu,0.2,Humanoid-v4,3183849369.185309,653699320.4371648,5,5318.862418736388,223.97081269162751,5,100.0,10000.0,1000000.0,3553641840.947341,3183849369.185309,-10.406014120529704
TD3,2layers,all-critic,frelu,0.2,Walker-Walk,799795591.559191,120816721.86238807,5,962.9616816406618,24.498026949031644,5,100.0,10000.0,1000000.0,779060973.2326782,799795591.559191,2.6614885148816345
TD3,2layers,all-critic,frelu,0.3,Ant-v4,2148273415.345414,503336104.414612,5,2949.181714137402,330.10456343197995,5,100.0,10000.0,1000000.0,2509126367.125186,2148273415.345414,-14.381617303444806
TD3,2layers,all-critic,frelu,0.3,Cartpole-Swingup,758155174.8028936,16431565.365597587,5,833.4364089089028,16.868864208226658,5,100.0,10000.0,1000000.0,754008382.2283134,758155174.8028936,0.5499663760136483
TD3,2layers,all-critic,frelu,0.3,Cheetah-Run,498170126.9072936,65522349.07100739,5,627.7283252715088,154.21230362200225,5,100.0,10000.0,1000000.0,520839473.57993376,498170126.9072936,-4.352463248767387
TD3,2layers,all-critic,frelu,0.3,Finger-Spin,577687000.0,322942066.19763863,5,708.4,387.9314372411702,5,100.0,10000.0,1000000.0,719283000.0,577687000.0,-19.685714802101536
TD3,2layers,all-critic,frelu,0.3,HalfCheetah-v4,1343174605.1046083,107784796.73008986,5,1765.6243468525129,206.92288768477297,5,100.0,10000.0,1000000.0,3031874421.6131363,1343174605.1046083,-55.698211128745896
TD3,2layers,all-critic,frelu,0.3,Hopper-v4,2184233962.258789,671500352.2610614,5,3340.249383360012,159.0739157083741,5,100.0,10000.0,1000000.0,1938538991.8401551,2184233962.258789,12.674234124401512
TD3,2layers,all-critic,frelu,0.3,Humanoid-v4,2890138434.773827,825804256.3946694,5,4106.838430795885,1766.9767606201176,5,100.0,10000.0,1000000.0,3553641840.947341,2890138434.773827,-18.671082677162396
TD3,2layers,all-critic,frelu,0.3,Walker-Walk,697501650.7680776,273836412.7146148,5,788.2797329205409,310.00004205408146,5,100.0,10000.0,1000000.0,779060973.2326782,697501650.7680776,-10.468926729338508
TD3,2layers,all-critic,frelu,0.4,Ant-v4,2145303758.775976,465082668.1212994,5,3151.2388725318747,313.1569747445878,5,100.0,10000.0,1000000.0,2509126367.125186,2145303758.775976,-14.499971508651326
TD3,2layers,all-critic,frelu,0.4,Cartpole-Swingup,760009353.7533492,4767667.38040078,5,815.4996884996324,73.29339650666083,5,100.0,10000.0,1000000.0,754008382.2283134,760009353.7533492,0.7958759698799538
TD3,2layers,all-critic,frelu,0.4,Cheetah-Run,478882010.47085774,64713465.43301712,5,613.7020556501717,86.91299867401703,5,100.0,10000.0,1000000.0,520839473.57993376,478882010.47085774,-8.05573794564493
TD3,2layers,all-critic,frelu,0.4,Finger-Spin,627579000.0,58280312.97101964,5,861.2,57.89386841453937,5,100.0,10000.0,1000000.0,719283000.0,627579000.0,-12.749362907228448
TD3,2layers,all-critic,frelu,0.4,HalfCheetah-v4,1377074937.8417995,168102377.68808427,5,1803.1032859071065,179.2434282609837,5,100.0,10000.0,1000000.0,3031874421.6131363,1377074937.8417995,-54.58007996554441
TD3,2layers,all-critic,frelu,0.4,Hopper-v4,1972172627.8368087,220491403.1086546,5,3283.6674709782264,86.90426505815486,5,100.0,10000.0,1000000.0,1938538991.8401551,1972172627.8368087,1.7349991998214531
TD3,2layers,all-critic,frelu,0.4,Humanoid-v4,2123485121.424484,1094599786.1578913,5,4159.464584287722,1997.948216690733,5,100.0,10000.0,1000000.0,3553641840.947341,2123485121.424484,-40.244818795289774
TD3,2layers,all-critic,frelu,0.4,Walker-Walk,681690040.9798442,128796786.96749614,5,820.890254721252,127.84593008864611,5,100.0,10000.0,1000000.0,779060973.2326782,681690040.9798442,-12.4984995524545
TD3,2layers,all-critic,frelu,0.5,Ant-v4,1391830612.952966,478913676.1294807,5,2280.4383951834,1030.2090159561628,5,100.0,10000.0,1000000.0,2509126367.125186,1391830612.952966,-44.52927396607584
TD3,2layers,all-critic,frelu,0.5,Cartpole-Swingup,758946278.177856,9670765.806570675,5,856.6107058034047,12.214638394401264,5,100.0,10000.0,1000000.0,754008382.2283134,758946278.177856,0.6548860816307649
TD3,2layers,all-critic,frelu,0.5,Cheetah-Run,481915917.7767249,30675055.147181887,5,655.6641899769504,50.23246592370044,5,100.0,10000.0,1000000.0,520839473.57993376,481915917.7767249,-7.47323461020956
TD3,2layers,all-critic,frelu,0.5,Finger-Spin,448115000.0,255277096.4804716,5,594.8,353.38038994828224,5,100.0,10000.0,1000000.0,719283000.0,448115000.0,-37.699764904773225
TD3,2layers,all-critic,frelu,0.5,HalfCheetah-v4,1671899623.8331544,1319171852.2188,5,2208.693891072143,1745.0051945551602,5,100.0,10000.0,1000000.0,3031874421.6131363,1671899623.8331544,-44.85590788606591
TD3,2layers,all-critic,frelu,0.5,Hopper-v4,1716060657.114451,473186248.52756447,5,3164.891041688317,137.55899652547,5,100.0,10000.0,1000000.0,1938538991.8401551,1716060657.114451,-11.476598389930603
TD3,2layers,all-critic,frelu,0.5,Humanoid-v4,711902259.8524768,598413845.4715476,5,1503.064852059111,2026.9670385657707,5,100.0,10000.0,1000000.0,3553641840.947341,711902259.8524768,-79.96696651729269
TD3,2layers,all-critic,frelu,0.5,Walker-Walk,627816663.8361646,160628254.94811684,5,935.8529333711698,51.14634935598541,5,100.0,10000.0,1000000.0,779060973.2326782,627816663.8361646,-19.413667812024027
TD3,2layers,all-critic,fswish,0.1,Ant-v4,1904126056.880951,495320990.41222864,5,2178.11337890625,1827.6065927255647,5,100.0,10000.0,1000000.0,2509126367.125186,1904126056.880951,-24.11199045895046
TD3,2layers,all-critic,fswish,0.1,Cartpole-Swingup,764646198.4114647,33401405.037934348,5,830.7692138671875,38.27849101851788,5,100.0,10000.0,1000000.0,754008382.2283134,764646198.4114647,1.4108352683976022
TD3,2layers,all-critic,fswish,0.1,Cheetah-Run,450389283.3268642,96592360.00923444,5,563.3714660644531,134.13128372018747,5,100.0,10000.0,1000000.0,520839473.57993376,450389283.3268642,-13.526277063609987
TD3,2layers,all-critic,fswish,0.1,Finger-Spin,803976000.0,11725178.78328514,5,921.2,37.305495573708704,5,100.0,10000.0,1000000.0,719283000.0,803976000.0,11.774642247905206
TD3,2layers,all-critic,fswish,0.1,HalfCheetah-v4,3623521557.403565,2565606903.459915,5,4614.664819335938,3379.3381236887435,5,100.0,10000.0,1000000.0,3031874421.6131363,3623521557.403565,19.514236195694327
TD3,2layers,all-critic,fswish,0.1,Hopper-v4,2256879292.694092,755998722.9306613,5,3172.0142578125,411.4328677229289,5,100.0,10000.0,1000000.0,1938538991.8401551,2256879292.694092,16.42166096188515
TD3,2layers,all-critic,fswish,0.1,Humanoid-v4,3577639812.2558594,162871655.3557051,5,5230.098828125,164.98083502433354,5,100.0,10000.0,1000000.0,3553641840.947341,3577639812.2558594,0.6753064147320191
TD3,2layers,all-critic,fswish,0.1,Walker-Walk,799415487.9493713,101522817.83075587,5,887.5636474609375,97.01979521183192,5,100.0,10000.0,1000000.0,779060973.2326782,799415487.9493713,2.6126985455622336
TD3,2layers,all-critic,fswish,0.2,Ant-v4,2214496964.848041,248560464.2550048,5,3407.09150390625,396.7581886918956,5,100.0,10000.0,1000000.0,2509126367.125186,2214496964.848041,-11.742310237435928
TD3,2layers,all-critic,fswish,0.2,Cartpole-Swingup,786069640.007019,19653446.27685844,5,846.8193359375,24.60472859513011,5,100.0,10000.0,1000000.0,754008382.2283134,786069640.007019,4.252108933319187
TD3,2layers,all-critic,fswish,0.2,Cheetah-Run,477129996.5804219,58057087.810105465,5,596.5734741210938,96.68070525914288,5,100.0,10000.0,1000000.0,520839473.57993376,477129996.5804219,-8.392120646900949
TD3,2layers,all-critic,fswish,0.2,Finger-Spin,804395000.0,43839255.24002432,5,927.2,38.86129179530706,5,100.0,10000.0,1000000.0,719283000.0,804395000.0,11.832894702085271
TD3,2layers,all-critic,fswish,0.2,HalfCheetah-v4,3420159296.4248657,2470336474.0487523,5,4504.587939453125,3401.789547103394,5,100.0,10000.0,1000000.0,3031874421.6131363,3420159296.4248657,12.806759806533773
TD3,2layers,all-critic,fswish,0.2,Hopper-v4,1799989968.4066772,912030907.462449,5,2743.255920410156,1149.9323382450077,5,100.0,10000.0,1000000.0,1938538991.8401551,1799989968.4066772,-7.147084686801189
TD3,2layers,all-critic,fswish,0.2,Humanoid-v4,3680410099.2126474,375576016.76629287,5,5074.5873046875,248.7691762283641,5,100.0,10000.0,1000000.0,3553641840.947341,3680410099.2126474,3.567277287333835
TD3,2layers,all-critic,fswish,0.2,Walker-Walk,697507130.569458,126627919.07671246,5,799.95595703125,120.95638214874208,5,100.0,10000.0,1000000.0,779060973.2326782,697507130.569458,-10.468223343908011
TD3,2layers,all-critic,fswish,0.3,Ant-v4,2293208629.8217773,344915274.78328604,5,3413.938623046875,352.2012036765008,5,100.0,10000.0,1000000.0,2509126367.125186,2293208629.8217773,-8.605295457908518
TD3,2layers,all-critic,fswish,0.3,Cartpole-Swingup,749000287.399292,32892568.622694187,5,812.231689453125,32.543565294632586,5,100.0,10000.0,1000000.0,754008382.2283134,749000287.399292,-0.6641961743477017
TD3,2layers,all-critic,fswish,0.3,Cheetah-Run,541217175.9943962,41584778.33711771,5,703.3803344726563,36.869741896435855,5,100.0,10000.0,1000000.0,520839473.57993376,541217175.9943962,3.9124727383657225
TD3,2layers,all-critic,fswish,0.3,Finger-Spin,772847000.0,62999325.25432316,5,913.6,19.047309521294608,5,100.0,10000.0,1000000.0,719283000.0,772847000.0,7.446860276136096
TD3,2layers,all-critic,fswish,0.3,HalfCheetah-v4,3124319150.615692,2158288419.9405127,5,3890.059399414063,2781.5137819085467,5,100.0,10000.0,1000000.0,3031874421.6131363,3124319150.615692,3.049094921067667
TD3,2layers,all-critic,fswish,0.3,Hopper-v4,2313337855.7891846,467654454.69641113,5,3473.007421875,89.16770164401943,5,100.0,10000.0,1000000.0,1938538991.8401551,2313337855.7891846,19.33408951414757
TD3,2layers,all-critic,fswish,0.3,Humanoid-v4,3489612550.186157,579833880.6741979,5,5247.288671875,225.8331370592027,5,100.0,10000.0,1000000.0,3553641840.947341,3489612550.186157,-1.8017935860445242
TD3,2layers,all-critic,fswish,0.3,Walker-Walk,708012199.4628906,98974355.4826682,5,876.7886596679688,106.49190021037224,5,100.0,10000.0,1000000.0,779060973.2326782,708012199.4628906,-9.119796294630687
TD3,2layers,all-critic,fswish,0.4,Ant-v4,2249368469.4480896,251133314.40143496,5,3585.890380859375,615.5921193988956,5,100.0,10000.0,1000000.0,2509126367.125186,2249368469.4480896,-10.352523534903193
TD3,2layers,all-critic,fswish,0.4,Cartpole-Swingup,789265613.9526367,14677410.747741058,5,834.1088989257812,29.66627585838596,5,100.0,10000.0,1000000.0,754008382.2283134,789265613.9526367,4.675973444768337
TD3,2layers,all-critic,fswish,0.4,Cheetah-Run,510270365.9182787,29234803.123067103,5,682.4415283203125,54.01033047967445,5,100.0,10000.0,1000000.0,520839473.57993376,510270365.9182787,-2.029244747716499
TD3,2layers,all-critic,fswish,0.4,Finger-Spin,764283000.0,39406768.23211971,5,917.4,12.85690475970014,5,100.0,10000.0,1000000.0,719283000.0,764283000.0,6.25623016253686
TD3,2layers,all-critic,fswish,0.4,HalfCheetah-v4,3256245859.752655,2424467699.6722,5,4097.61787109375,3101.397092277565,5,100.0,10000.0,1000000.0,3031874421.6131363,3256245859.752655,7.4004199032801585
TD3,2layers,all-critic,fswish,0.4,Hopper-v4,1738142450.3631592,898683485.3083867,5,2720.366491699219,1269.9005816378651,5,100.0,10000.0,1000000.0,1938538991.8401551,1738142450.3631592,-10.337503775808493
TD3,2layers,all-critic,fswish,0.4,Humanoid-v4,3771851051.4144897,257000410.82458383,5,5471.4650390625,475.92906959047855,5,100.0,10000.0,1000000.0,3553641840.947341,3771851051.4144897,6.140439026600888
TD3,2layers,all-critic,fswish,0.4,Walker-Walk,757603841.375351,121309063.729253,5,892.2580444335938,111.17433549135713,5,100.0,10000.0,1000000.0,779060973.2326782,757603841.375351,-2.754230104518242
TD3,2layers,all-critic,fswish,0.5,Ant-v4,1877428306.6253664,412289012.3454031,5,2981.05380859375,339.06092963336704,5,100.0,10000.0,1000000.0,2509126367.125186,1877428306.6253664,-25.17601619338061
TD3,2layers,all-critic,fswish,0.5,Cartpole-Swingup,770706920.3338623,21153520.459177826,5,824.8592407226563,35.838028092619375,5,100.0,10000.0,1000000.0,754008382.2283134,770706920.3338623,2.2146356060657886
TD3,2layers,all-critic,fswish,0.5,Cheetah-Run,486269292.3953533,40525291.31583348,5,646.4431030273438,65.39745795486488,5,100.0,10000.0,1000000.0,520839473.57993376,486269292.3953533,-6.637396537356519
TD3,2layers,all-critic,fswish,0.5,Finger-Spin,733817000.0,121344830.16387635,5,919.0,33.384127965247195,5,100.0,10000.0,1000000.0,719283000.0,733817000.0,2.02062331516246
TD3,2layers,all-critic,fswish,0.5,HalfCheetah-v4,2952545601.8505096,2072224757.9189155,5,3731.4349853515614,2567.975628133454,5,100.0,10000.0,1000000.0,3031874421.6131363,2952545601.8505096,-2.616494245181139
TD3,2layers,all-critic,fswish,0.5,Hopper-v4,2139848505.7907104,772036655.6777705,5,2952.3770751953125,1083.1535569188563,5,100.0,10000.0,1000000.0,1938538991.8401551,2139848505.7907104,10.384599680373857
TD3,2layers,all-critic,fswish,0.5,Humanoid-v4,3943764345.809937,178054146.44677597,5,5396.22880859375,217.97643979761173,5,100.0,10000.0,1000000.0,3553641840.947341,3943764345.809937,10.978104218814465
TD3,2layers,all-critic,fswish,0.5,Walker-Walk,786726303.3866882,76454045.7076,5,953.1186767578124,25.811687212191327,5,100.0,10000.0,1000000.0,779060973.2326782,786726303.3866882,0.983919156186597
TD3,2layers,all-critic,gelu,,Ant-v4,2414287590.0797844,487043467.6339848,5,3002.347082519532,1181.129309237516,5,100.0,10000.0,1000000.0,2509126367.125186,2414287590.0797844,-3.779752916711901
TD3,2layers,all-critic,gelu,,Cartpole-Swingup,765531702.3162842,31323355.796647288,5,802.16806640625,53.86375420910006,5,100.0,10000.0,1000000.0,754008382.2283134,765531702.3162842,1.5282747990036902
TD3,2layers,all-critic,gelu,,Cheetah-Run,487511409.86442566,41188564.12130633,5,622.5916748046875,46.03067448189319,5,100.0,10000.0,1000000.0,520839473.57993376,487511409.86442566,-6.398912794844689
TD3,2layers,all-critic,gelu,,Finger-Spin,805891000.0,24818859.109556176,5,936.8,29.371755139929924,5,100.0,10000.0,1000000.0,719283000.0,805891000.0,12.040879598155385
TD3,2layers,all-critic,gelu,,HalfCheetah-v4,2846934357.031822,2624285151.1030507,5,3709.061669921875,3726.3245233635375,5,100.0,10000.0,1000000.0,3031874421.6131363,2846934357.031822,-6.09985899359628
TD3,2layers,all-critic,gelu,,Hopper-v4,2255502275.604248,377590504.9301391,5,2905.1848876953127,941.9071409845042,5,100.0,10000.0,1000000.0,1938538991.8401551,2255502275.604248,16.350627204213005
TD3,2layers,all-critic,gelu,,Humanoid-v4,3394750659.8472595,356166994.8764778,5,5286.095703125,134.16204522591676,5,100.0,10000.0,1000000.0,3553641840.947341,3394750659.8472595,-4.471221023718129
TD3,2layers,all-critic,gelu,,Walker-Walk,774152726.5625,105529317.51169635,5,886.6981323242187,106.36990728774086,5,100.0,10000.0,1000000.0,779060973.2326782,774152726.5625,-0.6300208634263411
TD3,2layers,all-critic,lrelu,,Ant-v4,2274864644.560337,146364735.60611066,5,3349.5365234375,429.31764710911466,5,100.0,10000.0,1000000.0,2509126367.125186,2274864644.560337,-9.336385988133895
TD3,2layers,all-critic,lrelu,,Cartpole-Swingup,682227584.4650269,69549835.84577216,5,817.7638549804688,48.69290605244288,5,100.0,10000.0,1000000.0,754008382.2283134,682227584.4650269,-9.519893870563283
TD3,2layers,all-critic,lrelu,,Cheetah-Run,413442220.7202912,77832490.2722425,5,540.0464782714844,131.36978658723294,5,100.0,10000.0,1000000.0,520839473.57993376,413442220.7202912,-20.620029453885124
TD3,2layers,all-critic,lrelu,,Finger-Spin,618170000.0,82281577.67690167,5,850.0,22.20360331117452,5,100.0,10000.0,1000000.0,719283000.0,618170000.0,-14.057471120546433
TD3,2layers,all-critic,lrelu,,HalfCheetah-v4,2039180665.8706665,1140157429.5742369,5,2717.2313720703123,1947.0423989610404,5,100.0,10000.0,1000000.0,3031874421.6131363,2039180665.8706665,-32.74191532030202
TD3,2layers,all-critic,lrelu,,Hopper-v4,1815169758.808136,581643681.4726827,5,3005.4559814453123,547.3390532523731,5,100.0,10000.0,1000000.0,1938538991.8401551,1815169758.808136,-6.3640315490848645
TD3,2layers,all-critic,lrelu,,Humanoid-v4,3524995463.256836,361364148.6430875,5,5475.517578125,406.68722388561673,5,100.0,10000.0,1000000.0,3553641840.947341,3524995463.256836,-0.8061132486797934
TD3,2layers,all-critic,lrelu,,Walker-Walk,619852018.8598633,229155114.10129085,5,599.2247711181641,325.7134336146385,5,100.0,10000.0,1000000.0,779060973.2326782,619852018.8598633,-20.436006916401492
TD3,2layers,all-critic,prelu,,Ant-v4,2458076024.576664,310629916.0962509,5,3334.21328125,604.2260973228538,5,100.0,10000.0,1000000.0,2509126367.125186,2458076024.576664,-2.034586349152776
TD3,2layers,all-critic,prelu,,Cartpole-Swingup,730580140.4266357,20615858.22890833,5,804.2707763671875,75.78329825802234,5,100.0,10000.0,1000000.0,754008382.2283134,730580140.4266357,-3.1071593305687735
TD3,2layers,all-critic,prelu,,Cheetah-Run,447219448.8011599,71458242.38501182,5,617.1725891113281,106.38455711664474,5,100.0,10000.0,1000000.0,520839473.57993376,447219448.8011599,-14.134878117580945
TD3,2layers,all-critic,prelu,,Finger-Spin,695497000.0,59656542.97727954,5,837.2,43.82579149313791,5,100.0,10000.0,1000000.0,719283000.0,695497000.0,-3.3069042365800385
TD3,2layers,all-critic,prelu,,HalfCheetah-v4,1497535994.0452576,176864234.324979,5,1882.849658203125,186.40597694952532,5,100.0,10000.0,1000000.0,3031874421.6131363,1497535994.0452576,-50.60692542640074
TD3,2layers,all-critic,prelu,,Hopper-v4,2246773038.816452,279310991.6234991,5,2468.2763580322267,1297.9619649907827,5,100.0,10000.0,1000000.0,1938538991.8401551,2246773038.816452,15.900327425640597
TD3,2layers,all-critic,prelu,,Humanoid-v4,3124569982.940674,890043383.0745664,5,5282.26533203125,510.695959113402,5,100.0,10000.0,1000000.0,3553641840.947341,3124569982.940674,-12.074144700307892
TD3,2layers,all-critic,prelu,,Walker-Walk,655000265.4533386,236031032.09581265,5,716.2595153808594,277.72652346410604,5,100.0,10000.0,1000000.0,779060973.2326782,655000265.4533386,-15.92439000821146
TD3,2layers,all-critic,swish,,Ant-v4,2131498781.1012268,311332031.6479609,5,2864.11943359375,341.44490358910133,5,100.0,10000.0,1000000.0,2509126367.125186,2131498781.1012268,-15.050162119041591
TD3,2layers,all-critic,swish,,Cartpole-Swingup,768143967.4552679,14578088.393571457,5,787.294189453125,51.71492241456466,5,100.0,10000.0,1000000.0,754008382.2283134,768143967.4552679,1.8747252099744178
TD3,2layers,all-critic,swish,,Cheetah-Run,433304612.53607273,55332020.78280863,5,587.077099609375,74.27568893202186,5,100.0,10000.0,1000000.0,520839473.57993376,433304612.53607273,-16.80649518405347
TD3,2layers,all-critic,swish,,Finger-Spin,755297000.0,70263185.20391741,5,910.6,57.85153411967568,5,100.0,10000.0,1000000.0,719283000.0,755297000.0,5.006930512746721
TD3,2layers,all-critic,swish,,HalfCheetah-v4,4278829882.816314,2293023610.927416,5,5774.445239257812,3374.8011371721677,5,100.0,10000.0,1000000.0,3031874421.6131363,4278829882.816314,41.12820281453887
TD3,2layers,all-critic,swish,,Hopper-v4,2311771284.9121094,314510310.4401368,5,3289.391357421875,108.73027381571144,5,100.0,10000.0,1000000.0,1938538991.8401551,2311771284.9121094,19.253277578784427
TD3,2layers,all-critic,swish,,Humanoid-v4,3643748210.594177,401764243.7913954,5,5248.37470703125,332.0338853595222,5,100.0,10000.0,1000000.0,3553641840.947341,3643748210.594177,2.535606391408735
TD3,2layers,all-critic,swish,,Walker-Walk,817756128.8986206,55143582.15485669,5,955.1809936523438,12.734535250693972,5,100.0,10000.0,1000000.0,779060973.2326782,817756128.8986206,4.966896943300681
TD3,2layers,first-actor,fgelu,0.1,Ant-v4,2452531345.7427025,282850051.96284467,5,3569.406689453125,316.5691426996321,5,100.0,10000.0,1000000.0,2509126367.125186,2452531345.7427025,-2.2555668030114733
TD3,2layers,first-actor,fgelu,0.1,Cartpole-Swingup,762289730.6671143,14936839.417222757,5,830.3685668945312,23.23429377362234,5,100.0,10000.0,1000000.0,754008382.2283134,762289730.6671143,1.0983098641857303
TD3,2layers,first-actor,fgelu,0.1,Cheetah-Run,485198732.3188782,41355270.48449477,5,657.82685546875,83.54289276330329,5,100.0,10000.0,1000000.0,520839473.57993376,485198732.3188782,-6.842941648812217
TD3,2layers,first-actor,fgelu,0.1,Finger-Spin,779124000.0,58754943.3452199,5,917.2,39.79572841398935,5,100.0,10000.0,1000000.0,719283000.0,779124000.0,8.319534870141515
TD3,2layers,first-actor,fgelu,0.1,HalfCheetah-v4,1566358990.0188446,90871371.7971179,5,1927.7081298828125,119.36435276718038,5,100.0,10000.0,1000000.0,3031874421.6131363,1566358990.0188446,-48.3369436790377
TD3,2layers,first-actor,fgelu,0.1,Hopper-v4,1966394965.7917025,316410092.8534767,5,3391.745361328125,146.23040870868056,5,100.0,10000.0,1000000.0,1938538991.8401551,1966394965.7917025,1.4369571140328286
TD3,2layers,first-actor,fgelu,0.1,Humanoid-v4,3584060696.82312,351050796.9442475,5,5311.38466796875,271.3676549207408,5,100.0,10000.0,1000000.0,3553641840.947341,3584060696.82312,0.8559910434775272
TD3,2layers,first-actor,fgelu,0.1,Walker-Walk,682221934.5722198,127401610.27230877,5,828.9544921875,120.44495889381888,5,100.0,10000.0,1000000.0,779060973.2326782,682221934.5722198,-12.430225872903007
TD3,2layers,first-actor,fgelu,0.2,Ant-v4,2443080967.679262,36920391.54806464,5,3351.08193359375,361.1279787927676,5,100.0,10000.0,1000000.0,2509126367.125186,2443080967.679262,-2.6322069829266854
TD3,2layers,first-actor,fgelu,0.2,Cartpole-Swingup,762106206.6040039,8572963.994618615,5,834.1151489257812,34.059308003983055,5,100.0,10000.0,1000000.0,754008382.2283134,762106206.6040039,1.0739700733510469
TD3,2layers,first-actor,fgelu,0.2,Cheetah-Run,522107051.00917816,31984033.28931153,5,689.7398193359375,21.85407137653793,5,100.0,10000.0,1000000.0,520839473.57993376,522107051.00917816,0.2433719972358936
TD3,2layers,first-actor,fgelu,0.2,Finger-Spin,784375000.0,19402815.195223607,5,918.4,23.82855429941145,5,100.0,10000.0,1000000.0,719283000.0,784375000.0,9.049567416441095
TD3,2layers,first-actor,fgelu,0.2,HalfCheetah-v4,2304767496.247292,1613537162.2136185,5,3031.844873046875,2429.858985305824,5,100.0,10000.0,1000000.0,3031874421.6131363,2304767496.247292,-23.98209240404424
TD3,2layers,first-actor,fgelu,0.2,Hopper-v4,1836731858.9134216,321871740.0562609,5,3333.57705078125,157.31064740138882,5,100.0,10000.0,1000000.0,1938538991.8401551,1836731858.9134216,-5.251745430722197
TD3,2layers,first-actor,fgelu,0.2,Humanoid-v4,3203938709.5718384,634247500.51827,5,5042.33515625,216.9857027439675,5,100.0,10000.0,1000000.0,3553641840.947341,3203938709.5718384,-9.840697150343031
TD3,2layers,first-actor,fgelu,0.2,Walker-Walk,676571555.439949,210778097.6505872,5,848.3068481445313,130.30176708621457,5,100.0,10000.0,1000000.0,779060973.2326782,676571555.439949,-13.155506605273008
TD3,2layers,first-actor,fgelu,0.3,Ant-v4,2514319545.939088,417457758.84829146,5,3637.703955078125,439.225499764489,5,100.0,10000.0,1000000.0,2509126367.125186,2514319545.939088,0.20697159305897972
TD3,2layers,first-actor,fgelu,0.3,Cartpole-Swingup,752158597.0458984,13570266.962817963,5,832.032080078125,18.9322491060023,5,100.0,10000.0,1000000.0,754008382.2283134,752158597.0458984,-0.24532687248759183
TD3,2layers,first-actor,fgelu,0.3,Cheetah-Run,504825644.701004,54142225.26066076,5,687.5771850585937,97.13781193930996,5,100.0,10000.0,1000000.0,520839473.57993376,504825644.701004,-3.0746188972315047
TD3,2layers,first-actor,fgelu,0.3,Finger-Spin,773871000.0,56857723.68377052,5,918.2,15.896540504147444,5,100.0,10000.0,1000000.0,719283000.0,773871000.0,7.589224269168047
TD3,2layers,first-actor,fgelu,0.3,HalfCheetah-v4,2431582463.218689,1944638225.201538,5,3346.4521240234376,3079.015633168104,5,100.0,10000.0,1000000.0,3031874421.6131363,2431582463.218689,-19.79936748419338
TD3,2layers,first-actor,fgelu,0.3,Hopper-v4,2037207390.12146,377602779.2196881,5,3312.24111328125,125.07884360119498,5,100.0,10000.0,1000000.0,1938538991.8401551,2037207390.12146,5.0898330493545565
TD3,2layers,first-actor,fgelu,0.3,Humanoid-v4,2821526343.276977,782513144.3151265,5,5202.2013671875,290.2201992890067,5,100.0,10000.0,1000000.0,3553641840.947341,2821526343.276977,-20.601836944693172
TD3,2layers,first-actor,fgelu,0.3,Walker-Walk,744480753.1356812,109180832.82033288,5,849.26494140625,105.1519612463367,5,100.0,10000.0,1000000.0,779060973.2326782,744480753.1356812,-4.438705221429328
TD3,2layers,first-actor,fgelu,0.4,Ant-v4,2729742385.682106,239731656.8578705,5,3527.2361083984374,1043.066591644715,5,100.0,10000.0,1000000.0,2509126367.125186,2729742385.682106,8.792543151570692
TD3,2layers,first-actor,fgelu,0.4,Cartpole-Swingup,753635251.1138916,26888011.075549465,5,841.7850341796875,20.829976999106226,5,100.0,10000.0,1000000.0,754008382.2283134,753635251.1138916,-0.04948633506157237
TD3,2layers,first-actor,fgelu,0.4,Cheetah-Run,509930182.0421219,71045377.04468738,5,677.0091918945312,123.57235295331776,5,100.0,10000.0,1000000.0,520839473.57993376,509930182.0421219,-2.0945592819277006
TD3,2layers,first-actor,fgelu,0.4,Finger-Spin,588623000.0,339272339.78766966,5,721.2,403.9451695465612,5,100.0,10000.0,1000000.0,719283000.0,588623000.0,-18.165311845268135
TD3,2layers,first-actor,fgelu,0.4,HalfCheetah-v4,1634453074.4438171,121589132.55062014,5,2036.5839111328123,162.22843290281344,5,100.0,10000.0,1000000.0,3031874421.6131363,1634453074.4438171,-46.09100354578038
TD3,2layers,first-actor,fgelu,0.4,Hopper-v4,2001766994.0185547,505016999.1139616,5,3221.3587890625,98.69855339365616,5,100.0,10000.0,1000000.0,1938538991.8401551,2001766994.0185547,3.261631695031343
TD3,2layers,first-actor,fgelu,0.4,Humanoid-v4,3079395064.289093,697109757.0518123,5,4200.098205566406,2000.9744984161664,5,100.0,10000.0,1000000.0,3553641840.947341,3079395064.289093,-13.345373503701818
TD3,2layers,first-actor,fgelu,0.4,Walker-Walk,803629519.3748474,139767082.6613121,5,918.1483154296876,97.5706949372936,5,100.0,10000.0,1000000.0,779060973.2326782,803629519.3748474,3.153610177676231
TD3,2layers,first-actor,fgelu,0.5,Ant-v4,2573295201.871872,293286932.16400653,5,3111.63876953125,1136.3216863919986,5,100.0,10000.0,1000000.0,2509126367.125186,2573295201.871872,2.5574174177686784
TD3,2layers,first-actor,fgelu,0.5,Cartpole-Swingup,760860011.9018555,15433697.60518953,5,813.0961791992188,32.90250656858012,5,100.0,10000.0,1000000.0,754008382.2283134,760860011.9018555,0.9086940987702908
TD3,2layers,first-actor,fgelu,0.5,Cheetah-Run,500556686.6695881,88252763.11358073,5,623.1874145507812,129.28699137838112,5,100.0,10000.0,1000000.0,520839473.57993376,500556686.6695881,-3.894249176417857
TD3,2layers,first-actor,fgelu,0.5,Finger-Spin,611806000.0,343286916.32146424,5,730.0,409.0140584380933,5,100.0,10000.0,1000000.0,719283000.0,611806000.0,-14.942241092866091
TD3,2layers,first-actor,fgelu,0.5,HalfCheetah-v4,4254040232.387543,2414264709.4614286,5,5640.500146484375,3513.185526297051,5,100.0,10000.0,1000000.0,3031874421.6131363,4254040232.387543,40.31056834221196
TD3,2layers,first-actor,fgelu,0.5,Hopper-v4,2182857749.015808,171099404.10716903,5,3389.317626953125,95.64928814909264,5,100.0,10000.0,1000000.0,1938538991.8401551,2182857749.015808,12.603241833363063
TD3,2layers,first-actor,fgelu,0.5,Humanoid-v4,2725281185.897827,1180721932.3306873,5,4667.78076171875,1795.2898754186642,5,100.0,10000.0,1000000.0,3553641840.947341,2725281185.897827,-23.310189718744613
TD3,2layers,first-actor,fgelu,0.5,Walker-Walk,804374898.6759186,65243104.08470019,5,927.2175048828124,68.5032650869439,5,100.0,10000.0,1000000.0,779060973.2326782,804374898.6759186,3.249286809760399
TD3,2layers,first-actor,flrelu,0.1,Ant-v4,2297704033.934615,306874251.70333827,5,2595.036146967902,850.2452619828096,5,100.0,10000.0,1000000.0,2509126367.125186,2297704033.934615,-8.426133333125286
TD3,2layers,first-actor,flrelu,0.1,Cartpole-Swingup,693895920.0634267,29638361.50095678,5,831.9896124055442,26.02977537583401,5,100.0,10000.0,1000000.0,754008382.2283134,693895920.0634267,-7.972386459051948
TD3,2layers,first-actor,flrelu,0.1,Cheetah-Run,485869842.6104049,17443227.452253714,5,620.9453936771794,46.98450167064114,5,100.0,10000.0,1000000.0,520839473.57993376,485869842.6104049,-6.714089991906505
TD3,2layers,first-actor,flrelu,0.1,Finger-Spin,601530000.0,338353001.53833425,5,785.4,303.69277238683173,5,100.0,10000.0,1000000.0,719283000.0,601530000.0,-16.37088600731562
TD3,2layers,first-actor,flrelu,0.1,HalfCheetah-v4,4943284399.553876,2020605747.6090732,5,6833.10062534707,3149.208242273512,5,100.0,10000.0,1000000.0,3031874421.6131363,4943284399.553876,63.04383731446755
TD3,2layers,first-actor,flrelu,0.1,Hopper-v4,2359745843.536489,186348182.1831204,5,3131.66544293577,618.7582777271664,5,100.0,10000.0,1000000.0,1938538991.8401551,2359745843.536489,21.728056720515276
TD3,2layers,first-actor,flrelu,0.1,Humanoid-v4,3397388848.339778,382222929.00462246,5,5193.279698812159,226.02887542288744,5,100.0,10000.0,1000000.0,3553641840.947341,3397388848.339778,-4.396982014538319
TD3,2layers,first-actor,flrelu,0.1,Walker-Walk,775575759.446346,119850156.12632394,5,912.535485957337,70.93477351911879,5,100.0,10000.0,1000000.0,779060973.2326782,775575759.446346,-0.4473608492889066
TD3,2layers,first-actor,flrelu,0.2,Ant-v4,2389079876.387009,361412996.911422,5,3637.4116749448,529.7758854267846,5,100.0,10000.0,1000000.0,2509126367.125186,2389079876.387009,-4.784393975171496
TD3,2layers,first-actor,flrelu,0.2,Cartpole-Swingup,724791141.2515194,26148516.9354498,5,846.3977699744115,15.2010953186103,5,100.0,10000.0,1000000.0,754008382.2283134,724791141.2515194,-3.874922569222451
TD3,2layers,first-actor,flrelu,0.2,Cheetah-Run,479951901.48357725,55393330.884504005,5,645.6056942373572,113.1991985562322,5,100.0,10000.0,1000000.0,520839473.57993376,479951901.48357725,-7.850321292915878
TD3,2layers,first-actor,flrelu,0.2,Finger-Spin,686497000.0,140264277.99871212,5,912.0,31.945265689926572,5,100.0,10000.0,1000000.0,719283000.0,686497000.0,-4.5581502690874105
TD3,2layers,first-actor,flrelu,0.2,HalfCheetah-v4,3119399155.6382527,2110143373.9013767,5,4053.154316279258,2749.6966412785846,5,100.0,10000.0,1000000.0,3031874421.6131363,3119399155.6382527,2.886819236350433
TD3,2layers,first-actor,flrelu,0.2,Hopper-v4,2141533024.30201,356513103.0188732,5,3159.23273638038,500.7347930104423,5,100.0,10000.0,1000000.0,1938538991.8401551,2141533024.30201,10.471495972808015
TD3,2layers,first-actor,flrelu,0.2,Humanoid-v4,3411610756.1729875,376714526.0509786,5,5265.29342321962,274.0430025023072,5,100.0,10000.0,1000000.0,3553641840.947341,3411610756.1729875,-3.9967754526576154
TD3,2layers,first-actor,flrelu,0.2,Walker-Walk,738294955.037241,149693640.6053302,5,899.5800804111925,87.18133136907817,5,100.0,10000.0,1000000.0,779060973.2326782,738294955.037241,-5.23271214912492
TD3,2layers,first-actor,flrelu,0.3,Ant-v4,2455954619.322287,233539834.77299532,5,3528.071028325771,356.89639473741187,5,100.0,10000.0,1000000.0,2509126367.125186,2455954619.322287,-2.119133914479566
TD3,2layers,first-actor,flrelu,0.3,Cartpole-Swingup,709357661.7567046,16767268.43640668,5,840.5836771535938,25.16560316097129,5,100.0,10000.0,1000000.0,754008382.2283134,709357661.7567046,-5.921780383880223
TD3,2layers,first-actor,flrelu,0.3,Cheetah-Run,532825582.2241686,34317208.42233693,5,726.4511275515836,39.95527115285388,5,100.0,10000.0,1000000.0,520839473.57993376,532825582.2241686,2.301305728970505
TD3,2layers,first-actor,flrelu,0.3,Finger-Spin,741217000.0,65831171.24508723,5,905.4,6.804410334481594,5,100.0,10000.0,1000000.0,719283000.0,741217000.0,3.0494256085574105
TD3,2layers,first-actor,flrelu,0.3,HalfCheetah-v4,1686376965.065175,114643369.554361,5,2140.373339259638,167.40793297620203,5,100.0,10000.0,1000000.0,3031874421.6131363,1686376965.065175,-44.37840323980428
TD3,2layers,first-actor,flrelu,0.3,Hopper-v4,2205684288.394917,303474827.9539136,5,3343.868026708061,200.09963551401745,5,100.0,10000.0,1000000.0,1938538991.8401551,2205684288.394917,13.780754355690036
TD3,2layers,first-actor,flrelu,0.3,Humanoid-v4,3657553307.445951,186015318.9896824,5,5300.603679298079,286.19321224257334,5,100.0,10000.0,1000000.0,3553641840.947341,3657553307.445951,2.9240838314451234
TD3,2layers,first-actor,flrelu,0.3,Walker-Walk,766746861.5106491,87117676.87598994,5,851.0930178335362,130.92433239903585,5,100.0,10000.0,1000000.0,779060973.2326782,766746861.5106491,-1.5806351678652624
TD3,2layers,first-actor,flrelu,0.4,Ant-v4,2471032680.051748,280026751.677276,5,3417.2943392410843,696.0257566398083,5,100.0,10000.0,1000000.0,2509126367.125186,2471032680.051748,-1.5182052037133444
TD3,2layers,first-actor,flrelu,0.4,Cartpole-Swingup,696246915.9730555,35586681.24226699,5,799.9333879569508,27.32448718390442,5,100.0,10000.0,1000000.0,754008382.2283134,696246915.9730555,-7.6605867542952355
TD3,2layers,first-actor,flrelu,0.4,Cheetah-Run,502625931.7087267,57784043.2476109,5,656.4834499499759,104.92590905312024,5,100.0,10000.0,1000000.0,520839473.57993376,502625931.7087267,-3.4969588126679896
TD3,2layers,first-actor,flrelu,0.4,Finger-Spin,717237000.0,128981966.01657148,5,904.4,42.927846440276966,5,100.0,10000.0,1000000.0,719283000.0,717237000.0,-0.28444993139000924
TD3,2layers,first-actor,flrelu,0.4,HalfCheetah-v4,2924463737.805641,1921382068.262301,5,4016.723818292559,2798.1642935430727,5,100.0,10000.0,1000000.0,3031874421.6131363,2924463737.805641,-3.5427154581932285
TD3,2layers,first-actor,flrelu,0.4,Hopper-v4,1794124270.104393,755629668.3001722,5,3083.591972339212,568.3798525841489,5,100.0,10000.0,1000000.0,1938538991.8401551,1794124270.104393,-7.449668144083946
TD3,2layers,first-actor,flrelu,0.4,Humanoid-v4,3335237725.455081,533333420.8341937,5,5237.5306045859725,207.42082285228412,5,100.0,10000.0,1000000.0,3553641840.947341,3335237725.455081,-6.145923682450709
TD3,2layers,first-actor,flrelu,0.4,Walker-Walk,752971793.2893813,120399192.23052049,5,876.9462772566221,97.11325438166004,5,100.0,10000.0,1000000.0,779060973.2326782,752971793.2893813,-3.348798212165736
TD3,2layers,first-actor,flrelu,0.5,Ant-v4,2147140041.927869,247695623.99878907,5,3265.4960606174345,569.3478983261899,5,100.0,10000.0,1000000.0,2509126367.125186,2147140041.927869,-14.426787344794443
TD3,2layers,first-actor,flrelu,0.5,Cartpole-Swingup,705008611.7814567,21985751.59983546,5,826.9404326237958,23.07775711895054,5,100.0,10000.0,1000000.0,754008382.2283134,705008611.7814567,-6.498571050635831
TD3,2layers,first-actor,flrelu,0.5,Cheetah-Run,509117136.2381703,68997792.64074476,5,710.9904006355882,84.68751496422864,5,100.0,10000.0,1000000.0,520839473.57993376,509117136.2381703,-2.250662235945985
TD3,2layers,first-actor,flrelu,0.5,Finger-Spin,755246000.0,43698553.09389546,5,897.2,42.37570058417913,5,100.0,10000.0,1000000.0,719283000.0,755246000.0,4.9998401185625125
TD3,2layers,first-actor,flrelu,0.5,HalfCheetah-v4,3078137480.4198723,2422224845.687773,5,4354.228882376788,3694.790630191717,5,100.0,10000.0,1000000.0,3031874421.6131363,3078137480.4198723,1.5258896765955534
TD3,2layers,first-actor,flrelu,0.5,Hopper-v4,1929669940.4308767,762224333.9071189,5,2832.985704394356,1148.4420211837264,5,100.0,10000.0,1000000.0,1938538991.8401551,1929669940.4308767,-0.45751214943886476
TD3,2layers,first-actor,flrelu,0.5,Humanoid-v4,3485594553.7213783,390037732.19342834,5,5253.400007235798,281.95554888385686,5,100.0,10000.0,1000000.0,3553641840.947341,3485594553.7213783,-1.9148605929240854
TD3,2layers,first-actor,flrelu,0.5,Walker-Walk,763910663.3093936,128835443.88629524,5,942.8936056619184,41.206270047532406,5,100.0,10000.0,1000000.0,779060973.2326782,763910663.3093936,-1.9446885986881113
TD3,2layers,first-actor,fprelu,0.1,Ant-v4,2327630025.790643,239691393.7247888,5,3520.7308799895545,365.267698980849,5,100.0,10000.0,1000000.0,2509126367.125186,2327630025.790643,-7.233447613979321
TD3,2layers,first-actor,fprelu,0.1,Cartpole-Swingup,778885048.9586208,9932597.698759694,5,830.6878282125299,29.16496201944002,5,100.0,10000.0,1000000.0,754008382.2283134,778885048.9586208,3.299255991928044
TD3,2layers,first-actor,fprelu,0.1,Cheetah-Run,520252719.38274384,33180746.52844128,5,676.8393450369676,25.608722778858965,5,100.0,10000.0,1000000.0,520839473.57993376,520252719.38274384,-0.11265547773423078
TD3,2layers,first-actor,fprelu,0.1,Finger-Spin,574591000.0,324665237.1944061,5,701.4,404.513658607469,5,100.0,10000.0,1000000.0,719283000.0,574591000.0,-20.116143437284073
TD3,2layers,first-actor,fprelu,0.1,HalfCheetah-v4,2422229446.561588,1903394686.045654,5,3319.988014363307,2934.5722310197466,5,100.0,10000.0,1000000.0,3031874421.6131363,2422229446.561588,-20.107857063788984
TD3,2layers,first-actor,fprelu,0.1,Hopper-v4,2241056470.154828,402698081.7775198,5,3335.794347067508,178.4590558730496,5,100.0,10000.0,1000000.0,1938538991.8401551,2241056470.154828,15.605436856728307
TD3,2layers,first-actor,fprelu,0.1,Humanoid-v4,2933364828.698761,1215159830.8394427,5,4337.690616416142,1876.5573421099164,5,100.0,10000.0,1000000.0,3553641840.947341,2933364828.698761,-17.45468564393154
TD3,2layers,first-actor,fprelu,0.1,Walker-Walk,816063222.7082856,101443878.30474985,5,914.1270364291146,95.29312962723266,5,100.0,10000.0,1000000.0,779060973.2326782,816063222.7082856,4.749596083868537
TD3,2layers,first-actor,fprelu,0.2,Ant-v4,2425516822.635759,252733230.53369325,5,3688.193024019805,298.07424979731445,5,100.0,10000.0,1000000.0,2509126367.125186,2425516822.635759,-3.3322173639752606
TD3,2layers,first-actor,fprelu,0.2,Cartpole-Swingup,749378131.3736532,9195917.71762946,5,811.6050282142371,21.69320692160917,5,100.0,10000.0,1000000.0,754008382.2283134,749378131.3736532,-0.6140847984974037
TD3,2layers,first-actor,fprelu,0.2,Cheetah-Run,536132226.50268257,63747218.43300546,5,718.3464693562335,106.00856349721748,5,100.0,10000.0,1000000.0,520839473.57993376,536132226.50268257,2.9361739458101597
TD3,2layers,first-actor,fprelu,0.2,Finger-Spin,707736000.0,61737805.41532069,5,900.0,85.14399567791025,5,100.0,10000.0,1000000.0,719283000.0,707736000.0,-1.6053486597069582
TD3,2layers,first-actor,fprelu,0.2,HalfCheetah-v4,2332839722.524578,1499334304.4524834,5,3020.9767632138623,2113.2729444386146,5,100.0,10000.0,1000000.0,3031874421.6131363,2332839722.524578,-23.056189072522024
TD3,2layers,first-actor,fprelu,0.2,Hopper-v4,1749276390.0263152,840134866.6007144,5,3021.4652218021342,668.2372627646977,5,100.0,10000.0,1000000.0,1938538991.8401551,1749276390.0263152,-9.7631568212194
TD3,2layers,first-actor,fprelu,0.2,Humanoid-v4,3144464563.281373,777645003.816877,5,4458.900293640148,2062.5167471877007,5,100.0,10000.0,1000000.0,3553641840.947341,3144464563.281373,-11.514308306232914
TD3,2layers,first-actor,fprelu,0.2,Walker-Walk,774437941.1446302,183875174.52865192,5,881.771045746458,158.59403097678907,5,100.0,10000.0,1000000.0,779060973.2326782,774437941.1446302,-0.5934108172387226
TD3,2layers,first-actor,fprelu,0.3,Ant-v4,2312889017.1730604,289196985.96820533,5,3540.0764441953897,355.9512108033392,5,100.0,10000.0,1000000.0,2509126367.125186,2312889017.1730604,-7.820943278236047
TD3,2layers,first-actor,fprelu,0.3,Cartpole-Swingup,764976210.0036023,25712462.726509623,5,841.5379507586935,11.356397935291982,5,100.0,10000.0,1000000.0,754008382.2283134,764976210.0036023,1.4546028975003844
TD3,2layers,first-actor,fprelu,0.3,Cheetah-Run,540707206.3919538,58161048.11484466,5,698.3409675968336,58.35169195747933,5,100.0,10000.0,1000000.0,520839473.57993376,540707206.3919538,3.8145597290200284
TD3,2layers,first-actor,fprelu,0.3,Finger-Spin,732499000.0,47867229.83942146,5,882.4,51.8729216451127,5,100.0,10000.0,1000000.0,719283000.0,732499000.0,1.837385285068603
TD3,2layers,first-actor,fprelu,0.3,HalfCheetah-v4,2719107510.408509,1503978334.1539392,5,3844.7861411914114,2485.307855642166,5,100.0,10000.0,1000000.0,3031874421.6131363,2719107510.408509,-10.315958635193638
TD3,2layers,first-actor,fprelu,0.3,Hopper-v4,2030892040.5241916,305994240.21217906,5,2952.8096736746274,1117.8296034619946,5,100.0,10000.0,1000000.0,1938538991.8401551,2030892040.5241916,4.764054221905049
TD3,2layers,first-actor,fprelu,0.3,Humanoid-v4,3684836076.0471063,409259306.1064024,5,5392.026687288527,524.0386284728,5,100.0,10000.0,1000000.0,3553641840.947341,3684836076.0471063,3.6918249213542333
TD3,2layers,first-actor,fprelu,0.3,Walker-Walk,811373277.6513764,138892039.27979165,5,900.94443650246,147.8839513823956,5,100.0,10000.0,1000000.0,779060973.2326782,811373277.6513764,4.14759634083835
TD3,2layers,first-actor,fprelu,0.4,Ant-v4,2446555501.752454,190891633.73479885,5,3327.7351752898626,322.6743999602347,5,100.0,10000.0,1000000.0,2509126367.125186,2446555501.752454,-2.4937311325783202
TD3,2layers,first-actor,fprelu,0.4,Cartpole-Swingup,771832950.9040349,18285776.075281534,5,834.7411799176214,25.910240019446263,5,100.0,10000.0,1000000.0,754008382.2283134,771832950.9040349,2.363974870285213
TD3,2layers,first-actor,fprelu,0.4,Cheetah-Run,462781158.1256708,32319510.31785591,5,635.313178222121,63.987176905098046,5,100.0,10000.0,1000000.0,520839473.57993376,462781158.1256708,-11.147065151419001
TD3,2layers,first-actor,fprelu,0.4,Finger-Spin,584253000.0,328664215.910403,5,727.4,407.2773011106806,5,100.0,10000.0,1000000.0,719283000.0,584253000.0,-18.772861307718937
TD3,2layers,first-actor,fprelu,0.4,HalfCheetah-v4,2476979981.7998805,1496250413.9981363,5,3756.309695278917,2448.71786795868,5,100.0,10000.0,1000000.0,3031874421.6131363,2476979981.7998805,-18.30202583120244
TD3,2layers,first-actor,fprelu,0.4,Hopper-v4,2151320587.704518,328351464.6001018,5,3331.8914340847564,130.2651778441083,5,100.0,10000.0,1000000.0,1938538991.8401551,2151320587.704518,10.976389784266352
TD3,2layers,first-actor,fprelu,0.4,Humanoid-v4,3590996658.088403,276163250.3804432,5,5256.635577929597,349.0135635393888,5,100.0,10000.0,1000000.0,3553641840.947341,3590996658.088403,1.0511700056723807
TD3,2layers,first-actor,fprelu,0.4,Walker-Walk,827410884.8147106,75862671.86751248,5,911.9183798251548,75.94640862279965,5,100.0,10000.0,1000000.0,779060973.2326782,827410884.8147106,6.206178109706443
TD3,2layers,first-actor,fprelu,0.5,Ant-v4,2451135369.375548,202630956.23773697,5,2683.7636216217907,2103.84076622759,5,100.0,10000.0,1000000.0,2509126367.125186,2451135369.375548,-2.3112027560445614
TD3,2layers,first-actor,fprelu,0.5,Cartpole-Swingup,764299058.351093,27501306.89223322,5,813.8040127373341,53.43768392970576,5,100.0,10000.0,1000000.0,754008382.2283134,764299058.351093,1.3647959844116953
TD3,2layers,first-actor,fprelu,0.5,Cheetah-Run,478800647.3332612,64431225.93932491,5,640.2738589533935,94.758036231944,5,100.0,10000.0,1000000.0,520839473.57993376,478800647.3332612,-8.071359483896881
TD3,2layers,first-actor,fprelu,0.5,Finger-Spin,711964000.0,118639617.71895592,5,901.6,18.392933425639317,5,100.0,10000.0,1000000.0,719283000.0,711964000.0,-1.017541079102384
TD3,2layers,first-actor,fprelu,0.5,HalfCheetah-v4,2861800357.024974,1723278353.2830236,5,3460.135665909734,2057.61925290128,5,100.0,10000.0,1000000.0,3031874421.6131363,2861800357.024974,-5.609535255674375
TD3,2layers,first-actor,fprelu,0.5,Hopper-v4,1924566684.6790464,458347207.4971365,5,3330.7310919425263,111.47065430218812,5,100.0,10000.0,1000000.0,1938538991.8401551,1924566684.6790464,-0.7207648244333502
TD3,2layers,first-actor,fprelu,0.5,Humanoid-v4,3612331122.935773,266611748.2853897,5,5351.930000869987,348.1185534790457,5,100.0,10000.0,1000000.0,3553641840.947341,3612331122.935773,1.6515249598925916
TD3,2layers,first-actor,fprelu,0.5,Walker-Walk,793235746.0482167,123482347.87506305,5,889.7790458521383,112.32697497996357,5,100.0,10000.0,1000000.0,779060973.2326782,793235746.0482167,1.8194689892783293
TD3,2layers,first-actor,frelu,0.1,Ant-v4,2295030935.477244,204482236.91606796,5,3309.0692851821163,668.372993334376,5,100.0,10000.0,1000000.0,2509126367.125186,2295030935.477244,-8.532668360312215
TD3,2layers,first-actor,frelu,0.1,Cartpole-Swingup,755157349.0228462,26857872.953039795,5,839.8664751735818,6.674258278707521,5,100.0,10000.0,1000000.0,754008382.2283134,755157349.0228462,0.15238116997283846
TD3,2layers,first-actor,frelu,0.1,Cheetah-Run,532063688.5361996,35555063.63027979,5,721.3798589733968,46.00324544020531,5,100.0,10000.0,1000000.0,520839473.57993376,532063688.5361996,2.1550238654373564
TD3,2layers,first-actor,frelu,0.1,Finger-Spin,574154000.0,321759769.2650528,5,549.2,501.6559578037522,5,100.0,10000.0,1000000.0,719283000.0,574154000.0,-20.176898383529153
TD3,2layers,first-actor,frelu,0.1,HalfCheetah-v4,1551139321.1416798,169757268.98929033,5,2039.006081605744,85.32279711910911,5,100.0,10000.0,1000000.0,3031874421.6131363,1551139321.1416798,-48.83893244112723
TD3,2layers,first-actor,frelu,0.1,Hopper-v4,1674954394.8920052,569006907.8889468,5,2930.290592574153,1045.4920430592128,5,100.0,10000.0,1000000.0,1938538991.8401551,1674954394.8920052,-13.597074810341713
TD3,2layers,first-actor,frelu,0.1,Humanoid-v4,1756140553.3006988,958647146.7652342,5,3601.4008585314677,2172.2086052684467,5,100.0,10000.0,1000000.0,3553641840.947341,1756140553.3006988,-50.58194855020783
TD3,2layers,first-actor,frelu,0.1,Walker-Walk,759781135.9128295,87035742.8122442,5,869.4853916724629,103.23664407117889,5,100.0,10000.0,1000000.0,779060973.2326782,759781135.9128295,-2.474753322560601
TD3,2layers,first-actor,frelu,0.2,Ant-v4,2126215577.4696689,461406479.84091455,5,3040.787186237525,353.846486928303,5,100.0,10000.0,1000000.0,2509126367.125186,2126215577.4696689,-15.260721607028286
TD3,2layers,first-actor,frelu,0.2,Cartpole-Swingup,748251727.5080458,15917943.93688512,5,796.2744672644743,54.366591228044186,5,100.0,10000.0,1000000.0,754008382.2283134,748251727.5080458,-0.7634735708448054
TD3,2layers,first-actor,frelu,0.2,Cheetah-Run,515810806.6095661,39651165.6381727,5,697.8480812818349,58.29837033097277,5,100.0,10000.0,1000000.0,520839473.57993376,515810806.6095661,-0.965492675853401
TD3,2layers,first-actor,frelu,0.2,Finger-Spin,754468000.0,31997563.69631913,5,898.4,26.082561223928916,5,100.0,10000.0,1000000.0,719283000.0,754468000.0,4.891676850419098
TD3,2layers,first-actor,frelu,0.2,HalfCheetah-v4,2885455297.2971787,1787157687.9740326,5,3526.054785250776,2184.9667835353494,5,100.0,10000.0,1000000.0,3031874421.6131363,2885455297.2971787,-4.829326810905774
TD3,2layers,first-actor,frelu,0.2,Hopper-v4,2271752018.436673,290002395.87121505,5,3294.2572061170927,160.43332161627296,5,100.0,10000.0,1000000.0,1938538991.8401551,2271752018.436673,17.188874095342083
TD3,2layers,first-actor,frelu,0.2,Humanoid-v4,1354647850.3115623,653734760.3059034,5,3513.597111693812,2179.9642317795565,5,100.0,10000.0,1000000.0,3553641840.947341,1354647850.3115623,-61.880011803597064
TD3,2layers,first-actor,frelu,0.2,Walker-Walk,845947838.2116762,83230424.31264105,5,922.3337379613572,73.46964648350496,5,100.0,10000.0,1000000.0,779060973.2326782,845947838.2116762,8.585575106073412
TD3,2layers,first-actor,frelu,0.3,Ant-v4,2631540484.233625,405211507.7420272,5,3334.0588814452494,1379.8949263741329,5,100.0,10000.0,1000000.0,2509126367.125186,2631540484.233625,4.878754562238094
TD3,2layers,first-actor,frelu,0.3,Cartpole-Swingup,748620101.1103941,24575607.83171845,5,836.2882335826547,18.695761797916767,5,100.0,10000.0,1000000.0,754008382.2283134,748620101.1103941,-0.7146181985398349
TD3,2layers,first-actor,frelu,0.3,Cheetah-Run,500428720.7529937,61247929.88013759,5,662.0669560228006,99.166075696915,5,100.0,10000.0,1000000.0,520839473.57993376,500428720.7529937,-3.9188183427513583
TD3,2layers,first-actor,frelu,0.3,Finger-Spin,730918000.0,37203440.80189358,5,904.2,19.03155274800245,5,100.0,10000.0,1000000.0,719283000.0,730918000.0,1.6175830653581413
TD3,2layers,first-actor,frelu,0.3,HalfCheetah-v4,3235845210.709732,2353474121.846896,5,4539.151923056992,3545.4324945255235,5,100.0,10000.0,1000000.0,3031874421.6131363,3235845210.709732,6.727547409040485
TD3,2layers,first-actor,frelu,0.3,Hopper-v4,1501245074.21438,735781390.0742332,5,2544.701966466392,1182.787433615823,5,100.0,10000.0,1000000.0,1938538991.8401551,1501245074.21438,-22.55791188448959
TD3,2layers,first-actor,frelu,0.3,Humanoid-v4,1427295735.0284543,854976207.8728863,5,2310.667168245453,1560.002608825267,5,100.0,10000.0,1000000.0,3553641840.947341,1427295735.0284543,-59.83568972589648
TD3,2layers,first-actor,frelu,0.3,Walker-Walk,839606478.9104803,36029539.6613764,5,945.528901167535,9.74571037624272,5,100.0,10000.0,1000000.0,779060973.2326782,839606478.9104803,7.771600395611046
TD3,2layers,first-actor,frelu,0.4,Ant-v4,2230630660.9177504,164199747.62034932,5,3282.819195482258,372.74206565936566,5,100.0,10000.0,1000000.0,2509126367.125186,2230630660.9177504,-11.099309698240512
TD3,2layers,first-actor,frelu,0.4,Cartpole-Swingup,770056822.5478945,7672149.114759506,5,812.96872614668,54.67802983477055,5,100.0,10000.0,1000000.0,754008382.2283134,770056822.5478945,2.128416699049583
TD3,2layers,first-actor,frelu,0.4,Cheetah-Run,492603425.27266943,52615921.80178952,5,660.1191716898002,112.50573965252498,5,100.0,10000.0,1000000.0,520839473.57993376,492603425.27266943,-5.42125736230914
TD3,2layers,first-actor,frelu,0.4,Finger-Spin,583130000.0,326423930.78250253,5,723.6,404.6607220870343,5,100.0,10000.0,1000000.0,719283000.0,583130000.0,-18.928989007108466
TD3,2layers,first-actor,frelu,0.4,HalfCheetah-v4,3869037907.1628737,2185677914.9088883,5,5475.726333954476,3285.8552240838126,5,100.0,10000.0,1000000.0,3031874421.6131363,3869037907.1628737,27.612076528694647
TD3,2layers,first-actor,frelu,0.4,Hopper-v4,1725542572.5310218,838516046.762126,5,2367.861442726536,1152.4811838319165,5,100.0,10000.0,1000000.0,1938538991.8401551,1725542572.5310218,-10.987471503317392
TD3,2layers,first-actor,frelu,0.4,Humanoid-v4,1585509528.7978272,862707850.147453,5,3417.524507023143,2428.836079888244,5,100.0,10000.0,1000000.0,3553641840.947341,1585509528.7978272,-55.38353048051806
TD3,2layers,first-actor,frelu,0.4,Walker-Walk,714050767.4154552,158975568.18191782,5,685.6555179430395,399.24749887410746,5,100.0,10000.0,1000000.0,779060973.2326782,714050767.4154552,-8.344687778090854
TD3,2layers,first-actor,frelu,0.5,Ant-v4,2435592867.082766,239926329.49950045,5,3747.7709844146098,432.84624985505366,5,100.0,10000.0,1000000.0,2509126367.125186,2435592867.082766,-2.9306415573907665
TD3,2layers,first-actor,frelu,0.5,Cartpole-Swingup,778448964.1406035,16525740.706486613,5,808.2444237018304,81.05673417890408,5,100.0,10000.0,1000000.0,754008382.2283134,778448964.1406035,3.2414204521256234
TD3,2layers,first-actor,frelu,0.5,Cheetah-Run,495026892.300074,75802419.33858904,5,663.5634381616462,105.08939006844092,5,100.0,10000.0,1000000.0,520839473.57993376,495026892.300074,-4.95595717859858
TD3,2layers,first-actor,frelu,0.5,Finger-Spin,684622000.0,93937175.45519452,5,924.2,10.10940156488009,5,100.0,10000.0,1000000.0,719283000.0,684622000.0,-4.81882652585978
TD3,2layers,first-actor,frelu,0.5,HalfCheetah-v4,2822117742.508222,1352134281.7222502,5,4600.25541988337,2512.8447349802127,5,100.0,10000.0,1000000.0,3031874421.6131363,2822117742.508222,-6.918382819869935
TD3,2layers,first-actor,frelu,0.5,Hopper-v4,2000596615.7444763,709884213.542612,5,2989.4225299388745,759.2861609758252,5,100.0,10000.0,1000000.0,1938538991.8401551,2000596615.7444763,3.2012574503550786
TD3,2layers,first-actor,frelu,0.5,Humanoid-v4,1962157657.508165,480248048.22145736,5,3782.5089267369103,1830.1186180959844,5,100.0,10000.0,1000000.0,3553641840.947341,1962157657.508165,-44.78459717299235
TD3,2layers,first-actor,frelu,0.5,Walker-Walk,757816305.439872,67785490.45572454,5,922.0383815648878,55.17515569825498,5,100.0,10000.0,1000000.0,779060973.2326782,757816305.439872,-2.7269582898822877
TD3,2layers,first-actor,fswish,0.1,Ant-v4,2562225210.583687,277676130.3288585,5,3712.313671875,481.9537440095632,5,100.0,10000.0,1000000.0,2509126367.125186,2562225210.583687,2.1162283476116226
TD3,2layers,first-actor,fswish,0.1,Cartpole-Swingup,753001337.2497559,9405298.333122708,5,808.0291625976563,59.12710920812637,5,100.0,10000.0,1000000.0,754008382.2283134,753001337.2497559,-0.13355885720812236
TD3,2layers,first-actor,fswish,0.1,Cheetah-Run,518934353.2028198,24829710.5124568,5,699.2194213867188,37.32834974294038,5,100.0,10000.0,1000000.0,520839473.57993376,518934353.2028198,-0.36577880013957076
TD3,2layers,first-actor,fswish,0.1,Finger-Spin,726490000.0,89526310.44838159,5,896.4,53.99351812949404,5,100.0,10000.0,1000000.0,719283000.0,726490000.0,1.0019700173645143
TD3,2layers,first-actor,fswish,0.1,HalfCheetah-v4,3084825020.7366943,2060854331.4151807,5,4281.428637695312,3009.811389495341,5,100.0,10000.0,1000000.0,3031874421.6131363,3084825020.7366943,1.746464126155502
TD3,2layers,first-actor,fswish,0.1,Hopper-v4,1956006793.685913,852924853.6896813,5,2775.5265686035154,1420.642907347687,5,100.0,10000.0,1000000.0,1938538991.8401551,1956006793.685913,0.9010807582042328
TD3,2layers,first-actor,fswish,0.1,Humanoid-v4,3072720898.8876343,666559782.9505473,5,5289.52587890625,240.64456880016667,5,100.0,10000.0,1000000.0,3553641840.947341,3072720898.8876343,-13.533185492083842
TD3,2layers,first-actor,fswish,0.1,Walker-Walk,775045900.6099701,115705358.13745882,5,881.1270629882813,100.0515320143444,5,100.0,10000.0,1000000.0,779060973.2326782,775045900.6099701,-0.5153733482563914
TD3,2layers,first-actor,fswish,0.2,Ant-v4,2431347041.3074493,216928066.1124581,5,3741.90498046875,374.9367636324428,5,100.0,10000.0,1000000.0,2509126367.125186,2431347041.3074493,-3.0998568600134613
TD3,2layers,first-actor,fswish,0.2,Cartpole-Swingup,770624939.0869141,19369406.150964804,5,844.7142333984375,9.75510235389594,5,100.0,10000.0,1000000.0,754008382.2283134,770624939.0869141,2.2037628825151616
TD3,2layers,first-actor,fswish,0.2,Cheetah-Run,506442518.7935829,36193431.070905045,5,682.1788818359375,66.99462453803015,5,100.0,10000.0,1000000.0,520839473.57993376,506442518.7935829,-2.764182731273215
TD3,2layers,first-actor,fswish,0.2,Finger-Spin,712725000.0,71451219.37377976,5,901.0,49.93996395673509,5,100.0,10000.0,1000000.0,719283000.0,712725000.0,-0.9117412756870383
TD3,2layers,first-actor,fswish,0.2,HalfCheetah-v4,4474172026.182175,1670115523.7887444,5,5925.987231445312,2444.1309007202885,5,100.0,10000.0,1000000.0,3031874421.6131363,4474172026.182175,47.571152495216175
TD3,2layers,first-actor,fswish,0.2,Hopper-v4,1916332731.6970823,760452402.644034,5,3239.20419921875,140.54869258171848,5,100.0,10000.0,1000000.0,1938538991.8401551,1916332731.6970823,-1.145515268794959
TD3,2layers,first-actor,fswish,0.2,Humanoid-v4,3263518130.775452,655658103.2667352,5,5170.31708984375,301.301790230391,5,100.0,10000.0,1000000.0,3553641840.947341,3263518130.775452,-8.164123543034002
TD3,2layers,first-actor,fswish,0.2,Walker-Walk,823284053.4744263,89515231.15606649,5,967.5448120117188,11.008860447697018,5,100.0,10000.0,1000000.0,779060973.2326782,823284053.4744263,5.676459450695679
TD3,2layers,first-actor,fswish,0.3,Ant-v4,2393800037.864685,208296026.18387005,5,3473.3162109375,313.8103322213409,5,100.0,10000.0,1000000.0,2509126367.125186,2393800037.864685,-4.596274255913035
TD3,2layers,first-actor,fswish,0.3,Cartpole-Swingup,743385207.0465088,17310948.876017436,5,839.7684448242187,14.80623737430679,5,100.0,10000.0,1000000.0,754008382.2283134,743385207.0465088,-1.4088935126172064
TD3,2layers,first-actor,fswish,0.3,Cheetah-Run,495049831.8068981,62759527.386336274,5,661.278759765625,100.69392409745188,5,100.0,10000.0,1000000.0,520839473.57993376,495049831.8068981,-4.951552845212237
TD3,2layers,first-actor,fswish,0.3,Finger-Spin,607100000.0,340835378.6470823,5,732.4,409.6685245414883,5,100.0,10000.0,1000000.0,719283000.0,607100000.0,-15.596503740530501
TD3,2layers,first-actor,fswish,0.3,HalfCheetah-v4,3597483152.284622,2071829918.2893355,5,5065.725268554687,2911.766340579793,5,100.0,10000.0,1000000.0,3031874421.6131363,3597483152.284622,18.65541417677018
TD3,2layers,first-actor,fswish,0.3,Hopper-v4,1629803401.564598,319451395.3423668,5,3337.43056640625,144.06947959312444,5,100.0,10000.0,1000000.0,1938538991.8401551,1629803401.564598,-15.926199657324934
TD3,2layers,first-actor,fswish,0.3,Humanoid-v4,3671563602.0355225,162576462.67256168,5,5148.46025390625,263.85353587259783,5,100.0,10000.0,1000000.0,3553641840.947341,3671563602.0355225,3.3183355657683706
TD3,2layers,first-actor,fswish,0.3,Walker-Walk,824903701.6983032,79698162.35137561,5,975.2426025390624,12.386060084839835,5,100.0,10000.0,1000000.0,779060973.2326782,824903701.6983032,5.884356942615509
TD3,2layers,first-actor,fswish,0.4,Ant-v4,2294988433.1789017,188180379.9792158,5,3089.09228515625,933.7703186136522,5,100.0,10000.0,1000000.0,2509126367.125186,2294988433.1789017,-8.534362268554506
TD3,2layers,first-actor,fswish,0.4,Cartpole-Swingup,754353949.3408203,25154148.211889338,5,844.7231323242188,20.591921846000965,5,100.0,10000.0,1000000.0,754008382.2283134,754353949.3408203,0.04583067252987499
TD3,2layers,first-actor,fswish,0.4,Cheetah-Run,523453459.1526985,24112123.534124173,5,724.7811157226563,47.51628295258424,5,100.0,10000.0,1000000.0,520839473.57993376,523453459.1526985,0.5018793131783594
TD3,2layers,first-actor,fswish,0.4,Finger-Spin,776374000.0,18404137.238675453,5,917.2,30.94672842159571,5,100.0,10000.0,1000000.0,719283000.0,776374000.0,7.937209693542041
TD3,2layers,first-actor,fswish,0.4,HalfCheetah-v4,4402825593.715668,2680163606.296813,5,6017.325537109375,3766.7840177670023,5,100.0,10000.0,1000000.0,3031874421.6131363,4402825593.715668,45.217940503390125
TD3,2layers,first-actor,fswish,0.4,Hopper-v4,1799152835.243225,362090491.6652624,5,2764.601904296875,948.365728619846,5,100.0,10000.0,1000000.0,1938538991.8401551,1799152835.243225,-7.190268402319725
TD3,2layers,first-actor,fswish,0.4,Humanoid-v4,3342708198.5702515,180235758.0245467,5,5195.290234375,47.82901288977702,5,100.0,10000.0,1000000.0,3553641840.947341,3342708198.5702515,-5.935703478796787
TD3,2layers,first-actor,fswish,0.4,Walker-Walk,760730866.0459518,107057948.88190788,5,856.7073608398438,106.0421369614859,5,100.0,10000.0,1000000.0,779060973.2326782,760730866.0459518,-2.352846287584704
TD3,2layers,first-actor,fswish,0.5,Ant-v4,2374707816.605568,175155627.2237028,5,3505.140380859375,240.53796180158065,5,100.0,10000.0,1000000.0,2509126367.125186,2374707816.605568,-5.357185364626619
TD3,2layers,first-actor,fswish,0.5,Cartpole-Swingup,749709398.9522159,30292603.606056843,5,842.0025268554688,22.44570971621945,5,100.0,10000.0,1000000.0,754008382.2283134,749709398.9522159,-0.5701505947974734
TD3,2layers,first-actor,fswish,0.5,Cheetah-Run,499046707.4975968,57343871.211404204,5,657.213330078125,68.60746836614427,5,100.0,10000.0,1000000.0,520839473.57993376,499046707.4975968,-4.184161759581458
TD3,2layers,first-actor,fswish,0.5,Finger-Spin,676717000.0,99800017.38476804,5,894.6,24.77498738647509,5,100.0,10000.0,1000000.0,719283000.0,676717000.0,-5.917837624412088
TD3,2layers,first-actor,fswish,0.5,HalfCheetah-v4,3801157424.697876,2095738185.1911051,5,5395.0185546875,3271.929600917975,5,100.0,10000.0,1000000.0,3031874421.6131363,3801157424.697876,25.373181606757832
TD3,2layers,first-actor,fswish,0.5,Hopper-v4,1869975591.381073,802947708.6367686,5,2383.1599182128907,1529.033691875971,5,100.0,10000.0,1000000.0,1938538991.8401551,1869975591.381073,-3.5368594981934525
TD3,2layers,first-actor,fswish,0.5,Humanoid-v4,3574825649.307251,357085591.9235417,5,5279.3583984375,209.6188115313684,5,100.0,10000.0,1000000.0,3553641840.947341,3574825649.307251,0.5961154586772528
TD3,2layers,first-actor,fswish,0.5,Walker-Walk,820059106.7705154,58726336.5113238,5,934.4404541015624,39.20165168462774,5,100.0,10000.0,1000000.0,779060973.2326782,820059106.7705154,5.262506395066534
TD3,2layers,first-actor,gelu,,Ant-v4,2501075335.8638287,245968508.8372259,5,3539.19677734375,237.44348594305137,5,100.0,10000.0,1000000.0,2509126367.125186,2501075335.8638287,-0.3208698998521035
TD3,2layers,first-actor,gelu,,Cartpole-Swingup,753743985.452652,33408586.278793614,5,810.0541870117188,42.381637848151385,5,100.0,10000.0,1000000.0,754008382.2283134,753743985.452652,-0.03506549554264892
TD3,2layers,first-actor,gelu,,Cheetah-Run,502277635.8985901,41458210.21103187,5,641.72744140625,70.72054069666794,5,100.0,10000.0,1000000.0,520839473.57993376,502277635.8985901,-3.5638308198418396
TD3,2layers,first-actor,gelu,,Finger-Spin,705530000.0,119375320.78490932,5,889.2,68.83095233977225,5,100.0,10000.0,1000000.0,719283000.0,705530000.0,-1.9120429650082096
TD3,2layers,first-actor,gelu,,HalfCheetah-v4,3265248801.761627,2430636349.2318206,5,4161.25087890625,3021.989842994251,5,100.0,10000.0,1000000.0,3031874421.6131363,3265248801.761627,7.697363007018013
TD3,2layers,first-actor,gelu,,Hopper-v4,2105890949.9778748,702896414.2083504,5,2967.0218994140623,999.0032222738512,5,100.0,10000.0,1000000.0,1938538991.8401551,2105890949.9778748,8.632890998950764
TD3,2layers,first-actor,gelu,,Humanoid-v4,3446030638.092041,557810982.3852992,5,5408.41376953125,227.88051438253544,5,100.0,10000.0,1000000.0,3553641840.947341,3446030638.092041,-3.028194952438218
TD3,2layers,first-actor,gelu,,Walker-Walk,808259451.3263702,128411825.71869165,5,900.0585205078125,114.3816776815786,5,100.0,10000.0,1000000.0,779060973.2326782,808259451.3263702,3.7479066590300762
TD3,2layers,first-actor,lrelu,,Ant-v4,2288079792.4957275,410863675.43566346,5,3335.73408203125,360.2759597692262,5,100.0,10000.0,1000000.0,2509126367.125186,2288079792.4957275,-8.809702752544942
TD3,2layers,first-actor,lrelu,,Cartpole-Swingup,723102452.2476196,35918413.979268774,5,830.2540649414062,27.574264785910827,5,100.0,10000.0,1000000.0,754008382.2283134,723102452.2476196,-4.098884138311279
TD3,2layers,first-actor,lrelu,,Cheetah-Run,413416203.8624287,109332314.35792296,5,547.6393981933594,131.13240653345417,5,100.0,10000.0,1000000.0,520839473.57993376,413416203.8624287,-20.625024631705198
TD3,2layers,first-actor,lrelu,,Finger-Spin,685866000.0,38359548.09431414,5,861.6,27.960686686846596,5,100.0,10000.0,1000000.0,719283000.0,685866000.0,-4.645876518699872
TD3,2layers,first-actor,lrelu,,HalfCheetah-v4,2089673220.8518984,1287492801.0255203,5,2680.9414306640624,1888.082499498632,5,100.0,10000.0,1000000.0,3031874421.6131363,2089673220.8518984,-31.076524609483368
TD3,2layers,first-actor,lrelu,,Hopper-v4,2304132792.1409607,444153889.3492417,5,3265.346923828125,237.06370378058392,5,100.0,10000.0,1000000.0,1938538991.8401551,2304132792.1409607,18.859244092571295
TD3,2layers,first-actor,lrelu,,Humanoid-v4,2530207839.225769,875910677.9496539,5,4045.310205078125,1800.0632176755714,5,100.0,10000.0,1000000.0,3553641840.947341,2530207839.225769,-28.79958216185179
TD3,2layers,first-actor,lrelu,,Walker-Walk,654381486.4416122,137407294.67074233,5,765.2947143554687,300.04269602056183,5,100.0,10000.0,1000000.0,779060973.2326782,654381486.4416122,-16.00381627046649
TD3,2layers,first-actor,prelu,,Ant-v4,2236462852.47612,185022918.18946916,5,3393.385888671875,391.1089177483346,5,100.0,10000.0,1000000.0,2509126367.125186,2236462852.47612,-10.866870565848314
TD3,2layers,first-actor,prelu,,Cartpole-Swingup,722590679.3518066,19782808.974194556,5,813.0780151367187,37.28637152486221,5,100.0,10000.0,1000000.0,754008382.2283134,722590679.3518066,-4.16675777312427
TD3,2layers,first-actor,prelu,,Cheetah-Run,443609562.4239445,88952774.45207904,5,604.2023864746094,107.83383504968076,5,100.0,10000.0,1000000.0,520839473.57993376,443609562.4239445,-14.8279681309786
TD3,2layers,first-actor,prelu,,Finger-Spin,684490000.0,94381313.2325462,5,843.2,23.188359148503817,5,100.0,10000.0,1000000.0,719283000.0,684490000.0,-4.837178134336555
TD3,2layers,first-actor,prelu,,HalfCheetah-v4,3249311700.744629,1745537994.7300844,5,4180.535180664063,2418.534963197437,5,100.0,10000.0,1000000.0,3031874421.6131363,3249311700.744629,7.17171125497352
TD3,2layers,first-actor,prelu,,Hopper-v4,1832387650.9628296,586515584.6449349,5,3297.09814453125,162.04082718551254,5,100.0,10000.0,1000000.0,1938538991.8401551,1832387650.9628296,-5.475842442382938
TD3,2layers,first-actor,prelu,,Humanoid-v4,3605989572.32666,211054776.53462556,5,5333.31533203125,118.83146043288431,5,100.0,10000.0,1000000.0,3553641840.947341,3605989572.32666,1.4730728003068585
TD3,2layers,first-actor,prelu,,Walker-Walk,681976906.1317444,116050598.12947167,5,918.67109375,54.55082795803884,5,100.0,10000.0,1000000.0,779060973.2326782,681976906.1317444,-12.461677639695885
TD3,2layers,first-actor,swish,,Ant-v4,2346316184.8692894,237376126.7363244,5,3367.172314453125,358.0473564695483,5,100.0,10000.0,1000000.0,2509126367.125186,2346316184.8692894,-6.488719914192094
TD3,2layers,first-actor,swish,,Cartpole-Swingup,747987703.3996582,10638542.306900537,5,838.2817260742188,20.959930445777708,5,100.0,10000.0,1000000.0,754008382.2283134,747987703.3996582,-0.7984896415690222
TD3,2layers,first-actor,swish,,Cheetah-Run,533222398.2524872,30767486.133119345,5,702.2817504882812,74.18993034910284,5,100.0,10000.0,1000000.0,520839473.57993376,533222398.2524872,2.3774935082091084
TD3,2layers,first-actor,swish,,Finger-Spin,711553000.0,94664343.31362575,5,902.0,20.03746490951387,5,100.0,10000.0,1000000.0,719283000.0,711553000.0,-1.0746813145868872
TD3,2layers,first-actor,swish,,HalfCheetah-v4,2388209069.6868896,1872296937.845172,5,3117.905517578125,2668.7102197874765,5,100.0,10000.0,1000000.0,3031874421.6131363,2388209069.6868896,-21.229947630343432
TD3,2layers,first-actor,swish,,Hopper-v4,1740603176.7425537,805433913.4565817,5,3258.17275390625,180.3076835156468,5,100.0,10000.0,1000000.0,1938538991.8401551,1740603176.7425537,-10.210566613865792
TD3,2layers,first-actor,swish,,Humanoid-v4,3319762447.944641,518741995.2367227,5,4379.40341796875,1399.4809465206467,5,100.0,10000.0,1000000.0,3553641840.947341,3319762447.944641,-6.581400249957422
TD3,2layers,first-actor,swish,,Walker-Walk,843103923.2063293,43418460.61475405,5,967.3001708984376,6.871873144113285,5,100.0,10000.0,1000000.0,779060973.2326782,843103923.2063293,8.220531148917376
TD3,2layers,first-both,fgelu,0.1,Ant-v4,2539167160.9277725,225447565.65078965,5,3631.9716796875,325.8768719102042,5,100.0,10000.0,1000000.0,2509126367.125186,2539167160.9277725,1.1972610943866324
TD3,2layers,first-both,fgelu,0.1,Cartpole-Swingup,763740940.8721924,15053371.130886136,5,830.7901977539062,20.266743603715334,5,100.0,10000.0,1000000.0,754008382.2283134,763740940.8721924,1.290775921497902
TD3,2layers,first-both,fgelu,0.1,Cheetah-Run,493422465.5532837,58226384.78831106,5,629.8808837890625,103.99000732150336,5,100.0,10000.0,1000000.0,520839473.57993376,493422465.5532837,-5.264003482340199
TD3,2layers,first-both,fgelu,0.1,Finger-Spin,782947000.0,37912113.43357159,5,903.2,13.553597308463909,5,100.0,10000.0,1000000.0,719283000.0,782947000.0,8.851036379283258
TD3,2layers,first-both,fgelu,0.1,HalfCheetah-v4,3677745701.248169,1752683781.4254558,5,5521.870947265625,3383.662520296069,5,100.0,10000.0,1000000.0,3031874421.6131363,3677745701.248169,21.30270551546759
TD3,2layers,first-both,fgelu,0.1,Hopper-v4,2235415005.9432983,342027921.2322403,5,2775.7682861328126,851.7909637821363,5,100.0,10000.0,1000000.0,1938538991.8401551,2235415005.9432983,15.314420568932386
TD3,2layers,first-both,fgelu,0.1,Humanoid-v4,3059822564.9414062,775641428.1566538,5,4971.5015625,332.32351965502426,5,100.0,10000.0,1000000.0,3553641840.947341,3059822564.9414062,-13.896146491630986
TD3,2layers,first-both,fgelu,0.1,Walker-Walk,755950187.9005432,164323125.10739416,5,885.665576171875,142.38143301959065,5,100.0,10000.0,1000000.0,779060973.2326782,755950187.9005432,-2.966492498814028
TD3,2layers,first-both,fgelu,0.2,Ant-v4,2327610735.780716,211931308.4879373,5,2965.401953125,1094.7508066592052,5,100.0,10000.0,1000000.0,2509126367.125186,2327610735.780716,-7.234216407858337
TD3,2layers,first-both,fgelu,0.2,Cartpole-Swingup,770493702.1217346,17235719.764362708,5,829.7945434570313,27.642225181123088,5,100.0,10000.0,1000000.0,754008382.2283134,770493702.1217346,2.186357642961776
TD3,2layers,first-both,fgelu,0.2,Cheetah-Run,475990897.6917267,38565293.51043268,5,593.5342346191406,84.06036844966827,5,100.0,10000.0,1000000.0,520839473.57993376,475990897.6917267,-8.610825055164357
TD3,2layers,first-both,fgelu,0.2,Finger-Spin,763314000.0,25675534.901925616,5,925.6,23.860008382228187,5,100.0,10000.0,1000000.0,719283000.0,763314000.0,6.121512673036899
TD3,2layers,first-both,fgelu,0.2,HalfCheetah-v4,1706663937.347412,176281590.5925488,5,2147.151318359375,181.17833443194783,5,100.0,10000.0,1000000.0,3031874421.6131363,1706663937.347412,-43.70928013438743
TD3,2layers,first-both,fgelu,0.2,Hopper-v4,2220713833.625793,715734731.675237,5,3405.86376953125,180.29148418859583,5,100.0,10000.0,1000000.0,1938538991.8401551,2220713833.625793,14.55605706015662
TD3,2layers,first-both,fgelu,0.2,Humanoid-v4,3164025840.5456543,295021984.5524138,5,5135.2142578125,307.21998024660104,5,100.0,10000.0,1000000.0,3553641840.947341,3164025840.5456543,-10.963851109368457
TD3,2layers,first-both,fgelu,0.2,Walker-Walk,801337300.0869751,92213889.1627274,5,919.0325927734376,89.1860488536171,5,100.0,10000.0,1000000.0,779060973.2326782,801337300.0869751,2.8593816940748957
TD3,2layers,first-both,fgelu,0.3,Ant-v4,2239417123.3287454,578227892.9322121,5,3471.669580078125,787.4681569374566,5,100.0,10000.0,1000000.0,2509126367.125186,2239417123.3287454,-10.749129550834782
TD3,2layers,first-both,fgelu,0.3,Cartpole-Swingup,748638042.1447754,20326219.99622284,5,835.235205078125,24.074178490248386,5,100.0,10000.0,1000000.0,754008382.2283134,748638042.1447754,-0.7122387774612191
TD3,2layers,first-both,fgelu,0.3,Cheetah-Run,470929550.4579544,57792049.44931271,5,565.738671875,81.01800997844443,5,100.0,10000.0,1000000.0,520839473.57993376,470929550.4579544,-9.582592267619214
TD3,2layers,first-both,fgelu,0.3,Finger-Spin,804652000.0,47995639.46339292,5,916.0,21.64486082191336,5,100.0,10000.0,1000000.0,719283000.0,804652000.0,11.868624727680205
TD3,2layers,first-both,fgelu,0.3,HalfCheetah-v4,2457811117.76352,2083818942.5738468,5,3191.819580078125,2819.016918533281,5,100.0,10000.0,1000000.0,3031874421.6131363,2457811117.76352,-18.93427048816161
TD3,2layers,first-both,fgelu,0.3,Hopper-v4,2302187343.875885,357458128.77702,5,3329.519384765625,116.8186753844742,5,100.0,10000.0,1000000.0,1938538991.8401551,2302187343.875885,18.75888767605016
TD3,2layers,first-both,fgelu,0.3,Humanoid-v4,3459574243.9422607,615327603.0813674,5,5231.7130859375,266.29001081976315,5,100.0,10000.0,1000000.0,3553641840.947341,3459574243.9422607,-2.647075907345896
TD3,2layers,first-both,fgelu,0.3,Walker-Walk,772590698.4901428,152697797.93892416,5,894.0349853515625,92.67332141436974,5,100.0,10000.0,1000000.0,779060973.2326782,772590698.4901428,-0.8305222524094925
TD3,2layers,first-both,fgelu,0.4,Ant-v4,2384558551.881552,229868896.71394652,5,3544.1673828125,228.93617983903977,5,100.0,10000.0,1000000.0,2509126367.125186,2384558551.881552,-4.964589144482048
TD3,2layers,first-both,fgelu,0.4,Cartpole-Swingup,787033826.8737793,10898859.872317323,5,824.2968383789063,39.0749033318987,5,100.0,10000.0,1000000.0,754008382.2283134,787033826.8737793,4.379983754008952
TD3,2layers,first-both,fgelu,0.4,Cheetah-Run,483169382.472992,34559897.2377084,5,659.0661010742188,63.84546247666723,5,100.0,10000.0,1000000.0,520839473.57993376,483169382.472992,-7.2325722257609355
TD3,2layers,first-both,fgelu,0.4,Finger-Spin,772588000.0,46071214.25033205,5,903.8,24.345430782797838,5,100.0,10000.0,1000000.0,719283000.0,772588000.0,7.410852195867274
TD3,2layers,first-both,fgelu,0.4,HalfCheetah-v4,4265785818.626404,2614647201.51497,5,6252.689526367188,4021.075036168616,5,100.0,10000.0,1000000.0,3031874421.6131363,4265785818.626404,40.697971796495246
TD3,2layers,first-both,fgelu,0.4,Hopper-v4,2183437514.858246,381236347.0684934,5,2469.5177368164063,1135.0329329848448,5,100.0,10000.0,1000000.0,1938538991.8401551,2183437514.858246,12.633149193745192
TD3,2layers,first-both,fgelu,0.4,Humanoid-v4,3362861919.685364,581864682.101118,5,5091.6275390625,170.89063643934782,5,100.0,10000.0,1000000.0,3553641840.947341,3362861919.685364,-5.36857482551248
TD3,2layers,first-both,fgelu,0.4,Walker-Walk,780036709.2857361,96395922.0405596,5,919.08720703125,77.76399235975416,5,100.0,10000.0,1000000.0,779060973.2326782,780036709.2857361,0.1252451459619568
TD3,2layers,first-both,fgelu,0.5,Ant-v4,2074385483.315945,240363107.64035848,5,2534.169512939453,1197.1229468056815,5,100.0,10000.0,1000000.0,2509126367.125186,2074385483.315945,-17.326384573740793
TD3,2layers,first-both,fgelu,0.5,Cartpole-Swingup,749202239.5062447,38407907.7263752,5,828.1946655273438,24.34774307917587,5,100.0,10000.0,1000000.0,754008382.2283134,749202239.5062447,-0.6374123730382467
TD3,2layers,first-both,fgelu,0.5,Cheetah-Run,474201692.8405762,64543135.151906185,5,609.7261962890625,68.06269228735013,5,100.0,10000.0,1000000.0,520839473.57993376,474201692.8405762,-8.954348336695345
TD3,2layers,first-both,fgelu,0.5,Finger-Spin,777443000.0,79191734.30668128,5,938.8,51.40233457733219,5,100.0,10000.0,1000000.0,719283000.0,777443000.0,8.085829916736527
TD3,2layers,first-both,fgelu,0.5,HalfCheetah-v4,3547252695.2438354,2524181076.992536,5,4982.071166992188,3493.9781197902025,5,100.0,10000.0,1000000.0,3031874421.6131363,3547252695.2438354,16.99866821517256
TD3,2layers,first-both,fgelu,0.5,Hopper-v4,2322546586.5917206,495459982.3189163,5,3346.68662109375,163.23597392256448,5,100.0,10000.0,1000000.0,1938538991.8401551,2322546586.5917206,19.809124106760777
TD3,2layers,first-both,fgelu,0.5,Humanoid-v4,3019152586.7004395,1161586036.6671803,5,5345.77939453125,358.95567585081903,5,100.0,10000.0,1000000.0,3553641840.947341,3019152586.7004395,-15.04060561444807
TD3,2layers,first-both,fgelu,0.5,Walker-Walk,769337768.4803009,74052529.42231074,5,900.6030395507812,84.59800319190963,5,100.0,10000.0,1000000.0,779060973.2326782,769337768.4803009,-1.2480672356145983
TD3,2layers,first-both,flrelu,0.1,Ant-v4,2501628004.0462503,197654317.2062996,5,2065.6860642922,2596.789746462732,5,100.0,10000.0,1000000.0,2509126367.125186,2501628004.0462503,-0.29884358066536204
TD3,2layers,first-both,flrelu,0.1,Cartpole-Swingup,750271256.7327859,16080065.451064924,5,817.3345974764036,32.30334407586718,5,100.0,10000.0,1000000.0,754008382.2283134,750271256.7327859,-0.49563447616898054
TD3,2layers,first-both,flrelu,0.1,Cheetah-Run,498263672.6764536,46258805.7630344,5,662.7455503717113,46.89180345999426,5,100.0,10000.0,1000000.0,520839473.57993376,498263672.6764536,-4.334502672830815
TD3,2layers,first-both,flrelu,0.1,Finger-Spin,711739000.0,115051802.53911716,5,907.4,7.569676347110211,5,100.0,10000.0,1000000.0,719283000.0,711739000.0,-1.0488222299150682
TD3,2layers,first-both,flrelu,0.1,HalfCheetah-v4,2719321100.649698,1420136821.368427,5,3711.572445076998,2265.4747295366155,5,100.0,10000.0,1000000.0,3031874421.6131363,2719321100.649698,-10.308913810392637
TD3,2layers,first-both,flrelu,0.1,Hopper-v4,2052157542.7254145,388735738.5852397,5,2978.871690195435,695.2147105053468,5,100.0,10000.0,1000000.0,1938538991.8401551,2052157542.7254145,5.861040266072088
TD3,2layers,first-both,flrelu,0.1,Humanoid-v4,3689913006.681735,269569606.1990134,5,4387.223056753546,1979.1168417265808,5,100.0,10000.0,1000000.0,3553641840.947341,3689913006.681735,3.834690490307444
TD3,2layers,first-both,flrelu,0.1,Walker-Walk,806382899.3796346,63532001.89434826,5,945.9303380487414,42.985258663712,5,100.0,10000.0,1000000.0,779060973.2326782,806382899.3796346,3.5070330931333076
TD3,2layers,first-both,flrelu,0.2,Ant-v4,2382717974.4255853,156090665.92263898,5,3489.255509700079,220.09552752329049,5,100.0,10000.0,1000000.0,2509126367.125186,2382717974.4255853,-5.037944455720348
TD3,2layers,first-both,flrelu,0.2,Cartpole-Swingup,740247673.870101,38147519.735348165,5,832.8491851273056,30.908686408836274,5,100.0,10000.0,1000000.0,754008382.2283134,740247673.870101,-1.8250073450835635
TD3,2layers,first-both,flrelu,0.2,Cheetah-Run,458892828.3198335,73370648.78456606,5,571.5229709593639,114.66877502361712,5,100.0,10000.0,1000000.0,520839473.57993376,458892828.3198335,-11.8936156728515
TD3,2layers,first-both,flrelu,0.2,Finger-Spin,713918000.0,53088601.71920146,5,912.0,46.56715580750019,5,100.0,10000.0,1000000.0,719283000.0,713918000.0,-0.7458816627113389
TD3,2layers,first-both,flrelu,0.2,HalfCheetah-v4,2989761669.177349,1783643990.0035062,5,3826.7010966349535,2344.4426706889417,5,100.0,10000.0,1000000.0,3031874421.6131363,2989761669.177349,-1.3890005514601995
TD3,2layers,first-both,flrelu,0.2,Hopper-v4,1790628081.7144685,852841636.961707,5,2790.36038043903,1376.5603323621815,5,100.0,10000.0,1000000.0,1938538991.8401551,1790628081.7144685,-7.6300198628082505
TD3,2layers,first-both,flrelu,0.2,Humanoid-v4,3840334908.084884,195052244.85165903,5,5326.407575729213,282.30493140514506,5,100.0,10000.0,1000000.0,3553641840.947341,3840334908.084884,8.067584747401433
TD3,2layers,first-both,flrelu,0.2,Walker-Walk,696437203.9747227,149003824.38419572,5,934.986485506008,50.32444337858892,5,100.0,10000.0,1000000.0,779060973.2326782,696437203.9747227,-10.605558755576197
TD3,2layers,first-both,flrelu,0.3,Ant-v4,2313009992.95365,343159158.7706433,5,3321.4609705132693,367.65050561796727,5,100.0,10000.0,1000000.0,2509126367.125186,2313009992.95365,-7.816121847869899
TD3,2layers,first-both,flrelu,0.3,Cartpole-Swingup,753498019.4880728,18381067.222548705,5,804.7044107823557,99.45967623735235,5,100.0,10000.0,1000000.0,754008382.2283134,753498019.4880728,-0.06768661360665822
TD3,2layers,first-both,flrelu,0.3,Cheetah-Run,450387050.6536067,49305608.73330475,5,586.7842141131594,74.74028058768303,5,100.0,10000.0,1000000.0,520839473.57993376,450387050.6536067,-13.526705731821734
TD3,2layers,first-both,flrelu,0.3,Finger-Spin,720815000.0,82697321.37439519,5,926.2,58.13518727930616,5,100.0,10000.0,1000000.0,719283000.0,720815000.0,0.21298988020014376
TD3,2layers,first-both,flrelu,0.3,HalfCheetah-v4,2509621841.86596,1492571054.604478,5,3228.2642221034585,1951.9703223467004,5,100.0,10000.0,1000000.0,3031874421.6131363,2509621841.86596,-17.22540274175693
TD3,2layers,first-both,flrelu,0.3,Hopper-v4,1752637676.17373,327710895.2251245,5,2709.546929514597,1251.5879939721128,5,100.0,10000.0,1000000.0,1938538991.8401551,1752637676.17373,-9.589764067111114
TD3,2layers,first-both,flrelu,0.3,Humanoid-v4,3227832657.8444185,461315677.62851375,5,5235.466871620658,139.51709054110407,5,100.0,10000.0,1000000.0,3553641840.947341,3227832657.8444185,-9.16831795902277
TD3,2layers,first-both,flrelu,0.3,Walker-Walk,818594866.1033643,83121285.66904967,5,954.7969747132498,36.79409890289224,5,100.0,10000.0,1000000.0,779060973.2326782,818594866.1033643,5.074556963961637
TD3,2layers,first-both,flrelu,0.4,Ant-v4,1771997263.5210686,557075364.8533009,5,2831.6702119376496,1075.2694687670762,5,100.0,10000.0,1000000.0,2509126367.125186,1771997263.5210686,-29.377918675681446
TD3,2layers,first-both,flrelu,0.4,Cartpole-Swingup,738745079.9673278,27126642.9162513,5,808.4712534790385,29.49433387219454,5,100.0,10000.0,1000000.0,754008382.2283134,738745079.9673278,-2.024288140654104
TD3,2layers,first-both,flrelu,0.4,Cheetah-Run,506101570.5401622,57958568.98512645,5,672.0114629202451,74.9839091684016,5,100.0,10000.0,1000000.0,520839473.57993376,506101570.5401622,-2.829644024188907
TD3,2layers,first-both,flrelu,0.4,Finger-Spin,579405000.0,315005797.34744567,5,773.4,232.00711195995692,5,100.0,10000.0,1000000.0,719283000.0,579405000.0,-19.446865837229574
TD3,2layers,first-both,flrelu,0.4,HalfCheetah-v4,2079865710.230767,1579382762.741044,5,2630.8263918073976,1745.3147168718829,5,100.0,10000.0,1000000.0,3031874421.6131363,2079865710.230767,-31.400004716417126
TD3,2layers,first-both,flrelu,0.4,Hopper-v4,1680627315.5435874,1025679209.726514,5,2872.9787837918107,1031.0583344171514,5,100.0,10000.0,1000000.0,1938538991.8401551,1680627315.5435874,-13.304435834522236
TD3,2layers,first-both,flrelu,0.4,Humanoid-v4,3349716140.103278,657382723.246111,5,5250.062717503703,158.78013235427352,5,100.0,10000.0,1000000.0,3553641840.947341,3349716140.103278,-5.738498981363289
TD3,2layers,first-both,flrelu,0.4,Walker-Walk,714991497.7445227,132212673.720111,5,866.3142505755886,85.7222904321917,5,100.0,10000.0,1000000.0,779060973.2326782,714991497.7445227,-8.223935954884519
TD3,2layers,first-both,flrelu,0.5,Ant-v4,1214130587.5577474,461603443.3538803,5,2259.146912079782,1163.0166920569511,5,100.0,10000.0,1000000.0,2509126367.125186,1214130587.5577474,-51.61142127134757
TD3,2layers,first-both,flrelu,0.5,Cartpole-Swingup,739731231.9488525,18598220.197294112,5,813.4991943359375,21.333205612035712,5,100.0,10000.0,1000000.0,754008382.2283134,739731231.9488525,-1.8935002071552292
TD3,2layers,first-both,flrelu,0.5,Cheetah-Run,491496155.2509167,49108792.88032725,5,622.9216079575351,84.5029989265004,5,100.0,10000.0,1000000.0,520839473.57993376,491496155.2509167,-5.633850700164663
TD3,2layers,first-both,flrelu,0.5,Finger-Spin,628870000.0,103722063.52796882,5,847.6,55.08448057302528,5,100.0,10000.0,1000000.0,719283000.0,628870000.0,-12.569878615232113
TD3,2layers,first-both,flrelu,0.5,HalfCheetah-v4,1911052520.683578,1425693134.8722925,5,2687.26829295862,1987.5209498628356,5,100.0,10000.0,1000000.0,3031874421.6131363,1911052520.683578,-36.96795266121922
TD3,2layers,first-both,flrelu,0.5,Hopper-v4,1558555962.03338,876229444.9925741,5,2881.1453883846552,820.4748847410583,5,100.0,10000.0,1000000.0,1938538991.8401551,1558555962.03338,-19.60151595640987
TD3,2layers,first-both,flrelu,0.5,Humanoid-v4,2363572373.799234,560412850.6277392,5,4219.908298933989,1593.9885277762878,5,100.0,10000.0,1000000.0,3553641840.947341,2363572373.799234,-33.4887284766676
TD3,2layers,first-both,flrelu,0.5,Walker-Walk,808591501.409137,72741953.252164,5,966.583905243779,30.352972935118917,5,100.0,10000.0,1000000.0,779060973.2326782,808591501.409137,3.7905284940565367
TD3,2layers,first-both,fprelu,0.1,Ant-v4,2476599060.0602093,161296392.83855015,5,3362.8184623612005,249.9400871890843,5,100.0,10000.0,1000000.0,2509126367.125186,2476599060.0602093,-1.2963598601948705
TD3,2layers,first-both,fprelu,0.1,Cartpole-Swingup,764486660.4246624,28279787.959634244,5,799.4995917548393,55.23662840965934,5,100.0,10000.0,1000000.0,754008382.2283134,764486660.4246624,1.3896766194273007
TD3,2layers,first-both,fprelu,0.1,Cheetah-Run,525445020.7470464,46483085.0136904,5,665.1988851806266,67.6450526449091,5,100.0,10000.0,1000000.0,520839473.57993376,525445020.7470464,0.8842546313659597
TD3,2layers,first-both,fprelu,0.1,Finger-Spin,733318000.0,63035699.36948428,5,904.0,15.842979517754852,5,100.0,10000.0,1000000.0,719283000.0,733318000.0,1.9512486740267738
TD3,2layers,first-both,fprelu,0.1,HalfCheetah-v4,3630606616.738707,2918053584.2425404,5,5091.23908183349,4302.550110043363,5,100.0,10000.0,1000000.0,3031874421.6131363,3630606616.738707,19.74792197385965
TD3,2layers,first-both,fprelu,0.1,Hopper-v4,2474135912.488461,285690215.65704584,5,3459.066270182652,129.4575605535201,5,100.0,10000.0,1000000.0,1938538991.8401551,2474135912.488461,27.628895931563974
TD3,2layers,first-both,fprelu,0.1,Humanoid-v4,3811471105.441846,449206045.5436848,5,5147.829532210454,235.90138981417675,5,100.0,10000.0,1000000.0,3553641840.947341,3811471105.441846,7.255353128827749
TD3,2layers,first-both,fprelu,0.1,Walker-Walk,786930474.912309,145167986.11349824,5,852.901716632736,149.05471006376,5,100.0,10000.0,1000000.0,779060973.2326782,786930474.912309,1.0101265433662703
TD3,2layers,first-both,fprelu,0.2,Ant-v4,2604525434.5194826,341959695.6303559,5,3417.7020190607736,1163.9239046035088,5,100.0,10000.0,1000000.0,2509126367.125186,2604525434.5194826,3.8020830136028367
TD3,2layers,first-both,fprelu,0.2,Cartpole-Swingup,765805951.7108662,20893173.523146942,5,841.790715903697,15.273317967452694,5,100.0,10000.0,1000000.0,754008382.2283134,765805951.7108662,1.5646469934044402
TD3,2layers,first-both,fprelu,0.2,Cheetah-Run,513230970.5592607,53194699.60746819,5,664.8055543694851,51.3989688942349,5,100.0,10000.0,1000000.0,520839473.57993376,513230970.5592607,-1.460815358017474
TD3,2layers,first-both,fprelu,0.2,Finger-Spin,589260000.0,344023834.8029101,5,728.4,410.31122334150206,5,100.0,10000.0,1000000.0,719283000.0,589260000.0,-18.076751431634
TD3,2layers,first-both,fprelu,0.2,HalfCheetah-v4,4222392070.478669,2458333599.375566,5,5873.978745728418,3658.869342681299,5,100.0,10000.0,1000000.0,3031874421.6131363,4222392070.478669,39.266720296156166
TD3,2layers,first-both,fprelu,0.2,Hopper-v4,2377855390.39692,283425754.6602713,5,3437.29615800185,92.79019197486792,5,100.0,10000.0,1000000.0,1938538991.8401551,2377855390.39692,22.662242049603794
TD3,2layers,first-both,fprelu,0.2,Humanoid-v4,3786526141.078944,453217588.5139024,5,4370.558724155693,1279.3979844601347,5,100.0,10000.0,1000000.0,3553641840.947341,3786526141.078944,6.553398191347281
TD3,2layers,first-both,fprelu,0.2,Walker-Walk,754999438.5382843,72592560.98834755,5,883.1351316252749,81.32082720346561,5,100.0,10000.0,1000000.0,779060973.2326782,754999438.5382843,-3.0885303616932096
TD3,2layers,first-both,fprelu,0.3,Ant-v4,2544518106.777147,360946781.9303055,5,3558.9984804716414,384.8152585251362,5,100.0,10000.0,1000000.0,2509126367.125186,2544518106.777147,1.4105204152196882
TD3,2layers,first-both,fprelu,0.3,Cartpole-Swingup,745238705.734478,16115769.256536247,5,811.1908290736236,65.16990456428682,5,100.0,10000.0,1000000.0,754008382.2283134,745238705.734478,-1.163074138236834
TD3,2layers,first-both,fprelu,0.3,Cheetah-Run,517094090.79316217,57127141.34753791,5,692.8382561016099,89.02249846687627,5,100.0,10000.0,1000000.0,520839473.57993376,517094090.79316217,-0.7191050173344413
TD3,2layers,first-both,fprelu,0.3,Finger-Spin,778218000.0,25155656.0737342,5,907.2,6.978538528947179,5,100.0,10000.0,1000000.0,719283000.0,778218000.0,8.193576102869107
TD3,2layers,first-both,fprelu,0.3,HalfCheetah-v4,3901593125.9928336,2186734709.0724654,5,5338.711344911555,3241.540560925256,5,100.0,10000.0,1000000.0,3031874421.6131363,3901593125.9928336,28.685841939223707
TD3,2layers,first-both,fprelu,0.3,Hopper-v4,2230902289.197046,448996963.2945552,5,3370.50891073909,202.80434328937903,5,100.0,10000.0,1000000.0,1938538991.8401551,2230902289.197046,15.081630990530929
TD3,2layers,first-both,fprelu,0.3,Humanoid-v4,3262276958.7697306,263637887.76373225,5,4981.083291698034,140.99454243131896,5,100.0,10000.0,1000000.0,3553641840.947341,3262276958.7697306,-8.199050304403706
TD3,2layers,first-both,fprelu,0.3,Walker-Walk,799412909.3739151,108623516.00706428,5,916.4334181991816,107.32421425985648,5,100.0,10000.0,1000000.0,779060973.2326782,799412909.3739151,2.612367560498823
TD3,2layers,first-both,fprelu,0.4,Ant-v4,1715434146.3653212,657563175.1141423,5,2752.092554011444,1192.3818186337398,5,100.0,10000.0,1000000.0,2509126367.125186,1715434146.3653212,-31.632213951393453
TD3,2layers,first-both,fprelu,0.4,Cartpole-Swingup,768515777.6169682,27770330.12829869,5,825.9078409256605,25.33710468380984,5,100.0,10000.0,1000000.0,754008382.2283134,768515777.6169682,1.9240363543149412
TD3,2layers,first-both,fprelu,0.4,Cheetah-Run,529364209.5239428,60611396.892486215,5,715.3320606113571,79.65122399753474,5,100.0,10000.0,1000000.0,520839473.57993376,529364209.5239428,1.636730005392106
TD3,2layers,first-both,fprelu,0.4,Finger-Spin,684323000.0,110621987.11151417,5,882.2,47.467883879524265,5,100.0,10000.0,1000000.0,719283000.0,684323000.0,-4.860395699606413
TD3,2layers,first-both,fprelu,0.4,HalfCheetah-v4,1543248359.9623249,56727298.71160905,5,1972.0495655693076,56.2198538838118,5,100.0,10000.0,1000000.0,3031874421.6131363,1543248359.9623249,-49.09919919634318
TD3,2layers,first-both,fprelu,0.4,Hopper-v4,2426637990.551157,268797420.92403173,5,3394.329983488932,101.48942890303924,5,100.0,10000.0,1000000.0,1938538991.8401551,2426637990.551157,25.178704207939333
TD3,2layers,first-both,fprelu,0.4,Humanoid-v4,3206246089.016595,443276260.6803179,5,5310.573763029343,58.05468764923583,5,100.0,10000.0,1000000.0,3553641840.947341,3206246089.016595,-9.775767156043397
TD3,2layers,first-both,fprelu,0.4,Walker-Walk,691514450.9116657,147949203.84873736,5,785.8244925297068,162.69603507506145,5,100.0,10000.0,1000000.0,779060973.2326782,691514450.9116657,-11.237441654629698
TD3,2layers,first-both,fprelu,0.5,Ant-v4,1178210079.81311,186514237.4723458,5,2018.4973792993728,553.3079147497536,5,100.0,10000.0,1000000.0,2509126367.125186,1178210079.81311,-53.043015479406236
TD3,2layers,first-both,fprelu,0.5,Cartpole-Swingup,749489457.7730386,21787512.199426062,5,830.586430467201,20.31441476199246,5,100.0,10000.0,1000000.0,754008382.2283134,749489457.7730386,-0.5993201881814746
TD3,2layers,first-both,fprelu,0.5,Cheetah-Run,487588941.2108117,14040644.17989339,5,664.4877359238578,78.02047130133117,5,100.0,10000.0,1000000.0,520839473.57993376,487588941.2108117,-6.3840269518318475
TD3,2layers,first-both,fprelu,0.5,Finger-Spin,626184000.0,71210446.86350453,5,722.4,89.35491032953927,5,100.0,10000.0,1000000.0,719283000.0,626184000.0,-12.943306042267091
TD3,2layers,first-both,fprelu,0.5,HalfCheetah-v4,2702351191.496168,1987734125.1292305,5,4216.565752280982,3259.5247038198017,5,100.0,10000.0,1000000.0,3031874421.6131363,2702351191.496168,-10.868630566223858
TD3,2layers,first-both,fprelu,0.5,Hopper-v4,1729203579.7497344,689572099.416773,5,2507.533151964855,1172.937447885677,5,100.0,10000.0,1000000.0,1938538991.8401551,1729203579.7497344,-10.79861756568071
TD3,2layers,first-both,fprelu,0.5,Humanoid-v4,1806360374.937795,1066519310.7945358,5,2406.9508034251235,1604.965464357942,5,100.0,10000.0,1000000.0,3553641840.947341,1806360374.937795,-49.16875544058065
TD3,2layers,first-both,fprelu,0.5,Walker-Walk,728344633.4703275,125876246.88692015,5,829.366112623409,114.7177996917477,5,100.0,10000.0,1000000.0,779060973.2326782,728344633.4703275,-6.509932021354571
TD3,2layers,first-both,frelu,0.1,Ant-v4,2519872082.294423,525054734.2139938,5,3714.66376382058,672.8887576122438,5,100.0,10000.0,1000000.0,2509126367.125186,2519872082.294423,0.4282652045759244
TD3,2layers,first-both,frelu,0.1,Cartpole-Swingup,746226764.3057537,45264616.10175368,5,843.6027709344871,8.777522199810551,5,100.0,10000.0,1000000.0,754008382.2283134,746226764.3057537,-1.0320333441868113
TD3,2layers,first-both,frelu,0.1,Cheetah-Run,538912689.9884622,41481194.85335135,5,706.7738687264927,70.6437934617134,5,100.0,10000.0,1000000.0,520839473.57993376,538912689.9884622,3.4700166414623204
TD3,2layers,first-both,frelu,0.1,Finger-Spin,707159000.0,43181413.16006229,5,905.0,7.176350047203661,5,100.0,10000.0,1000000.0,719283000.0,707159000.0,-1.6855674331243753
TD3,2layers,first-both,frelu,0.1,HalfCheetah-v4,1844178898.4518616,844291369.0983253,5,2950.086860744451,2287.503016333753,5,100.0,10000.0,1000000.0,3031874421.6131363,1844178898.4518616,-39.173638416374466
TD3,2layers,first-both,frelu,0.1,Hopper-v4,1677250092.3238387,680569527.9428958,5,3241.6549650467905,68.1339775581158,5,100.0,10000.0,1000000.0,1938538991.8401551,1677250092.3238387,-13.478650706338815
TD3,2layers,first-both,frelu,0.1,Humanoid-v4,3527855463.978705,505800422.97599816,5,5133.519646523479,217.12237153936903,5,100.0,10000.0,1000000.0,3553641840.947341,3527855463.978705,-0.7256324109962028
TD3,2layers,first-both,frelu,0.1,Walker-Walk,805514589.8008022,88255889.18478903,5,944.2114189885287,30.861920623254417,5,100.0,10000.0,1000000.0,779060973.2326782,805514589.8008022,3.3955771726513233
TD3,2layers,first-both,frelu,0.2,Ant-v4,2346939618.830948,268966804.6933485,5,3021.145119911934,917.077915249196,5,100.0,10000.0,1000000.0,2509126367.125186,2346939618.830948,-6.463873259602402
TD3,2layers,first-both,frelu,0.2,Cartpole-Swingup,757670589.8697436,15673373.823002327,5,847.4237895515529,11.411998837992916,5,100.0,10000.0,1000000.0,754008382.2283134,757670589.8697436,0.48569853170693594
TD3,2layers,first-both,frelu,0.2,Cheetah-Run,500504449.9409212,62434603.99526334,5,670.5562677952394,41.221194017349006,5,100.0,10000.0,1000000.0,520839473.57993376,500504449.9409212,-3.904278510083345
TD3,2layers,first-both,frelu,0.2,Finger-Spin,722891000.0,68992492.83436568,5,893.8,25.153528579505487,5,100.0,10000.0,1000000.0,719283000.0,722891000.0,0.5016106316985108
TD3,2layers,first-both,frelu,0.2,HalfCheetah-v4,3938751143.4995375,2265095144.2489376,5,5544.90975689982,3425.64732016535,5,100.0,10000.0,1000000.0,3031874421.6131363,3938751143.4995375,29.911420981740044
TD3,2layers,first-both,frelu,0.2,Hopper-v4,2127147328.823008,420037972.86813873,5,3418.1070339718776,86.25531009514454,5,100.0,10000.0,1000000.0,1938538991.8401551,2127147328.823008,9.729406412600284
TD3,2layers,first-both,frelu,0.2,Humanoid-v4,3330344628.202124,344721636.7473673,5,4623.140390898642,2005.3611135712108,5,100.0,10000.0,1000000.0,3553641840.947341,3330344628.202124,-6.2836161532162045
TD3,2layers,first-both,frelu,0.2,Walker-Walk,679274932.365498,195676158.1438004,5,828.3953049311219,135.28325680200408,5,100.0,10000.0,1000000.0,779060973.2326782,679274932.365498,-12.80850206796043
TD3,2layers,first-both,frelu,0.3,Ant-v4,2266579558.874164,359925703.6539372,5,2713.325450533124,1479.6467673048078,5,100.0,10000.0,1000000.0,2509126367.125186,2266579558.874164,-9.666584012224071
TD3,2layers,first-both,frelu,0.3,Cartpole-Swingup,744892890.005739,23317866.057893395,5,749.6146193913368,212.684338904541,5,100.0,10000.0,1000000.0,754008382.2283134,744892890.005739,-1.208937783375239
TD3,2layers,first-both,frelu,0.3,Cheetah-Run,497105364.51654273,57500876.78476995,5,678.8121604719308,78.7658483092324,5,100.0,10000.0,1000000.0,520839473.57993376,497105364.51654273,-4.556895217687169
TD3,2layers,first-both,frelu,0.3,Finger-Spin,587464000.0,216016994.85804352,5,823.6,153.21651347031755,5,100.0,10000.0,1000000.0,719283000.0,587464000.0,-18.326444528787697
TD3,2layers,first-both,frelu,0.3,HalfCheetah-v4,2021678487.5309367,1409685103.1054883,5,2685.6291469578964,1976.66760974766,5,100.0,10000.0,1000000.0,3031874421.6131363,2021678487.5309367,-33.319187855568096
TD3,2layers,first-both,frelu,0.3,Hopper-v4,1483819841.3239968,405731422.3963442,5,3258.813378454555,99.07931261493894,5,100.0,10000.0,1000000.0,1938538991.8401551,1483819841.3239968,-23.456796712895464
TD3,2layers,first-both,frelu,0.3,Humanoid-v4,3189869257.060723,818871791.3304952,5,4374.883125359529,1814.838155246568,5,100.0,10000.0,1000000.0,3553641840.947341,3189869257.060723,-10.236613597211656
TD3,2layers,first-both,frelu,0.3,Walker-Walk,736311037.0514543,108615989.12732612,5,949.6541305501464,30.128684468709512,5,100.0,10000.0,1000000.0,779060973.2326782,736311037.0514543,-5.487367183063342
TD3,2layers,first-both,frelu,0.4,Ant-v4,1914603451.2242856,546229910.6922036,5,3150.587598105262,959.721443013537,5,100.0,10000.0,1000000.0,2509126367.125186,1914603451.2242856,-23.69441904921157
TD3,2layers,first-both,frelu,0.4,Cartpole-Swingup,747602124.7543885,29011286.721191578,5,849.5707956188865,7.361387184195533,5,100.0,10000.0,1000000.0,754008382.2283134,747602124.7543885,-0.8496268244382967
TD3,2layers,first-both,frelu,0.4,Cheetah-Run,489430238.9674441,77107268.26321882,5,657.7668075060517,136.73160779168268,5,100.0,10000.0,1000000.0,520839473.57993376,489430238.9674441,-6.03050195036134
TD3,2layers,first-both,frelu,0.4,Finger-Spin,482265000.0,422355679.15265447,5,656.2,406.40214074239327,5,100.0,10000.0,1000000.0,719283000.0,482265000.0,-32.951981348092474
TD3,2layers,first-both,frelu,0.4,HalfCheetah-v4,2145892838.074832,1462506381.8406088,5,2940.6478670876186,2271.43262862751,5,100.0,10000.0,1000000.0,3031874421.6131363,2145892838.074832,-29.22223879796808
TD3,2layers,first-both,frelu,0.4,Hopper-v4,1646929257.534284,258040754.52374017,5,2716.744390685172,1116.1187969132486,5,100.0,10000.0,1000000.0,1938538991.8401551,1646929257.534284,-15.042758259355976
TD3,2layers,first-both,frelu,0.4,Humanoid-v4,2752246408.838084,1060892327.5166146,5,5231.784714150484,356.5018744493404,5,100.0,10000.0,1000000.0,3553641840.947341,2752246408.838084,-22.55138441007376
TD3,2layers,first-both,frelu,0.4,Walker-Walk,720400703.7603489,84128802.00297898,5,899.6336164166518,107.0676642005237,5,100.0,10000.0,1000000.0,779060973.2326782,720400703.7603489,-7.529612121233737
TD3,2layers,first-both,frelu,0.5,Ant-v4,1870611805.1369035,502690752.1852397,5,2823.0464675207013,588.7493242167607,5,100.0,10000.0,1000000.0,2509126367.125186,1870611805.1369035,-25.44768451498344
TD3,2layers,first-both,frelu,0.5,Cartpole-Swingup,755186809.8526812,20879605.402403075,5,813.3623733786633,24.437950364507504,5,100.0,10000.0,1000000.0,754008382.2283134,755186809.8526812,0.15628839839752426
TD3,2layers,first-both,frelu,0.5,Cheetah-Run,473209901.2512313,47702073.35462282,5,658.6829197099997,94.69078373048112,5,100.0,10000.0,1000000.0,520839473.57993376,473209901.2512313,-9.144770076915588
TD3,2layers,first-both,frelu,0.5,Finger-Spin,678872000.0,22266313.289361574,5,864.6,51.64590980900618,5,100.0,10000.0,1000000.0,719283000.0,678872000.0,-5.618233713295045
TD3,2layers,first-both,frelu,0.5,HalfCheetah-v4,1376151876.6528049,161667423.25217855,5,1762.3970538609024,152.66242420608611,5,100.0,10000.0,1000000.0,3031874421.6131363,1376151876.6528049,-54.610525197128354
TD3,2layers,first-both,frelu,0.5,Hopper-v4,1568887762.7535417,1163412778.3696074,5,2333.7843146539813,1384.176679434744,5,82.4,10000.0,1000000.0,1938538991.8401551,1568887762.7535417,-19.068547532062922
TD3,2layers,first-both,frelu,0.5,Humanoid-v4,2076266455.847454,1254461077.0520682,5,3564.692544469672,2340.9622530630204,5,100.0,10000.0,1000000.0,3553641840.947341,2076266455.847454,-41.573558935417175
TD3,2layers,first-both,frelu,0.5,Walker-Walk,741845402.9546883,52566756.30883082,5,936.6537703872688,32.50312930803558,5,100.0,10000.0,1000000.0,779060973.2326782,741845402.9546883,-4.776977869083281
TD3,2layers,first-both,fswish,0.1,Ant-v4,2606871452.0397186,482906617.074698,5,3691.25576171875,573.0370709638167,5,100.0,10000.0,1000000.0,2509126367.125186,2606871452.0397186,3.895582390556256
TD3,2layers,first-both,fswish,0.1,Cartpole-Swingup,776022645.9641457,7173631.158785281,5,835.4934204101562,23.68881020892665,5,100.0,10000.0,1000000.0,754008382.2283134,776022645.9641457,2.9196311678623097
TD3,2layers,first-both,fswish,0.1,Cheetah-Run,478993752.3880005,40601250.16971208,5,613.406201171875,90.8540606600808,5,100.0,10000.0,1000000.0,520839473.57993376,478993752.3880005,-8.034283750482896
TD3,2layers,first-both,fswish,0.1,Finger-Spin,669593000.0,227080666.8234881,5,892.2,23.962470657259026,5,100.0,10000.0,1000000.0,719283000.0,669593000.0,-6.908268372810146
TD3,2layers,first-both,fswish,0.1,HalfCheetah-v4,4202613165.676117,2487384293.3408318,5,6012.9171142578125,3725.971450643095,5,100.0,10000.0,1000000.0,3031874421.6131363,4202613165.676117,38.61435472779504
TD3,2layers,first-both,fswish,0.1,Hopper-v4,2406818719.970703,271324739.50001734,5,3309.148876953125,174.99930088664803,5,100.0,10000.0,1000000.0,1938538991.8401551,2406818719.970703,24.15632236966429
TD3,2layers,first-both,fswish,0.1,Humanoid-v4,3710007310.325623,250753611.79242477,5,5216.82197265625,291.23103330798847,5,100.0,10000.0,1000000.0,3553641840.947341,3710007310.325623,4.400147127280493
TD3,2layers,first-both,fswish,0.1,Walker-Walk,809912526.5159607,121060237.48182753,5,902.118408203125,105.58928021401285,5,100.0,10000.0,1000000.0,779060973.2326782,809912526.5159607,3.9600948248332086
TD3,2layers,first-both,fswish,0.2,Ant-v4,2391702840.8050537,280138061.47206914,5,3648.76171875,277.0819657188679,5,100.0,10000.0,1000000.0,2509126367.125186,2391702840.8050537,-4.679857015518491
TD3,2layers,first-both,fswish,0.2,Cartpole-Swingup,770991564.591527,18524296.461731,5,827.1689575195312,38.18334482249414,5,100.0,10000.0,1000000.0,754008382.2283134,770991564.591527,2.252386414196525
TD3,2layers,first-both,fswish,0.2,Cheetah-Run,464109221.9361663,47310279.556868255,5,616.9745849609375,53.00111191577148,5,100.0,10000.0,1000000.0,520839473.57993376,464109221.9361663,-10.892079905894656
TD3,2layers,first-both,fswish,0.2,Finger-Spin,737514000.0,112899745.81459428,5,907.6,32.35428874198906,5,100.0,10000.0,1000000.0,719283000.0,737514000.0,2.5346073798490996
TD3,2layers,first-both,fswish,0.2,HalfCheetah-v4,3352464408.031464,2541508803.0708566,5,4724.142797851562,3771.437808600069,5,100.0,10000.0,1000000.0,3031874421.6131363,3352464408.031464,10.573986314636178
TD3,2layers,first-both,fswish,0.2,Hopper-v4,2017875169.3115237,469310887.0161053,5,3376.815087890625,188.96528742969085,5,100.0,10000.0,1000000.0,1938538991.8401551,2017875169.3115237,4.092575790598817
TD3,2layers,first-both,fswish,0.2,Humanoid-v4,3274279685.913086,699895303.4114723,5,5118.90107421875,242.40924142332057,5,100.0,10000.0,1000000.0,3553641840.947341,3274279685.913086,-7.86129181098852
TD3,2layers,first-both,fswish,0.2,Walker-Walk,806011647.0966339,131683703.51369417,5,907.8140380859376,110.241647484764,5,100.0,10000.0,1000000.0,779060973.2326782,806011647.0966339,3.4593792770962635
TD3,2layers,first-both,fswish,0.3,Ant-v4,2323879454.286576,137069192.38188922,5,3244.439526367188,1049.7768563873449,5,100.0,10000.0,1000000.0,2509126367.125186,2323879454.286576,-7.382924800668988
TD3,2layers,first-both,fswish,0.3,Cartpole-Swingup,771793600.1127231,28630739.73552877,5,827.361962890625,20.65711878054716,5,100.0,10000.0,1000000.0,754008382.2283134,771793600.1127231,2.358755990463818
TD3,2layers,first-both,fswish,0.3,Cheetah-Run,522845301.3358116,74001987.30558085,5,672.5974914550782,96.3123431990618,5,100.0,10000.0,1000000.0,520839473.57993376,522845301.3358116,0.3851143889096985
TD3,2layers,first-both,fswish,0.3,Finger-Spin,733865000.0,108404092.17368132,5,909.0,35.25620512760839,5,100.0,10000.0,1000000.0,719283000.0,733865000.0,2.027296627335833
TD3,2layers,first-both,fswish,0.3,HalfCheetah-v4,2558077196.079254,1943911181.4307368,5,3349.5394775390623,2718.1253523677365,5,100.0,10000.0,1000000.0,3031874421.6131363,2558077196.079254,-15.627204812849538
TD3,2layers,first-both,fswish,0.3,Hopper-v4,1982896980.529785,492921832.4908384,5,3320.1958984375,150.90717357758518,5,100.0,10000.0,1000000.0,1938538991.8401551,1982896980.529785,2.288217512071967
TD3,2layers,first-both,fswish,0.3,Humanoid-v4,3790419816.078186,133275090.37375838,5,5205.57783203125,154.85444183913646,5,100.0,10000.0,1000000.0,3553641840.947341,3790419816.078186,6.66296677404395
TD3,2layers,first-both,fswish,0.3,Walker-Walk,818737202.878952,47971070.040721096,5,944.4046752929688,31.09518136143867,5,100.0,10000.0,1000000.0,779060973.2326782,818737202.878952,5.09282726378131
TD3,2layers,first-both,fswish,0.4,Ant-v4,2120277320.084095,405883075.5559379,5,3238.404150390625,332.7324670163059,5,100.0,10000.0,1000000.0,2509126367.125186,2120277320.084095,-15.497387940911565
TD3,2layers,first-both,fswish,0.4,Cartpole-Swingup,751858388.1835938,44371795.79497277,5,828.52919921875,39.51604563435272,5,100.0,10000.0,1000000.0,754008382.2283134,751858388.1835938,-0.28514192884246725
TD3,2layers,first-both,fswish,0.4,Cheetah-Run,514006359.9386215,21029764.16710233,5,664.1858154296875,47.93649400048469,5,100.0,10000.0,1000000.0,520839473.57993376,514006359.9386215,-1.3119423522847786
TD3,2layers,first-both,fswish,0.4,Finger-Spin,769330000.0,51672346.206651,5,923.2,27.994642344562997,5,100.0,10000.0,1000000.0,719283000.0,769330000.0,6.957901132099605
TD3,2layers,first-both,fswish,0.4,HalfCheetah-v4,3432776582.19862,2729045990.4338427,5,4299.922387695313,3574.1246270777333,5,100.0,10000.0,1000000.0,3031874421.6131363,3432776582.19862,13.222914436283938
TD3,2layers,first-both,fswish,0.4,Hopper-v4,2120412410.71558,850363283.9027102,5,3373.69296875,127.97152303043326,5,100.0,10000.0,1000000.0,1938538991.8401551,2120412410.71558,9.381984042672354
TD3,2layers,first-both,fswish,0.4,Humanoid-v4,3787517481.781006,221539753.63886872,5,5291.00576171875,129.87646271769535,5,100.0,10000.0,1000000.0,3553641840.947341,3787517481.781006,6.581294663373211
TD3,2layers,first-both,fswish,0.4,Walker-Walk,763268847.3758698,107100185.2055306,5,891.1843505859375,92.517864034862,5,100.0,10000.0,1000000.0,779060973.2326782,763268847.3758698,-2.0270718723439214
TD3,2layers,first-both,fswish,0.5,Ant-v4,2138474041.378975,254909922.45962417,5,3244.309130859375,188.06836890323729,5,100.0,10000.0,1000000.0,2509126367.125186,2138474041.378975,-14.77216654380319
TD3,2layers,first-both,fswish,0.5,Cartpole-Swingup,773974445.9533691,14296416.580276908,5,835.7199340820313,29.032690840049938,5,100.0,10000.0,1000000.0,754008382.2283134,773974445.9533691,2.6479896239416045
TD3,2layers,first-both,fswish,0.5,Cheetah-Run,485278730.69655895,36227165.80792772,5,631.8747436523438,27.86229164328733,5,100.0,10000.0,1000000.0,520839473.57993376,485278730.69655895,-6.827582141374941
TD3,2layers,first-both,fswish,0.5,Finger-Spin,668855000.0,229925755.2178529,5,898.0,62.45398305952951,5,100.0,10000.0,1000000.0,719283000.0,668855000.0,-7.01087054747575
TD3,2layers,first-both,fswish,0.5,HalfCheetah-v4,1551301944.190979,91420961.37269516,5,1977.534350585937,139.3997259720134,5,100.0,10000.0,1000000.0,3031874421.6131363,1551301944.190979,-48.833568661937036
TD3,2layers,first-both,fswish,0.5,Hopper-v4,2137341363.5787964,973593266.5784072,5,2843.660205078125,1045.921633231108,5,100.0,10000.0,1000000.0,1938538991.8401551,2137341363.5787964,10.255268146550328
TD3,2layers,first-both,fswish,0.5,Humanoid-v4,3718715227.684021,192078854.1168425,5,5255.98740234375,208.73635147710104,5,100.0,10000.0,1000000.0,3553641840.947341,3718715227.684021,4.645189192523528
TD3,2layers,first-both,fswish,0.5,Walker-Walk,832713256.7386627,77967754.8219055,5,961.9373779296876,11.541612698201591,5,100.0,10000.0,1000000.0,779060973.2326782,832713256.7386627,6.886788755873218
TD3,2layers,first-both,gelu,,Ant-v4,2508363695.04118,138590469.94080546,5,3719.762109375,135.64220111365375,5,100.0,10000.0,1000000.0,2509126367.125186,2508363695.04118,-0.030395921624292638
TD3,2layers,first-both,gelu,,Cartpole-Swingup,774383144.3023682,21789647.389244143,5,819.6717895507812,57.48917645581474,5,100.0,10000.0,1000000.0,754008382.2283134,774383144.3023682,2.702193046427599
TD3,2layers,first-both,gelu,,Cheetah-Run,445738521.0447312,30612074.726245604,5,567.2786071777343,51.30819327766464,5,100.0,10000.0,1000000.0,520839473.57993376,445738521.0447312,-14.419212894714812
TD3,2layers,first-both,gelu,,Finger-Spin,730657000.0,76547752.13877936,5,911.0,10.41633332799983,5,100.0,10000.0,1000000.0,719283000.0,730657000.0,1.5812969304154276
TD3,2layers,first-both,gelu,,HalfCheetah-v4,2459786210.353852,1875140265.414708,5,2750.738037109375,3171.2438491861444,5,100.0,10000.0,1000000.0,3031874421.6131363,2459786210.353852,-18.86912621383902
TD3,2layers,first-both,gelu,,Hopper-v4,2507840314.128876,210491897.7237745,5,3420.3111328125,167.27304160595193,5,100.0,10000.0,1000000.0,1938538991.8401551,2507840314.128876,29.367545594133894
TD3,2layers,first-both,gelu,,Humanoid-v4,3427405717.071533,336638712.2622132,5,5369.041015625,220.03498989801145,5,100.0,10000.0,1000000.0,3553641840.947341,3427405717.071533,-3.552302947957055
TD3,2layers,first-both,gelu,,Walker-Walk,766376053.9512634,173702340.29139334,5,877.6962280273438,118.18214020801332,5,100.0,10000.0,1000000.0,779060973.2326782,766376053.9512634,-1.628231899331223
TD3,2layers,first-both,lrelu,,Ant-v4,2475319561.552048,397564331.1833427,5,3467.748681640625,603.1604644588178,5,100.0,10000.0,1000000.0,2509126367.125186,2475319561.552048,-1.3473536453196524
TD3,2layers,first-both,lrelu,,Cartpole-Swingup,704482030.405879,36625627.54172312,5,786.2508911132812,76.50082403387371,5,100.0,10000.0,1000000.0,754008382.2283134,704482030.405879,-6.568408652974082
TD3,2layers,first-both,lrelu,,Cheetah-Run,393991088.2558823,62561917.25488646,5,537.1735595703125,83.21255609874471,5,100.0,10000.0,1000000.0,520839473.57993376,393991088.2558823,-24.354602859144446
TD3,2layers,first-both,lrelu,,Finger-Spin,678872000.0,22266313.289361574,5,864.6,51.64590980900618,5,100.0,10000.0,1000000.0,719283000.0,678872000.0,-5.618233713295045
TD3,2layers,first-both,lrelu,,HalfCheetah-v4,2127266815.273285,1565350835.2791486,5,2619.770849609375,1849.948086711853,5,100.0,10000.0,1000000.0,3031874421.6131363,2127266815.273285,-29.836578978708054
TD3,2layers,first-both,lrelu,,Hopper-v4,1479302922.6913452,592214637.8478066,5,2785.9352783203126,790.6931838551109,5,100.0,10000.0,1000000.0,1938538991.8401551,1479302922.6913452,-23.689803046617122
TD3,2layers,first-both,lrelu,,Humanoid-v4,3110507523.979187,750536496.6345025,5,5184.521484375,206.12175817901425,5,100.0,10000.0,1000000.0,3553641840.947341,3110507523.979187,-12.469864347669372
TD3,2layers,first-both,lrelu,,Walker-Walk,783549930.7107925,94959689.57125594,5,931.3395385742188,32.97384743885431,5,100.0,10000.0,1000000.0,779060973.2326782,783549930.7107925,0.5762010461758392
TD3,2layers,first-both,prelu,,Ant-v4,2303217961.055994,242420811.00860345,5,3167.72861328125,392.9603959710306,5,100.0,10000.0,1000000.0,2509126367.125186,2303217961.055994,-8.206378473680067
TD3,2layers,first-both,prelu,,Cartpole-Swingup,739731231.9488525,18598220.197294112,5,813.4991943359375,21.333205612035712,5,100.0,10000.0,1000000.0,754008382.2283134,739731231.9488525,-1.8935002071552292
TD3,2layers,first-both,prelu,,Cheetah-Run,479925736.3307476,48615977.7216618,5,645.976806640625,58.59702484423752,5,100.0,10000.0,1000000.0,520839473.57993376,479925736.3307476,-7.855344943033986
TD3,2layers,first-both,prelu,,Finger-Spin,674449000.0,97995057.04371011,5,885.8,41.18494870702161,5,100.0,10000.0,1000000.0,719283000.0,674449000.0,-6.233151624603946
TD3,2layers,first-both,prelu,,HalfCheetah-v4,2313682886.199951,1584305994.2996557,5,3151.230126953125,2416.965902852846,5,100.0,10000.0,1000000.0,3031874421.6131363,2313682886.199951,-23.68803702071093
TD3,2layers,first-both,prelu,,Hopper-v4,2475360400.8789062,147987613.55794904,5,3365.520751953125,125.90447197814022,5,100.0,10000.0,1000000.0,1938538991.8401551,2475360400.8789062,27.692061459603362
TD3,2layers,first-both,prelu,,Humanoid-v4,3362379400.6500244,697642484.4677036,5,5513.1171875,210.60787797519336,5,100.0,10000.0,1000000.0,3553641840.947341,3362379400.6500244,-5.382152981582669
TD3,2layers,first-both,prelu,,Walker-Walk,727310791.8834686,137913970.24648532,5,774.1713653564453,302.6838048537783,5,100.0,10000.0,1000000.0,779060973.2326782,727310791.8834686,-6.642635573756765
TD3,2layers,first-both,swish,,Ant-v4,2604827249.902725,400966682.6625323,5,3742.784423828125,542.204042870422,5,100.0,10000.0,1000000.0,2509126367.125186,2604827249.902725,3.814111717585108
TD3,2layers,first-both,swish,,Cartpole-Swingup,763939315.2160645,14010523.53610446,5,838.3402954101563,36.80189310632297,5,100.0,10000.0,1000000.0,754008382.2283134,763939315.2160645,1.317085223695023
TD3,2layers,first-both,swish,,Cheetah-Run,440528218.5804844,54090580.18455282,5,563.1358154296875,72.00809704445093,5,100.0,10000.0,1000000.0,520839473.57993376,440528218.5804844,-15.419579174258557
TD3,2layers,first-both,swish,,Finger-Spin,745335000.0,60856554.597676665,5,889.0,21.96588263648879,5,100.0,10000.0,1000000.0,719283000.0,745335000.0,3.621940182098006
TD3,2layers,first-both,swish,,HalfCheetah-v4,4426657217.62228,2439125375.4416003,5,5876.400341796875,3356.049385431367,5,100.0,10000.0,1000000.0,3031874421.6131363,4426657217.62228,46.00397648617111
TD3,2layers,first-both,swish,,Hopper-v4,2183583726.989746,559194180.7001863,5,3260.335693359375,64.51531421205883,5,100.0,10000.0,1000000.0,1938538991.8401551,2183583726.989746,12.64069158170415
TD3,2layers,first-both,swish,,Humanoid-v4,3644655596.878052,349089416.76504505,5,5144.98408203125,142.08872376498292,5,100.0,10000.0,1000000.0,3553641840.947341,3644655596.878052,2.561140373855136
TD3,2layers,first-both,swish,,Walker-Walk,827830916.2120819,84751771.89940517,5,953.2308471679688,22.89860190575247,5,100.0,10000.0,1000000.0,779060973.2326782,827830916.2120819,6.260093196176298
TD3,2layers,r,relu,,Ant-v4,2509126367.125186,306765301.4997149,5,3813.342821575867,281.695863029306,5,100.0,10000.0,1000000.0,2509126367.125186,2509126367.125186,0.0
TD3,2layers,r,relu,,Cartpole-Swingup,754008382.2283134,20813455.83172539,5,837.2496577086877,5.91344222585056,5,100.0,10000.0,1000000.0,754008382.2283134,754008382.2283134,0.0
TD3,2layers,r,relu,,Cheetah-Run,520839473.57993376,67143886.91990404,5,731.6351117927233,77.45086437932208,5,100.0,10000.0,1000000.0,520839473.57993376,520839473.57993376,0.0
TD3,2layers,r,relu,,Finger-Spin,719283000.0,58761402.36158427,5,909.4,38.4356605250905,5,100.0,10000.0,1000000.0,719283000.0,719283000.0,0.0
TD3,2layers,r,relu,,HalfCheetah-v4,3031874421.6131363,2206319936.2761903,5,3944.566869548144,2981.494687998932,5,100.0,10000.0,1000000.0,3031874421.6131363,3031874421.6131363,0.0
TD3,2layers,r,relu,,Hopper-v4,1938538991.8401551,882617030.8356774,5,2939.0885870647826,1049.194930355962,5,99.0,10009.0,990904.0,1938538991.8401551,1938538991.8401551,0.0
TD3,2layers,r,relu,,Humanoid-v4,3553641840.947341,427759738.00107735,5,5266.070330113765,273.0709022171569,5,100.0,10000.0,1000000.0,3553641840.947341,3553641840.947341,0.0
TD3,2layers,r,relu,,Walker-Walk,779060973.2326782,68427796.12420501,5,945.7631826222135,44.73174734141009,5,100.0,10000.0,1000000.0,779060973.2326782,779060973.2326782,0.0
