algo,layers,task,seed,placement,activation,alpha_key,auc_frac,auc_relu
TD3,1layer,Ant-v4,50,none,frelu,0.5,1199781657.8421946,1693555010.772562
TD3,1layer,Ant-v4,10,none,frelu,0.5,890252180.9819374,1192536727.5994835
TD3,1layer,Ant-v4,30,none,frelu,0.5,973226179.8034316,1762779837.5597622
TD3,1layer,Ant-v4,20,none,frelu,0.5,1596077740.484686,900793994.0220748
TD3,1layer,Ant-v4,40,none,frelu,0.5,1949900539.6858149,1630323053.821143
TD3,1layer,Ant-v4,50,none,frelu,0.2,1366578437.4901092,1693555010.772562
TD3,1layer,Ant-v4,10,none,frelu,0.2,1416125948.263962,1192536727.5994835
TD3,1layer,Ant-v4,30,none,frelu,0.2,1423464558.1577082,1762779837.5597622
TD3,1layer,Ant-v4,20,none,frelu,0.2,1282009614.2854617,900793994.0220748
TD3,1layer,Ant-v4,40,none,frelu,0.2,2116266056.208932,1630323053.821143
TD3,1layer,Ant-v4,50,none,frelu,0.3,1789146893.560374,1693555010.772562
TD3,1layer,Ant-v4,10,none,frelu,0.3,1669315895.0958166,1192536727.5994835
TD3,1layer,Ant-v4,30,none,frelu,0.3,1396650405.5033276,1762779837.5597622
TD3,1layer,Ant-v4,20,none,frelu,0.3,1857298575.765872,900793994.0220748
TD3,1layer,Ant-v4,40,none,frelu,0.3,1106212657.5551765,1630323053.821143
TD3,1layer,Ant-v4,50,none,frelu,0.1,1575687809.524516,1693555010.772562
TD3,1layer,Ant-v4,10,none,frelu,0.1,1007682382.3351583,1192536727.5994835
TD3,1layer,Ant-v4,30,none,frelu,0.1,1027070663.2979896,1762779837.5597622
TD3,1layer,Ant-v4,20,none,frelu,0.1,1804510661.5969665,900793994.0220748
TD3,1layer,Ant-v4,40,none,frelu,0.1,2097913593.1796205,1630323053.821143
TD3,1layer,Ant-v4,50,none,frelu,0.4,1604305149.358454,1693555010.772562
TD3,1layer,Ant-v4,10,none,frelu,0.4,1305925159.127864,1192536727.5994835
TD3,1layer,Ant-v4,30,none,frelu,0.4,1000624519.9132504,1762779837.5597622
TD3,1layer,Ant-v4,20,none,frelu,0.4,982581918.112787,900793994.0220748
TD3,1layer,Ant-v4,40,none,frelu,0.4,1706085985.7653887,1630323053.821143
TD3,1layer,Walker-Walk,50,none,frelu,0.2,496655696.6064413,504467910.1687473
TD3,1layer,Walker-Walk,10,none,frelu,0.2,469797406.0246822,728394623.5922182
TD3,1layer,Walker-Walk,30,none,frelu,0.2,302055294.2878653,168221560.7888396
TD3,1layer,Walker-Walk,20,none,frelu,0.2,794180768.5819081,544862182.2640069
TD3,1layer,Walker-Walk,40,none,frelu,0.2,670077459.5646203,785829334.5009853
TD3,1layer,Walker-Walk,50,none,frelu,0.5,536179861.4263142,504467910.1687473
TD3,1layer,Walker-Walk,10,none,frelu,0.5,712519273.8747017,728394623.5922182
TD3,1layer,Walker-Walk,30,none,frelu,0.5,267558913.9167429,168221560.7888396
TD3,1layer,Walker-Walk,20,none,frelu,0.5,684103063.3104115,544862182.2640069
TD3,1layer,Walker-Walk,40,none,frelu,0.5,586043504.7590873,785829334.5009853
TD3,1layer,Walker-Walk,50,none,frelu,0.3,536976798.167871,504467910.1687473
TD3,1layer,Walker-Walk,10,none,frelu,0.3,815030736.9819688,728394623.5922182
TD3,1layer,Walker-Walk,30,none,frelu,0.3,210109398.0062916,168221560.7888396
TD3,1layer,Walker-Walk,20,none,frelu,0.3,614459456.0705427,544862182.2640069
TD3,1layer,Walker-Walk,40,none,frelu,0.3,641134053.8831573,785829334.5009853
TD3,1layer,Walker-Walk,50,none,frelu,0.1,577545697.9752692,504467910.1687473
TD3,1layer,Walker-Walk,10,none,frelu,0.1,868812655.8308496,728394623.5922182
TD3,1layer,Walker-Walk,30,none,frelu,0.1,663285447.1750357,168221560.7888396
TD3,1layer,Walker-Walk,20,none,frelu,0.1,794031305.4836519,544862182.2640069
TD3,1layer,Walker-Walk,40,none,frelu,0.1,606218743.5891719,785829334.5009853
TD3,1layer,Walker-Walk,50,none,frelu,0.4,464154035.2712352,504467910.1687473
TD3,1layer,Walker-Walk,10,none,frelu,0.4,496838192.0643444,728394623.5922182
TD3,1layer,Walker-Walk,30,none,frelu,0.4,304094732.2990197,168221560.7888396
TD3,1layer,Walker-Walk,20,none,frelu,0.4,605064046.7037913,544862182.2640069
TD3,1layer,Walker-Walk,40,none,frelu,0.4,222268178.61332488,785829334.5009853
TD3,1layer,Cheetah-Run,50,none,frelu,0.2,310158439.2411185,268265303.23904985
TD3,1layer,Cheetah-Run,10,none,frelu,0.2,377578179.6901138,295672315.60116893
TD3,1layer,Cheetah-Run,30,none,frelu,0.2,299663990.86751086,262374520.0032089
TD3,1layer,Cheetah-Run,20,none,frelu,0.2,301118397.4686941,254426924.75623983
TD3,1layer,Cheetah-Run,40,none,frelu,0.2,305096378.7317281,332423689.09248704
TD3,1layer,Cheetah-Run,50,none,frelu,0.5,290806855.8001882,268265303.23904985
TD3,1layer,Cheetah-Run,10,none,frelu,0.5,330551154.7266939,295672315.60116893
TD3,1layer,Cheetah-Run,30,none,frelu,0.5,388910210.3416083,262374520.0032089
TD3,1layer,Cheetah-Run,20,none,frelu,0.5,270115502.7565641,254426924.75623983
TD3,1layer,Cheetah-Run,40,none,frelu,0.5,290815207.03110087,332423689.09248704
TD3,1layer,Cheetah-Run,50,none,frelu,0.3,395287492.07171535,268265303.23904985
TD3,1layer,Cheetah-Run,10,none,frelu,0.3,322198237.4217806,295672315.60116893
TD3,1layer,Cheetah-Run,30,none,frelu,0.3,298024034.8316198,262374520.0032089
TD3,1layer,Cheetah-Run,20,none,frelu,0.3,253575264.56094527,254426924.75623983
TD3,1layer,Cheetah-Run,40,none,frelu,0.3,349579343.4541677,332423689.09248704
TD3,1layer,Cheetah-Run,50,none,frelu,0.1,367443786.641744,268265303.23904985
TD3,1layer,Cheetah-Run,10,none,frelu,0.1,294831374.4577324,295672315.60116893
TD3,1layer,Cheetah-Run,30,none,frelu,0.1,284424370.4620116,262374520.0032089
TD3,1layer,Cheetah-Run,20,none,frelu,0.1,297973748.4997245,254426924.75623983
TD3,1layer,Cheetah-Run,40,none,frelu,0.1,290930234.1578533,332423689.09248704
TD3,1layer,Cheetah-Run,50,none,frelu,0.4,388214948.842698,268265303.23904985
TD3,1layer,Cheetah-Run,10,none,frelu,0.4,268619591.15180635,295672315.60116893
TD3,1layer,Cheetah-Run,30,none,frelu,0.4,230082361.04155952,262374520.0032089
TD3,1layer,Cheetah-Run,20,none,frelu,0.4,346243375.0489469,254426924.75623983
TD3,1layer,Cheetah-Run,40,none,frelu,0.4,420052760.0266967,332423689.09248704
TD3,1layer,Cartpole-Swingup,50,none,frelu,0.3,618186490.7221419,561161838.9550653
TD3,1layer,Cartpole-Swingup,10,none,frelu,0.3,647570092.8049657,726408811.6039491
TD3,1layer,Cartpole-Swingup,30,none,frelu,0.3,704482394.0589963,700447606.7396021
TD3,1layer,Cartpole-Swingup,20,none,frelu,0.3,628773197.9276948,728363101.2694352
TD3,1layer,Cartpole-Swingup,40,none,frelu,0.3,460134780.7790877,563744842.4712186
TD3,1layer,Cartpole-Swingup,50,none,frelu,0.5,711146557.8307778,561161838.9550653
TD3,1layer,Cartpole-Swingup,10,none,frelu,0.5,645562446.9678984,726408811.6039491
TD3,1layer,Cartpole-Swingup,30,none,frelu,0.5,643345367.2148141,700447606.7396021
TD3,1layer,Cartpole-Swingup,20,none,frelu,0.5,569274205.4569093,728363101.2694352
TD3,1layer,Cartpole-Swingup,40,none,frelu,0.5,539802739.711434,563744842.4712186
TD3,1layer,Cartpole-Swingup,50,none,frelu,0.4,592932121.3265133,561161838.9550653
TD3,1layer,Cartpole-Swingup,10,none,frelu,0.4,708917585.2912853,726408811.6039491
TD3,1layer,Cartpole-Swingup,30,none,frelu,0.4,674956056.989149,700447606.7396021
TD3,1layer,Cartpole-Swingup,20,none,frelu,0.4,709167664.2398983,728363101.2694352
TD3,1layer,Cartpole-Swingup,40,none,frelu,0.4,585008812.3009014,563744842.4712186
TD3,1layer,Cartpole-Swingup,50,none,frelu,0.1,626411567.8760396,561161838.9550653
TD3,1layer,Cartpole-Swingup,10,none,frelu,0.1,641620852.4379812,726408811.6039491
TD3,1layer,Cartpole-Swingup,30,none,frelu,0.1,652425923.9175235,700447606.7396021
TD3,1layer,Cartpole-Swingup,20,none,frelu,0.1,715223445.773655,728363101.2694352
TD3,1layer,Cartpole-Swingup,40,none,frelu,0.1,674110574.3381001,563744842.4712186
TD3,1layer,Cartpole-Swingup,50,none,frelu,0.2,698684058.5763077,561161838.9550653
TD3,1layer,Cartpole-Swingup,10,none,frelu,0.2,703808527.688776,726408811.6039491
TD3,1layer,Cartpole-Swingup,30,none,frelu,0.2,756360545.5409347,700447606.7396021
TD3,1layer,Cartpole-Swingup,20,none,frelu,0.2,720285643.3249166,728363101.2694352
TD3,1layer,Cartpole-Swingup,40,none,frelu,0.2,644385286.7776769,563744842.4712186
TD3,1layer,HalfCheetah-v4,50,none,frelu,0.5,3806193993.223909,3353415530.6642475
TD3,1layer,HalfCheetah-v4,10,none,frelu,0.5,4133195743.685217,807138796.5343726
TD3,1layer,HalfCheetah-v4,30,none,frelu,0.5,2594967723.9682183,2553012552.789513
TD3,1layer,HalfCheetah-v4,20,none,frelu,0.5,2372134004.8968363,2412525965.9084854
TD3,1layer,HalfCheetah-v4,40,none,frelu,0.5,1034488104.855248,2234400021.042948
TD3,1layer,HalfCheetah-v4,50,none,frelu,0.2,3411193527.288339,3353415530.6642475
TD3,1layer,HalfCheetah-v4,10,none,frelu,0.2,4210461157.772459,807138796.5343726
TD3,1layer,HalfCheetah-v4,30,none,frelu,0.2,1016355887.8981252,2553012552.789513
TD3,1layer,HalfCheetah-v4,20,none,frelu,0.2,4310244353.928552,2412525965.9084854
TD3,1layer,HalfCheetah-v4,40,none,frelu,0.2,1380081093.294943,2234400021.042948
TD3,1layer,HalfCheetah-v4,50,none,frelu,0.3,4136901806.4535246,3353415530.6642475
TD3,1layer,HalfCheetah-v4,10,none,frelu,0.3,3815000062.751997,807138796.5343726
TD3,1layer,HalfCheetah-v4,30,none,frelu,0.3,3767507347.99244,2553012552.789513
TD3,1layer,HalfCheetah-v4,20,none,frelu,0.3,4033159656.5398126,2412525965.9084854
TD3,1layer,HalfCheetah-v4,40,none,frelu,0.3,4658333664.775237,2234400021.042948
TD3,1layer,HalfCheetah-v4,50,none,frelu,0.1,3973483289.078376,3353415530.6642475
TD3,1layer,HalfCheetah-v4,10,none,frelu,0.1,3734742737.32772,807138796.5343726
TD3,1layer,HalfCheetah-v4,30,none,frelu,0.1,3907494274.07994,2553012552.789513
TD3,1layer,HalfCheetah-v4,20,none,frelu,0.1,4125462101.7508254,2412525965.9084854
TD3,1layer,HalfCheetah-v4,40,none,frelu,0.1,1549812680.746256,2234400021.042948
TD3,1layer,HalfCheetah-v4,50,none,frelu,0.4,2854687439.211545,3353415530.6642475
TD3,1layer,HalfCheetah-v4,10,none,frelu,0.4,3832398795.890637,807138796.5343726
TD3,1layer,HalfCheetah-v4,30,none,frelu,0.4,3533283162.1998186,2553012552.789513
TD3,1layer,HalfCheetah-v4,20,none,frelu,0.4,3942035249.925672,2412525965.9084854
TD3,1layer,HalfCheetah-v4,40,none,frelu,0.4,3309396172.020794,2234400021.042948
TD3,1layer,Finger-Spin,50,none,frelu,0.3,264215000.0,552990000.0
TD3,1layer,Finger-Spin,10,none,frelu,0.3,523830000.0,615570000.0
TD3,1layer,Finger-Spin,30,none,frelu,0.3,486935000.0,554060000.0
TD3,1layer,Finger-Spin,20,none,frelu,0.3,479135000.0,513140000.0
TD3,1layer,Finger-Spin,40,none,frelu,0.3,542900000.0,2935000.0
TD3,1layer,Finger-Spin,50,none,frelu,0.5,569640000.0,552990000.0
TD3,1layer,Finger-Spin,10,none,frelu,0.5,400770000.0,615570000.0
TD3,1layer,Finger-Spin,30,none,frelu,0.5,556480000.0,554060000.0
TD3,1layer,Finger-Spin,20,none,frelu,0.5,426065000.0,513140000.0
TD3,1layer,Finger-Spin,40,none,frelu,0.5,575190000.0,2935000.0
TD3,1layer,Finger-Spin,50,none,frelu,0.4,410910000.0,552990000.0
TD3,1layer,Finger-Spin,10,none,frelu,0.4,501225000.0,615570000.0
TD3,1layer,Finger-Spin,30,none,frelu,0.4,523740000.0,554060000.0
TD3,1layer,Finger-Spin,20,none,frelu,0.4,403815000.0,513140000.0
TD3,1layer,Finger-Spin,40,none,frelu,0.4,375085000.0,2935000.0
TD3,1layer,Finger-Spin,50,none,frelu,0.1,550070000.0,552990000.0
TD3,1layer,Finger-Spin,10,none,frelu,0.1,609850000.0,615570000.0
TD3,1layer,Finger-Spin,30,none,frelu,0.1,493365000.0,554060000.0
TD3,1layer,Finger-Spin,20,none,frelu,0.1,533660000.0,513140000.0
TD3,1layer,Finger-Spin,40,none,frelu,0.1,606900000.0,2935000.0
TD3,1layer,Finger-Spin,50,none,frelu,0.2,439430000.0,552990000.0
TD3,1layer,Finger-Spin,10,none,frelu,0.2,593410000.0,615570000.0
TD3,1layer,Finger-Spin,30,none,frelu,0.2,3640000.0,554060000.0
TD3,1layer,Finger-Spin,20,none,frelu,0.2,499245000.0,513140000.0
TD3,1layer,Finger-Spin,40,none,frelu,0.2,551470000.0,2935000.0
TD3,1layer,Humanoid-v4,50,none,frelu,0.4,672656253.5874778,1106944267.3487442
TD3,1layer,Humanoid-v4,10,none,frelu,0.4,679403612.41897,2343803068.325737
TD3,1layer,Humanoid-v4,30,none,frelu,0.4,1211370197.585796,2061960996.3081725
TD3,1layer,Humanoid-v4,20,none,frelu,0.4,842984099.0553052,2723394108.918487
TD3,1layer,Humanoid-v4,40,none,frelu,0.4,2486673459.2911363,2991846242.848545
TD3,1layer,Humanoid-v4,50,none,frelu,0.5,830953143.8459758,1106944267.3487442
TD3,1layer,Humanoid-v4,10,none,frelu,0.5,681792197.1865184,2343803068.325737
TD3,1layer,Humanoid-v4,30,none,frelu,0.5,768390907.8619181,2061960996.3081725
TD3,1layer,Humanoid-v4,20,none,frelu,0.5,603266027.1046734,2723394108.918487
TD3,1layer,Humanoid-v4,40,none,frelu,0.5,1734454453.7198908,2991846242.848545
TD3,1layer,Humanoid-v4,50,none,frelu,0.2,1838855534.2162745,1106944267.3487442
TD3,1layer,Humanoid-v4,10,none,frelu,0.2,2436285579.214884,2343803068.325737
TD3,1layer,Humanoid-v4,30,none,frelu,0.2,2318286993.1376576,2061960996.3081725
TD3,1layer,Humanoid-v4,20,none,frelu,0.2,3087850270.902944,2723394108.918487
TD3,1layer,Humanoid-v4,40,none,frelu,0.2,1933340974.5063248,2991846242.848545
TD3,1layer,Humanoid-v4,50,none,frelu,0.3,3089016736.535719,1106944267.3487442
TD3,1layer,Humanoid-v4,10,none,frelu,0.3,2131645424.49336,2343803068.325737
TD3,1layer,Humanoid-v4,30,none,frelu,0.3,2068218031.8766503,2061960996.3081725
TD3,1layer,Humanoid-v4,20,none,frelu,0.3,1586300194.4158864,2723394108.918487
TD3,1layer,Humanoid-v4,40,none,frelu,0.3,2999448743.9243846,2991846242.848545
TD3,1layer,Humanoid-v4,50,none,frelu,0.1,2482835401.2031484,1106944267.3487442
TD3,1layer,Humanoid-v4,10,none,frelu,0.1,1773233786.829657,2343803068.325737
TD3,1layer,Humanoid-v4,30,none,frelu,0.1,2167479779.5117354,2061960996.3081725
TD3,1layer,Humanoid-v4,20,none,frelu,0.1,1682691745.9557233,2723394108.918487
TD3,1layer,Humanoid-v4,40,none,frelu,0.1,2135972343.2174203,2991846242.848545
TD3,1layer,Hopper-v4,50,none,frelu,0.3,568053702.6667489,1553728319.4785736
TD3,1layer,Hopper-v4,10,none,frelu,0.3,325725400.8573438,997557302.642246
TD3,1layer,Hopper-v4,30,none,frelu,0.3,1177509573.8460429,1207715107.8158066
TD3,1layer,Hopper-v4,20,none,frelu,0.3,169357005.6895105,421990125.53679466
TD3,1layer,Hopper-v4,40,none,frelu,0.3,1561399816.1392782,1300994782.4551427
TD3,1layer,Hopper-v4,50,none,frelu,0.2,811788469.0504926,1553728319.4785736
TD3,1layer,Hopper-v4,10,none,frelu,0.2,1384555757.4235709,997557302.642246
TD3,1layer,Hopper-v4,30,none,frelu,0.2,317748503.77849126,1207715107.8158066
TD3,1layer,Hopper-v4,20,none,frelu,0.2,885358240.0767335,421990125.53679466
TD3,1layer,Hopper-v4,40,none,frelu,0.2,1203295311.3357632,1300994782.4551427
TD3,1layer,Hopper-v4,50,none,frelu,0.5,310017783.297494,1553728319.4785736
TD3,1layer,Hopper-v4,10,none,frelu,0.5,360864257.29438746,997557302.642246
TD3,1layer,Hopper-v4,30,none,frelu,0.5,704190104.5751628,1207715107.8158066
TD3,1layer,Hopper-v4,20,none,frelu,0.5,712499628.473218,421990125.53679466
TD3,1layer,Hopper-v4,40,none,frelu,0.5,677408339.9735948,1300994782.4551427
TD3,1layer,Hopper-v4,50,none,frelu,0.1,1529544981.5761554,1553728319.4785736
TD3,1layer,Hopper-v4,10,none,frelu,0.1,1836971003.110956,997557302.642246
TD3,1layer,Hopper-v4,30,none,frelu,0.1,1126669882.9576254,1207715107.8158066
TD3,1layer,Hopper-v4,20,none,frelu,0.1,1137275762.3048532,421990125.53679466
TD3,1layer,Hopper-v4,40,none,frelu,0.1,1286317795.014156,1300994782.4551427
TD3,1layer,Hopper-v4,50,none,frelu,0.4,270352617.93058074,1553728319.4785736
TD3,1layer,Hopper-v4,10,none,frelu,0.4,246900408.77506736,997557302.642246
TD3,1layer,Hopper-v4,30,none,frelu,0.4,323901814.7596891,1207715107.8158066
TD3,1layer,Hopper-v4,20,none,frelu,0.4,446040519.6766428,421990125.53679466
TD3,1layer,Hopper-v4,40,none,frelu,0.4,862255616.2554151,1300994782.4551427
TD3,1layer,Hopper-v4,50,none,prelu,base,1663915482.3608365,1553728319.4785736
TD3,1layer,Hopper-v4,10,none,prelu,base,1057959877.9899873,997557302.642246
TD3,1layer,Hopper-v4,30,none,prelu,base,1503750537.4100745,1207715107.8158066
TD3,1layer,Hopper-v4,20,none,prelu,base,231744661.6304054,421990125.53679466
TD3,1layer,Hopper-v4,40,none,prelu,base,594601638.580255,1300994782.4551427
TD3,1layer,HalfCheetah-v4,50,none,prelu,base,855957199.7444948,3353415530.6642475
TD3,1layer,HalfCheetah-v4,10,none,prelu,base,3559311652.6320434,807138796.5343726
TD3,1layer,HalfCheetah-v4,30,none,prelu,base,3917752940.628709,2553012552.789513
TD3,1layer,HalfCheetah-v4,20,none,prelu,base,3320456564.6366057,2412525965.9084854
TD3,1layer,HalfCheetah-v4,40,none,prelu,base,1657963687.4036906,2234400021.042948
TD3,1layer,Finger-Spin,50,none,prelu,base,55555000.0,552990000.0
TD3,1layer,Finger-Spin,10,none,prelu,base,513645000.0,615570000.0
TD3,1layer,Finger-Spin,30,none,prelu,base,345240000.0,554060000.0
TD3,1layer,Finger-Spin,20,none,prelu,base,457420000.0,513140000.0
TD3,1layer,Finger-Spin,40,none,prelu,base,588750000.0,2935000.0
TD3,1layer,Cartpole-Swingup,50,none,prelu,base,708971656.4405842,561161838.9550653
TD3,1layer,Cartpole-Swingup,10,none,prelu,base,689064370.7056428,726408811.6039491
TD3,1layer,Cartpole-Swingup,30,none,prelu,base,627008320.2394454,700447606.7396021
TD3,1layer,Cartpole-Swingup,20,none,prelu,base,747113269.2510903,728363101.2694352
TD3,1layer,Cartpole-Swingup,40,none,prelu,base,636152061.2976785,563744842.4712186
TD3,1layer,Ant-v4,50,none,prelu,base,1495754315.0110743,1693555010.772562
TD3,1layer,Ant-v4,10,none,prelu,base,1942846573.81274,1192536727.5994835
TD3,1layer,Ant-v4,30,none,prelu,base,1166723237.819279,1762779837.5597622
TD3,1layer,Ant-v4,20,none,prelu,base,1863502157.7708087,900793994.0220748
TD3,1layer,Ant-v4,40,none,prelu,base,1025880958.0380936,1630323053.821143
TD3,1layer,Cheetah-Run,50,none,prelu,base,341028556.58276665,268265303.23904985
TD3,1layer,Cheetah-Run,10,none,prelu,base,344164688.03127253,295672315.60116893
TD3,1layer,Cheetah-Run,30,none,prelu,base,278744992.711494,262374520.0032089
TD3,1layer,Cheetah-Run,20,none,prelu,base,251079770.91528973,254426924.75623983
TD3,1layer,Cheetah-Run,40,none,prelu,base,334596325.9483321,332423689.09248704
TD3,1layer,Humanoid-v4,50,none,prelu,base,2986992576.904297,1106944267.3487442
TD3,1layer,Humanoid-v4,10,none,prelu,base,3272369859.424158,2343803068.325737
TD3,1layer,Humanoid-v4,30,none,prelu,base,3378041641.9445214,2061960996.3081725
TD3,1layer,Humanoid-v4,20,none,prelu,base,957973222.9614258,2723394108.918487
TD3,1layer,Humanoid-v4,40,none,prelu,base,3121313831.7215047,2991846242.848545
TD3,1layer,Walker-Walk,50,none,prelu,base,560815076.600017,504467910.1687473
TD3,1layer,Walker-Walk,10,none,prelu,base,758238630.2895263,728394623.5922182
TD3,1layer,Walker-Walk,30,none,prelu,base,341514426.0604344,168221560.7888396
TD3,1layer,Walker-Walk,20,none,prelu,base,837623577.1709582,544862182.2640069
TD3,1layer,Walker-Walk,40,none,prelu,base,721154986.2926503,785829334.5009853
TD3,1layer,Walker-Walk,50,none,swish,base,826061859.3406677,504467910.1687473
TD3,1layer,Walker-Walk,10,none,swish,base,683067274.6658325,728394623.5922182
TD3,1layer,Walker-Walk,30,none,swish,base,672739767.1604156,168221560.7888396
TD3,1layer,Walker-Walk,20,none,swish,base,585590174.0264893,544862182.2640069
TD3,1layer,Walker-Walk,40,none,swish,base,818870355.9494019,785829334.5009853
TD3,1layer,Finger-Spin,50,none,swish,base,450595000.0,552990000.0
TD3,1layer,Finger-Spin,10,none,swish,base,400815000.0,615570000.0
TD3,1layer,Finger-Spin,30,none,swish,base,311855000.0,554060000.0
TD3,1layer,Finger-Spin,20,none,swish,base,437090000.0,513140000.0
TD3,1layer,Finger-Spin,40,none,swish,base,333525000.0,2935000.0
TD3,1layer,Cheetah-Run,50,none,swish,base,322975489.81666565,268265303.23904985
TD3,1layer,Cheetah-Run,10,none,swish,base,317877021.79431915,295672315.60116893
TD3,1layer,Cheetah-Run,30,none,swish,base,267296272.4590301,262374520.0032089
TD3,1layer,Cheetah-Run,20,none,swish,base,284603924.33166504,254426924.75623983
TD3,1layer,Cheetah-Run,40,none,swish,base,287416517.6230669,332423689.09248704
TD3,1layer,Ant-v4,50,none,swish,base,1175785786.819458,1693555010.772562
TD3,1layer,Ant-v4,10,none,swish,base,1791577787.437439,1192536727.5994835
TD3,1layer,Ant-v4,30,none,swish,base,979470079.6508788,1762779837.5597622
TD3,1layer,Ant-v4,20,none,swish,base,1309407365.1123047,900793994.0220748
TD3,1layer,Ant-v4,40,none,swish,base,2029700125.1220703,1630323053.821143
TD3,1layer,Hopper-v4,50,none,swish,base,1418765467.9870603,1553728319.4785736
TD3,1layer,Hopper-v4,10,none,swish,base,1637464394.0734863,997557302.642246
TD3,1layer,Hopper-v4,30,none,swish,base,1369385756.072998,1207715107.8158066
TD3,1layer,Hopper-v4,20,none,swish,base,1703571310.6536863,421990125.53679466
TD3,1layer,Hopper-v4,40,none,swish,base,1381414710.2355957,1300994782.4551427
TD3,1layer,HalfCheetah-v4,50,none,swish,base,3827170907.592773,3353415530.6642475
TD3,1layer,HalfCheetah-v4,10,none,swish,base,4559632540.435791,807138796.5343726
TD3,1layer,HalfCheetah-v4,30,none,swish,base,1167007043.838501,2553012552.789513
TD3,1layer,HalfCheetah-v4,20,none,swish,base,3984564700.622559,2412525965.9084854
TD3,1layer,HalfCheetah-v4,40,none,swish,base,1624241343.612671,2234400021.042948
TD3,1layer,Humanoid-v4,50,none,swish,base,2815403723.754883,1106944267.3487442
TD3,1layer,Humanoid-v4,10,none,swish,base,2476387998.199463,2343803068.325737
TD3,1layer,Humanoid-v4,30,none,swish,base,1876587026.519776,2061960996.3081725
TD3,1layer,Humanoid-v4,20,none,swish,base,2950733503.5705566,2723394108.918487
TD3,1layer,Humanoid-v4,40,none,swish,base,2618742669.7540283,2991846242.848545
TD3,1layer,Cartpole-Swingup,50,none,swish,base,521832880.5923462,561161838.9550653
TD3,1layer,Cartpole-Swingup,10,none,swish,base,408312953.2623291,726408811.6039491
TD3,1layer,Cartpole-Swingup,30,none,swish,base,300473487.35809326,700447606.7396021
TD3,1layer,Cartpole-Swingup,20,none,swish,base,430335311.2411499,728363101.2694352
TD3,1layer,Cartpole-Swingup,40,none,swish,base,546258150.3677368,563744842.4712186
TD3,1layer,Walker-Walk,50,none,flrelu,0.1,628453614.1177261,504467910.1687473
TD3,1layer,Walker-Walk,10,none,flrelu,0.1,507073529.9862213,728394623.5922182
TD3,1layer,Walker-Walk,30,none,flrelu,0.1,297844879.9007214,168221560.7888396
TD3,1layer,Walker-Walk,20,none,flrelu,0.1,744329330.4094725,544862182.2640069
TD3,1layer,Walker-Walk,40,none,flrelu,0.1,360500521.7340845,785829334.5009853
TD3,1layer,Walker-Walk,50,none,flrelu,0.3,547721032.5010015,504467910.1687473
TD3,1layer,Walker-Walk,10,none,flrelu,0.3,522279319.9785765,728394623.5922182
TD3,1layer,Walker-Walk,30,none,flrelu,0.3,139874205.9059446,168221560.7888396
TD3,1layer,Walker-Walk,20,none,flrelu,0.3,755295410.0828569,544862182.2640069
TD3,1layer,Walker-Walk,40,none,flrelu,0.3,245746553.7815992,785829334.5009853
TD3,1layer,Walker-Walk,50,none,flrelu,0.5,305708852.98736763,504467910.1687473
TD3,1layer,Walker-Walk,10,none,flrelu,0.5,615953067.6570475,728394623.5922182
TD3,1layer,Walker-Walk,30,none,flrelu,0.5,199082605.6142634,168221560.7888396
TD3,1layer,Walker-Walk,20,none,flrelu,0.5,300865199.2787707,544862182.2640069
TD3,1layer,Walker-Walk,40,none,flrelu,0.5,207935474.6882909,785829334.5009853
TD3,1layer,Walker-Walk,50,none,flrelu,0.4,529129012.7577459,504467910.1687473
TD3,1layer,Walker-Walk,10,none,flrelu,0.4,593100230.7016021,728394623.5922182
TD3,1layer,Walker-Walk,30,none,flrelu,0.4,210330454.41115925,168221560.7888396
TD3,1layer,Walker-Walk,20,none,flrelu,0.4,515852947.7403996,544862182.2640069
TD3,1layer,Walker-Walk,40,none,flrelu,0.4,817605650.2247105,785829334.5009853
TD3,1layer,Walker-Walk,50,none,flrelu,0.2,517296023.60345536,504467910.1687473
TD3,1layer,Walker-Walk,10,none,flrelu,0.2,576872166.0829836,728394623.5922182
TD3,1layer,Walker-Walk,30,none,flrelu,0.2,314736775.9903281,168221560.7888396
TD3,1layer,Walker-Walk,20,none,flrelu,0.2,613157017.974984,544862182.2640069
TD3,1layer,Walker-Walk,40,none,flrelu,0.2,402391793.3665124,785829334.5009853
TD3,1layer,Cheetah-Run,50,none,flrelu,0.4,327850688.426942,268265303.23904985
TD3,1layer,Cheetah-Run,10,none,flrelu,0.4,376780908.4437416,295672315.60116893
TD3,1layer,Cheetah-Run,30,none,flrelu,0.4,374527750.1440828,262374520.0032089
TD3,1layer,Cheetah-Run,20,none,flrelu,0.4,356824792.40738684,254426924.75623983
TD3,1layer,Cheetah-Run,40,none,flrelu,0.4,284985904.60039425,332423689.09248704
TD3,1layer,Cheetah-Run,50,none,flrelu,0.2,411876496.7643508,268265303.23904985
TD3,1layer,Cheetah-Run,10,none,flrelu,0.2,301362189.250741,295672315.60116893
TD3,1layer,Cheetah-Run,30,none,flrelu,0.2,287110449.8080751,262374520.0032089
TD3,1layer,Cheetah-Run,20,none,flrelu,0.2,282028449.91368324,254426924.75623983
TD3,1layer,Cheetah-Run,40,none,flrelu,0.2,348195224.98001003,332423689.09248704
TD3,1layer,Cheetah-Run,50,none,flrelu,0.3,279637563.97666085,268265303.23904985
TD3,1layer,Cheetah-Run,10,none,flrelu,0.3,329426384.3744592,295672315.60116893
TD3,1layer,Cheetah-Run,30,none,flrelu,0.3,288233360.9297642,262374520.0032089
TD3,1layer,Cheetah-Run,20,none,flrelu,0.3,317622141.9645142,254426924.75623983
TD3,1layer,Cheetah-Run,40,none,flrelu,0.3,392845509.5109199,332423689.09248704
TD3,1layer,Cheetah-Run,50,none,flrelu,0.5,342846498.5374632,268265303.23904985
TD3,1layer,Cheetah-Run,10,none,flrelu,0.5,315789101.96723765,295672315.60116893
TD3,1layer,Cheetah-Run,30,none,flrelu,0.5,293152458.46008235,262374520.0032089
TD3,1layer,Cheetah-Run,20,none,flrelu,0.5,312679835.4998981,254426924.75623983
TD3,1layer,Cheetah-Run,40,none,flrelu,0.5,268511427.97419846,332423689.09248704
TD3,1layer,Cheetah-Run,50,none,flrelu,0.1,304398825.93515,268265303.23904985
TD3,1layer,Cheetah-Run,10,none,flrelu,0.1,327644521.04703367,295672315.60116893
TD3,1layer,Cheetah-Run,30,none,flrelu,0.1,323498087.3312222,262374520.0032089
TD3,1layer,Cheetah-Run,20,none,flrelu,0.1,267975855.8428169,254426924.75623983
TD3,1layer,Cheetah-Run,40,none,flrelu,0.1,404668955.8512896,332423689.09248704
TD3,1layer,Ant-v4,50,none,flrelu,0.2,1584924164.5331914,1693555010.772562
TD3,1layer,Ant-v4,10,none,flrelu,0.2,1862050476.2563567,1192536727.5994835
TD3,1layer,Ant-v4,30,none,flrelu,0.2,1417646189.773527,1762779837.5597622
TD3,1layer,Ant-v4,20,none,flrelu,0.2,917716952.2229367,900793994.0220748
TD3,1layer,Ant-v4,40,none,flrelu,0.2,1550153724.8225603,1630323053.821143
TD3,1layer,Ant-v4,50,none,flrelu,0.4,1505852885.0935926,1693555010.772562
TD3,1layer,Ant-v4,10,none,flrelu,0.4,1035207835.6067164,1192536727.5994835
TD3,1layer,Ant-v4,30,none,flrelu,0.4,1404346839.4241428,1762779837.5597622
TD3,1layer,Ant-v4,20,none,flrelu,0.4,1383441172.4921844,900793994.0220748
TD3,1layer,Ant-v4,40,none,flrelu,0.4,1350608111.3057716,1630323053.821143
TD3,1layer,Ant-v4,50,none,flrelu,0.5,1464596368.567188,1693555010.772562
TD3,1layer,Ant-v4,10,none,flrelu,0.5,1189249302.672086,1192536727.5994835
TD3,1layer,Ant-v4,30,none,flrelu,0.5,5818473.626579086,1762779837.5597622
TD3,1layer,Ant-v4,20,none,flrelu,0.5,925326196.537906,900793994.0220748
TD3,1layer,Ant-v4,40,none,flrelu,0.5,1288006186.539855,1630323053.821143
TD3,1layer,Ant-v4,50,none,flrelu,0.3,1871635956.9000268,1693555010.772562
TD3,1layer,Ant-v4,10,none,flrelu,0.3,2236524552.165402,1192536727.5994835
TD3,1layer,Ant-v4,30,none,flrelu,0.3,1423394157.309359,1762779837.5597622
TD3,1layer,Ant-v4,20,none,flrelu,0.3,2151563478.8847136,900793994.0220748
TD3,1layer,Ant-v4,40,none,flrelu,0.3,1761589448.888536,1630323053.821143
TD3,1layer,Ant-v4,50,none,flrelu,0.1,1423561422.342126,1693555010.772562
TD3,1layer,Ant-v4,10,none,flrelu,0.1,1281561993.56565,1192536727.5994835
TD3,1layer,Ant-v4,30,none,flrelu,0.1,1505797843.4675405,1762779837.5597622
TD3,1layer,Ant-v4,20,none,flrelu,0.1,1474623357.615693,900793994.0220748
TD3,1layer,Ant-v4,40,none,flrelu,0.1,1697186220.508848,1630323053.821143
TD3,1layer,Cartpole-Swingup,50,none,flrelu,0.5,657640291.218121,561161838.9550653
TD3,1layer,Cartpole-Swingup,10,none,flrelu,0.5,637335085.1573837,726408811.6039491
TD3,1layer,Cartpole-Swingup,30,none,flrelu,0.5,721198142.8475013,700447606.7396021
TD3,1layer,Cartpole-Swingup,20,none,flrelu,0.5,624981629.4209172,728363101.2694352
TD3,1layer,Cartpole-Swingup,40,none,flrelu,0.5,666228759.1095115,563744842.4712186
TD3,1layer,Cartpole-Swingup,50,none,flrelu,0.2,664770152.3981256,561161838.9550653
TD3,1layer,Cartpole-Swingup,10,none,flrelu,0.2,703270207.5431297,726408811.6039491
TD3,1layer,Cartpole-Swingup,30,none,flrelu,0.2,757926077.0805156,700447606.7396021
TD3,1layer,Cartpole-Swingup,20,none,flrelu,0.2,733315514.498446,728363101.2694352
TD3,1layer,Cartpole-Swingup,40,none,flrelu,0.2,597048904.3942854,563744842.4712186
TD3,1layer,Cartpole-Swingup,50,none,flrelu,0.3,669547835.968919,561161838.9550653
TD3,1layer,Cartpole-Swingup,10,none,flrelu,0.3,705024090.1793408,726408811.6039491
TD3,1layer,Cartpole-Swingup,30,none,flrelu,0.3,710200990.479336,700447606.7396021
TD3,1layer,Cartpole-Swingup,20,none,flrelu,0.3,694905079.5164518,728363101.2694352
TD3,1layer,Cartpole-Swingup,40,none,flrelu,0.3,727783301.3899093,563744842.4712186
TD3,1layer,Cartpole-Swingup,50,none,flrelu,0.4,636437725.0168645,561161838.9550653
TD3,1layer,Cartpole-Swingup,10,none,flrelu,0.4,643944428.3524208,726408811.6039491
TD3,1layer,Cartpole-Swingup,30,none,flrelu,0.4,699253852.7679712,700447606.7396021
TD3,1layer,Cartpole-Swingup,20,none,flrelu,0.4,736888232.6463156,728363101.2694352
TD3,1layer,Cartpole-Swingup,40,none,flrelu,0.4,563979564.6225034,563744842.4712186
TD3,1layer,Cartpole-Swingup,50,none,flrelu,0.1,708462345.48672,561161838.9550653
TD3,1layer,Cartpole-Swingup,10,none,flrelu,0.1,699288189.6262889,726408811.6039491
TD3,1layer,Cartpole-Swingup,30,none,flrelu,0.1,668049029.3902576,700447606.7396021
TD3,1layer,Cartpole-Swingup,20,none,flrelu,0.1,769875884.8601667,728363101.2694352
TD3,1layer,Cartpole-Swingup,40,none,flrelu,0.1,606021841.3817362,563744842.4712186
TD3,1layer,Hopper-v4,50,none,flrelu,0.4,304137949.8655701,1553728319.4785736
TD3,1layer,Hopper-v4,10,none,flrelu,0.4,1181253394.7816677,997557302.642246
TD3,1layer,Hopper-v4,30,none,flrelu,0.4,1101447913.3884518,1207715107.8158066
TD3,1layer,Hopper-v4,20,none,flrelu,0.4,518536013.031292,421990125.53679466
TD3,1layer,Hopper-v4,40,none,flrelu,0.4,425179425.7224415,1300994782.4551427
TD3,1layer,Hopper-v4,50,none,flrelu,0.2,1559417852.9751556,1553728319.4785736
TD3,1layer,Hopper-v4,10,none,flrelu,0.2,363317508.7947148,997557302.642246
TD3,1layer,Hopper-v4,30,none,flrelu,0.2,1622670400.0520349,1207715107.8158066
TD3,1layer,Hopper-v4,20,none,flrelu,0.2,637642819.917021,421990125.53679466
TD3,1layer,Hopper-v4,40,none,flrelu,0.2,2155620420.513405,1300994782.4551427
TD3,1layer,Hopper-v4,50,none,flrelu,0.1,989030358.1508422,1553728319.4785736
TD3,1layer,Hopper-v4,10,none,flrelu,0.1,292997068.3432106,997557302.642246
TD3,1layer,Hopper-v4,30,none,flrelu,0.1,1981191943.772504,1207715107.8158066
TD3,1layer,Hopper-v4,20,none,flrelu,0.1,935225137.3513714,421990125.53679466
TD3,1layer,Hopper-v4,40,none,flrelu,0.1,1448482188.2091458,1300994782.4551427
TD3,1layer,Hopper-v4,50,none,flrelu,0.5,224845388.8729658,1553728319.4785736
TD3,1layer,Hopper-v4,10,none,flrelu,0.5,328107618.4562648,997557302.642246
TD3,1layer,Hopper-v4,30,none,flrelu,0.5,1200279874.8078098,1207715107.8158066
TD3,1layer,Hopper-v4,20,none,flrelu,0.5,578096928.8595356,421990125.53679466
TD3,1layer,Hopper-v4,40,none,flrelu,0.5,329221743.1460949,1300994782.4551427
TD3,1layer,Hopper-v4,50,none,flrelu,0.3,1526118031.0464551,1553728319.4785736
TD3,1layer,Hopper-v4,10,none,flrelu,0.3,220013379.8958955,997557302.642246
TD3,1layer,Hopper-v4,30,none,flrelu,0.3,1302306570.8081918,1207715107.8158066
TD3,1layer,Hopper-v4,20,none,flrelu,0.3,209413536.6188943,421990125.53679466
TD3,1layer,Hopper-v4,40,none,flrelu,0.3,724880948.7438121,1300994782.4551427
TD3,1layer,HalfCheetah-v4,50,none,flrelu,0.1,3346509849.772823,3353415530.6642475
TD3,1layer,HalfCheetah-v4,10,none,flrelu,0.1,1152704167.7871542,807138796.5343726
TD3,1layer,HalfCheetah-v4,30,none,flrelu,0.1,4197162525.3438926,2553012552.789513
TD3,1layer,HalfCheetah-v4,20,none,flrelu,0.1,1942052526.688017,2412525965.9084854
TD3,1layer,HalfCheetah-v4,40,none,flrelu,0.1,1251291063.2154288,2234400021.042948
TD3,1layer,HalfCheetah-v4,50,none,flrelu,0.5,3913733331.883812,3353415530.6642475
TD3,1layer,HalfCheetah-v4,10,none,flrelu,0.5,3028018290.9854994,807138796.5343726
TD3,1layer,HalfCheetah-v4,30,none,flrelu,0.5,908474530.282458,2553012552.789513
TD3,1layer,HalfCheetah-v4,20,none,flrelu,0.5,4049339863.575788,2412525965.9084854
TD3,1layer,HalfCheetah-v4,40,none,flrelu,0.5,4310308246.789634,2234400021.042948
TD3,1layer,HalfCheetah-v4,50,none,flrelu,0.3,4601415562.675562,3353415530.6642475
TD3,1layer,HalfCheetah-v4,10,none,flrelu,0.3,1034253022.961529,807138796.5343726
TD3,1layer,HalfCheetah-v4,30,none,flrelu,0.3,2632478818.9464903,2553012552.789513
TD3,1layer,HalfCheetah-v4,20,none,flrelu,0.3,1233171399.6314433,2412525965.9084854
TD3,1layer,HalfCheetah-v4,40,none,flrelu,0.3,2965671644.157865,2234400021.042948
TD3,1layer,HalfCheetah-v4,50,none,flrelu,0.2,1276471496.3426929,3353415530.6642475
TD3,1layer,HalfCheetah-v4,10,none,flrelu,0.2,4061035208.610735,807138796.5343726
TD3,1layer,HalfCheetah-v4,30,none,flrelu,0.2,3652884088.969609,2553012552.789513
TD3,1layer,HalfCheetah-v4,20,none,flrelu,0.2,3619119589.26144,2412525965.9084854
TD3,1layer,HalfCheetah-v4,40,none,flrelu,0.2,2891996617.254733,2234400021.042948
TD3,1layer,HalfCheetah-v4,50,none,flrelu,0.4,3925776017.3828535,3353415530.6642475
TD3,1layer,HalfCheetah-v4,10,none,flrelu,0.4,963352166.4108227,807138796.5343726
TD3,1layer,HalfCheetah-v4,30,none,flrelu,0.4,4938133483.91868,2553012552.789513
TD3,1layer,HalfCheetah-v4,20,none,flrelu,0.4,1052863025.132647,2412525965.9084854
TD3,1layer,HalfCheetah-v4,40,none,flrelu,0.4,1191810147.97164,2234400021.042948
TD3,1layer,Finger-Spin,50,none,flrelu,0.1,475100000.0,552990000.0
TD3,1layer,Finger-Spin,10,none,flrelu,0.1,542715000.0,615570000.0
TD3,1layer,Finger-Spin,30,none,flrelu,0.1,308585000.0,554060000.0
TD3,1layer,Finger-Spin,20,none,flrelu,0.1,543105000.0,513140000.0
TD3,1layer,Finger-Spin,40,none,flrelu,0.1,508190000.0,2935000.0
TD3,1layer,Finger-Spin,50,none,flrelu,0.5,2475000.0,552990000.0
TD3,1layer,Finger-Spin,10,none,flrelu,0.5,311640000.0,615570000.0
TD3,1layer,Finger-Spin,30,none,flrelu,0.5,4230000.0,554060000.0
TD3,1layer,Finger-Spin,20,none,flrelu,0.5,313520000.0,513140000.0
TD3,1layer,Finger-Spin,40,none,flrelu,0.5,473885000.0,2935000.0
TD3,1layer,Finger-Spin,50,none,flrelu,0.2,511810000.0,552990000.0
TD3,1layer,Finger-Spin,10,none,flrelu,0.2,656695000.0,615570000.0
TD3,1layer,Finger-Spin,30,none,flrelu,0.2,376290000.0,554060000.0
TD3,1layer,Finger-Spin,20,none,flrelu,0.2,454245000.0,513140000.0
TD3,1layer,Finger-Spin,40,none,flrelu,0.2,601655000.0,2935000.0
TD3,1layer,Finger-Spin,50,none,flrelu,0.3,318550000.0,552990000.0
TD3,1layer,Finger-Spin,10,none,flrelu,0.3,501225000.0,615570000.0
TD3,1layer,Finger-Spin,30,none,flrelu,0.3,28080000.0,554060000.0
TD3,1layer,Finger-Spin,20,none,flrelu,0.3,382975000.0,513140000.0
TD3,1layer,Finger-Spin,40,none,flrelu,0.3,528010000.0,2935000.0
TD3,1layer,Finger-Spin,50,none,flrelu,0.4,155320000.0,552990000.0
TD3,1layer,Finger-Spin,10,none,flrelu,0.4,485945000.0,615570000.0
TD3,1layer,Finger-Spin,30,none,flrelu,0.4,102245000.0,554060000.0
TD3,1layer,Finger-Spin,20,none,flrelu,0.4,292210000.0,513140000.0
TD3,1layer,Finger-Spin,40,none,flrelu,0.4,4175000.0,2935000.0
TD3,1layer,Humanoid-v4,50,none,flrelu,0.3,1802652924.540592,1106944267.3487442
TD3,1layer,Humanoid-v4,10,none,flrelu,0.3,2058957192.4898248,2343803068.325737
TD3,1layer,Humanoid-v4,30,none,flrelu,0.3,2570153218.58288,2061960996.3081725
TD3,1layer,Humanoid-v4,20,none,flrelu,0.3,2204112214.978314,2723394108.918487
TD3,1layer,Humanoid-v4,40,none,flrelu,0.3,3124815868.72235,2991846242.848545
TD3,1layer,Humanoid-v4,50,none,flrelu,0.4,2627254725.3343306,1106944267.3487442
TD3,1layer,Humanoid-v4,10,none,flrelu,0.4,1632571962.41284,2343803068.325737
TD3,1layer,Humanoid-v4,30,none,flrelu,0.4,832331150.154945,2061960996.3081725
TD3,1layer,Humanoid-v4,20,none,flrelu,0.4,732832600.7186636,2723394108.918487
TD3,1layer,Humanoid-v4,40,none,flrelu,0.4,1655049611.1862838,2991846242.848545
TD3,1layer,Humanoid-v4,50,none,flrelu,0.1,3112608636.5105534,1106944267.3487442
TD3,1layer,Humanoid-v4,10,none,flrelu,0.1,2422093595.0620823,2343803068.325737
TD3,1layer,Humanoid-v4,30,none,flrelu,0.1,2189862369.9763126,2061960996.3081725
TD3,1layer,Humanoid-v4,20,none,flrelu,0.1,2462468675.141792,2723394108.918487
TD3,1layer,Humanoid-v4,40,none,flrelu,0.1,1583512150.1217062,2991846242.848545
TD3,1layer,Humanoid-v4,50,none,flrelu,0.2,2089099212.903228,1106944267.3487442
TD3,1layer,Humanoid-v4,10,none,flrelu,0.2,910750994.9256574,2343803068.325737
TD3,1layer,Humanoid-v4,30,none,flrelu,0.2,3567429581.9850645,2061960996.3081725
TD3,1layer,Humanoid-v4,20,none,flrelu,0.2,3102728014.78933,2723394108.918487
TD3,1layer,Humanoid-v4,40,none,flrelu,0.2,2473156353.3269444,2991846242.848545
TD3,1layer,Humanoid-v4,50,none,flrelu,0.5,764193060.9566683,1106944267.3487442
TD3,1layer,Humanoid-v4,10,none,flrelu,0.5,709558656.468479,2343803068.325737
TD3,1layer,Humanoid-v4,30,none,flrelu,0.5,1028309131.8028276,2061960996.3081725
TD3,1layer,Humanoid-v4,20,none,flrelu,0.5,2060245153.083314,2723394108.918487
TD3,1layer,Humanoid-v4,40,none,flrelu,0.5,629497958.1309578,2991846242.848545
TD3,1layer,Hopper-v4,50,none,gelu,base,712293836.3647461,1553728319.4785736
TD3,1layer,Hopper-v4,10,none,gelu,base,983521055.0689696,997557302.642246
TD3,1layer,Hopper-v4,30,none,gelu,base,1655958543.0908203,1207715107.8158066
TD3,1layer,Hopper-v4,20,none,gelu,base,607047676.3916016,421990125.53679466
TD3,1layer,Hopper-v4,40,none,gelu,base,2046156588.058472,1300994782.4551427
TD3,1layer,HalfCheetah-v4,50,none,gelu,base,3954099090.8432007,3353415530.6642475
TD3,1layer,HalfCheetah-v4,10,none,gelu,base,4465795079.956055,807138796.5343726
TD3,1layer,HalfCheetah-v4,30,none,gelu,base,3778283753.051758,2553012552.789513
TD3,1layer,HalfCheetah-v4,20,none,gelu,base,1247494439.277649,2412525965.9084854
TD3,1layer,HalfCheetah-v4,40,none,gelu,base,1355078696.7468262,2234400021.042948
TD3,1layer,Finger-Spin,50,none,gelu,base,631870000.0,552990000.0
TD3,1layer,Finger-Spin,10,none,gelu,base,493660000.0,615570000.0
TD3,1layer,Finger-Spin,30,none,gelu,base,575900000.0,554060000.0
TD3,1layer,Finger-Spin,20,none,gelu,base,197785000.0,513140000.0
TD3,1layer,Finger-Spin,40,none,gelu,base,422515000.0,2935000.0
TD3,1layer,Ant-v4,50,none,gelu,base,940607154.8461914,1693555010.772562
TD3,1layer,Ant-v4,10,none,gelu,base,1601074657.2875977,1192536727.5994835
TD3,1layer,Ant-v4,30,none,gelu,base,918610230.7128906,1762779837.5597622
TD3,1layer,Ant-v4,20,none,gelu,base,1004867332.763672,900793994.0220748
TD3,1layer,Ant-v4,40,none,gelu,base,1936605151.977539,1630323053.821143
TD3,1layer,Cartpole-Swingup,50,none,gelu,base,549827750.6169677,561161838.9550653
TD3,1layer,Cartpole-Swingup,10,none,gelu,base,689242550.7354736,726408811.6039491
TD3,1layer,Cartpole-Swingup,30,none,gelu,base,601964669.2657471,700447606.7396021
TD3,1layer,Cartpole-Swingup,20,none,gelu,base,626346887.4359131,728363101.2694352
TD3,1layer,Cartpole-Swingup,40,none,gelu,base,661419885.2539062,563744842.4712186
TD3,1layer,Walker-Walk,50,none,gelu,base,770144113.8553619,504467910.1687473
TD3,1layer,Walker-Walk,10,none,gelu,base,659773097.2766876,728394623.5922182
TD3,1layer,Walker-Walk,30,none,gelu,base,653701607.6660156,168221560.7888396
TD3,1layer,Walker-Walk,20,none,gelu,base,651106399.2214203,544862182.2640069
TD3,1layer,Walker-Walk,40,none,gelu,base,520615849.0562439,785829334.5009853
TD3,1layer,Humanoid-v4,50,none,gelu,base,2656134248.199463,1106944267.3487442
TD3,1layer,Humanoid-v4,10,none,gelu,base,988438491.2109376,2343803068.325737
TD3,1layer,Humanoid-v4,30,none,gelu,base,698542354.5074463,2061960996.3081725
TD3,1layer,Humanoid-v4,20,none,gelu,base,3376015246.658325,2723394108.918487
TD3,1layer,Humanoid-v4,40,none,gelu,base,1631635991.2872314,2991846242.848545
TD3,1layer,Cheetah-Run,50,none,gelu,base,358826237.79296875,268265303.23904985
TD3,1layer,Cheetah-Run,10,none,gelu,base,277792453.6895752,295672315.60116893
TD3,1layer,Cheetah-Run,30,none,gelu,base,265561583.1232071,262374520.0032089
TD3,1layer,Cheetah-Run,20,none,gelu,base,315759393.06259155,254426924.75623983
TD3,1layer,Cheetah-Run,40,none,gelu,base,275886393.62335205,332423689.09248704
TD3,1layer,Ant-v4,50,none,relu,base,1693555010.772562,1693555010.772562
TD3,1layer,Ant-v4,10,none,relu,base,1192536727.5994835,1192536727.5994835
TD3,1layer,Ant-v4,30,none,relu,base,1762779837.5597622,1762779837.5597622
TD3,1layer,Ant-v4,20,none,relu,base,900793994.0220748,900793994.0220748
TD3,1layer,Ant-v4,40,none,relu,base,1630323053.821143,1630323053.821143
TD3,1layer,Humanoid-v4,50,none,relu,base,1106944267.3487442,1106944267.3487442
TD3,1layer,Humanoid-v4,10,none,relu,base,2343803068.325737,2343803068.325737
TD3,1layer,Humanoid-v4,30,none,relu,base,2061960996.3081725,2061960996.3081725
TD3,1layer,Humanoid-v4,20,none,relu,base,2723394108.918487,2723394108.918487
TD3,1layer,Humanoid-v4,40,none,relu,base,2991846242.848545,2991846242.848545
TD3,1layer,HalfCheetah-v4,50,none,relu,base,3353415530.6642475,3353415530.6642475
TD3,1layer,HalfCheetah-v4,10,none,relu,base,807138796.5343726,807138796.5343726
TD3,1layer,HalfCheetah-v4,30,none,relu,base,2553012552.789513,2553012552.789513
TD3,1layer,HalfCheetah-v4,20,none,relu,base,2412525965.9084854,2412525965.9084854
TD3,1layer,HalfCheetah-v4,40,none,relu,base,2234400021.042948,2234400021.042948
TD3,1layer,Hopper-v4,50,none,relu,base,1553728319.4785736,1553728319.4785736
TD3,1layer,Hopper-v4,10,none,relu,base,997557302.642246,997557302.642246
TD3,1layer,Hopper-v4,30,none,relu,base,1207715107.8158066,1207715107.8158066
TD3,1layer,Hopper-v4,20,none,relu,base,421990125.53679466,421990125.53679466
TD3,1layer,Hopper-v4,40,none,relu,base,1300994782.4551427,1300994782.4551427
TD3,1layer,Cartpole-Swingup,50,none,relu,base,561161838.9550653,561161838.9550653
TD3,1layer,Cartpole-Swingup,10,none,relu,base,726408811.6039491,726408811.6039491
TD3,1layer,Cartpole-Swingup,30,none,relu,base,700447606.7396021,700447606.7396021
TD3,1layer,Cartpole-Swingup,20,none,relu,base,728363101.2694352,728363101.2694352
TD3,1layer,Cartpole-Swingup,40,none,relu,base,563744842.4712186,563744842.4712186
TD3,1layer,Finger-Spin,50,none,relu,base,552990000.0,552990000.0
TD3,1layer,Finger-Spin,10,none,relu,base,615570000.0,615570000.0
TD3,1layer,Finger-Spin,30,none,relu,base,554060000.0,554060000.0
TD3,1layer,Finger-Spin,20,none,relu,base,513140000.0,513140000.0
TD3,1layer,Finger-Spin,40,none,relu,base,2935000.0,2935000.0
TD3,1layer,Cheetah-Run,50,none,relu,base,268265303.23904985,268265303.23904985
TD3,1layer,Cheetah-Run,10,none,relu,base,295672315.60116893,295672315.60116893
TD3,1layer,Cheetah-Run,30,none,relu,base,262374520.0032089,262374520.0032089
TD3,1layer,Cheetah-Run,20,none,relu,base,254426924.75623983,254426924.75623983
TD3,1layer,Cheetah-Run,40,none,relu,base,332423689.09248704,332423689.09248704
TD3,1layer,Walker-Walk,50,none,relu,base,504467910.1687473,504467910.1687473
TD3,1layer,Walker-Walk,10,none,relu,base,728394623.5922182,728394623.5922182
TD3,1layer,Walker-Walk,30,none,relu,base,168221560.7888396,168221560.7888396
TD3,1layer,Walker-Walk,20,none,relu,base,544862182.2640069,544862182.2640069
TD3,1layer,Walker-Walk,40,none,relu,base,785829334.5009853,785829334.5009853
TD3,1layer,Walker-Walk,50,none,fswish,0.4,792393420.8679199,504467910.1687473
TD3,1layer,Walker-Walk,10,none,fswish,0.4,641501338.7298584,728394623.5922182
TD3,1layer,Walker-Walk,30,none,fswish,0.4,620550668.1060791,168221560.7888396
TD3,1layer,Walker-Walk,20,none,fswish,0.4,769341248.3787537,544862182.2640069
TD3,1layer,Walker-Walk,40,none,fswish,0.4,502424585.4949951,785829334.5009853
TD3,1layer,Walker-Walk,50,none,fswish,0.1,751630388.3361816,504467910.1687473
TD3,1layer,Walker-Walk,10,none,fswish,0.1,476325024.27101135,728394623.5922182
TD3,1layer,Walker-Walk,30,none,fswish,0.1,377564466.7053223,168221560.7888396
TD3,1layer,Walker-Walk,20,none,fswish,0.1,679748388.595581,544862182.2640069
TD3,1layer,Walker-Walk,40,none,fswish,0.1,805043643.6080933,785829334.5009853
TD3,1layer,Walker-Walk,50,none,fswish,0.2,567139820.8999634,504467910.1687473
TD3,1layer,Walker-Walk,10,none,fswish,0.2,652847143.0683136,728394623.5922182
TD3,1layer,Walker-Walk,30,none,fswish,0.2,407955470.82901,168221560.7888396
TD3,1layer,Walker-Walk,20,none,fswish,0.2,815068789.5393372,544862182.2640069
TD3,1layer,Walker-Walk,40,none,fswish,0.2,681490746.5934753,785829334.5009853
TD3,1layer,Walker-Walk,50,none,fswish,0.5,621633411.7889404,504467910.1687473
TD3,1layer,Walker-Walk,10,none,fswish,0.5,819103772.4113464,728394623.5922182
TD3,1layer,Walker-Walk,30,none,fswish,0.5,494241988.7161255,168221560.7888396
TD3,1layer,Walker-Walk,20,none,fswish,0.5,496825720.8251953,544862182.2640069
TD3,1layer,Walker-Walk,40,none,fswish,0.5,852295288.0859375,785829334.5009853
TD3,1layer,Walker-Walk,50,none,fswish,0.3,739584344.1009521,504467910.1687473
TD3,1layer,Walker-Walk,10,none,fswish,0.3,598524065.8760071,728394623.5922182
TD3,1layer,Walker-Walk,30,none,fswish,0.3,427207936.1629486,168221560.7888396
TD3,1layer,Walker-Walk,20,none,fswish,0.3,747997310.0280762,544862182.2640069
TD3,1layer,Walker-Walk,40,none,fswish,0.3,490051624.7463226,785829334.5009853
TD3,1layer,Cheetah-Run,50,none,fswish,0.2,271983612.77103424,268265303.23904985
TD3,1layer,Cheetah-Run,10,none,fswish,0.2,271554890.0938034,295672315.60116893
TD3,1layer,Cheetah-Run,30,none,fswish,0.2,258905198.4167099,262374520.0032089
TD3,1layer,Cheetah-Run,20,none,fswish,0.2,255658606.0707271,254426924.75623983
TD3,1layer,Cheetah-Run,40,none,fswish,0.2,369709028.5801888,332423689.09248704
TD3,1layer,Cheetah-Run,50,none,fswish,0.1,395280666.08190536,268265303.23904985
TD3,1layer,Cheetah-Run,10,none,fswish,0.1,271711046.42152786,295672315.60116893
TD3,1layer,Cheetah-Run,30,none,fswish,0.1,320938633.5849762,262374520.0032089
TD3,1layer,Cheetah-Run,20,none,fswish,0.1,247919678.62665653,254426924.75623983
TD3,1layer,Cheetah-Run,40,none,fswish,0.1,292627923.1393337,332423689.09248704
TD3,1layer,Cheetah-Run,50,none,fswish,0.3,385246852.5075913,268265303.23904985
TD3,1layer,Cheetah-Run,10,none,fswish,0.3,282872176.1006117,295672315.60116893
TD3,1layer,Cheetah-Run,30,none,fswish,0.3,340301171.4100838,262374520.0032089
TD3,1layer,Cheetah-Run,20,none,fswish,0.3,278834766.45469666,254426924.75623983
TD3,1layer,Cheetah-Run,40,none,fswish,0.3,361553147.12524414,332423689.09248704
TD3,1layer,Cheetah-Run,50,none,fswish,0.4,321660264.647007,268265303.23904985
TD3,1layer,Cheetah-Run,10,none,fswish,0.4,368422027.938664,295672315.60116893
TD3,1layer,Cheetah-Run,30,none,fswish,0.4,300976710.58535576,262374520.0032089
TD3,1layer,Cheetah-Run,20,none,fswish,0.4,297674766.52145386,254426924.75623983
TD3,1layer,Cheetah-Run,40,none,fswish,0.4,294441534.1556072,332423689.09248704
TD3,1layer,Cheetah-Run,50,none,fswish,0.5,287995985.0680828,268265303.23904985
TD3,1layer,Cheetah-Run,10,none,fswish,0.5,227193925.665617,295672315.60116893
TD3,1layer,Cheetah-Run,30,none,fswish,0.5,394859716.3891792,262374520.0032089
TD3,1layer,Cheetah-Run,20,none,fswish,0.5,317439522.4124193,254426924.75623983
TD3,1layer,Cheetah-Run,40,none,fswish,0.5,252154726.17447376,332423689.09248704
TD3,1layer,Ant-v4,50,none,fswish,0.3,1702766014.709473,1693555010.772562
TD3,1layer,Ant-v4,10,none,fswish,0.3,2619162377.9296875,1192536727.5994835
TD3,1layer,Ant-v4,30,none,fswish,0.3,933889295.2871324,1762779837.5597622
TD3,1layer,Ant-v4,20,none,fswish,0.3,2635420220.336914,900793994.0220748
TD3,1layer,Ant-v4,40,none,fswish,0.3,1855631355.895996,1630323053.821143
TD3,1layer,Ant-v4,50,none,fswish,0.4,1844863032.5317383,1693555010.772562
TD3,1layer,Ant-v4,10,none,fswish,0.4,926242937.0117188,1192536727.5994835
TD3,1layer,Ant-v4,30,none,fswish,0.4,1484105057.9833984,1762779837.5597622
TD3,1layer,Ant-v4,20,none,fswish,0.4,1370678615.9324646,900793994.0220748
TD3,1layer,Ant-v4,40,none,fswish,0.4,1609966138.0004883,1630323053.821143
TD3,1layer,Ant-v4,50,none,fswish,0.1,1415830345.6115725,1693555010.772562
TD3,1layer,Ant-v4,10,none,fswish,0.1,1253318358.7646484,1192536727.5994835
TD3,1layer,Ant-v4,30,none,fswish,0.1,1114927517.3950195,1762779837.5597622
TD3,1layer,Ant-v4,20,none,fswish,0.1,1010758109.2357635,900793994.0220748
TD3,1layer,Ant-v4,40,none,fswish,0.1,2047118420.410156,1630323053.821143
TD3,1layer,Ant-v4,50,none,fswish,0.5,1642260674.4384766,1693555010.772562
TD3,1layer,Ant-v4,10,none,fswish,0.5,1107796452.6367188,1192536727.5994835
TD3,1layer,Ant-v4,30,none,fswish,0.5,1678416483.459473,1762779837.5597622
TD3,1layer,Ant-v4,20,none,fswish,0.5,1574772397.7661133,900793994.0220748
TD3,1layer,Ant-v4,40,none,fswish,0.5,956794478.302002,1630323053.821143
TD3,1layer,Ant-v4,50,none,fswish,0.2,939630972.3758698,1693555010.772562
TD3,1layer,Ant-v4,10,none,fswish,0.2,1438383847.0458984,1192536727.5994835
TD3,1layer,Ant-v4,30,none,fswish,0.2,887872614.1166687,1762779837.5597622
TD3,1layer,Ant-v4,20,none,fswish,0.2,1207579508.3618164,900793994.0220748
TD3,1layer,Ant-v4,40,none,fswish,0.2,1996447638.5688784,1630323053.821143
TD3,1layer,Cartpole-Swingup,50,none,fswish,0.3,598152557.9833984,561161838.9550653
TD3,1layer,Cartpole-Swingup,10,none,fswish,0.3,692924971.2497461,726408811.6039491
TD3,1layer,Cartpole-Swingup,30,none,fswish,0.3,694524729.1564941,700447606.7396021
TD3,1layer,Cartpole-Swingup,20,none,fswish,0.3,644548321.685791,728363101.2694352
TD3,1layer,Cartpole-Swingup,40,none,fswish,0.3,762679511.2609863,563744842.4712186
TD3,1layer,Cartpole-Swingup,50,none,fswish,0.5,657149868.6218262,561161838.9550653
TD3,1layer,Cartpole-Swingup,10,none,fswish,0.5,729292623.6724854,726408811.6039491
TD3,1layer,Cartpole-Swingup,30,none,fswish,0.5,678665580.291748,700447606.7396021
TD3,1layer,Cartpole-Swingup,20,none,fswish,0.5,685345349.8245776,728363101.2694352
TD3,1layer,Cartpole-Swingup,40,none,fswish,0.5,688893367.0043945,563744842.4712186
TD3,1layer,Cartpole-Swingup,50,none,fswish,0.2,686000284.6837044,561161838.9550653
TD3,1layer,Cartpole-Swingup,10,none,fswish,0.2,697378000.4882812,726408811.6039491
TD3,1layer,Cartpole-Swingup,30,none,fswish,0.2,649232432.7850342,700447606.7396021
TD3,1layer,Cartpole-Swingup,20,none,fswish,0.2,553345853.4622192,728363101.2694352
TD3,1layer,Cartpole-Swingup,40,none,fswish,0.2,717638346.2524414,563744842.4712186
TD3,1layer,Cartpole-Swingup,50,none,fswish,0.4,592756537.0178223,561161838.9550653
TD3,1layer,Cartpole-Swingup,10,none,fswish,0.4,681833208.9233398,726408811.6039491
TD3,1layer,Cartpole-Swingup,30,none,fswish,0.4,651357689.1326904,700447606.7396021
TD3,1layer,Cartpole-Swingup,20,none,fswish,0.4,688988887.1765137,728363101.2694352
TD3,1layer,Cartpole-Swingup,40,none,fswish,0.4,621038523.1018066,563744842.4712186
TD3,1layer,Cartpole-Swingup,50,none,fswish,0.1,674023290.3289795,561161838.9550653
TD3,1layer,Cartpole-Swingup,10,none,fswish,0.1,571692546.9970703,726408811.6039491
TD3,1layer,Cartpole-Swingup,30,none,fswish,0.1,770765422.2106934,700447606.7396021
TD3,1layer,Cartpole-Swingup,20,none,fswish,0.1,681941302.7572632,728363101.2694352
TD3,1layer,Cartpole-Swingup,40,none,fswish,0.1,667162424.2019653,563744842.4712186
TD3,1layer,Hopper-v4,50,none,fswish,0.5,1415979770.5078125,1553728319.4785736
TD3,1layer,Hopper-v4,10,none,fswish,0.5,465962521.3587284,997557302.642246
TD3,1layer,Hopper-v4,30,none,fswish,0.5,1464017194.7479248,1207715107.8158066
TD3,1layer,Hopper-v4,20,none,fswish,0.5,457928305.0537109,421990125.53679466
TD3,1layer,Hopper-v4,40,none,fswish,0.5,825832442.9321289,1300994782.4551427
TD3,1layer,Hopper-v4,50,none,fswish,0.1,949385137.2528076,1553728319.4785736
TD3,1layer,Hopper-v4,10,none,fswish,0.1,1314730979.8431396,997557302.642246
TD3,1layer,Hopper-v4,30,none,fswish,0.1,1785712539.3676758,1207715107.8158066
TD3,1layer,Hopper-v4,20,none,fswish,0.1,1832523824.3103027,421990125.53679466
TD3,1layer,Hopper-v4,40,none,fswish,0.1,1820070743.713379,1300994782.4551427
TD3,1layer,Hopper-v4,50,none,fswish,0.3,1144256663.9709473,1553728319.4785736
TD3,1layer,Hopper-v4,10,none,fswish,0.3,1450426408.843994,997557302.642246
TD3,1layer,Hopper-v4,30,none,fswish,0.3,1493900278.7017822,1207715107.8158066
TD3,1layer,Hopper-v4,20,none,fswish,0.3,718916630.3253174,421990125.53679466
TD3,1layer,Hopper-v4,40,none,fswish,0.3,185651952.8579712,1300994782.4551427
TD3,1layer,Hopper-v4,50,none,fswish,0.2,1430153378.2958984,1553728319.4785736
TD3,1layer,Hopper-v4,10,none,fswish,0.2,2105167061.3861084,997557302.642246
TD3,1layer,Hopper-v4,30,none,fswish,0.2,2265094544.5251465,1207715107.8158066
TD3,1layer,Hopper-v4,20,none,fswish,0.2,1104445001.3959408,421990125.53679466
TD3,1layer,Hopper-v4,40,none,fswish,0.2,438075709.8197937,1300994782.4551427
TD3,1layer,Hopper-v4,50,none,fswish,0.4,1679206607.8186035,1553728319.4785736
TD3,1layer,Hopper-v4,10,none,fswish,0.4,1842730219.6502688,997557302.642246
TD3,1layer,Hopper-v4,30,none,fswish,0.4,1407431694.869995,1207715107.8158066
TD3,1layer,Hopper-v4,20,none,fswish,0.4,1006411756.7443848,421990125.53679466
TD3,1layer,Hopper-v4,40,none,fswish,0.4,1013287623.962164,1300994782.4551427
TD3,1layer,HalfCheetah-v4,50,none,fswish,0.5,1323786253.1661987,3353415530.6642475
TD3,1layer,HalfCheetah-v4,10,none,fswish,0.5,4166936027.6794434,807138796.5343726
TD3,1layer,HalfCheetah-v4,30,none,fswish,0.5,4006930710.5255127,2553012552.789513
TD3,1layer,HalfCheetah-v4,20,none,fswish,0.5,2732944295.806885,2412525965.9084854
TD3,1layer,HalfCheetah-v4,40,none,fswish,0.5,991192995.4528809,2234400021.042948
TD3,1layer,HalfCheetah-v4,50,none,fswish,0.2,988027263.6413574,3353415530.6642475
TD3,1layer,HalfCheetah-v4,10,none,fswish,0.2,4812576047.363281,807138796.5343726
TD3,1layer,HalfCheetah-v4,30,none,fswish,0.2,3702663217.010498,2553012552.789513
TD3,1layer,HalfCheetah-v4,20,none,fswish,0.2,3682894596.824646,2412525965.9084854
TD3,1layer,HalfCheetah-v4,40,none,fswish,0.2,3163564893.875122,2234400021.042948
TD3,1layer,HalfCheetah-v4,50,none,fswish,0.3,2839264737.6823425,3353415530.6642475
TD3,1layer,HalfCheetah-v4,10,none,fswish,0.3,3979656698.913574,807138796.5343726
TD3,1layer,HalfCheetah-v4,30,none,fswish,0.3,4563482546.539307,2553012552.789513
TD3,1layer,HalfCheetah-v4,20,none,fswish,0.3,3423872312.927246,2412525965.9084854
TD3,1layer,HalfCheetah-v4,40,none,fswish,0.3,1388194614.2578125,2234400021.042948
TD3,1layer,HalfCheetah-v4,50,none,fswish,0.1,1985096291.5039065,3353415530.6642475
TD3,1layer,HalfCheetah-v4,10,none,fswish,0.1,4598693100.46196,807138796.5343726
TD3,1layer,HalfCheetah-v4,30,none,fswish,0.1,4394044778.9001465,2553012552.789513
TD3,1layer,HalfCheetah-v4,20,none,fswish,0.1,1426025596.160889,2412525965.9084854
TD3,1layer,HalfCheetah-v4,40,none,fswish,0.1,4720102702.331543,2234400021.042948
TD3,1layer,HalfCheetah-v4,50,none,fswish,0.4,1092981828.2938004,3353415530.6642475
TD3,1layer,HalfCheetah-v4,10,none,fswish,0.4,3928875435.48584,807138796.5343726
TD3,1layer,HalfCheetah-v4,30,none,fswish,0.4,3827599910.583496,2553012552.789513
TD3,1layer,HalfCheetah-v4,20,none,fswish,0.4,4228050485.839844,2412525965.9084854
TD3,1layer,HalfCheetah-v4,40,none,fswish,0.4,1457544006.500244,2234400021.042948
TD3,1layer,Finger-Spin,50,none,fswish,0.2,544260000.0,552990000.0
TD3,1layer,Finger-Spin,10,none,fswish,0.2,540875000.0,615570000.0
TD3,1layer,Finger-Spin,30,none,fswish,0.2,545320000.0,554060000.0
TD3,1layer,Finger-Spin,20,none,fswish,0.2,549865000.0,513140000.0
TD3,1layer,Finger-Spin,40,none,fswish,0.2,400715000.0,2935000.0
TD3,1layer,Finger-Spin,50,none,fswish,0.3,500785000.0,552990000.0
TD3,1layer,Finger-Spin,10,none,fswish,0.3,504455000.0,615570000.0
TD3,1layer,Finger-Spin,30,none,fswish,0.3,495395000.0,554060000.0
TD3,1layer,Finger-Spin,20,none,fswish,0.3,474820000.0,513140000.0
TD3,1layer,Finger-Spin,40,none,fswish,0.3,637185000.0,2935000.0
TD3,1layer,Finger-Spin,50,none,fswish,0.5,556125000.0,552990000.0
TD3,1layer,Finger-Spin,10,none,fswish,0.5,482075000.0,615570000.0
TD3,1layer,Finger-Spin,30,none,fswish,0.5,518405000.0,554060000.0
TD3,1layer,Finger-Spin,20,none,fswish,0.5,549380000.0,513140000.0
TD3,1layer,Finger-Spin,40,none,fswish,0.5,586135000.0,2935000.0
TD3,1layer,Finger-Spin,50,none,fswish,0.4,501875000.0,552990000.0
TD3,1layer,Finger-Spin,10,none,fswish,0.4,537060000.0,615570000.0
TD3,1layer,Finger-Spin,30,none,fswish,0.4,490225000.0,554060000.0
TD3,1layer,Finger-Spin,20,none,fswish,0.4,547815000.0,513140000.0
TD3,1layer,Finger-Spin,40,none,fswish,0.4,546075000.0,2935000.0
TD3,1layer,Finger-Spin,50,none,fswish,0.1,570070000.0,552990000.0
TD3,1layer,Finger-Spin,10,none,fswish,0.1,525720000.0,615570000.0
TD3,1layer,Finger-Spin,30,none,fswish,0.1,506350000.0,554060000.0
TD3,1layer,Finger-Spin,20,none,fswish,0.1,345470000.0,513140000.0
TD3,1layer,Finger-Spin,40,none,fswish,0.1,633175000.0,2935000.0
TD3,1layer,Humanoid-v4,50,none,fswish,0.2,1985431304.1687007,1106944267.3487442
TD3,1layer,Humanoid-v4,10,none,fswish,0.2,1132635169.5251465,2343803068.325737
TD3,1layer,Humanoid-v4,30,none,fswish,0.2,2602952593.8415527,2061960996.3081725
TD3,1layer,Humanoid-v4,20,none,fswish,0.2,2814941655.50232,2723394108.918487
TD3,1layer,Humanoid-v4,40,none,fswish,0.2,2126327377.7771,2991846242.848545
TD3,1layer,Humanoid-v4,50,none,fswish,0.5,3175329467.4682617,1106944267.3487442
TD3,1layer,Humanoid-v4,10,none,fswish,0.5,2494921872.5585938,2343803068.325737
TD3,1layer,Humanoid-v4,30,none,fswish,0.5,1912231433.9065552,2061960996.3081725
TD3,1layer,Humanoid-v4,20,none,fswish,0.5,797763829.1931152,2723394108.918487
TD3,1layer,Humanoid-v4,40,none,fswish,0.5,660293968.8110352,2991846242.848545
TD3,1layer,Humanoid-v4,50,none,fswish,0.1,2508223656.158448,1106944267.3487442
TD3,1layer,Humanoid-v4,10,none,fswish,0.1,1324219240.6463623,2343803068.325737
TD3,1layer,Humanoid-v4,30,none,fswish,0.1,1852517476.5014648,2061960996.3081725
TD3,1layer,Humanoid-v4,20,none,fswish,0.1,3087374246.673584,2723394108.918487
TD3,1layer,Humanoid-v4,40,none,fswish,0.1,2050965355.148316,2991846242.848545
TD3,1layer,Humanoid-v4,50,none,fswish,0.4,3237023807.067871,1106944267.3487442
TD3,1layer,Humanoid-v4,10,none,fswish,0.4,3199353658.2946777,2343803068.325737
TD3,1layer,Humanoid-v4,30,none,fswish,0.4,2550843100.6622314,2061960996.3081725
TD3,1layer,Humanoid-v4,20,none,fswish,0.4,1077653578.7963867,2723394108.918487
TD3,1layer,Humanoid-v4,40,none,fswish,0.4,1965698461.8759155,2991846242.848545
TD3,1layer,Humanoid-v4,50,none,fswish,0.3,2662598886.566162,1106944267.3487442
TD3,1layer,Humanoid-v4,10,none,fswish,0.3,1654985335.769653,2343803068.325737
TD3,1layer,Humanoid-v4,30,none,fswish,0.3,3079128432.7316284,2061960996.3081725
TD3,1layer,Humanoid-v4,20,none,fswish,0.3,1824794036.3311768,2723394108.918487
TD3,1layer,Humanoid-v4,40,none,fswish,0.3,1858473911.819458,2991846242.848545
TD3,1layer,Walker-Walk,50,none,fgelu,0.4,658587510.7765198,504467910.1687473
TD3,1layer,Walker-Walk,10,none,fgelu,0.4,861234296.8177795,728394623.5922182
TD3,1layer,Walker-Walk,30,none,fgelu,0.4,359606765.6517029,168221560.7888396
TD3,1layer,Walker-Walk,20,none,fgelu,0.4,563244054.2125702,544862182.2640069
TD3,1layer,Walker-Walk,40,none,fgelu,0.4,814746084.1274261,785829334.5009853
TD3,1layer,Walker-Walk,50,none,fgelu,0.1,628192933.6929321,504467910.1687473
TD3,1layer,Walker-Walk,10,none,fgelu,0.1,701461310.5201721,728394623.5922182
TD3,1layer,Walker-Walk,30,none,fgelu,0.1,430308084.9075317,168221560.7888396
TD3,1layer,Walker-Walk,20,none,fgelu,0.1,534035720.48187256,544862182.2640069
TD3,1layer,Walker-Walk,40,none,fgelu,0.1,440988321.0372925,785829334.5009853
TD3,1layer,Walker-Walk,50,none,fgelu,0.5,704325354.9098969,504467910.1687473
TD3,1layer,Walker-Walk,10,none,fgelu,0.5,828827472.9156494,728394623.5922182
TD3,1layer,Walker-Walk,30,none,fgelu,0.5,277858340.4350281,168221560.7888396
TD3,1layer,Walker-Walk,20,none,fgelu,0.5,769226107.8834534,544862182.2640069
TD3,1layer,Walker-Walk,40,none,fgelu,0.5,456490927.2241592,785829334.5009853
TD3,1layer,Walker-Walk,50,none,fgelu,0.2,828183829.2312622,504467910.1687473
TD3,1layer,Walker-Walk,10,none,fgelu,0.2,784549310.7509613,728394623.5922182
TD3,1layer,Walker-Walk,30,none,fgelu,0.2,513620900.4878998,168221560.7888396
TD3,1layer,Walker-Walk,20,none,fgelu,0.2,575384348.7548828,544862182.2640069
TD3,1layer,Walker-Walk,40,none,fgelu,0.2,402173578.89175415,785829334.5009853
TD3,1layer,Walker-Walk,50,none,fgelu,0.3,805868552.8087616,504467910.1687473
TD3,1layer,Walker-Walk,10,none,fgelu,0.3,760926846.5232849,728394623.5922182
TD3,1layer,Walker-Walk,30,none,fgelu,0.3,504195759.14382935,168221560.7888396
TD3,1layer,Walker-Walk,20,none,fgelu,0.3,726325319.3283081,544862182.2640069
TD3,1layer,Walker-Walk,40,none,fgelu,0.3,588885487.6708984,785829334.5009853
TD3,1layer,Cheetah-Run,50,none,fgelu,0.4,371186500.9689331,268265303.23904985
TD3,1layer,Cheetah-Run,10,none,fgelu,0.4,294670557.4202537,295672315.60116893
TD3,1layer,Cheetah-Run,30,none,fgelu,0.4,348340515.2988434,262374520.0032089
TD3,1layer,Cheetah-Run,20,none,fgelu,0.4,295407514.73009586,254426924.75623983
TD3,1layer,Cheetah-Run,40,none,fgelu,0.4,307891304.45480347,332423689.09248704
TD3,1layer,Cheetah-Run,50,none,fgelu,0.5,325815234.58480835,268265303.23904985
TD3,1layer,Cheetah-Run,10,none,fgelu,0.5,310576872.5967407,295672315.60116893
TD3,1layer,Cheetah-Run,30,none,fgelu,0.5,327187177.2348881,262374520.0032089
TD3,1layer,Cheetah-Run,20,none,fgelu,0.5,317046183.3810806,254426924.75623983
TD3,1layer,Cheetah-Run,40,none,fgelu,0.5,376763405.9762955,332423689.09248704
TD3,1layer,Cheetah-Run,50,none,fgelu,0.1,406060162.73498535,268265303.23904985
TD3,1layer,Cheetah-Run,10,none,fgelu,0.1,291449158.7024927,295672315.60116893
TD3,1layer,Cheetah-Run,30,none,fgelu,0.1,310930766.723156,262374520.0032089
TD3,1layer,Cheetah-Run,20,none,fgelu,0.1,288687210.5938196,254426924.75623983
TD3,1layer,Cheetah-Run,40,none,fgelu,0.1,299407717.692852,332423689.09248704
TD3,1layer,Cheetah-Run,50,none,fgelu,0.2,296565297.1172333,268265303.23904985
TD3,1layer,Cheetah-Run,10,none,fgelu,0.2,364020730.4906845,295672315.60116893
TD3,1layer,Cheetah-Run,30,none,fgelu,0.2,337786961.13586426,262374520.0032089
TD3,1layer,Cheetah-Run,20,none,fgelu,0.2,261837799.33691025,254426924.75623983
TD3,1layer,Cheetah-Run,40,none,fgelu,0.2,323649390.8381462,332423689.09248704
TD3,1layer,Cheetah-Run,50,none,fgelu,0.3,328552526.85546875,268265303.23904985
TD3,1layer,Cheetah-Run,10,none,fgelu,0.3,340036521.5957165,295672315.60116893
TD3,1layer,Cheetah-Run,30,none,fgelu,0.3,294000514.8124695,262374520.0032089
TD3,1layer,Cheetah-Run,20,none,fgelu,0.3,303525243.5195446,254426924.75623983
TD3,1layer,Cheetah-Run,40,none,fgelu,0.3,264237847.22089767,332423689.09248704
TD3,1layer,Ant-v4,50,none,fgelu,0.2,1031512155.7617188,1693555010.772562
TD3,1layer,Ant-v4,10,none,fgelu,0.2,1271583153.3813477,1192536727.5994835
TD3,1layer,Ant-v4,30,none,fgelu,0.2,912923186.1495972,1762779837.5597622
TD3,1layer,Ant-v4,20,none,fgelu,0.2,1546209844.9707031,900793994.0220748
TD3,1layer,Ant-v4,40,none,fgelu,0.2,1291794898.9868164,1630323053.821143
TD3,1layer,Ant-v4,50,none,fgelu,0.5,1627555095.3722,1693555010.772562
TD3,1layer,Ant-v4,10,none,fgelu,0.5,1078351968.0786133,1192536727.5994835
TD3,1layer,Ant-v4,30,none,fgelu,0.5,927726384.8876952,1762779837.5597622
TD3,1layer,Ant-v4,20,none,fgelu,0.5,1885374531.555176,900793994.0220748
TD3,1layer,Ant-v4,40,none,fgelu,0.5,1966973815.7653809,1630323053.821143
TD3,1layer,Ant-v4,50,none,fgelu,0.4,932255780.9448242,1693555010.772562
TD3,1layer,Ant-v4,10,none,fgelu,0.4,1831430855.4077148,1192536727.5994835
TD3,1layer,Ant-v4,30,none,fgelu,0.4,930931205.444336,1762779837.5597622
TD3,1layer,Ant-v4,20,none,fgelu,0.4,1030348498.2299803,900793994.0220748
TD3,1layer,Ant-v4,40,none,fgelu,0.4,992457297.668457,1630323053.821143
TD3,1layer,Ant-v4,50,none,fgelu,0.3,1460952938.3468628,1693555010.772562
TD3,1layer,Ant-v4,10,none,fgelu,0.3,1143778925.4760742,1192536727.5994835
TD3,1layer,Ant-v4,30,none,fgelu,0.3,1463385489.196777,1762779837.5597622
TD3,1layer,Ant-v4,20,none,fgelu,0.3,1110113725.8911133,900793994.0220748
TD3,1layer,Ant-v4,40,none,fgelu,0.3,2294067459.411621,1630323053.821143
TD3,1layer,Ant-v4,50,none,fgelu,0.1,1260819633.140564,1693555010.772562
TD3,1layer,Ant-v4,10,none,fgelu,0.1,1155034524.5361328,1192536727.5994835
TD3,1layer,Ant-v4,30,none,fgelu,0.1,1145355641.784668,1762779837.5597622
TD3,1layer,Ant-v4,20,none,fgelu,0.1,1016410135.8032228,900793994.0220748
TD3,1layer,Ant-v4,40,none,fgelu,0.1,1413575962.524414,1630323053.821143
TD3,1layer,Cartpole-Swingup,50,none,fgelu,0.3,705433144.493103,561161838.9550653
TD3,1layer,Cartpole-Swingup,10,none,fgelu,0.3,742804740.9820557,726408811.6039491
TD3,1layer,Cartpole-Swingup,30,none,fgelu,0.3,675038992.805481,700447606.7396021
TD3,1layer,Cartpole-Swingup,20,none,fgelu,0.3,723938592.9107666,728363101.2694352
TD3,1layer,Cartpole-Swingup,40,none,fgelu,0.3,722802172.164917,563744842.4712186
TD3,1layer,Cartpole-Swingup,50,none,fgelu,0.2,760543803.1768799,561161838.9550653
TD3,1layer,Cartpole-Swingup,10,none,fgelu,0.2,740851717.300415,726408811.6039491
TD3,1layer,Cartpole-Swingup,30,none,fgelu,0.2,640740208.8165283,700447606.7396021
TD3,1layer,Cartpole-Swingup,20,none,fgelu,0.2,771303482.5897217,728363101.2694352
TD3,1layer,Cartpole-Swingup,40,none,fgelu,0.2,765429759.1400146,563744842.4712186
TD3,1layer,Cartpole-Swingup,50,none,fgelu,0.1,434793518.2952881,561161838.9550653
TD3,1layer,Cartpole-Swingup,10,none,fgelu,0.1,725748361.7401123,726408811.6039491
TD3,1layer,Cartpole-Swingup,30,none,fgelu,0.1,720838074.2645264,700447606.7396021
TD3,1layer,Cartpole-Swingup,20,none,fgelu,0.1,702062678.1463623,728363101.2694352
TD3,1layer,Cartpole-Swingup,40,none,fgelu,0.1,730427449.0356445,563744842.4712186
TD3,1layer,Cartpole-Swingup,50,none,fgelu,0.4,749458522.7203369,561161838.9550653
TD3,1layer,Cartpole-Swingup,10,none,fgelu,0.4,632233888.6260986,726408811.6039491
TD3,1layer,Cartpole-Swingup,30,none,fgelu,0.4,721328036.7279053,700447606.7396021
TD3,1layer,Cartpole-Swingup,20,none,fgelu,0.4,717095785.7513428,728363101.2694352
TD3,1layer,Cartpole-Swingup,40,none,fgelu,0.4,679553758.6975098,563744842.4712186
TD3,1layer,Cartpole-Swingup,50,none,fgelu,0.5,677065534.6679688,561161838.9550653
TD3,1layer,Cartpole-Swingup,10,none,fgelu,0.5,678670839.7293091,726408811.6039491
TD3,1layer,Cartpole-Swingup,30,none,fgelu,0.5,708782966.0835117,700447606.7396021
TD3,1layer,Cartpole-Swingup,20,none,fgelu,0.5,734112926.8836975,728363101.2694352
TD3,1layer,Cartpole-Swingup,40,none,fgelu,0.5,643192935.3713989,563744842.4712186
TD3,1layer,Hopper-v4,50,none,fgelu,0.3,2152812311.1724854,1553728319.4785736
TD3,1layer,Hopper-v4,10,none,fgelu,0.3,732532069.7021484,997557302.642246
TD3,1layer,Hopper-v4,30,none,fgelu,0.3,1442806944.4274902,1207715107.8158066
TD3,1layer,Hopper-v4,20,none,fgelu,0.3,510690288.0859375,421990125.53679466
TD3,1layer,Hopper-v4,40,none,fgelu,0.3,1209449936.9812012,1300994782.4551427
TD3,1layer,Hopper-v4,50,none,fgelu,0.1,1445740172.4243164,1553728319.4785736
TD3,1layer,Hopper-v4,10,none,fgelu,0.1,1820131370.010376,997557302.642246
TD3,1layer,Hopper-v4,30,none,fgelu,0.1,1918437391.5100093,1207715107.8158066
TD3,1layer,Hopper-v4,20,none,fgelu,0.1,989569625.3967284,421990125.53679466
TD3,1layer,Hopper-v4,40,none,fgelu,0.1,1233093638.3652687,1300994782.4551427
TD3,1layer,Hopper-v4,50,none,fgelu,0.4,1903595095.329285,1553728319.4785736
TD3,1layer,Hopper-v4,10,none,fgelu,0.4,2336446983.642578,997557302.642246
TD3,1layer,Hopper-v4,30,none,fgelu,0.4,2096753577.423096,1207715107.8158066
TD3,1layer,Hopper-v4,20,none,fgelu,0.4,687629232.0632935,421990125.53679466
TD3,1layer,Hopper-v4,40,none,fgelu,0.4,734247842.9412842,1300994782.4551427
TD3,1layer,Hopper-v4,50,none,fgelu,0.2,1863126770.586968,1553728319.4785736
TD3,1layer,Hopper-v4,10,none,fgelu,0.2,1602046050.5712032,997557302.642246
TD3,1layer,Hopper-v4,30,none,fgelu,0.2,2174363100.4333496,1207715107.8158066
TD3,1layer,Hopper-v4,20,none,fgelu,0.2,1150218093.4906006,421990125.53679466
TD3,1layer,Hopper-v4,40,none,fgelu,0.2,369092728.42407227,1300994782.4551427
TD3,1layer,Hopper-v4,50,none,fgelu,0.5,2047242190.39917,1553728319.4785736
TD3,1layer,Hopper-v4,10,none,fgelu,0.5,285839438.60054016,997557302.642246
TD3,1layer,Hopper-v4,30,none,fgelu,0.5,1934549695.2819824,1207715107.8158066
TD3,1layer,Hopper-v4,20,none,fgelu,0.5,2326558783.016205,421990125.53679466
TD3,1layer,Hopper-v4,40,none,fgelu,0.5,358774410.78186035,1300994782.4551427
TD3,1layer,HalfCheetah-v4,50,none,fgelu,0.2,3116302232.36084,3353415530.6642475
TD3,1layer,HalfCheetah-v4,10,none,fgelu,0.2,4112292218.6279297,807138796.5343726
TD3,1layer,HalfCheetah-v4,30,none,fgelu,0.2,3706867515.7165527,2553012552.789513
TD3,1layer,HalfCheetah-v4,20,none,fgelu,0.2,1117563046.1120603,2412525965.9084854
TD3,1layer,HalfCheetah-v4,40,none,fgelu,0.2,1049486933.8226318,2234400021.042948
TD3,1layer,HalfCheetah-v4,50,none,fgelu,0.4,1139840651.5312195,3353415530.6642475
TD3,1layer,HalfCheetah-v4,10,none,fgelu,0.4,3327438770.1416016,807138796.5343726
TD3,1layer,HalfCheetah-v4,30,none,fgelu,0.4,1350435109.2338562,2553012552.789513
TD3,1layer,HalfCheetah-v4,20,none,fgelu,0.4,3774485691.375733,2412525965.9084854
TD3,1layer,HalfCheetah-v4,40,none,fgelu,0.4,4173111766.2906647,2234400021.042948
TD3,1layer,HalfCheetah-v4,50,none,fgelu,0.5,1267631205.8258057,3353415530.6642475
TD3,1layer,HalfCheetah-v4,10,none,fgelu,0.5,3731564865.2648926,807138796.5343726
TD3,1layer,HalfCheetah-v4,30,none,fgelu,0.5,3714958961.753845,2553012552.789513
TD3,1layer,HalfCheetah-v4,20,none,fgelu,0.5,3847005818.67218,2412525965.9084854
TD3,1layer,HalfCheetah-v4,40,none,fgelu,0.5,4160427066.612244,2234400021.042948
TD3,1layer,HalfCheetah-v4,50,none,fgelu,0.1,565738060.9893799,3353415530.6642475
TD3,1layer,HalfCheetah-v4,10,none,fgelu,0.1,1235667902.4028778,807138796.5343726
TD3,1layer,HalfCheetah-v4,30,none,fgelu,0.1,1263331549.4823456,2553012552.789513
TD3,1layer,HalfCheetah-v4,20,none,fgelu,0.1,445777243.1945801,2412525965.9084854
TD3,1layer,HalfCheetah-v4,40,none,fgelu,0.1,1310030280.2276611,2234400021.042948
TD3,1layer,HalfCheetah-v4,50,none,fgelu,0.3,2753192942.8863525,3353415530.6642475
TD3,1layer,HalfCheetah-v4,10,none,fgelu,0.3,3837806420.8984375,807138796.5343726
TD3,1layer,HalfCheetah-v4,30,none,fgelu,0.3,3414905328.2928467,2553012552.789513
TD3,1layer,HalfCheetah-v4,20,none,fgelu,0.3,1022856780.7006836,2412525965.9084854
TD3,1layer,HalfCheetah-v4,40,none,fgelu,0.3,1227542992.5632477,2234400021.042948
TD3,1layer,Finger-Spin,50,none,fgelu,0.2,380595000.0,552990000.0
TD3,1layer,Finger-Spin,10,none,fgelu,0.2,536470000.0,615570000.0
TD3,1layer,Finger-Spin,30,none,fgelu,0.2,519360000.0,554060000.0
TD3,1layer,Finger-Spin,20,none,fgelu,0.2,538175000.0,513140000.0
TD3,1layer,Finger-Spin,40,none,fgelu,0.2,563875000.0,2935000.0
TD3,1layer,Finger-Spin,50,none,fgelu,0.1,514655000.0,552990000.0
TD3,1layer,Finger-Spin,10,none,fgelu,0.1,567720000.0,615570000.0
TD3,1layer,Finger-Spin,30,none,fgelu,0.1,515715000.0,554060000.0
TD3,1layer,Finger-Spin,20,none,fgelu,0.1,547840000.0,513140000.0
TD3,1layer,Finger-Spin,40,none,fgelu,0.1,424185000.0,2935000.0
TD3,1layer,Finger-Spin,50,none,fgelu,0.3,2230000.0,552990000.0
TD3,1layer,Finger-Spin,10,none,fgelu,0.3,495975000.0,615570000.0
TD3,1layer,Finger-Spin,30,none,fgelu,0.3,602195000.0,554060000.0
TD3,1layer,Finger-Spin,20,none,fgelu,0.3,471560000.0,513140000.0
TD3,1layer,Finger-Spin,40,none,fgelu,0.3,592835000.0,2935000.0
TD3,1layer,Finger-Spin,50,none,fgelu,0.4,538860000.0,552990000.0
TD3,1layer,Finger-Spin,10,none,fgelu,0.4,652420000.0,615570000.0
TD3,1layer,Finger-Spin,30,none,fgelu,0.4,549720000.0,554060000.0
TD3,1layer,Finger-Spin,20,none,fgelu,0.4,595210000.0,513140000.0
TD3,1layer,Finger-Spin,40,none,fgelu,0.4,533425000.0,2935000.0
TD3,1layer,Finger-Spin,50,none,fgelu,0.5,570880000.0,552990000.0
TD3,1layer,Finger-Spin,10,none,fgelu,0.5,590080000.0,615570000.0
TD3,1layer,Finger-Spin,30,none,fgelu,0.5,606035000.0,554060000.0
TD3,1layer,Finger-Spin,20,none,fgelu,0.5,575970000.0,513140000.0
TD3,1layer,Finger-Spin,40,none,fgelu,0.5,616395000.0,2935000.0
TD3,1layer,Humanoid-v4,50,none,fgelu,0.4,1149548836.2121582,1106944267.3487442
TD3,1layer,Humanoid-v4,10,none,fgelu,0.4,621440013.5803223,2343803068.325737
TD3,1layer,Humanoid-v4,30,none,fgelu,0.4,1573354435.6536863,2061960996.3081725
TD3,1layer,Humanoid-v4,20,none,fgelu,0.4,1541055491.5618896,2723394108.918487
TD3,1layer,Humanoid-v4,40,none,fgelu,0.4,2345764116.3635254,2991846242.848545
TD3,1layer,Humanoid-v4,50,none,fgelu,0.1,1444940116.4245603,1106944267.3487442
TD3,1layer,Humanoid-v4,10,none,fgelu,0.1,1016683221.321106,2343803068.325737
TD3,1layer,Humanoid-v4,30,none,fgelu,0.1,603025443.8400269,2061960996.3081725
TD3,1layer,Humanoid-v4,20,none,fgelu,0.1,2599690255.279541,2723394108.918487
TD3,1layer,Humanoid-v4,40,none,fgelu,0.1,2639108313.446045,2991846242.848545
TD3,1layer,Humanoid-v4,50,none,fgelu,0.2,1257497870.0256348,1106944267.3487442
TD3,1layer,Humanoid-v4,10,none,fgelu,0.2,2518553956.298828,2343803068.325737
TD3,1layer,Humanoid-v4,30,none,fgelu,0.2,1255733811.1495972,2061960996.3081725
TD3,1layer,Humanoid-v4,20,none,fgelu,0.2,2718846362.915039,2723394108.918487
TD3,1layer,Humanoid-v4,40,none,fgelu,0.2,2410451593.8568115,2991846242.848545
TD3,1layer,Humanoid-v4,50,none,fgelu,0.3,848903284.9121094,1106944267.3487442
TD3,1layer,Humanoid-v4,10,none,fgelu,0.3,2462033628.883362,2343803068.325737
TD3,1layer,Humanoid-v4,30,none,fgelu,0.3,2831004125.6713867,2061960996.3081725
TD3,1layer,Humanoid-v4,20,none,fgelu,0.3,3589029789.123535,2723394108.918487
TD3,1layer,Humanoid-v4,40,none,fgelu,0.3,2336483113.632202,2991846242.848545
TD3,1layer,Humanoid-v4,50,none,fgelu,0.5,1079746314.8498535,1106944267.3487442
TD3,1layer,Humanoid-v4,10,none,fgelu,0.5,2685859343.5668945,2343803068.325737
TD3,1layer,Humanoid-v4,30,none,fgelu,0.5,2546514571.533203,2061960996.3081725
TD3,1layer,Humanoid-v4,20,none,fgelu,0.5,2469813308.1817627,2723394108.918487
TD3,1layer,Humanoid-v4,40,none,fgelu,0.5,2851213749.0844727,2991846242.848545
TD3,1layer,Hopper-v4,50,none,lrelu,base,1507213608.012128,1553728319.4785736
TD3,1layer,Hopper-v4,10,none,lrelu,base,782382114.0748836,997557302.642246
TD3,1layer,Hopper-v4,30,none,lrelu,base,1282779165.628467,1207715107.8158066
TD3,1layer,Hopper-v4,20,none,lrelu,base,274042958.9804182,421990125.53679466
TD3,1layer,Hopper-v4,40,none,lrelu,base,1221800576.3740532,1300994782.4551427
TD3,1layer,Ant-v4,50,none,lrelu,base,1719361641.4091678,1693555010.772562
TD3,1layer,Ant-v4,10,none,lrelu,base,1498341307.2283196,1192536727.5994835
TD3,1layer,Ant-v4,30,none,lrelu,base,1794378154.1635904,1762779837.5597622
TD3,1layer,Ant-v4,20,none,lrelu,base,2117688597.9000816,900793994.0220748
TD3,1layer,Ant-v4,40,none,lrelu,base,940959792.6637434,1630323053.821143
TD3,1layer,Cheetah-Run,50,none,lrelu,base,332800903.1763841,268265303.23904985
TD3,1layer,Cheetah-Run,10,none,lrelu,base,331024853.7676654,295672315.60116893
TD3,1layer,Cheetah-Run,30,none,lrelu,base,288736191.9809911,262374520.0032089
TD3,1layer,Cheetah-Run,20,none,lrelu,base,300058499.04950047,254426924.75623983
TD3,1layer,Cheetah-Run,40,none,lrelu,base,319514230.03693634,332423689.09248704
TD3,1layer,Cartpole-Swingup,50,none,lrelu,base,669668940.539792,561161838.9550653
TD3,1layer,Cartpole-Swingup,10,none,lrelu,base,677126773.4221017,726408811.6039491
TD3,1layer,Cartpole-Swingup,30,none,lrelu,base,640269222.2504615,700447606.7396021
TD3,1layer,Cartpole-Swingup,20,none,lrelu,base,598324128.3362564,728363101.2694352
TD3,1layer,Cartpole-Swingup,40,none,lrelu,base,435934122.40366536,563744842.4712186
TD3,1layer,Humanoid-v4,50,none,lrelu,base,2235045243.960073,1106944267.3487442
TD3,1layer,Humanoid-v4,10,none,lrelu,base,2164135225.909735,2343803068.325737
TD3,1layer,Humanoid-v4,30,none,lrelu,base,1846108742.6910536,2061960996.3081725
TD3,1layer,Humanoid-v4,20,none,lrelu,base,983528618.6615306,2723394108.918487
TD3,1layer,Humanoid-v4,40,none,lrelu,base,1035467891.9988931,2991846242.848545
TD3,1layer,Finger-Spin,50,none,lrelu,base,509490000.0,552990000.0
TD3,1layer,Finger-Spin,10,none,lrelu,base,529255000.0,615570000.0
TD3,1layer,Finger-Spin,30,none,lrelu,base,511320000.0,554060000.0
TD3,1layer,Finger-Spin,20,none,lrelu,base,517205000.0,513140000.0
TD3,1layer,Finger-Spin,40,none,lrelu,base,593360000.0,2935000.0
TD3,1layer,HalfCheetah-v4,50,none,lrelu,base,3999710672.456368,3353415530.6642475
TD3,1layer,HalfCheetah-v4,10,none,lrelu,base,1080082744.771727,807138796.5343726
TD3,1layer,HalfCheetah-v4,30,none,lrelu,base,4837186843.393198,2553012552.789513
TD3,1layer,HalfCheetah-v4,20,none,lrelu,base,3785806555.8727646,2412525965.9084854
TD3,1layer,HalfCheetah-v4,40,none,lrelu,base,1317990404.649282,2234400021.042948
TD3,1layer,Walker-Walk,50,none,lrelu,base,573561591.1899003,504467910.1687473
TD3,1layer,Walker-Walk,10,none,lrelu,base,644417604.157709,728394623.5922182
TD3,1layer,Walker-Walk,30,none,lrelu,base,197676457.72432888,168221560.7888396
TD3,1layer,Walker-Walk,20,none,lrelu,base,811633221.4934995,544862182.2640069
TD3,1layer,Walker-Walk,40,none,lrelu,base,536134137.5993284,785829334.5009853
TD3,1layer,Ant-v4,50,none,fprelu,0.2,894103662.5504183,1693555010.772562
TD3,1layer,Ant-v4,10,none,fprelu,0.2,1163409014.5239494,1192536727.5994835
TD3,1layer,Ant-v4,30,none,fprelu,0.2,1053795423.0829784,1762779837.5597622
TD3,1layer,Ant-v4,20,none,fprelu,0.2,1580165085.2364175,900793994.0220748
TD3,1layer,Ant-v4,40,none,fprelu,0.2,1487282092.141718,1630323053.821143
TD3,1layer,Ant-v4,50,none,fprelu,0.1,985694946.090359,1693555010.772562
TD3,1layer,Ant-v4,10,none,fprelu,0.1,961886209.8444432,1192536727.5994835
TD3,1layer,Ant-v4,30,none,fprelu,0.1,1305224144.655139,1762779837.5597622
TD3,1layer,Ant-v4,20,none,fprelu,0.1,1405185273.169935,900793994.0220748
TD3,1layer,Ant-v4,40,none,fprelu,0.1,1257207188.434605,1630323053.821143
TD3,1layer,Ant-v4,50,none,fprelu,0.5,-14355831.383636376,1693555010.772562
TD3,1layer,Ant-v4,10,none,fprelu,0.5,-14683521.551666696,1192536727.5994835
TD3,1layer,Ant-v4,30,none,fprelu,0.5,-7007934.449527186,1762779837.5597622
TD3,1layer,Ant-v4,20,none,fprelu,0.5,-41466105.19343475,900793994.0220748
TD3,1layer,Ant-v4,40,none,fprelu,0.5,-20103276.52633524,1630323053.821143
TD3,1layer,Ant-v4,50,none,fprelu,0.4,534211869.0160472,1693555010.772562
TD3,1layer,Ant-v4,10,none,fprelu,0.4,585518422.1901807,1192536727.5994835
TD3,1layer,Ant-v4,30,none,fprelu,0.4,543684181.4968361,1762779837.5597622
TD3,1layer,Ant-v4,20,none,fprelu,0.4,-12367120.455442635,900793994.0220748
TD3,1layer,Ant-v4,40,none,fprelu,0.4,701947723.1912082,1630323053.821143
TD3,1layer,Ant-v4,50,none,fprelu,0.3,1440638388.2404764,1693555010.772562
TD3,1layer,Ant-v4,10,none,fprelu,0.3,919179571.7927364,1192536727.5994835
TD3,1layer,Ant-v4,30,none,fprelu,0.3,1047630076.6371005,1762779837.5597622
TD3,1layer,Ant-v4,20,none,fprelu,0.3,910129119.7108998,900793994.0220748
TD3,1layer,Ant-v4,40,none,fprelu,0.3,924016925.1082208,1630323053.821143
TD3,1layer,Walker-Walk,50,none,fprelu,0.5,531604751.26086926,504467910.1687473
TD3,1layer,Walker-Walk,10,none,fprelu,0.5,196575359.8999697,728394623.5922182
TD3,1layer,Walker-Walk,30,none,fprelu,0.5,231066935.64371783,168221560.7888396
TD3,1layer,Walker-Walk,20,none,fprelu,0.5,328059118.7045999,544862182.2640069
TD3,1layer,Walker-Walk,40,none,fprelu,0.5,466098559.99282646,785829334.5009853
TD3,1layer,Walker-Walk,50,none,fprelu,0.4,447564487.53427887,504467910.1687473
TD3,1layer,Walker-Walk,10,none,fprelu,0.4,523646836.0278098,728394623.5922182
TD3,1layer,Walker-Walk,30,none,fprelu,0.4,400694191.2234258,168221560.7888396
TD3,1layer,Walker-Walk,20,none,fprelu,0.4,599200001.7407306,544862182.2640069
TD3,1layer,Walker-Walk,40,none,fprelu,0.4,592152799.0352799,785829334.5009853
TD3,1layer,Walker-Walk,50,none,fprelu,0.3,483516972.4189236,504467910.1687473
TD3,1layer,Walker-Walk,10,none,fprelu,0.3,502913393.7404568,728394623.5922182
TD3,1layer,Walker-Walk,30,none,fprelu,0.3,345180987.0914136,168221560.7888396
TD3,1layer,Walker-Walk,20,none,fprelu,0.3,575578826.0121036,544862182.2640069
TD3,1layer,Walker-Walk,40,none,fprelu,0.3,409493938.5910033,785829334.5009853
TD3,1layer,Walker-Walk,50,none,fprelu,0.2,679193840.2135292,504467910.1687473
TD3,1layer,Walker-Walk,10,none,fprelu,0.2,531709624.262125,728394623.5922182
TD3,1layer,Walker-Walk,30,none,fprelu,0.2,428692296.9996957,168221560.7888396
TD3,1layer,Walker-Walk,20,none,fprelu,0.2,845383080.3408822,544862182.2640069
TD3,1layer,Walker-Walk,40,none,fprelu,0.2,732093812.1358004,785829334.5009853
TD3,1layer,Walker-Walk,50,none,fprelu,0.1,554660205.1007198,504467910.1687473
TD3,1layer,Walker-Walk,10,none,fprelu,0.1,836061049.9864581,728394623.5922182
TD3,1layer,Walker-Walk,30,none,fprelu,0.1,820659636.0323634,168221560.7888396
TD3,1layer,Walker-Walk,20,none,fprelu,0.1,457139476.6345458,544862182.2640069
TD3,1layer,Walker-Walk,40,none,fprelu,0.1,483368848.9072258,785829334.5009853
TD3,1layer,Cheetah-Run,50,none,fprelu,0.5,359570680.43152183,268265303.23904985
TD3,1layer,Cheetah-Run,10,none,fprelu,0.5,288936601.6149126,295672315.60116893
TD3,1layer,Cheetah-Run,30,none,fprelu,0.5,315294439.4535413,262374520.0032089
TD3,1layer,Cheetah-Run,20,none,fprelu,0.5,332785823.546011,254426924.75623983
TD3,1layer,Cheetah-Run,40,none,fprelu,0.5,295959639.3268225,332423689.09248704
TD3,1layer,Cheetah-Run,50,none,fprelu,0.4,398451090.15875,268265303.23904985
TD3,1layer,Cheetah-Run,10,none,fprelu,0.4,357411962.3935356,295672315.60116893
TD3,1layer,Cheetah-Run,30,none,fprelu,0.4,364578699.6841732,262374520.0032089
TD3,1layer,Cheetah-Run,20,none,fprelu,0.4,386989349.8323636,254426924.75623983
TD3,1layer,Cheetah-Run,40,none,fprelu,0.4,283788107.96620905,332423689.09248704
TD3,1layer,Cheetah-Run,50,none,fprelu,0.3,387137514.2261309,268265303.23904985
TD3,1layer,Cheetah-Run,10,none,fprelu,0.3,326163352.79610616,295672315.60116893
TD3,1layer,Cheetah-Run,30,none,fprelu,0.3,394353727.5431256,262374520.0032089
TD3,1layer,Cheetah-Run,20,none,fprelu,0.3,384077924.6814708,254426924.75623983
TD3,1layer,Cheetah-Run,40,none,fprelu,0.3,337302535.4155022,332423689.09248704
TD3,1layer,Cheetah-Run,50,none,fprelu,0.2,262804070.64505947,268265303.23904985
TD3,1layer,Cheetah-Run,10,none,fprelu,0.2,309079209.8415149,295672315.60116893
TD3,1layer,Cheetah-Run,30,none,fprelu,0.2,333977439.8332787,262374520.0032089
TD3,1layer,Cheetah-Run,20,none,fprelu,0.2,306542965.3369172,254426924.75623983
TD3,1layer,Cheetah-Run,40,none,fprelu,0.2,255543335.12595987,332423689.09248704
TD3,1layer,Cheetah-Run,50,none,fprelu,0.1,274156762.6181189,268265303.23904985
TD3,1layer,Cheetah-Run,10,none,fprelu,0.1,364549347.6109499,295672315.60116893
TD3,1layer,Cheetah-Run,30,none,fprelu,0.1,246092023.6463616,262374520.0032089
TD3,1layer,Cheetah-Run,20,none,fprelu,0.1,309132452.4977312,254426924.75623983
TD3,1layer,Cheetah-Run,40,none,fprelu,0.1,292632470.03373665,332423689.09248704
TD3,1layer,Humanoid-v4,50,none,fprelu,0.5,644367701.2792507,1106944267.3487442
TD3,1layer,Humanoid-v4,10,none,fprelu,0.5,778924571.9648862,2343803068.325737
TD3,1layer,Humanoid-v4,30,none,fprelu,0.5,574912936.8088299,2061960996.3081725
TD3,1layer,Humanoid-v4,20,none,fprelu,0.5,909850749.3234909,2723394108.918487
TD3,1layer,Humanoid-v4,40,none,fprelu,0.5,771719812.8838125,2991846242.848545
TD3,1layer,Humanoid-v4,50,none,fprelu,0.4,1923672126.41438,1106944267.3487442
TD3,1layer,Humanoid-v4,10,none,fprelu,0.4,1897565420.615516,2343803068.325737
TD3,1layer,Humanoid-v4,30,none,fprelu,0.4,1090270390.2153292,2061960996.3081725
TD3,1layer,Humanoid-v4,20,none,fprelu,0.4,827839318.27541,2723394108.918487
TD3,1layer,Humanoid-v4,40,none,fprelu,0.4,1864184204.0142152,2991846242.848545
TD3,1layer,Humanoid-v4,50,none,fprelu,0.1,2098598211.946845,1106944267.3487442
TD3,1layer,Humanoid-v4,10,none,fprelu,0.1,790893188.3774846,2343803068.325737
TD3,1layer,Humanoid-v4,30,none,fprelu,0.1,2013169554.939716,2061960996.3081725
TD3,1layer,Humanoid-v4,20,none,fprelu,0.1,710827079.1631591,2723394108.918487
TD3,1layer,Humanoid-v4,40,none,fprelu,0.1,2010595865.38622,2991846242.848545
TD3,1layer,Humanoid-v4,50,none,fprelu,0.2,2164947744.386898,1106944267.3487442
TD3,1layer,Humanoid-v4,10,none,fprelu,0.2,1026537378.5816427,2343803068.325737
TD3,1layer,Humanoid-v4,30,none,fprelu,0.2,1343378802.249786,2061960996.3081725
TD3,1layer,Humanoid-v4,20,none,fprelu,0.2,796288333.2653165,2723394108.918487
TD3,1layer,Humanoid-v4,40,none,fprelu,0.2,631902974.9591472,2991846242.848545
TD3,1layer,Humanoid-v4,50,none,fprelu,0.3,814341164.3410543,1106944267.3487442
TD3,1layer,Humanoid-v4,10,none,fprelu,0.3,870812556.5343198,2343803068.325737
TD3,1layer,Humanoid-v4,30,none,fprelu,0.3,684357932.9722975,2061960996.3081725
TD3,1layer,Humanoid-v4,20,none,fprelu,0.3,730395156.9943067,2723394108.918487
TD3,1layer,Humanoid-v4,40,none,fprelu,0.3,1064724379.2231072,2991846242.848545
TD3,1layer,Cartpole-Swingup,50,none,fprelu,0.1,630274103.792883,561161838.9550653
TD3,1layer,Cartpole-Swingup,10,none,fprelu,0.1,581940729.2736652,726408811.6039491
TD3,1layer,Cartpole-Swingup,30,none,fprelu,0.1,688971588.0144033,700447606.7396021
TD3,1layer,Cartpole-Swingup,20,none,fprelu,0.1,696623501.8937429,728363101.2694352
TD3,1layer,Cartpole-Swingup,40,none,fprelu,0.1,484689036.9360455,563744842.4712186
TD3,1layer,Cartpole-Swingup,50,none,fprelu,0.3,726532712.5976123,561161838.9550653
TD3,1layer,Cartpole-Swingup,10,none,fprelu,0.3,565822759.2846563,726408811.6039491
TD3,1layer,Cartpole-Swingup,30,none,fprelu,0.3,726086179.9586856,700447606.7396021
TD3,1layer,Cartpole-Swingup,20,none,fprelu,0.3,696899770.4440395,728363101.2694352
TD3,1layer,Cartpole-Swingup,40,none,fprelu,0.3,655554986.5641534,563744842.4712186
TD3,1layer,Cartpole-Swingup,50,none,fprelu,0.2,723650521.9450922,561161838.9550653
TD3,1layer,Cartpole-Swingup,10,none,fprelu,0.2,581941483.8150593,726408811.6039491
TD3,1layer,Cartpole-Swingup,30,none,fprelu,0.2,661383409.7289991,700447606.7396021
TD3,1layer,Cartpole-Swingup,20,none,fprelu,0.2,711462417.6572655,728363101.2694352
TD3,1layer,Cartpole-Swingup,40,none,fprelu,0.2,729583623.1265211,563744842.4712186
TD3,1layer,Cartpole-Swingup,50,none,fprelu,0.4,682170500.3191942,561161838.9550653
TD3,1layer,Cartpole-Swingup,10,none,fprelu,0.4,226879939.3421452,726408811.6039491
TD3,1layer,Cartpole-Swingup,30,none,fprelu,0.4,664648474.3762765,700447606.7396021
TD3,1layer,Cartpole-Swingup,20,none,fprelu,0.4,587167045.4479902,728363101.2694352
TD3,1layer,Cartpole-Swingup,40,none,fprelu,0.4,583503916.4615718,563744842.4712186
TD3,1layer,Cartpole-Swingup,50,none,fprelu,0.5,658188884.2292616,561161838.9550653
TD3,1layer,Cartpole-Swingup,10,none,fprelu,0.5,630954034.2396975,726408811.6039491
TD3,1layer,Cartpole-Swingup,30,none,fprelu,0.5,645975321.1288847,700447606.7396021
TD3,1layer,Cartpole-Swingup,20,none,fprelu,0.5,680719509.2906382,728363101.2694352
TD3,1layer,Cartpole-Swingup,40,none,fprelu,0.5,626837013.1882821,563744842.4712186
TD3,1layer,HalfCheetah-v4,50,none,fprelu,0.1,3943525165.3702383,3353415530.6642475
TD3,1layer,HalfCheetah-v4,10,none,fprelu,0.1,3689155239.732074,807138796.5343726
TD3,1layer,HalfCheetah-v4,30,none,fprelu,0.1,2896113880.8916626,2553012552.789513
TD3,1layer,HalfCheetah-v4,20,none,fprelu,0.1,2986728869.9515405,2412525965.9084854
TD3,1layer,HalfCheetah-v4,40,none,fprelu,0.1,2460241776.597515,2234400021.042948
TD3,1layer,HalfCheetah-v4,50,none,fprelu,0.3,2979905807.361383,3353415530.6642475
TD3,1layer,HalfCheetah-v4,10,none,fprelu,0.3,3893753403.176818,807138796.5343726
TD3,1layer,HalfCheetah-v4,30,none,fprelu,0.3,3147346434.350325,2553012552.789513
TD3,1layer,HalfCheetah-v4,20,none,fprelu,0.3,2945822361.4827266,2412525965.9084854
TD3,1layer,HalfCheetah-v4,40,none,fprelu,0.3,3168072042.0224366,2234400021.042948
TD3,1layer,HalfCheetah-v4,50,none,fprelu,0.5,1809977306.419157,3353415530.6642475
TD3,1layer,HalfCheetah-v4,10,none,fprelu,0.5,2600404648.469397,807138796.5343726
TD3,1layer,HalfCheetah-v4,30,none,fprelu,0.5,2414538492.419426,2553012552.789513
TD3,1layer,HalfCheetah-v4,20,none,fprelu,0.5,2252925824.5067,2412525965.9084854
TD3,1layer,HalfCheetah-v4,40,none,fprelu,0.5,3176396692.0864573,2234400021.042948
TD3,1layer,HalfCheetah-v4,50,none,fprelu,0.4,2540667285.663913,3353415530.6642475
TD3,1layer,HalfCheetah-v4,10,none,fprelu,0.4,3759415253.0701737,807138796.5343726
TD3,1layer,HalfCheetah-v4,30,none,fprelu,0.4,2870478339.962601,2553012552.789513
TD3,1layer,HalfCheetah-v4,20,none,fprelu,0.4,3541500433.023214,2412525965.9084854
TD3,1layer,HalfCheetah-v4,40,none,fprelu,0.4,2878367274.816373,2234400021.042948
TD3,1layer,HalfCheetah-v4,50,none,fprelu,0.2,3211830251.6457744,3353415530.6642475
TD3,1layer,HalfCheetah-v4,10,none,fprelu,0.2,3245029099.5284886,807138796.5343726
TD3,1layer,HalfCheetah-v4,30,none,fprelu,0.2,1036922997.5304213,2553012552.789513
TD3,1layer,HalfCheetah-v4,20,none,fprelu,0.2,1236989744.5311656,2412525965.9084854
TD3,1layer,HalfCheetah-v4,40,none,fprelu,0.2,2715013197.421271,2234400021.042948
TD3,1layer,Finger-Spin,50,none,fprelu,0.1,512085000.0,552990000.0
TD3,1layer,Finger-Spin,10,none,fprelu,0.1,564495000.0,615570000.0
TD3,1layer,Finger-Spin,30,none,fprelu,0.1,488015000.0,554060000.0
TD3,1layer,Finger-Spin,20,none,fprelu,0.1,579660000.0,513140000.0
TD3,1layer,Finger-Spin,40,none,fprelu,0.1,486835000.0,2935000.0
TD3,1layer,Finger-Spin,50,none,fprelu,0.2,147320000.0,552990000.0
TD3,1layer,Finger-Spin,10,none,fprelu,0.2,439785000.0,615570000.0
TD3,1layer,Finger-Spin,30,none,fprelu,0.2,340630000.0,554060000.0
TD3,1layer,Finger-Spin,20,none,fprelu,0.2,342505000.0,513140000.0
TD3,1layer,Finger-Spin,40,none,fprelu,0.2,546065000.0,2935000.0
TD3,1layer,Finger-Spin,50,none,fprelu,0.4,4230000.0,552990000.0
TD3,1layer,Finger-Spin,10,none,fprelu,0.4,301170000.0,615570000.0
TD3,1layer,Finger-Spin,30,none,fprelu,0.4,155450000.0,554060000.0
TD3,1layer,Finger-Spin,20,none,fprelu,0.4,328480000.0,513140000.0
TD3,1layer,Finger-Spin,40,none,fprelu,0.4,325040000.0,2935000.0
TD3,1layer,Finger-Spin,50,none,fprelu,0.5,4095000.0,552990000.0
TD3,1layer,Finger-Spin,10,none,fprelu,0.5,225885000.0,615570000.0
TD3,1layer,Finger-Spin,30,none,fprelu,0.5,2630000.0,554060000.0
TD3,1layer,Finger-Spin,20,none,fprelu,0.5,185650000.0,513140000.0
TD3,1layer,Finger-Spin,40,none,fprelu,0.5,469575000.0,2935000.0
TD3,1layer,Finger-Spin,50,none,fprelu,0.3,4355000.0,552990000.0
TD3,1layer,Finger-Spin,10,none,fprelu,0.3,566490000.0,615570000.0
TD3,1layer,Finger-Spin,30,none,fprelu,0.3,329865000.0,554060000.0
TD3,1layer,Finger-Spin,20,none,fprelu,0.3,547955000.0,513140000.0
TD3,1layer,Finger-Spin,40,none,fprelu,0.3,73015000.0,2935000.0
TD3,1layer,Hopper-v4,50,none,fprelu,0.2,2170614162.3284926,1553728319.4785736
TD3,1layer,Hopper-v4,10,none,fprelu,0.2,270028956.5667029,997557302.642246
TD3,1layer,Hopper-v4,30,none,fprelu,0.2,2096420996.2417843,1207715107.8158066
TD3,1layer,Hopper-v4,20,none,fprelu,0.2,1568577288.2491689,421990125.53679466
TD3,1layer,Hopper-v4,40,none,fprelu,0.2,228071621.36143148,1300994782.4551427
TD3,1layer,Hopper-v4,50,none,fprelu,0.5,1625362611.1426396,1553728319.4785736
TD3,1layer,Hopper-v4,10,none,fprelu,0.5,650190164.5329727,997557302.642246
TD3,1layer,Hopper-v4,30,none,fprelu,0.5,1472358109.9995213,1207715107.8158066
TD3,1layer,Hopper-v4,20,none,fprelu,0.5,1442486399.9850132,421990125.53679466
TD3,1layer,Hopper-v4,40,none,fprelu,0.5,408101951.9232224,1300994782.4551427
TD3,1layer,Hopper-v4,50,none,fprelu,0.1,1905433876.1876087,1553728319.4785736
TD3,1layer,Hopper-v4,10,none,fprelu,0.1,2157777106.5607734,997557302.642246
TD3,1layer,Hopper-v4,30,none,fprelu,0.1,1817468483.560528,1207715107.8158066
TD3,1layer,Hopper-v4,20,none,fprelu,0.1,1541069557.775439,421990125.53679466
TD3,1layer,Hopper-v4,40,none,fprelu,0.1,1637550621.0051973,1300994782.4551427
TD3,1layer,Hopper-v4,50,none,fprelu,0.4,1539129197.8153124,1553728319.4785736
TD3,1layer,Hopper-v4,10,none,fprelu,0.4,598776343.7805578,997557302.642246
TD3,1layer,Hopper-v4,30,none,fprelu,0.4,2107840334.9235165,1207715107.8158066
TD3,1layer,Hopper-v4,20,none,fprelu,0.4,294792110.4587673,421990125.53679466
TD3,1layer,Hopper-v4,40,none,fprelu,0.4,351617544.145217,1300994782.4551427
TD3,1layer,Hopper-v4,50,none,fprelu,0.3,1197611635.1657667,1553728319.4785736
TD3,1layer,Hopper-v4,10,none,fprelu,0.3,467237178.151621,997557302.642246
TD3,1layer,Hopper-v4,30,none,fprelu,0.3,1796189189.4103613,1207715107.8158066
TD3,1layer,Hopper-v4,20,none,fprelu,0.3,988317499.9653192,421990125.53679466
TD3,1layer,Hopper-v4,40,none,fprelu,0.3,534150357.97691774,1300994782.4551427
TD3,2layers,Walker-Walk,50,all-critic,frelu,0.4,569619833.5738865,
TD3,2layers,Walker-Walk,10,all-critic,frelu,0.4,844730158.2637591,
TD3,2layers,Walker-Walk,30,all-critic,frelu,0.4,751935186.7455503,
TD3,2layers,Walker-Walk,20,all-critic,frelu,0.4,707487700.3276546,
TD3,2layers,Walker-Walk,40,all-critic,frelu,0.4,534677325.9883706,
TD3,2layers,Walker-Walk,50,all-critic,frelu,0.1,885938574.9294413,
TD3,2layers,Walker-Walk,10,all-critic,frelu,0.1,851303174.9953195,
TD3,2layers,Walker-Walk,30,all-critic,frelu,0.1,889519159.4898105,
TD3,2layers,Walker-Walk,20,all-critic,frelu,0.1,890458615.2443637,
TD3,2layers,Walker-Walk,40,all-critic,frelu,0.1,766510275.6020954,
TD3,2layers,Walker-Walk,50,all-critic,frelu,0.2,866762310.3287077,
TD3,2layers,Walker-Walk,10,all-critic,frelu,0.2,871797562.1721045,
TD3,2layers,Walker-Walk,30,all-critic,frelu,0.2,863298469.5756686,
TD3,2layers,Walker-Walk,20,all-critic,frelu,0.2,808532333.0933957,
TD3,2layers,Walker-Walk,40,all-critic,frelu,0.2,588587282.6260785,
TD3,2layers,Walker-Walk,50,all-critic,frelu,0.3,696610237.9392747,
TD3,2layers,Walker-Walk,10,all-critic,frelu,0.3,833246337.4774626,
TD3,2layers,Walker-Walk,30,all-critic,frelu,0.3,851858513.4310433,
TD3,2layers,Walker-Walk,20,all-critic,frelu,0.3,881431829.1107671,
TD3,2layers,Walker-Walk,40,all-critic,frelu,0.3,224361335.8818404,
TD3,2layers,Walker-Walk,50,all-critic,frelu,0.5,764110527.4626321,
TD3,2layers,Walker-Walk,10,all-critic,frelu,0.5,663708802.8766125,
TD3,2layers,Walker-Walk,30,all-critic,frelu,0.5,391119315.4482741,
TD3,2layers,Walker-Walk,20,all-critic,frelu,0.5,772399961.6300493,
TD3,2layers,Walker-Walk,40,all-critic,frelu,0.5,547744711.7632546,
TD3,2layers,Finger-Spin,50,all-critic,frelu,0.2,822230000.0,
TD3,2layers,Finger-Spin,10,all-critic,frelu,0.2,819425000.0,
TD3,2layers,Finger-Spin,30,all-critic,frelu,0.2,777115000.0,
TD3,2layers,Finger-Spin,20,all-critic,frelu,0.2,656710000.0,
TD3,2layers,Finger-Spin,40,all-critic,frelu,0.2,766915000.0,
TD3,2layers,Finger-Spin,50,all-critic,frelu,0.3,740060000.0,
TD3,2layers,Finger-Spin,10,all-critic,frelu,0.3,3520000.0,
TD3,2layers,Finger-Spin,30,all-critic,frelu,0.3,692480000.0,
TD3,2layers,Finger-Spin,20,all-critic,frelu,0.3,682305000.0,
TD3,2layers,Finger-Spin,40,all-critic,frelu,0.3,770070000.0,
TD3,2layers,Finger-Spin,50,all-critic,frelu,0.4,558620000.0,
TD3,2layers,Finger-Spin,10,all-critic,frelu,0.4,666990000.0,
TD3,2layers,Finger-Spin,30,all-critic,frelu,0.4,648910000.0,
TD3,2layers,Finger-Spin,20,all-critic,frelu,0.4,573425000.0,
TD3,2layers,Finger-Spin,40,all-critic,frelu,0.4,689950000.0,
TD3,2layers,Finger-Spin,50,all-critic,frelu,0.1,771615000.0,
TD3,2layers,Finger-Spin,10,all-critic,frelu,0.1,808425000.0,
TD3,2layers,Finger-Spin,30,all-critic,frelu,0.1,756760000.0,
TD3,2layers,Finger-Spin,20,all-critic,frelu,0.1,765210000.0,
TD3,2layers,Finger-Spin,40,all-critic,frelu,0.1,830410000.0,
TD3,2layers,Finger-Spin,50,all-critic,frelu,0.5,593040000.0,
TD3,2layers,Finger-Spin,10,all-critic,frelu,0.5,632815000.0,
TD3,2layers,Finger-Spin,30,all-critic,frelu,0.5,436940000.0,
TD3,2layers,Finger-Spin,20,all-critic,frelu,0.5,10755000.0,
TD3,2layers,Finger-Spin,40,all-critic,frelu,0.5,567025000.0,
TD3,2layers,Cheetah-Run,50,all-critic,frelu,0.3,490263498.1432297,
TD3,2layers,Cheetah-Run,10,all-critic,frelu,0.3,526358134.1387905,
TD3,2layers,Cheetah-Run,30,all-critic,frelu,0.3,558523732.8690029,
TD3,2layers,Cheetah-Run,20,all-critic,frelu,0.3,389215632.02101904,
TD3,2layers,Cheetah-Run,40,all-critic,frelu,0.3,526489637.3644258,
TD3,2layers,Cheetah-Run,50,all-critic,frelu,0.5,495984893.2965981,
TD3,2layers,Cheetah-Run,10,all-critic,frelu,0.5,430832945.6013473,
TD3,2layers,Cheetah-Run,30,all-critic,frelu,0.5,502098857.5569758,
TD3,2layers,Cheetah-Run,20,all-critic,frelu,0.5,476058453.9082659,
TD3,2layers,Cheetah-Run,40,all-critic,frelu,0.5,504604438.52043736,
TD3,2layers,Cheetah-Run,50,all-critic,frelu,0.4,395479440.9954398,
TD3,2layers,Cheetah-Run,10,all-critic,frelu,0.4,488978430.0283589,
TD3,2layers,Cheetah-Run,30,all-critic,frelu,0.4,542165356.3851161,
TD3,2layers,Cheetah-Run,20,all-critic,frelu,0.4,430797301.596905,
TD3,2layers,Cheetah-Run,40,all-critic,frelu,0.4,536989523.3484688,
TD3,2layers,Cheetah-Run,50,all-critic,frelu,0.1,420751003.3224261,
TD3,2layers,Cheetah-Run,10,all-critic,frelu,0.1,474760593.73564696,
TD3,2layers,Cheetah-Run,30,all-critic,frelu,0.1,522340987.0121599,
TD3,2layers,Cheetah-Run,20,all-critic,frelu,0.1,418770387.8826986,
TD3,2layers,Cheetah-Run,40,all-critic,frelu,0.1,530528975.8526775,
TD3,2layers,Cheetah-Run,50,all-critic,frelu,0.2,457605949.01131344,
TD3,2layers,Cheetah-Run,10,all-critic,frelu,0.2,485057997.8122351,
TD3,2layers,Cheetah-Run,30,all-critic,frelu,0.2,551138320.6278255,
TD3,2layers,Cheetah-Run,20,all-critic,frelu,0.2,517851737.5620894,
TD3,2layers,Cheetah-Run,40,all-critic,frelu,0.2,402925238.3741082,
TD3,2layers,Humanoid-v4,50,all-critic,frelu,0.3,3601374545.99138,
TD3,2layers,Humanoid-v4,10,all-critic,frelu,0.3,3338233711.3931947,
TD3,2layers,Humanoid-v4,30,all-critic,frelu,0.3,2245879600.7145247,
TD3,2layers,Humanoid-v4,20,all-critic,frelu,0.3,1774276699.915022,
TD3,2layers,Humanoid-v4,40,all-critic,frelu,0.3,3490927615.8550143,
TD3,2layers,Humanoid-v4,50,all-critic,frelu,0.1,3921613349.204333,
TD3,2layers,Humanoid-v4,10,all-critic,frelu,0.1,3730810954.635996,
TD3,2layers,Humanoid-v4,30,all-critic,frelu,0.1,3823767253.3169656,
TD3,2layers,Humanoid-v4,20,all-critic,frelu,0.1,3905944168.939479,
TD3,2layers,Humanoid-v4,40,all-critic,frelu,0.1,3211123804.745946,
TD3,2layers,Humanoid-v4,50,all-critic,frelu,0.5,652296081.6317428,
TD3,2layers,Humanoid-v4,10,all-critic,frelu,0.5,203806202.5836638,
TD3,2layers,Humanoid-v4,30,all-critic,frelu,0.5,397226542.854624,
TD3,2layers,Humanoid-v4,20,all-critic,frelu,0.5,568982603.4224483,
TD3,2layers,Humanoid-v4,40,all-critic,frelu,0.5,1737199868.769905,
TD3,2layers,Humanoid-v4,50,all-critic,frelu,0.2,3302589287.7520423,
TD3,2layers,Humanoid-v4,10,all-critic,frelu,0.2,3655172955.153102,
TD3,2layers,Humanoid-v4,30,all-critic,frelu,0.2,2153809947.2357183,
TD3,2layers,Humanoid-v4,20,all-critic,frelu,0.2,3006801120.169659,
TD3,2layers,Humanoid-v4,40,all-critic,frelu,0.2,3800873535.6160216,
TD3,2layers,Humanoid-v4,50,all-critic,frelu,0.4,2719166486.928377,
TD3,2layers,Humanoid-v4,10,all-critic,frelu,0.4,3203450652.4594507,
TD3,2layers,Humanoid-v4,30,all-critic,frelu,0.4,445319916.1506332,
TD3,2layers,Humanoid-v4,20,all-critic,frelu,0.4,2601814135.908984,
TD3,2layers,Humanoid-v4,40,all-critic,frelu,0.4,1647674415.674975,
TD3,2layers,Ant-v4,50,all-critic,frelu,0.2,2872959477.2318115,
TD3,2layers,Ant-v4,10,all-critic,frelu,0.2,2454716899.862416,
TD3,2layers,Ant-v4,30,all-critic,frelu,0.2,2262113631.682135,
TD3,2layers,Ant-v4,20,all-critic,frelu,0.2,2708090028.9194183,
TD3,2layers,Ant-v4,40,all-critic,frelu,0.2,2350138215.5873427,
TD3,2layers,Ant-v4,50,all-critic,frelu,0.1,2644999389.3379526,
TD3,2layers,Ant-v4,10,all-critic,frelu,0.1,2163734900.766293,
TD3,2layers,Ant-v4,30,all-critic,frelu,0.1,2518148852.6159763,
TD3,2layers,Ant-v4,20,all-critic,frelu,0.1,2623180114.148942,
TD3,2layers,Ant-v4,40,all-critic,frelu,0.1,2749719820.8685665,
TD3,2layers,Ant-v4,50,all-critic,frelu,0.4,2541481152.7783256,
TD3,2layers,Ant-v4,10,all-critic,frelu,0.4,2380606532.9098606,
TD3,2layers,Ant-v4,30,all-critic,frelu,0.4,1370638753.2788138,
TD3,2layers,Ant-v4,20,all-critic,frelu,0.4,2362715946.601017,
TD3,2layers,Ant-v4,40,all-critic,frelu,0.4,2071076408.311863,
TD3,2layers,Ant-v4,50,all-critic,frelu,0.5,1712412640.4254332,
TD3,2layers,Ant-v4,10,all-critic,frelu,0.5,2060117518.681463,
TD3,2layers,Ant-v4,30,all-critic,frelu,0.5,895867254.4437889,
TD3,2layers,Ant-v4,20,all-critic,frelu,0.5,1128123749.7978234,
TD3,2layers,Ant-v4,40,all-critic,frelu,0.5,1162631901.4163218,
TD3,2layers,Ant-v4,50,all-critic,frelu,0.3,2271020142.7552986,
TD3,2layers,Ant-v4,10,all-critic,frelu,0.3,1686373637.5111363,
TD3,2layers,Ant-v4,30,all-critic,frelu,0.3,1587239584.9708853,
TD3,2layers,Ant-v4,20,all-critic,frelu,0.3,2418028835.3914933,
TD3,2layers,Ant-v4,40,all-critic,frelu,0.3,2778704876.098258,
TD3,2layers,Cartpole-Swingup,50,all-critic,frelu,0.2,737422183.9008608,
TD3,2layers,Cartpole-Swingup,10,all-critic,frelu,0.2,739501128.0111701,
TD3,2layers,Cartpole-Swingup,30,all-critic,frelu,0.2,735318099.4908637,
TD3,2layers,Cartpole-Swingup,20,all-critic,frelu,0.2,721015917.467809,
TD3,2layers,Cartpole-Swingup,40,all-critic,frelu,0.2,772902891.7723366,
TD3,2layers,Cartpole-Swingup,50,all-critic,frelu,0.3,755684442.4784875,
TD3,2layers,Cartpole-Swingup,10,all-critic,frelu,0.3,768191616.5756288,
TD3,2layers,Cartpole-Swingup,30,all-critic,frelu,0.3,734713495.8987044,
TD3,2layers,Cartpole-Swingup,20,all-critic,frelu,0.3,753894488.1513159,
TD3,2layers,Cartpole-Swingup,40,all-critic,frelu,0.3,778291830.9103315,
TD3,2layers,Cartpole-Swingup,50,all-critic,frelu,0.1,749361206.9282088,
TD3,2layers,Cartpole-Swingup,10,all-critic,frelu,0.1,741893460.344175,
TD3,2layers,Cartpole-Swingup,30,all-critic,frelu,0.1,783924781.5824746,
TD3,2layers,Cartpole-Swingup,20,all-critic,frelu,0.1,734431644.3375949,
TD3,2layers,Cartpole-Swingup,40,all-critic,frelu,0.1,767673109.7055947,
TD3,2layers,Cartpole-Swingup,50,all-critic,frelu,0.5,763443609.3756552,
TD3,2layers,Cartpole-Swingup,10,all-critic,frelu,0.5,766686759.0130204,
TD3,2layers,Cartpole-Swingup,30,all-critic,frelu,0.5,745687569.4477109,
TD3,2layers,Cartpole-Swingup,20,all-critic,frelu,0.5,751787328.197506,
TD3,2layers,Cartpole-Swingup,40,all-critic,frelu,0.5,767126124.8553873,
TD3,2layers,Cartpole-Swingup,50,all-critic,frelu,0.4,752011095.0299528,
TD3,2layers,Cartpole-Swingup,10,all-critic,frelu,0.4,761058738.1540002,
TD3,2layers,Cartpole-Swingup,30,all-critic,frelu,0.4,760777678.8352188,
TD3,2layers,Cartpole-Swingup,20,all-critic,frelu,0.4,764854527.357056,
TD3,2layers,Cartpole-Swingup,40,all-critic,frelu,0.4,761344729.3905182,
TD3,2layers,HalfCheetah-v4,50,all-critic,frelu,0.1,1523294474.4193034,
TD3,2layers,HalfCheetah-v4,10,all-critic,frelu,0.1,1645444397.076692,
TD3,2layers,HalfCheetah-v4,30,all-critic,frelu,0.1,1362606970.6765275,
TD3,2layers,HalfCheetah-v4,20,all-critic,frelu,0.1,1496289087.963055,
TD3,2layers,HalfCheetah-v4,40,all-critic,frelu,0.1,1739072742.7308304,
TD3,2layers,HalfCheetah-v4,50,all-critic,frelu,0.4,1128749893.8823457,
TD3,2layers,HalfCheetah-v4,10,all-critic,frelu,0.4,1480612589.9268982,
TD3,2layers,HalfCheetah-v4,30,all-critic,frelu,0.4,1388814420.6987464,
TD3,2layers,HalfCheetah-v4,20,all-critic,frelu,0.4,1317782406.594287,
TD3,2layers,HalfCheetah-v4,40,all-critic,frelu,0.4,1569415378.1067214,
TD3,2layers,HalfCheetah-v4,50,all-critic,frelu,0.3,1314129459.4525936,
TD3,2layers,HalfCheetah-v4,10,all-critic,frelu,0.3,1484236312.2371085,
TD3,2layers,HalfCheetah-v4,30,all-critic,frelu,0.3,1208036379.4982245,
TD3,2layers,HalfCheetah-v4,20,all-critic,frelu,0.3,1294741361.528842,
TD3,2layers,HalfCheetah-v4,40,all-critic,frelu,0.3,1414729512.806273,
TD3,2layers,HalfCheetah-v4,50,all-critic,frelu,0.5,1097495751.0623224,
TD3,2layers,HalfCheetah-v4,10,all-critic,frelu,0.5,1172037975.1862774,
TD3,2layers,HalfCheetah-v4,30,all-critic,frelu,0.5,888699034.6136835,
TD3,2layers,HalfCheetah-v4,20,all-critic,frelu,0.5,4022350423.091603,
TD3,2layers,HalfCheetah-v4,40,all-critic,frelu,0.5,1178914935.2118864,
TD3,2layers,HalfCheetah-v4,50,all-critic,frelu,0.2,1219187013.0371106,
TD3,2layers,HalfCheetah-v4,10,all-critic,frelu,0.2,5697260501.495055,
TD3,2layers,HalfCheetah-v4,30,all-critic,frelu,0.2,1351603413.4748726,
TD3,2layers,HalfCheetah-v4,20,all-critic,frelu,0.2,1687209687.4714336,
TD3,2layers,HalfCheetah-v4,40,all-critic,frelu,0.2,1583658043.383726,
TD3,2layers,Hopper-v4,50,all-critic,frelu,0.2,1380746857.7632072,
TD3,2layers,Hopper-v4,10,all-critic,frelu,0.2,374812566.8595368,
TD3,2layers,Hopper-v4,30,all-critic,frelu,0.2,2599784694.4968,
TD3,2layers,Hopper-v4,20,all-critic,frelu,0.2,1817579256.975819,
TD3,2layers,Hopper-v4,40,all-critic,frelu,0.2,1278765113.1635833,
TD3,2layers,Hopper-v4,50,all-critic,frelu,0.5,1766740190.4349017,
TD3,2layers,Hopper-v4,10,all-critic,frelu,0.5,1715581956.5585225,
TD3,2layers,Hopper-v4,30,all-critic,frelu,0.5,2463271248.7032323,
TD3,2layers,Hopper-v4,20,all-critic,frelu,0.5,1225714067.3134537,
TD3,2layers,Hopper-v4,40,all-critic,frelu,0.5,1408995822.5621452,
TD3,2layers,Hopper-v4,50,all-critic,frelu,0.1,1407522837.9720454,
TD3,2layers,Hopper-v4,10,all-critic,frelu,0.1,1629249773.7566328,
TD3,2layers,Hopper-v4,30,all-critic,frelu,0.1,2773049652.515779,
TD3,2layers,Hopper-v4,20,all-critic,frelu,0.1,2209139477.6851697,
TD3,2layers,Hopper-v4,40,all-critic,frelu,0.1,2020943990.444016,
TD3,2layers,Hopper-v4,50,all-critic,frelu,0.4,1839195325.5990195,
TD3,2layers,Hopper-v4,10,all-critic,frelu,0.4,2265305382.509016,
TD3,2layers,Hopper-v4,30,all-critic,frelu,0.4,1752998052.8067253,
TD3,2layers,Hopper-v4,20,all-critic,frelu,0.4,1858369702.1498425,
TD3,2layers,Hopper-v4,40,all-critic,frelu,0.4,2144994676.1194432,
TD3,2layers,Hopper-v4,50,all-critic,frelu,0.3,2780074685.986123,
TD3,2layers,Hopper-v4,10,all-critic,frelu,0.3,1031957664.302564,
TD3,2layers,Hopper-v4,30,all-critic,frelu,0.3,2324423213.301069,
TD3,2layers,Hopper-v4,20,all-critic,frelu,0.3,2477798713.760992,
TD3,2layers,Hopper-v4,40,all-critic,frelu,0.3,2306915533.9431987,
TD3,2layers,Humanoid-v4,50,all-critic,prelu,base,2332329447.631836,
TD3,2layers,Humanoid-v4,10,all-critic,prelu,base,3837880222.930908,
TD3,2layers,Humanoid-v4,30,all-critic,prelu,base,4086081089.935303,
TD3,2layers,Humanoid-v4,20,all-critic,prelu,base,2083999059.60083,
TD3,2layers,Humanoid-v4,40,all-critic,prelu,base,3282560094.604492,
TD3,2layers,Ant-v4,50,all-critic,prelu,base,2358222055.587769,
TD3,2layers,Ant-v4,10,all-critic,prelu,base,2703590524.85466,
TD3,2layers,Ant-v4,30,all-critic,prelu,base,1973384032.5927727,
TD3,2layers,Ant-v4,20,all-critic,prelu,base,2735568838.980198,
TD3,2layers,Ant-v4,40,all-critic,prelu,base,2519614670.86792,
TD3,2layers,Finger-Spin,50,all-critic,prelu,base,623250000.0,
TD3,2layers,Finger-Spin,10,all-critic,prelu,base,743070000.0,
TD3,2layers,Finger-Spin,30,all-critic,prelu,base,718500000.0,
TD3,2layers,Finger-Spin,20,all-critic,prelu,base,640555000.0,
TD3,2layers,Finger-Spin,40,all-critic,prelu,base,752110000.0,
TD3,2layers,Cheetah-Run,50,all-critic,prelu,base,550938558.6071014,
TD3,2layers,Cheetah-Run,10,all-critic,prelu,base,454278535.8035565,
TD3,2layers,Cheetah-Run,30,all-critic,prelu,base,362465113.8019562,
TD3,2layers,Cheetah-Run,20,all-critic,prelu,base,401836858.5127592,
TD3,2layers,Cheetah-Run,40,all-critic,prelu,base,466578177.280426,
TD3,2layers,Hopper-v4,50,all-critic,prelu,base,2608569917.678833,
TD3,2layers,Hopper-v4,10,all-critic,prelu,base,2028310210.3424072,
TD3,2layers,Hopper-v4,30,all-critic,prelu,base,2477180686.645508,
TD3,2layers,Hopper-v4,20,all-critic,prelu,base,1987423163.3758545,
TD3,2layers,Hopper-v4,40,all-critic,prelu,base,2132381216.0396576,
TD3,2layers,Walker-Walk,50,all-critic,prelu,base,870148551.5594482,
TD3,2layers,Walker-Walk,10,all-critic,prelu,base,652775136.9476318,
TD3,2layers,Walker-Walk,30,all-critic,prelu,base,722252132.7400208,
TD3,2layers,Walker-Walk,20,all-critic,prelu,base,772572431.9458008,
TD3,2layers,Walker-Walk,40,all-critic,prelu,base,257253074.0737915,
TD3,2layers,Cartpole-Swingup,50,all-critic,prelu,base,699226018.5623169,
TD3,2layers,Cartpole-Swingup,10,all-critic,prelu,base,740296526.6418457,
TD3,2layers,Cartpole-Swingup,30,all-critic,prelu,base,733868302.9174805,
TD3,2layers,Cartpole-Swingup,20,all-critic,prelu,base,754644518.8903809,
TD3,2layers,Cartpole-Swingup,40,all-critic,prelu,base,724865335.1211548,
TD3,2layers,HalfCheetah-v4,50,all-critic,prelu,base,1670374925.441742,
TD3,2layers,HalfCheetah-v4,10,all-critic,prelu,base,1227133000.946045,
TD3,2layers,HalfCheetah-v4,30,all-critic,prelu,base,1478864315.6433103,
TD3,2layers,HalfCheetah-v4,20,all-critic,prelu,base,1468968370.9716797,
TD3,2layers,HalfCheetah-v4,40,all-critic,prelu,base,1642339357.2235107,
TD3,2layers,HalfCheetah-v4,50,all-critic,swish,base,1969992259.6740725,
TD3,2layers,HalfCheetah-v4,10,all-critic,swish,base,5992852049.026489,
TD3,2layers,HalfCheetah-v4,30,all-critic,swish,base,5478453208.217621,
TD3,2layers,HalfCheetah-v4,20,all-critic,swish,base,6336641358.566284,
TD3,2layers,HalfCheetah-v4,40,all-critic,swish,base,1616210538.597107,
TD3,2layers,Ant-v4,50,all-critic,swish,base,2606745294.456482,
TD3,2layers,Ant-v4,10,all-critic,swish,base,2086288974.609375,
TD3,2layers,Ant-v4,30,all-critic,swish,base,1741539868.6790466,
TD3,2layers,Ant-v4,20,all-critic,swish,base,2170350852.9663086,
TD3,2layers,Ant-v4,40,all-critic,swish,base,2052568914.7949216,
TD3,2layers,Finger-Spin,50,all-critic,swish,base,646460000.0,
TD3,2layers,Finger-Spin,10,all-critic,swish,base,840780000.0,
TD3,2layers,Finger-Spin,30,all-critic,swish,base,774420000.0,
TD3,2layers,Finger-Spin,20,all-critic,swish,base,746920000.0,
TD3,2layers,Finger-Spin,40,all-critic,swish,base,767905000.0,
TD3,2layers,Cartpole-Swingup,50,all-critic,swish,base,759349441.8694079,
TD3,2layers,Cartpole-Swingup,10,all-critic,swish,base,771646650.314331,
TD3,2layers,Cartpole-Swingup,30,all-critic,swish,base,771502394.6380615,
TD3,2layers,Cartpole-Swingup,20,all-critic,swish,base,749780360.9983623,
TD3,2layers,Cartpole-Swingup,40,all-critic,swish,base,788440989.4561768,
TD3,2layers,Hopper-v4,50,all-critic,swish,base,2371035377.4261475,
TD3,2layers,Hopper-v4,10,all-critic,swish,base,1761435093.574524,
TD3,2layers,Hopper-v4,30,all-critic,swish,base,2541278420.2575684,
TD3,2layers,Hopper-v4,20,all-critic,swish,base,2477217473.182678,
TD3,2layers,Hopper-v4,40,all-critic,swish,base,2407890060.119629,
TD3,2layers,Humanoid-v4,50,all-critic,swish,base,3822209655.914306,
TD3,2layers,Humanoid-v4,10,all-critic,swish,base,3238015016.822815,
TD3,2layers,Humanoid-v4,30,all-critic,swish,base,3888925898.590088,
TD3,2layers,Humanoid-v4,20,all-critic,swish,base,3193820350.189209,
TD3,2layers,Humanoid-v4,40,all-critic,swish,base,4075770131.454468,
TD3,2layers,Cheetah-Run,50,all-critic,swish,base,431612354.5241356,
TD3,2layers,Cheetah-Run,10,all-critic,swish,base,471134008.2842112,
TD3,2layers,Cheetah-Run,30,all-critic,swish,base,460583878.6172867,
TD3,2layers,Cheetah-Run,20,all-critic,swish,base,338123484.582901,
TD3,2layers,Cheetah-Run,40,all-critic,swish,base,465069336.6718292,
TD3,2layers,Walker-Walk,50,all-critic,swish,base,741821959.7244263,
TD3,2layers,Walker-Walk,10,all-critic,swish,base,857714740.1046753,
TD3,2layers,Walker-Walk,30,all-critic,swish,base,796755655.1742554,
TD3,2layers,Walker-Walk,20,all-critic,swish,base,809254849.2431641,
TD3,2layers,Walker-Walk,40,all-critic,swish,base,883233440.246582,
TD3,2layers,Walker-Walk,50,all-critic,flrelu,0.4,860229758.504478,
TD3,2layers,Walker-Walk,10,all-critic,flrelu,0.4,848641700.0778916,
TD3,2layers,Walker-Walk,30,all-critic,flrelu,0.4,632386754.0417502,
TD3,2layers,Walker-Walk,20,all-critic,flrelu,0.4,783748630.2209022,
TD3,2layers,Walker-Walk,40,all-critic,flrelu,0.4,738260992.8576522,
TD3,2layers,Walker-Walk,50,all-critic,flrelu,0.1,608021889.036956,
TD3,2layers,Walker-Walk,10,all-critic,flrelu,0.1,871912733.9668483,
TD3,2layers,Walker-Walk,30,all-critic,flrelu,0.1,716913910.0220017,
TD3,2layers,Walker-Walk,20,all-critic,flrelu,0.1,860593166.3157537,
TD3,2layers,Walker-Walk,40,all-critic,flrelu,0.1,248412585.8729092,
TD3,2layers,Walker-Walk,50,all-critic,flrelu,0.3,824775135.2189549,
TD3,2layers,Walker-Walk,10,all-critic,flrelu,0.3,890278775.2933649,
TD3,2layers,Walker-Walk,30,all-critic,flrelu,0.3,838624645.7120746,
TD3,2layers,Walker-Walk,20,all-critic,flrelu,0.3,876547273.496343,
TD3,2layers,Walker-Walk,40,all-critic,flrelu,0.3,605154944.480888,
TD3,2layers,Walker-Walk,50,all-critic,flrelu,0.5,749908678.3827343,
TD3,2layers,Walker-Walk,10,all-critic,flrelu,0.5,643378615.8313512,
TD3,2layers,Walker-Walk,30,all-critic,flrelu,0.5,514577920.3816788,
TD3,2layers,Walker-Walk,20,all-critic,flrelu,0.5,430919875.45444256,
TD3,2layers,Walker-Walk,40,all-critic,flrelu,0.5,689042851.2498716,
TD3,2layers,Walker-Walk,50,all-critic,flrelu,0.2,867064951.0278423,
TD3,2layers,Walker-Walk,10,all-critic,flrelu,0.2,885869658.7188735,
TD3,2layers,Walker-Walk,30,all-critic,flrelu,0.2,734532119.7742296,
TD3,2layers,Walker-Walk,20,all-critic,flrelu,0.2,826578200.0259823,
TD3,2layers,Walker-Walk,40,all-critic,flrelu,0.2,528581527.07101095,
TD3,2layers,Cheetah-Run,50,all-critic,flrelu,0.1,462935409.3533893,
TD3,2layers,Cheetah-Run,10,all-critic,flrelu,0.1,564708419.1825247,
TD3,2layers,Cheetah-Run,30,all-critic,flrelu,0.1,460331696.14040434,
TD3,2layers,Cheetah-Run,20,all-critic,flrelu,0.1,556478274.8761784,
TD3,2layers,Cheetah-Run,40,all-critic,flrelu,0.1,563401599.6268418,
TD3,2layers,Cheetah-Run,50,all-critic,flrelu,0.5,426079474.4528952,
TD3,2layers,Cheetah-Run,10,all-critic,flrelu,0.5,529374432.7790792,
TD3,2layers,Cheetah-Run,30,all-critic,flrelu,0.5,467146343.34273607,
TD3,2layers,Cheetah-Run,20,all-critic,flrelu,0.5,469871614.19566727,
TD3,2layers,Cheetah-Run,40,all-critic,flrelu,0.5,513886691.6075418,
TD3,2layers,Cheetah-Run,50,all-critic,flrelu,0.2,486414870.9481101,
TD3,2layers,Cheetah-Run,10,all-critic,flrelu,0.2,507208449.151347,
TD3,2layers,Cheetah-Run,30,all-critic,flrelu,0.2,402232210.18266267,
TD3,2layers,Cheetah-Run,20,all-critic,flrelu,0.2,575467495.3309817,
TD3,2layers,Cheetah-Run,40,all-critic,flrelu,0.2,584501121.6495521,
TD3,2layers,Cheetah-Run,50,all-critic,flrelu,0.3,476198697.9024308,
TD3,2layers,Cheetah-Run,10,all-critic,flrelu,0.3,519483308.0055606,
TD3,2layers,Cheetah-Run,30,all-critic,flrelu,0.3,573782914.3022453,
TD3,2layers,Cheetah-Run,20,all-critic,flrelu,0.3,513681100.1211977,
TD3,2layers,Cheetah-Run,40,all-critic,flrelu,0.3,439322218.7955772,
TD3,2layers,Cheetah-Run,50,all-critic,flrelu,0.4,440146413.011638,
TD3,2layers,Cheetah-Run,10,all-critic,flrelu,0.4,379133295.71268207,
TD3,2layers,Cheetah-Run,30,all-critic,flrelu,0.4,525755145.2054309,
TD3,2layers,Cheetah-Run,20,all-critic,flrelu,0.4,542240546.1009586,
TD3,2layers,Cheetah-Run,40,all-critic,flrelu,0.4,478766758.1056885,
TD3,2layers,Humanoid-v4,50,all-critic,flrelu,0.5,784508918.3532677,
TD3,2layers,Humanoid-v4,10,all-critic,flrelu,0.5,65496671.14881693,
TD3,2layers,Humanoid-v4,30,all-critic,flrelu,0.5,627569499.5683594,
TD3,2layers,Humanoid-v4,20,all-critic,flrelu,0.5,787937221.2080486,
TD3,2layers,Humanoid-v4,40,all-critic,flrelu,0.5,608054228.3405099,
TD3,2layers,Humanoid-v4,50,all-critic,flrelu,0.3,3320488127.547077,
TD3,2layers,Humanoid-v4,10,all-critic,flrelu,0.3,3172099066.484358,
TD3,2layers,Humanoid-v4,30,all-critic,flrelu,0.3,3235631565.1533275,
TD3,2layers,Humanoid-v4,20,all-critic,flrelu,0.3,2571620938.2422385,
TD3,2layers,Humanoid-v4,40,all-critic,flrelu,0.3,3432495402.89925,
TD3,2layers,Humanoid-v4,50,all-critic,flrelu,0.2,3468109395.475436,
TD3,2layers,Humanoid-v4,10,all-critic,flrelu,0.2,3512006952.819711,
TD3,2layers,Humanoid-v4,30,all-critic,flrelu,0.2,3376187536.966866,
TD3,2layers,Humanoid-v4,20,all-critic,flrelu,0.2,3676691272.33647,
TD3,2layers,Humanoid-v4,40,all-critic,flrelu,0.2,3551256877.47158,
TD3,2layers,Humanoid-v4,50,all-critic,flrelu,0.4,1705565322.534438,
TD3,2layers,Humanoid-v4,10,all-critic,flrelu,0.4,1722884290.184919,
TD3,2layers,Humanoid-v4,30,all-critic,flrelu,0.4,762105389.125715,
TD3,2layers,Humanoid-v4,20,all-critic,flrelu,0.4,3407136654.1134906,
TD3,2layers,Humanoid-v4,40,all-critic,flrelu,0.4,3057461487.088213,
TD3,2layers,Humanoid-v4,50,all-critic,flrelu,0.1,3405674856.2828007,
TD3,2layers,Humanoid-v4,10,all-critic,flrelu,0.1,3972695018.1816754,
TD3,2layers,Humanoid-v4,30,all-critic,flrelu,0.1,3523095493.412064,
TD3,2layers,Humanoid-v4,20,all-critic,flrelu,0.1,3471960103.3659616,
TD3,2layers,Humanoid-v4,40,all-critic,flrelu,0.1,3150539416.260269,
TD3,2layers,Ant-v4,50,all-critic,flrelu,0.1,2181767814.8558903,
TD3,2layers,Ant-v4,10,all-critic,flrelu,0.1,2548596647.016152,
TD3,2layers,Ant-v4,30,all-critic,flrelu,0.1,2199834643.892,
TD3,2layers,Ant-v4,20,all-critic,flrelu,0.1,2789186152.590015,
TD3,2layers,Ant-v4,40,all-critic,flrelu,0.1,2233137217.0938416,
TD3,2layers,Ant-v4,50,all-critic,flrelu,0.2,1910720742.3160613,
TD3,2layers,Ant-v4,10,all-critic,flrelu,0.2,2298035314.4254,
TD3,2layers,Ant-v4,30,all-critic,flrelu,0.2,2561136728.044178,
TD3,2layers,Ant-v4,20,all-critic,flrelu,0.2,2763340467.6135874,
TD3,2layers,Ant-v4,40,all-critic,flrelu,0.2,2427463852.9827185,
TD3,2layers,Ant-v4,50,all-critic,flrelu,0.4,1826630162.741268,
TD3,2layers,Ant-v4,10,all-critic,flrelu,0.4,2277540433.8937054,
TD3,2layers,Ant-v4,30,all-critic,flrelu,0.4,1049092381.032034,
TD3,2layers,Ant-v4,20,all-critic,flrelu,0.4,2457507028.95809,
TD3,2layers,Ant-v4,40,all-critic,flrelu,0.4,2503755544.656832,
TD3,2layers,Ant-v4,50,all-critic,flrelu,0.5,1121696385.2698474,
TD3,2layers,Ant-v4,10,all-critic,flrelu,0.5,895043081.1489464,
TD3,2layers,Ant-v4,30,all-critic,flrelu,0.5,858755214.6758616,
TD3,2layers,Ant-v4,20,all-critic,flrelu,0.5,1722049725.6071603,
TD3,2layers,Ant-v4,40,all-critic,flrelu,0.5,1606462966.0079775,
TD3,2layers,Ant-v4,50,all-critic,flrelu,0.3,2271283351.018466,
TD3,2layers,Ant-v4,10,all-critic,flrelu,0.3,2446724058.887983,
TD3,2layers,Ant-v4,30,all-critic,flrelu,0.3,2359290611.9409046,
TD3,2layers,Ant-v4,20,all-critic,flrelu,0.3,2335812693.539855,
TD3,2layers,Ant-v4,40,all-critic,flrelu,0.3,2777198993.28827,
TD3,2layers,Cartpole-Swingup,50,all-critic,flrelu,0.3,770469271.810052,
TD3,2layers,Cartpole-Swingup,10,all-critic,flrelu,0.3,760454730.392062,
TD3,2layers,Cartpole-Swingup,30,all-critic,flrelu,0.3,769648451.1952751,
TD3,2layers,Cartpole-Swingup,20,all-critic,flrelu,0.3,764900309.0397463,
TD3,2layers,Cartpole-Swingup,40,all-critic,flrelu,0.3,696440051.6753374,
TD3,2layers,Cartpole-Swingup,50,all-critic,flrelu,0.4,779710649.0412214,
TD3,2layers,Cartpole-Swingup,10,all-critic,flrelu,0.4,791331166.3787692,
TD3,2layers,Cartpole-Swingup,30,all-critic,flrelu,0.4,760420736.2785184,
TD3,2layers,Cartpole-Swingup,20,all-critic,flrelu,0.4,740384847.6918168,
TD3,2layers,Cartpole-Swingup,40,all-critic,flrelu,0.4,715618878.9842153,
TD3,2layers,Cartpole-Swingup,50,all-critic,flrelu,0.1,767095407.7366308,
TD3,2layers,Cartpole-Swingup,10,all-critic,flrelu,0.1,755015046.6222082,
TD3,2layers,Cartpole-Swingup,30,all-critic,flrelu,0.1,772462979.3714451,
TD3,2layers,Cartpole-Swingup,20,all-critic,flrelu,0.1,733870096.5822425,
TD3,2layers,Cartpole-Swingup,40,all-critic,flrelu,0.1,763379994.6461363,
TD3,2layers,Cartpole-Swingup,50,all-critic,flrelu,0.2,738786675.2035266,
TD3,2layers,Cartpole-Swingup,10,all-critic,flrelu,0.2,775151351.944656,
TD3,2layers,Cartpole-Swingup,30,all-critic,flrelu,0.2,763603896.8667774,
TD3,2layers,Cartpole-Swingup,20,all-critic,flrelu,0.2,763656300.806759,
TD3,2layers,Cartpole-Swingup,40,all-critic,flrelu,0.2,786370311.6595902,
TD3,2layers,Cartpole-Swingup,50,all-critic,flrelu,0.5,768287684.8971442,
TD3,2layers,Cartpole-Swingup,10,all-critic,flrelu,0.5,727651930.9837621,
TD3,2layers,Cartpole-Swingup,30,all-critic,flrelu,0.5,787705433.6040772,
TD3,2layers,Cartpole-Swingup,20,all-critic,flrelu,0.5,729271646.0928768,
TD3,2layers,Cartpole-Swingup,40,all-critic,flrelu,0.5,730382227.0606172,
TD3,2layers,Finger-Spin,50,all-critic,flrelu,0.4,700910000.0,
TD3,2layers,Finger-Spin,10,all-critic,flrelu,0.4,790695000.0,
TD3,2layers,Finger-Spin,30,all-critic,flrelu,0.4,508455000.0,
TD3,2layers,Finger-Spin,20,all-critic,flrelu,0.4,556120000.0,
TD3,2layers,Finger-Spin,40,all-critic,flrelu,0.4,637420000.0,
TD3,2layers,Finger-Spin,50,all-critic,flrelu,0.1,688895000.0,
TD3,2layers,Finger-Spin,10,all-critic,flrelu,0.1,636235000.0,
TD3,2layers,Finger-Spin,30,all-critic,flrelu,0.1,743590000.0,
TD3,2layers,Finger-Spin,20,all-critic,flrelu,0.1,675795000.0,
TD3,2layers,Finger-Spin,40,all-critic,flrelu,0.1,796950000.0,
TD3,2layers,Finger-Spin,50,all-critic,flrelu,0.2,749810000.0,
TD3,2layers,Finger-Spin,10,all-critic,flrelu,0.2,791230000.0,
TD3,2layers,Finger-Spin,30,all-critic,flrelu,0.2,655860000.0,
TD3,2layers,Finger-Spin,20,all-critic,flrelu,0.2,754505000.0,
TD3,2layers,Finger-Spin,40,all-critic,flrelu,0.2,704315000.0,
TD3,2layers,Finger-Spin,50,all-critic,flrelu,0.3,786245000.0,
TD3,2layers,Finger-Spin,10,all-critic,flrelu,0.3,750025000.0,
TD3,2layers,Finger-Spin,30,all-critic,flrelu,0.3,766765000.0,
TD3,2layers,Finger-Spin,20,all-critic,flrelu,0.3,624810000.0,
TD3,2layers,Finger-Spin,40,all-critic,flrelu,0.3,817935000.0,
TD3,2layers,Finger-Spin,50,all-critic,flrelu,0.5,523590000.0,
TD3,2layers,Finger-Spin,10,all-critic,flrelu,0.5,678765000.0,
TD3,2layers,Finger-Spin,30,all-critic,flrelu,0.5,684565000.0,
TD3,2layers,Finger-Spin,20,all-critic,flrelu,0.5,468655000.0,
TD3,2layers,Finger-Spin,40,all-critic,flrelu,0.5,545700000.0,
TD3,2layers,HalfCheetah-v4,50,all-critic,flrelu,0.4,3672042986.4188814,
TD3,2layers,HalfCheetah-v4,10,all-critic,flrelu,0.4,1338538481.195359,
TD3,2layers,HalfCheetah-v4,30,all-critic,flrelu,0.4,1548538219.8211546,
TD3,2layers,HalfCheetah-v4,20,all-critic,flrelu,0.4,1421052647.3476107,
TD3,2layers,HalfCheetah-v4,40,all-critic,flrelu,0.4,6446546198.583155,
TD3,2layers,HalfCheetah-v4,50,all-critic,flrelu,0.3,3909884879.333592,
TD3,2layers,HalfCheetah-v4,10,all-critic,flrelu,0.3,900265844.4620748,
TD3,2layers,HalfCheetah-v4,30,all-critic,flrelu,0.3,1298325010.09804,
TD3,2layers,HalfCheetah-v4,20,all-critic,flrelu,0.3,1409181226.2543232,
TD3,2layers,HalfCheetah-v4,40,all-critic,flrelu,0.3,4384871908.182842,
TD3,2layers,HalfCheetah-v4,50,all-critic,flrelu,0.2,1251294912.0596497,
TD3,2layers,HalfCheetah-v4,10,all-critic,flrelu,0.2,1430743310.053682,
TD3,2layers,HalfCheetah-v4,30,all-critic,flrelu,0.2,1615050809.4037488,
TD3,2layers,HalfCheetah-v4,20,all-critic,flrelu,0.2,5318132018.446801,
TD3,2layers,HalfCheetah-v4,40,all-critic,flrelu,0.2,1627090634.0405023,
TD3,2layers,HalfCheetah-v4,50,all-critic,flrelu,0.1,1558772183.3890924,
TD3,2layers,HalfCheetah-v4,10,all-critic,flrelu,0.1,1632518370.51742,
TD3,2layers,HalfCheetah-v4,30,all-critic,flrelu,0.1,6151079414.83275,
TD3,2layers,HalfCheetah-v4,20,all-critic,flrelu,0.1,1693585062.5820389,
TD3,2layers,HalfCheetah-v4,40,all-critic,flrelu,0.1,1649559404.8770795,
TD3,2layers,HalfCheetah-v4,50,all-critic,flrelu,0.5,1206885124.7176025,
TD3,2layers,HalfCheetah-v4,10,all-critic,flrelu,0.5,4623434616.629896,
TD3,2layers,HalfCheetah-v4,30,all-critic,flrelu,0.5,415568078.0074189,
TD3,2layers,HalfCheetah-v4,20,all-critic,flrelu,0.5,1353852669.6565151,
TD3,2layers,HalfCheetah-v4,40,all-critic,flrelu,0.5,1298594145.6393995,
TD3,2layers,Hopper-v4,50,all-critic,flrelu,0.4,2523110565.2186284,
TD3,2layers,Hopper-v4,10,all-critic,flrelu,0.4,1105877723.017371,
TD3,2layers,Hopper-v4,30,all-critic,flrelu,0.4,1587847343.8402174,
TD3,2layers,Hopper-v4,20,all-critic,flrelu,0.4,2208886947.7895074,
TD3,2layers,Hopper-v4,40,all-critic,flrelu,0.4,1744854807.6219556,
TD3,2layers,Hopper-v4,50,all-critic,flrelu,0.1,1407637429.861731,
TD3,2layers,Hopper-v4,10,all-critic,flrelu,0.1,977503802.9751012,
TD3,2layers,Hopper-v4,30,all-critic,flrelu,0.1,2227691402.253003,
TD3,2layers,Hopper-v4,20,all-critic,flrelu,0.1,1553200918.5860822,
TD3,2layers,Hopper-v4,40,all-critic,flrelu,0.1,844701742.3909289,
TD3,2layers,Hopper-v4,50,all-critic,flrelu,0.5,2190124162.353113,
TD3,2layers,Hopper-v4,10,all-critic,flrelu,0.5,1257160223.4391763,
TD3,2layers,Hopper-v4,30,all-critic,flrelu,0.5,1748597570.7282565,
TD3,2layers,Hopper-v4,20,all-critic,flrelu,0.5,1329037922.446764,
TD3,2layers,Hopper-v4,40,all-critic,flrelu,0.5,2025883337.692733,
TD3,2layers,Hopper-v4,50,all-critic,flrelu,0.3,1841859260.1037576,
TD3,2layers,Hopper-v4,10,all-critic,flrelu,0.3,391501446.9414079,
TD3,2layers,Hopper-v4,30,all-critic,flrelu,0.3,1715841643.8229434,
TD3,2layers,Hopper-v4,20,all-critic,flrelu,0.3,2520734169.6946898,
TD3,2layers,Hopper-v4,40,all-critic,flrelu,0.3,2256438300.602491,
TD3,2layers,Hopper-v4,50,all-critic,flrelu,0.2,2058493091.54296,
TD3,2layers,Hopper-v4,10,all-critic,flrelu,0.2,1738181441.7709773,
TD3,2layers,Hopper-v4,30,all-critic,flrelu,0.2,2472259571.663484,
TD3,2layers,Hopper-v4,20,all-critic,flrelu,0.2,1889318320.944837,
TD3,2layers,Hopper-v4,40,all-critic,flrelu,0.2,2201456891.23394,
TD3,2layers,Walker-Walk,50,all-critic,gelu,base,861770810.6803894,
TD3,2layers,Walker-Walk,10,all-critic,gelu,base,750372269.9737549,
TD3,2layers,Walker-Walk,30,all-critic,gelu,base,604453375.9307861,
TD3,2layers,Walker-Walk,20,all-critic,gelu,base,796244596.3668823,
TD3,2layers,Walker-Walk,40,all-critic,gelu,base,857922579.8606873,
TD3,2layers,Cheetah-Run,50,all-critic,gelu,base,452466541.929245,
TD3,2layers,Cheetah-Run,10,all-critic,gelu,base,452651316.6570664,
TD3,2layers,Cheetah-Run,30,all-critic,gelu,base,517122488.6608124,
TD3,2layers,Cheetah-Run,20,all-critic,gelu,base,471230285.4442597,
TD3,2layers,Cheetah-Run,40,all-critic,gelu,base,544086416.6307449,
TD3,2layers,Humanoid-v4,50,all-critic,gelu,base,2793741589.3554688,
TD3,2layers,Humanoid-v4,10,all-critic,gelu,base,3567571351.6044617,
TD3,2layers,Humanoid-v4,30,all-critic,gelu,base,3649284344.406128,
TD3,2layers,Humanoid-v4,20,all-critic,gelu,base,3346530893.5546875,
TD3,2layers,Humanoid-v4,40,all-critic,gelu,base,3616625120.315552,
TD3,2layers,Ant-v4,50,all-critic,gelu,base,2083681328.125,
TD3,2layers,Ant-v4,10,all-critic,gelu,base,3022069154.0527344,
TD3,2layers,Ant-v4,30,all-critic,gelu,base,1777675867.614746,
TD3,2layers,Ant-v4,20,all-critic,gelu,base,2605724848.022461,
TD3,2layers,Ant-v4,40,all-critic,gelu,base,2582286752.583981,
TD3,2layers,Finger-Spin,50,all-critic,gelu,base,785615000.0,
TD3,2layers,Finger-Spin,10,all-critic,gelu,base,796905000.0,
TD3,2layers,Finger-Spin,30,all-critic,gelu,base,848690000.0,
TD3,2layers,Finger-Spin,20,all-critic,gelu,base,794190000.0,
TD3,2layers,Finger-Spin,40,all-critic,gelu,base,804055000.0,
TD3,2layers,HalfCheetah-v4,50,all-critic,gelu,base,1736166269.9890137,
TD3,2layers,HalfCheetah-v4,10,all-critic,gelu,base,7532902247.772217,
TD3,2layers,HalfCheetah-v4,30,all-critic,gelu,base,1627781439.1326904,
TD3,2layers,HalfCheetah-v4,20,all-critic,gelu,base,1885217524.8670576,
TD3,2layers,HalfCheetah-v4,40,all-critic,gelu,base,1452604303.3981323,
TD3,2layers,Cartpole-Swingup,50,all-critic,gelu,base,772805838.0889893,
TD3,2layers,Cartpole-Swingup,10,all-critic,gelu,base,778028490.9820557,
TD3,2layers,Cartpole-Swingup,30,all-critic,gelu,base,780238737.6403809,
TD3,2layers,Cartpole-Swingup,20,all-critic,gelu,base,710181923.751831,
TD3,2layers,Cartpole-Swingup,40,all-critic,gelu,base,786403521.1181641,
TD3,2layers,Hopper-v4,50,all-critic,gelu,base,2328487059.47876,
TD3,2layers,Hopper-v4,10,all-critic,gelu,base,1880958395.767212,
TD3,2layers,Hopper-v4,30,all-critic,gelu,base,1850965711.517334,
TD3,2layers,Hopper-v4,20,all-critic,gelu,base,2685208728.1036377,
TD3,2layers,Hopper-v4,40,all-critic,gelu,base,2531891483.154297,
TD3,2layers,Walker-Walk,50,all-critic,fswish,0.2,899334537.4298096,
TD3,2layers,Walker-Walk,10,all-critic,fswish,0.2,651859568.4432983,
TD3,2layers,Walker-Walk,30,all-critic,fswish,0.2,702665664.2723083,
TD3,2layers,Walker-Walk,20,all-critic,fswish,0.2,681176385.6220245,
TD3,2layers,Walker-Walk,40,all-critic,fswish,0.2,552499497.0798492,
TD3,2layers,Walker-Walk,50,all-critic,fswish,0.1,854661405.210495,
TD3,2layers,Walker-Walk,10,all-critic,fswish,0.1,899974064.617157,
TD3,2layers,Walker-Walk,30,all-critic,fswish,0.1,693969856.8725586,
TD3,2layers,Walker-Walk,20,all-critic,fswish,0.1,862770238.6188507,
TD3,2layers,Walker-Walk,40,all-critic,fswish,0.1,685701874.4277954,
TD3,2layers,Walker-Walk,50,all-critic,fswish,0.5,832728275.7568359,
TD3,2layers,Walker-Walk,10,all-critic,fswish,0.5,830406972.5418091,
TD3,2layers,Walker-Walk,30,all-critic,fswish,0.5,855623069.6868896,
TD3,2layers,Walker-Walk,20,all-critic,fswish,0.5,739344462.146759,
TD3,2layers,Walker-Walk,40,all-critic,fswish,0.5,675528736.8011475,
TD3,2layers,Walker-Walk,50,all-critic,fswish,0.4,637565325.6893158,
TD3,2layers,Walker-Walk,10,all-critic,fswish,0.4,880403934.6885681,
TD3,2layers,Walker-Walk,30,all-critic,fswish,0.4,896015572.9293823,
TD3,2layers,Walker-Walk,20,all-critic,fswish,0.4,698235220.5085754,
TD3,2layers,Walker-Walk,40,all-critic,fswish,0.4,675799153.0609131,
TD3,2layers,Walker-Walk,50,all-critic,fswish,0.3,610337895.8320618,
TD3,2layers,Walker-Walk,10,all-critic,fswish,0.3,746583299.779892,
TD3,2layers,Walker-Walk,30,all-critic,fswish,0.3,698491075.630188,
TD3,2layers,Walker-Walk,20,all-critic,fswish,0.3,855705119.4858551,
TD3,2layers,Walker-Walk,40,all-critic,fswish,0.3,628943606.5864563,
TD3,2layers,Cheetah-Run,50,all-critic,fswish,0.2,538213015.7363415,
TD3,2layers,Cheetah-Run,10,all-critic,fswish,0.2,394715316.3799644,
TD3,2layers,Cheetah-Run,30,all-critic,fswish,0.2,441155885.7584,
TD3,2layers,Cheetah-Run,20,all-critic,fswish,0.2,502386219.1385031,
TD3,2layers,Cheetah-Run,40,all-critic,fswish,0.2,509179545.8889008,
TD3,2layers,Cheetah-Run,50,all-critic,fswish,0.5,455627960.3767395,
TD3,2layers,Cheetah-Run,10,all-critic,fswish,0.5,527346651.661396,
TD3,2layers,Cheetah-Run,30,all-critic,fswish,0.5,436112691.6968823,
TD3,2layers,Cheetah-Run,20,all-critic,fswish,0.5,488263274.2214203,
TD3,2layers,Cheetah-Run,40,all-critic,fswish,0.5,523995884.0203285,
TD3,2layers,Cheetah-Run,50,all-critic,fswish,0.4,485663199.4348765,
TD3,2layers,Cheetah-Run,10,all-critic,fswish,0.4,560269926.1760712,
TD3,2layers,Cheetah-Run,30,all-critic,fswish,0.4,499423453.9318085,
TD3,2layers,Cheetah-Run,20,all-critic,fswish,0.4,509697817.7976608,
TD3,2layers,Cheetah-Run,40,all-critic,fswish,0.4,496297432.25097656,
TD3,2layers,Cheetah-Run,50,all-critic,fswish,0.1,588746199.4361877,
TD3,2layers,Cheetah-Run,10,all-critic,fswish,0.1,464481771.4178562,
TD3,2layers,Cheetah-Run,30,all-critic,fswish,0.1,452042356.0333252,
TD3,2layers,Cheetah-Run,20,all-critic,fswish,0.1,318099551.73254013,
TD3,2layers,Cheetah-Run,40,all-critic,fswish,0.1,428576538.0144119,
TD3,2layers,Cheetah-Run,50,all-critic,fswish,0.3,584119724.1425514,
TD3,2layers,Cheetah-Run,10,all-critic,fswish,0.3,528194511.0177994,
TD3,2layers,Cheetah-Run,30,all-critic,fswish,0.3,507003081.46476746,
TD3,2layers,Cheetah-Run,20,all-critic,fswish,0.3,500216239.33792114,
TD3,2layers,Cheetah-Run,40,all-critic,fswish,0.3,586552324.0089417,
TD3,2layers,Humanoid-v4,50,all-critic,fswish,0.4,3829093369.178772,
TD3,2layers,Humanoid-v4,10,all-critic,fswish,0.4,4055708120.1934814,
TD3,2layers,Humanoid-v4,30,all-critic,fswish,0.4,3710504458.1604,
TD3,2layers,Humanoid-v4,20,all-critic,fswish,0.4,3894130246.963501,
TD3,2layers,Humanoid-v4,40,all-critic,fswish,0.4,3369819062.576294,
TD3,2layers,Humanoid-v4,50,all-critic,fswish,0.3,2762417377.166748,
TD3,2layers,Humanoid-v4,10,all-critic,fswish,0.3,2987216488.9526367,
TD3,2layers,Humanoid-v4,30,all-critic,fswish,0.3,3700745175.857544,
TD3,2layers,Humanoid-v4,20,all-critic,fswish,0.3,4013137664.794922,
TD3,2layers,Humanoid-v4,40,all-critic,fswish,0.3,3984546044.158936,
TD3,2layers,Humanoid-v4,50,all-critic,fswish,0.2,3963415465.316773,
TD3,2layers,Humanoid-v4,10,all-critic,fswish,0.2,3340201579.208374,
TD3,2layers,Humanoid-v4,30,all-critic,fswish,0.2,3302237559.2041016,
TD3,2layers,Humanoid-v4,20,all-critic,fswish,0.2,3642554372.8637695,
TD3,2layers,Humanoid-v4,40,all-critic,fswish,0.2,4153641519.470215,
TD3,2layers,Humanoid-v4,50,all-critic,fswish,0.5,3733169501.800537,
TD3,2layers,Humanoid-v4,10,all-critic,fswish,0.5,4093204445.419312,
TD3,2layers,Humanoid-v4,30,all-critic,fswish,0.5,3816215157.699585,
TD3,2layers,Humanoid-v4,20,all-critic,fswish,0.5,4152259209.594727,
TD3,2layers,Humanoid-v4,40,all-critic,fswish,0.5,3923973414.5355225,
TD3,2layers,Humanoid-v4,50,all-critic,fswish,0.1,3711744931.869507,
TD3,2layers,Humanoid-v4,10,all-critic,fswish,0.1,3588377463.569641,
TD3,2layers,Humanoid-v4,30,all-critic,fswish,0.1,3444117318.572998,
TD3,2layers,Humanoid-v4,20,all-critic,fswish,0.1,3759218683.3953857,
TD3,2layers,Humanoid-v4,40,all-critic,fswish,0.1,3384740663.871765,
TD3,2layers,Ant-v4,50,all-critic,fswish,0.4,2526448257.1411133,
TD3,2layers,Ant-v4,10,all-critic,fswish,0.4,2422244265.1367188,
TD3,2layers,Ant-v4,30,all-critic,fswish,0.4,2292389059.753418,
TD3,2layers,Ant-v4,20,all-critic,fswish,0.4,1897407656.6886904,
TD3,2layers,Ant-v4,40,all-critic,fswish,0.4,2108353108.520508,
TD3,2layers,Ant-v4,50,all-critic,fswish,0.2,2289635591.888428,
TD3,2layers,Ant-v4,10,all-critic,fswish,0.2,2053403706.7699432,
TD3,2layers,Ant-v4,30,all-critic,fswish,0.2,1921611764.872074,
TD3,2layers,Ant-v4,20,all-critic,fswish,0.2,2233636497.8313446,
TD3,2layers,Ant-v4,40,all-critic,fswish,0.2,2574197262.878418,
TD3,2layers,Ant-v4,50,all-critic,fswish,0.1,2180928341.369629,
TD3,2layers,Ant-v4,10,all-critic,fswish,0.1,2499895218.5821533,
TD3,2layers,Ant-v4,30,all-critic,fswish,0.1,1706721750.164032,
TD3,2layers,Ant-v4,20,all-critic,fswish,0.1,1942652405.9295647,
TD3,2layers,Ant-v4,40,all-critic,fswish,0.1,1190432568.359375,
TD3,2layers,Ant-v4,50,all-critic,fswish,0.5,1287533449.935913,
TD3,2layers,Ant-v4,10,all-critic,fswish,0.5,2206557113.0371094,
TD3,2layers,Ant-v4,30,all-critic,fswish,0.5,1607063702.697754,
TD3,2layers,Ant-v4,20,all-critic,fswish,0.5,2211842383.422852,
TD3,2layers,Ant-v4,40,all-critic,fswish,0.5,2074144884.0332031,
TD3,2layers,Ant-v4,50,all-critic,fswish,0.3,2668819168.243408,
TD3,2layers,Ant-v4,10,all-critic,fswish,0.3,2485239958.4960938,
TD3,2layers,Ant-v4,30,all-critic,fswish,0.3,1790012377.6245117,
TD3,2layers,Ant-v4,20,all-critic,fswish,0.3,2114999877.01416,
TD3,2layers,Ant-v4,40,all-critic,fswish,0.3,2406971767.730713,
TD3,2layers,Cartpole-Swingup,50,all-critic,fswish,0.3,742417876.3580322,
TD3,2layers,Cartpole-Swingup,10,all-critic,fswish,0.3,786093104.019165,
TD3,2layers,Cartpole-Swingup,30,all-critic,fswish,0.3,714436608.2763672,
TD3,2layers,Cartpole-Swingup,20,all-critic,fswish,0.3,780229806.5185547,
TD3,2layers,Cartpole-Swingup,40,all-critic,fswish,0.3,721824041.8243408,
TD3,2layers,Cartpole-Swingup,50,all-critic,fswish,0.5,768269576.1871338,
TD3,2layers,Cartpole-Swingup,10,all-critic,fswish,0.5,759685231.0943604,
TD3,2layers,Cartpole-Swingup,30,all-critic,fswish,0.5,742616362.6861572,
TD3,2layers,Cartpole-Swingup,20,all-critic,fswish,0.5,789222983.3984375,
TD3,2layers,Cartpole-Swingup,40,all-critic,fswish,0.5,793740448.3032227,
TD3,2layers,Cartpole-Swingup,50,all-critic,fswish,0.4,800548024.1394043,
TD3,2layers,Cartpole-Swingup,10,all-critic,fswish,0.4,804902932.1289062,
TD3,2layers,Cartpole-Swingup,30,all-critic,fswish,0.4,770879953.5369873,
TD3,2layers,Cartpole-Swingup,20,all-critic,fswish,0.4,792595927.5054932,
TD3,2layers,Cartpole-Swingup,40,all-critic,fswish,0.4,777401232.4523926,
TD3,2layers,Cartpole-Swingup,50,all-critic,fswish,0.2,806179461.8225098,
TD3,2layers,Cartpole-Swingup,10,all-critic,fswish,0.2,802802652.6641846,
TD3,2layers,Cartpole-Swingup,30,all-critic,fswish,0.2,779148479.9957275,
TD3,2layers,Cartpole-Swingup,20,all-critic,fswish,0.2,784619491.1193848,
TD3,2layers,Cartpole-Swingup,40,all-critic,fswish,0.2,757598114.4332886,
TD3,2layers,Cartpole-Swingup,50,all-critic,fswish,0.1,750630524.0631104,
TD3,2layers,Cartpole-Swingup,10,all-critic,fswish,0.1,809306480.9417725,
TD3,2layers,Cartpole-Swingup,30,all-critic,fswish,0.1,750224418.8690186,
TD3,2layers,Cartpole-Swingup,20,all-critic,fswish,0.1,725453779.7546387,
TD3,2layers,Cartpole-Swingup,40,all-critic,fswish,0.1,787615788.4287834,
TD3,2layers,Finger-Spin,50,all-critic,fswish,0.1,791485000.0,
TD3,2layers,Finger-Spin,10,all-critic,fswish,0.1,821140000.0,
TD3,2layers,Finger-Spin,30,all-critic,fswish,0.1,797630000.0,
TD3,2layers,Finger-Spin,20,all-critic,fswish,0.1,810180000.0,
TD3,2layers,Finger-Spin,40,all-critic,fswish,0.1,799445000.0,
TD3,2layers,Finger-Spin,50,all-critic,fswish,0.3,820455000.0,
TD3,2layers,Finger-Spin,10,all-critic,fswish,0.3,788270000.0,
TD3,2layers,Finger-Spin,30,all-critic,fswish,0.3,665035000.0,
TD3,2layers,Finger-Spin,20,all-critic,fswish,0.3,814540000.0,
TD3,2layers,Finger-Spin,40,all-critic,fswish,0.3,775935000.0,
TD3,2layers,Finger-Spin,50,all-critic,fswish,0.4,805665000.0,
TD3,2layers,Finger-Spin,10,all-critic,fswish,0.4,770945000.0,
TD3,2layers,Finger-Spin,30,all-critic,fswish,0.4,778530000.0,
TD3,2layers,Finger-Spin,20,all-critic,fswish,0.4,699140000.0,
TD3,2layers,Finger-Spin,40,all-critic,fswish,0.4,767135000.0,
TD3,2layers,Finger-Spin,50,all-critic,fswish,0.2,784445000.0,
TD3,2layers,Finger-Spin,10,all-critic,fswish,0.2,862385000.0,
TD3,2layers,Finger-Spin,30,all-critic,fswish,0.2,830885000.0,
TD3,2layers,Finger-Spin,20,all-critic,fswish,0.2,796035000.0,
TD3,2layers,Finger-Spin,40,all-critic,fswish,0.2,748225000.0,
TD3,2layers,Finger-Spin,50,all-critic,fswish,0.5,749135000.0,
TD3,2layers,Finger-Spin,10,all-critic,fswish,0.5,829090000.0,
TD3,2layers,Finger-Spin,30,all-critic,fswish,0.5,716750000.0,
TD3,2layers,Finger-Spin,20,all-critic,fswish,0.5,537185000.0,
TD3,2layers,Finger-Spin,40,all-critic,fswish,0.5,836925000.0,
TD3,2layers,HalfCheetah-v4,50,all-critic,fswish,0.5,1478964225.1968384,
TD3,2layers,HalfCheetah-v4,10,all-critic,fswish,0.5,5436623307.495117,
TD3,2layers,HalfCheetah-v4,30,all-critic,fswish,0.5,1330012342.596054,
TD3,2layers,HalfCheetah-v4,20,all-critic,fswish,0.5,1524426112.7471924,
TD3,2layers,HalfCheetah-v4,40,all-critic,fswish,0.5,4992702021.217346,
TD3,2layers,HalfCheetah-v4,50,all-critic,fswish,0.2,1872049253.2730105,
TD3,2layers,HalfCheetah-v4,10,all-critic,fswish,0.2,6268232692.642212,
TD3,2layers,HalfCheetah-v4,30,all-critic,fswish,0.2,1357542084.8083496,
TD3,2layers,HalfCheetah-v4,20,all-critic,fswish,0.2,1638516948.471069,
TD3,2layers,HalfCheetah-v4,40,all-critic,fswish,0.2,5964455502.929688,
TD3,2layers,HalfCheetah-v4,50,all-critic,fswish,0.1,1850556417.541504,
TD3,2layers,HalfCheetah-v4,10,all-critic,fswish,0.1,6599669560.852051,
TD3,2layers,HalfCheetah-v4,30,all-critic,fswish,0.1,6254540909.080505,
TD3,2layers,HalfCheetah-v4,20,all-critic,fswish,0.1,1539572219.2382812,
TD3,2layers,HalfCheetah-v4,40,all-critic,fswish,0.1,1873268680.305481,
TD3,2layers,HalfCheetah-v4,50,all-critic,fswish,0.4,1586199073.8105774,
TD3,2layers,HalfCheetah-v4,10,all-critic,fswish,0.4,5658394137.611389,
TD3,2layers,HalfCheetah-v4,30,all-critic,fswish,0.4,1353180935.3637695,
TD3,2layers,HalfCheetah-v4,20,all-critic,fswish,0.4,1534611616.1346436,
TD3,2layers,HalfCheetah-v4,40,all-critic,fswish,0.4,6148843535.842896,
TD3,2layers,HalfCheetah-v4,50,all-critic,fswish,0.3,1842281051.29242,
TD3,2layers,HalfCheetah-v4,10,all-critic,fswish,0.3,5469558414.306641,
TD3,2layers,HalfCheetah-v4,30,all-critic,fswish,0.3,1241356813.1256104,
TD3,2layers,HalfCheetah-v4,20,all-critic,fswish,0.3,1583877280.807495,
TD3,2layers,HalfCheetah-v4,40,all-critic,fswish,0.3,5484522193.546295,
TD3,2layers,Hopper-v4,50,all-critic,fswish,0.5,2954861478.3477783,
TD3,2layers,Hopper-v4,10,all-critic,fswish,0.5,897260629.15802,
TD3,2layers,Hopper-v4,30,all-critic,fswish,0.5,2479147723.8464355,
TD3,2layers,Hopper-v4,20,all-critic,fswish,0.5,2352615166.7785645,
TD3,2layers,Hopper-v4,40,all-critic,fswish,0.5,2015357530.822754,
TD3,2layers,Hopper-v4,50,all-critic,fswish,0.2,2896607960.357666,
TD3,2layers,Hopper-v4,10,all-critic,fswish,0.2,395336505.0506592,
TD3,2layers,Hopper-v4,30,all-critic,fswish,0.2,2150752211.9140625,
TD3,2layers,Hopper-v4,20,all-critic,fswish,0.2,1661084691.3528442,
TD3,2layers,Hopper-v4,40,all-critic,fswish,0.2,1896168473.3581543,
TD3,2layers,Hopper-v4,50,all-critic,fswish,0.1,2781098069.152832,
TD3,2layers,Hopper-v4,10,all-critic,fswish,0.1,1027394559.173584,
TD3,2layers,Hopper-v4,30,all-critic,fswish,0.1,2914464308.319092,
TD3,2layers,Hopper-v4,20,all-critic,fswish,0.1,2462576096.64917,
TD3,2layers,Hopper-v4,40,all-critic,fswish,0.1,2098863430.1757808,
TD3,2layers,Hopper-v4,50,all-critic,fswish,0.4,2044949082.107544,
TD3,2layers,Hopper-v4,10,all-critic,fswish,0.4,1329717844.696045,
TD3,2layers,Hopper-v4,30,all-critic,fswish,0.4,376997074.3560791,
TD3,2layers,Hopper-v4,20,all-critic,fswish,0.4,2622873425.4455566,
TD3,2layers,Hopper-v4,40,all-critic,fswish,0.4,2316174825.210572,
TD3,2layers,Hopper-v4,50,all-critic,fswish,0.3,2555641395.797729,
TD3,2layers,Hopper-v4,10,all-critic,fswish,0.3,1627448148.651123,
TD3,2layers,Hopper-v4,30,all-critic,fswish,0.3,2605883436.8133545,
TD3,2layers,Hopper-v4,20,all-critic,fswish,0.3,2036255317.153931,
TD3,2layers,Hopper-v4,40,all-critic,fswish,0.3,2741460980.529785,
TD3,2layers,Walker-Walk,50,all-critic,fgelu,0.4,768826781.0821533,
TD3,2layers,Walker-Walk,10,all-critic,fgelu,0.4,862461082.2439194,
TD3,2layers,Walker-Walk,30,all-critic,fgelu,0.4,695595524.7211456,
TD3,2layers,Walker-Walk,20,all-critic,fgelu,0.4,759507096.157074,
TD3,2layers,Walker-Walk,40,all-critic,fgelu,0.4,783116316.3948059,
TD3,2layers,Walker-Walk,50,all-critic,fgelu,0.3,787031061.4728928,
TD3,2layers,Walker-Walk,10,all-critic,fgelu,0.3,887499393.1388855,
TD3,2layers,Walker-Walk,30,all-critic,fgelu,0.3,796441385.8509064,
TD3,2layers,Walker-Walk,20,all-critic,fgelu,0.3,737796285.7055664,
TD3,2layers,Walker-Walk,40,all-critic,fgelu,0.3,436452344.0933228,
TD3,2layers,Walker-Walk,50,all-critic,fgelu,0.2,653276138.1340027,
TD3,2layers,Walker-Walk,10,all-critic,fgelu,0.2,782413194.360733,
TD3,2layers,Walker-Walk,30,all-critic,fgelu,0.2,539202092.0181274,
TD3,2layers,Walker-Walk,20,all-critic,fgelu,0.2,865350053.1768799,
TD3,2layers,Walker-Walk,40,all-critic,fgelu,0.2,773767585.9642029,
TD3,2layers,Walker-Walk,50,all-critic,fgelu,0.5,778144958.7631226,
TD3,2layers,Walker-Walk,10,all-critic,fgelu,0.5,882421407.6042175,
TD3,2layers,Walker-Walk,30,all-critic,fgelu,0.5,846632017.5647736,
TD3,2layers,Walker-Walk,20,all-critic,fgelu,0.5,788982448.2727051,
TD3,2layers,Walker-Walk,40,all-critic,fgelu,0.5,780771968.0786133,
TD3,2layers,Walker-Walk,50,all-critic,fgelu,0.1,703149151.9927979,
TD3,2layers,Walker-Walk,10,all-critic,fgelu,0.1,664450262.63237,
TD3,2layers,Walker-Walk,30,all-critic,fgelu,0.1,480283512.07733154,
TD3,2layers,Walker-Walk,20,all-critic,fgelu,0.1,896796623.878479,
TD3,2layers,Walker-Walk,40,all-critic,fgelu,0.1,309112631.8740845,
TD3,2layers,Cheetah-Run,50,all-critic,fgelu,0.4,375296870.2316284,
TD3,2layers,Cheetah-Run,10,all-critic,fgelu,0.4,354230643.9399719,
TD3,2layers,Cheetah-Run,30,all-critic,fgelu,0.4,501087967.1096802,
TD3,2layers,Cheetah-Run,20,all-critic,fgelu,0.4,430848513.18597794,
TD3,2layers,Cheetah-Run,40,all-critic,fgelu,0.4,550222375.4537106,
TD3,2layers,Cheetah-Run,50,all-critic,fgelu,0.5,588934443.7599182,
TD3,2layers,Cheetah-Run,10,all-critic,fgelu,0.5,573553455.4958344,
TD3,2layers,Cheetah-Run,30,all-critic,fgelu,0.5,587061380.5484772,
TD3,2layers,Cheetah-Run,20,all-critic,fgelu,0.5,399192625.579834,
TD3,2layers,Cheetah-Run,40,all-critic,fgelu,0.5,546825391.6788101,
TD3,2layers,Cheetah-Run,50,all-critic,fgelu,0.1,563251331.346035,
TD3,2layers,Cheetah-Run,10,all-critic,fgelu,0.1,602089071.9509125,
TD3,2layers,Cheetah-Run,30,all-critic,fgelu,0.1,591529415.5883789,
TD3,2layers,Cheetah-Run,20,all-critic,fgelu,0.1,468081823.4920502,
TD3,2layers,Cheetah-Run,40,all-critic,fgelu,0.1,455302925.13370514,
TD3,2layers,Cheetah-Run,50,all-critic,fgelu,0.2,541316980.7720184,
TD3,2layers,Cheetah-Run,10,all-critic,fgelu,0.2,539203982.6107025,
TD3,2layers,Cheetah-Run,30,all-critic,fgelu,0.2,457527783.0696106,
TD3,2layers,Cheetah-Run,20,all-critic,fgelu,0.2,479987894.03915405,
TD3,2layers,Cheetah-Run,40,all-critic,fgelu,0.2,460219347.4519253,
TD3,2layers,Cheetah-Run,50,all-critic,fgelu,0.3,431975009.0789795,
TD3,2layers,Cheetah-Run,10,all-critic,fgelu,0.3,547549267.2348022,
TD3,2layers,Cheetah-Run,30,all-critic,fgelu,0.3,435556639.251709,
TD3,2layers,Cheetah-Run,20,all-critic,fgelu,0.3,562376557.4836731,
TD3,2layers,Cheetah-Run,40,all-critic,fgelu,0.3,610597270.898819,
TD3,2layers,Humanoid-v4,50,all-critic,fgelu,0.1,2433622888.488769,
TD3,2layers,Humanoid-v4,10,all-critic,fgelu,0.1,3416814105.606079,
TD3,2layers,Humanoid-v4,30,all-critic,fgelu,0.1,4047482411.880493,
TD3,2layers,Humanoid-v4,20,all-critic,fgelu,0.1,3852592940.101624,
TD3,2layers,Humanoid-v4,40,all-critic,fgelu,0.1,4349855070.724487,
TD3,2layers,Humanoid-v4,50,all-critic,fgelu,0.4,3251789544.3725586,
TD3,2layers,Humanoid-v4,10,all-critic,fgelu,0.4,3496549124.6032715,
TD3,2layers,Humanoid-v4,30,all-critic,fgelu,0.4,4063993607.1777344,
TD3,2layers,Humanoid-v4,20,all-critic,fgelu,0.4,3973500311.279297,
TD3,2layers,Humanoid-v4,40,all-critic,fgelu,0.4,4118035792.732239,
TD3,2layers,Humanoid-v4,50,all-critic,fgelu,0.2,3778982608.642578,
TD3,2layers,Humanoid-v4,10,all-critic,fgelu,0.2,3470344022.254944,
TD3,2layers,Humanoid-v4,30,all-critic,fgelu,0.2,3319669045.906067,
TD3,2layers,Humanoid-v4,20,all-critic,fgelu,0.2,3371166171.798706,
TD3,2layers,Humanoid-v4,40,all-critic,fgelu,0.2,4086778331.756592,
TD3,2layers,Humanoid-v4,50,all-critic,fgelu,0.5,1652356487.8845215,
TD3,2layers,Humanoid-v4,10,all-critic,fgelu,0.5,3257999593.1243896,
TD3,2layers,Humanoid-v4,30,all-critic,fgelu,0.5,3997420482.635498,
TD3,2layers,Humanoid-v4,20,all-critic,fgelu,0.5,3965818828.9642334,
TD3,2layers,Humanoid-v4,40,all-critic,fgelu,0.5,2791034927.406311,
TD3,2layers,Humanoid-v4,50,all-critic,fgelu,0.3,3739556282.8826895,
TD3,2layers,Humanoid-v4,10,all-critic,fgelu,0.3,2270587214.3554688,
TD3,2layers,Humanoid-v4,30,all-critic,fgelu,0.3,3922209092.7124014,
TD3,2layers,Humanoid-v4,20,all-critic,fgelu,0.3,2861835294.7998047,
TD3,2layers,Humanoid-v4,40,all-critic,fgelu,0.3,3417212032.661438,
TD3,2layers,Ant-v4,50,all-critic,fgelu,0.1,2345993236.732483,
TD3,2layers,Ant-v4,10,all-critic,fgelu,0.1,2123448579.1301727,
TD3,2layers,Ant-v4,30,all-critic,fgelu,0.1,2017533531.8350792,
TD3,2layers,Ant-v4,20,all-critic,fgelu,0.1,2684404031.4483643,
TD3,2layers,Ant-v4,40,all-critic,fgelu,0.1,2261877795.162201,
TD3,2layers,Ant-v4,50,all-critic,fgelu,0.4,2285636265.544892,
TD3,2layers,Ant-v4,10,all-critic,fgelu,0.4,2299991956.176758,
TD3,2layers,Ant-v4,30,all-critic,fgelu,0.4,2488768863.8305664,
TD3,2layers,Ant-v4,20,all-critic,fgelu,0.4,2353704315.6147003,
TD3,2layers,Ant-v4,40,all-critic,fgelu,0.4,2802618337.402344,
TD3,2layers,Ant-v4,50,all-critic,fgelu,0.2,2374274387.817383,
TD3,2layers,Ant-v4,10,all-critic,fgelu,0.2,2441834040.222168,
TD3,2layers,Ant-v4,30,all-critic,fgelu,0.2,2427569059.753418,
TD3,2layers,Ant-v4,20,all-critic,fgelu,0.2,1932979151.0009768,
TD3,2layers,Ant-v4,40,all-critic,fgelu,0.2,2218031262.512207,
TD3,2layers,Ant-v4,50,all-critic,fgelu,0.3,2637275518.798828,
TD3,2layers,Ant-v4,10,all-critic,fgelu,0.3,2671468735.6567383,
TD3,2layers,Ant-v4,30,all-critic,fgelu,0.3,2163289536.895752,
TD3,2layers,Ant-v4,20,all-critic,fgelu,0.3,2827445121.3264465,
TD3,2layers,Ant-v4,40,all-critic,fgelu,0.3,2152299801.635742,
TD3,2layers,Ant-v4,50,all-critic,fgelu,0.5,2526954856.567383,
TD3,2layers,Ant-v4,10,all-critic,fgelu,0.5,2191420881.347656,
TD3,2layers,Ant-v4,30,all-critic,fgelu,0.5,2015751183.1474304,
TD3,2layers,Ant-v4,20,all-critic,fgelu,0.5,2700397464.2944336,
TD3,2layers,Ant-v4,40,all-critic,fgelu,0.5,2438868476.371765,
TD3,2layers,Cartpole-Swingup,50,all-critic,fgelu,0.1,744740965.8813477,
TD3,2layers,Cartpole-Swingup,10,all-critic,fgelu,0.1,667273019.9232697,
TD3,2layers,Cartpole-Swingup,30,all-critic,fgelu,0.1,721378075.9691447,
TD3,2layers,Cartpole-Swingup,20,all-critic,fgelu,0.1,738852447.2808838,
TD3,2layers,Cartpole-Swingup,40,all-critic,fgelu,0.1,743984563.8275146,
TD3,2layers,Cartpole-Swingup,50,all-critic,fgelu,0.4,684673254.0893555,
TD3,2layers,Cartpole-Swingup,10,all-critic,fgelu,0.4,765304799.4232178,
TD3,2layers,Cartpole-Swingup,30,all-critic,fgelu,0.4,776986409.9884033,
TD3,2layers,Cartpole-Swingup,20,all-critic,fgelu,0.4,770798545.9899902,
TD3,2layers,Cartpole-Swingup,40,all-critic,fgelu,0.4,778812680.2825928,
TD3,2layers,Cartpole-Swingup,50,all-critic,fgelu,0.3,740244836.730957,
TD3,2layers,Cartpole-Swingup,10,all-critic,fgelu,0.3,769798634.9782348,
TD3,2layers,Cartpole-Swingup,30,all-critic,fgelu,0.3,744882594.0704346,
TD3,2layers,Cartpole-Swingup,20,all-critic,fgelu,0.3,790368198.7762451,
TD3,2layers,Cartpole-Swingup,40,all-critic,fgelu,0.3,749023805.0842285,
TD3,2layers,Cartpole-Swingup,50,all-critic,fgelu,0.2,750319471.8933105,
TD3,2layers,Cartpole-Swingup,10,all-critic,fgelu,0.2,782342741.6992188,
TD3,2layers,Cartpole-Swingup,30,all-critic,fgelu,0.2,744725384.5977783,
TD3,2layers,Cartpole-Swingup,20,all-critic,fgelu,0.2,754149402.8607011,
TD3,2layers,Cartpole-Swingup,40,all-critic,fgelu,0.2,792282085.3424072,
TD3,2layers,Cartpole-Swingup,50,all-critic,fgelu,0.5,787167092.3614502,
TD3,2layers,Cartpole-Swingup,10,all-critic,fgelu,0.5,772926689.453125,
TD3,2layers,Cartpole-Swingup,30,all-critic,fgelu,0.5,745818863.9831543,
TD3,2layers,Cartpole-Swingup,20,all-critic,fgelu,0.5,742582270.7366943,
TD3,2layers,Cartpole-Swingup,40,all-critic,fgelu,0.5,777653097.15271,
TD3,2layers,Finger-Spin,50,all-critic,fgelu,0.1,780480000.0,
TD3,2layers,Finger-Spin,10,all-critic,fgelu,0.1,833710000.0,
TD3,2layers,Finger-Spin,30,all-critic,fgelu,0.1,743355000.0,
TD3,2layers,Finger-Spin,20,all-critic,fgelu,0.1,777495000.0,
TD3,2layers,Finger-Spin,40,all-critic,fgelu,0.1,882100000.0,
TD3,2layers,Finger-Spin,50,all-critic,fgelu,0.4,714020000.0,
TD3,2layers,Finger-Spin,10,all-critic,fgelu,0.4,747530000.0,
TD3,2layers,Finger-Spin,30,all-critic,fgelu,0.4,795985000.0,
TD3,2layers,Finger-Spin,20,all-critic,fgelu,0.4,798720000.0,
TD3,2layers,Finger-Spin,40,all-critic,fgelu,0.4,830940000.0,
TD3,2layers,Finger-Spin,50,all-critic,fgelu,0.5,805360000.0,
TD3,2layers,Finger-Spin,10,all-critic,fgelu,0.5,725245000.0,
TD3,2layers,Finger-Spin,30,all-critic,fgelu,0.5,655240000.0,
TD3,2layers,Finger-Spin,20,all-critic,fgelu,0.5,912715000.0,
TD3,2layers,Finger-Spin,40,all-critic,fgelu,0.5,776735000.0,
TD3,2layers,Finger-Spin,50,all-critic,fgelu,0.2,725275000.0,
TD3,2layers,Finger-Spin,10,all-critic,fgelu,0.2,838620000.0,
TD3,2layers,Finger-Spin,30,all-critic,fgelu,0.2,830875000.0,
TD3,2layers,Finger-Spin,20,all-critic,fgelu,0.2,761990000.0,
TD3,2layers,Finger-Spin,40,all-critic,fgelu,0.2,841375000.0,
TD3,2layers,Finger-Spin,50,all-critic,fgelu,0.3,720330000.0,
TD3,2layers,Finger-Spin,10,all-critic,fgelu,0.3,811425000.0,
TD3,2layers,Finger-Spin,30,all-critic,fgelu,0.3,805725000.0,
TD3,2layers,Finger-Spin,20,all-critic,fgelu,0.3,796595000.0,
TD3,2layers,Finger-Spin,40,all-critic,fgelu,0.3,784175000.0,
TD3,2layers,HalfCheetah-v4,50,all-critic,fgelu,0.3,1663054408.1115725,
TD3,2layers,HalfCheetah-v4,10,all-critic,fgelu,0.3,6494078634.94873,
TD3,2layers,HalfCheetah-v4,30,all-critic,fgelu,0.3,5275891240.615845,
TD3,2layers,HalfCheetah-v4,20,all-critic,fgelu,0.3,1667368792.796135,
TD3,2layers,HalfCheetah-v4,40,all-critic,fgelu,0.3,1625071313.2095337,
TD3,2layers,HalfCheetah-v4,50,all-critic,fgelu,0.4,1553736540.4510498,
TD3,2layers,HalfCheetah-v4,10,all-critic,fgelu,0.4,6010354665.679932,
TD3,2layers,HalfCheetah-v4,30,all-critic,fgelu,0.4,1773391744.4610596,
TD3,2layers,HalfCheetah-v4,20,all-critic,fgelu,0.4,1455928147.6593018,
TD3,2layers,HalfCheetah-v4,40,all-critic,fgelu,0.4,6111796691.436768,
TD3,2layers,HalfCheetah-v4,50,all-critic,fgelu,0.1,1896269247.436524,
TD3,2layers,HalfCheetah-v4,10,all-critic,fgelu,0.1,6442345503.311157,
TD3,2layers,HalfCheetah-v4,30,all-critic,fgelu,0.1,1512461028.8619995,
TD3,2layers,HalfCheetah-v4,20,all-critic,fgelu,0.1,1665947320.3802109,
TD3,2layers,HalfCheetah-v4,40,all-critic,fgelu,0.1,1776893556.8237305,
TD3,2layers,HalfCheetah-v4,50,all-critic,fgelu,0.5,5409932214.279175,
TD3,2layers,HalfCheetah-v4,10,all-critic,fgelu,0.5,1185040260.4675293,
TD3,2layers,HalfCheetah-v4,30,all-critic,fgelu,0.5,1315712642.364502,
TD3,2layers,HalfCheetah-v4,20,all-critic,fgelu,0.5,4797729236.068726,
TD3,2layers,HalfCheetah-v4,40,all-critic,fgelu,0.5,1411858480.4534912,
TD3,2layers,HalfCheetah-v4,50,all-critic,fgelu,0.2,1775718255.9204102,
TD3,2layers,HalfCheetah-v4,10,all-critic,fgelu,0.2,1680670832.2143557,
TD3,2layers,HalfCheetah-v4,30,all-critic,fgelu,0.2,5732022553.634644,
TD3,2layers,HalfCheetah-v4,20,all-critic,fgelu,0.2,5532421654.968262,
TD3,2layers,HalfCheetah-v4,40,all-critic,fgelu,0.2,1731232037.2772217,
TD3,2layers,Hopper-v4,50,all-critic,fgelu,0.1,2324022840.72876,
TD3,2layers,Hopper-v4,10,all-critic,fgelu,0.1,2202895457.839966,
TD3,2layers,Hopper-v4,30,all-critic,fgelu,0.1,1074602004.852295,
TD3,2layers,Hopper-v4,20,all-critic,fgelu,0.1,1658092555.3894043,
TD3,2layers,Hopper-v4,40,all-critic,fgelu,0.1,1470128536.2243652,
TD3,2layers,Hopper-v4,50,all-critic,fgelu,0.5,2734271186.065674,
TD3,2layers,Hopper-v4,10,all-critic,fgelu,0.5,1298362885.055542,
TD3,2layers,Hopper-v4,30,all-critic,fgelu,0.5,1563641421.661377,
TD3,2layers,Hopper-v4,20,all-critic,fgelu,0.5,2564447642.745972,
TD3,2layers,Hopper-v4,40,all-critic,fgelu,0.5,2595718020.477295,
TD3,2layers,Hopper-v4,50,all-critic,fgelu,0.2,1273132989.2730713,
TD3,2layers,Hopper-v4,10,all-critic,fgelu,0.2,1665178370.2850342,
TD3,2layers,Hopper-v4,30,all-critic,fgelu,0.2,2309593861.0839844,
TD3,2layers,Hopper-v4,20,all-critic,fgelu,0.2,1560721542.053223,
TD3,2layers,Hopper-v4,40,all-critic,fgelu,0.2,2723011218.414306,
TD3,2layers,Hopper-v4,50,all-critic,fgelu,0.4,1674783974.761963,
TD3,2layers,Hopper-v4,10,all-critic,fgelu,0.4,999340800.9529114,
TD3,2layers,Hopper-v4,30,all-critic,fgelu,0.4,2277283301.4678955,
TD3,2layers,Hopper-v4,20,all-critic,fgelu,0.4,2141599508.781433,
TD3,2layers,Hopper-v4,40,all-critic,fgelu,0.4,2174449045.86792,
TD3,2layers,Hopper-v4,50,all-critic,fgelu,0.3,2617392944.717407,
TD3,2layers,Hopper-v4,10,all-critic,fgelu,0.3,2216709847.640991,
TD3,2layers,Hopper-v4,30,all-critic,fgelu,0.3,3044950964.6606445,
TD3,2layers,Hopper-v4,20,all-critic,fgelu,0.3,2072844544.2199707,
TD3,2layers,Hopper-v4,40,all-critic,fgelu,0.3,1195305314.4454956,
TD3,2layers,Hopper-v4,50,all-critic,lrelu,base,1849612943.80188,
TD3,2layers,Hopper-v4,10,all-critic,lrelu,base,923363409.65271,
TD3,2layers,Hopper-v4,30,all-critic,lrelu,base,2363179722.213745,
TD3,2layers,Hopper-v4,20,all-critic,lrelu,base,2292776669.006348,
TD3,2layers,Hopper-v4,40,all-critic,lrelu,base,1646916049.3659973,
TD3,2layers,Cheetah-Run,50,all-critic,lrelu,base,418679700.088501,
TD3,2layers,Cheetah-Run,10,all-critic,lrelu,base,281187221.5461731,
TD3,2layers,Cheetah-Run,30,all-critic,lrelu,base,450901636.3954544,
TD3,2layers,Cheetah-Run,20,all-critic,lrelu,base,432733674.4213104,
TD3,2layers,Cheetah-Run,40,all-critic,lrelu,base,483708871.1500168,
TD3,2layers,HalfCheetah-v4,50,all-critic,lrelu,base,1431214844.0551758,
TD3,2layers,HalfCheetah-v4,10,all-critic,lrelu,base,1597238257.369995,
TD3,2layers,HalfCheetah-v4,30,all-critic,lrelu,base,1514895372.543335,
TD3,2layers,HalfCheetah-v4,20,all-critic,lrelu,base,1577081160.0494385,
TD3,2layers,HalfCheetah-v4,40,all-critic,lrelu,base,4075473695.335388,
TD3,2layers,Walker-Walk,50,all-critic,lrelu,base,749947987.5946045,
TD3,2layers,Walker-Walk,10,all-critic,lrelu,base,795546287.1932983,
TD3,2layers,Walker-Walk,30,all-critic,lrelu,base,231227455.4824829,
TD3,2layers,Walker-Walk,20,all-critic,lrelu,base,723699199.6383667,
TD3,2layers,Walker-Walk,40,all-critic,lrelu,base,598839164.390564,
TD3,2layers,Ant-v4,50,all-critic,lrelu,base,2247056539.7930145,
TD3,2layers,Ant-v4,10,all-critic,lrelu,base,2439318259.277344,
TD3,2layers,Ant-v4,30,all-critic,lrelu,base,2242910806.274414,
TD3,2layers,Ant-v4,20,all-critic,lrelu,base,2382785836.517811,
TD3,2layers,Ant-v4,40,all-critic,lrelu,base,2062251780.9391024,
TD3,2layers,Cartpole-Swingup,50,all-critic,lrelu,base,652829187.7746582,
TD3,2layers,Cartpole-Swingup,10,all-critic,lrelu,base,679535484.3139648,
TD3,2layers,Cartpole-Swingup,30,all-critic,lrelu,base,740692208.7860107,
TD3,2layers,Cartpole-Swingup,20,all-critic,lrelu,base,583275446.434021,
TD3,2layers,Cartpole-Swingup,40,all-critic,lrelu,base,754805595.0164795,
TD3,2layers,Humanoid-v4,50,all-critic,lrelu,base,3058927673.8739014,
TD3,2layers,Humanoid-v4,10,all-critic,lrelu,base,3961938690.7958975,
TD3,2layers,Humanoid-v4,30,all-critic,lrelu,base,3374818700.5615234,
TD3,2layers,Humanoid-v4,20,all-critic,lrelu,base,3420262380.3710938,
TD3,2layers,Humanoid-v4,40,all-critic,lrelu,base,3809029870.681762,
TD3,2layers,Finger-Spin,50,all-critic,lrelu,base,573225000.0,
TD3,2layers,Finger-Spin,10,all-critic,lrelu,base,503730000.0,
TD3,2layers,Finger-Spin,30,all-critic,lrelu,base,624995000.0,
TD3,2layers,Finger-Spin,20,all-critic,lrelu,base,682605000.0,
TD3,2layers,Finger-Spin,40,all-critic,lrelu,base,706295000.0,
TD3,2layers,Walker-Walk,50,all-critic,fprelu,0.2,883127572.994472,
TD3,2layers,Walker-Walk,10,all-critic,fprelu,0.2,725845104.0908073,
TD3,2layers,Walker-Walk,30,all-critic,fprelu,0.2,574389003.6018229,
TD3,2layers,Walker-Walk,20,all-critic,fprelu,0.2,828740861.6318562,
TD3,2layers,Walker-Walk,40,all-critic,fprelu,0.2,865294757.7054325,
TD3,2layers,Walker-Walk,50,all-critic,fprelu,0.3,864938343.4357032,
TD3,2layers,Walker-Walk,10,all-critic,fprelu,0.3,901830990.7060008,
TD3,2layers,Walker-Walk,30,all-critic,fprelu,0.3,863591974.1661088,
TD3,2layers,Walker-Walk,20,all-critic,fprelu,0.3,861237453.4018068,
TD3,2layers,Walker-Walk,40,all-critic,fprelu,0.3,578691593.0574454,
TD3,2layers,Walker-Walk,50,all-critic,fprelu,0.4,868454403.158781,
TD3,2layers,Walker-Walk,10,all-critic,fprelu,0.4,842863404.0126199,
TD3,2layers,Walker-Walk,30,all-critic,fprelu,0.4,843399667.1582247,
TD3,2layers,Walker-Walk,20,all-critic,fprelu,0.4,649097526.4059274,
TD3,2layers,Walker-Walk,40,all-critic,fprelu,0.4,878965768.1749009,
TD3,2layers,Walker-Walk,50,all-critic,fprelu,0.5,815230359.0249815,
TD3,2layers,Walker-Walk,10,all-critic,fprelu,0.5,779541303.6488341,
TD3,2layers,Walker-Walk,30,all-critic,fprelu,0.5,738165256.0831319,
TD3,2layers,Walker-Walk,20,all-critic,fprelu,0.5,725714102.4260154,
TD3,2layers,Walker-Walk,40,all-critic,fprelu,0.5,495038556.9494548,
TD3,2layers,Walker-Walk,50,all-critic,fprelu,0.1,882450212.708764,
TD3,2layers,Walker-Walk,10,all-critic,fprelu,0.1,701390637.5763178,
TD3,2layers,Walker-Walk,30,all-critic,fprelu,0.1,860922008.1480206,
TD3,2layers,Walker-Walk,20,all-critic,fprelu,0.1,891054979.8450689,
TD3,2layers,Walker-Walk,40,all-critic,fprelu,0.1,861268168.3923141,
TD3,2layers,Finger-Spin,50,all-critic,fprelu,0.1,824940000.0,
TD3,2layers,Finger-Spin,10,all-critic,fprelu,0.1,733445000.0,
TD3,2layers,Finger-Spin,30,all-critic,fprelu,0.1,762040000.0,
TD3,2layers,Finger-Spin,20,all-critic,fprelu,0.1,790270000.0,
TD3,2layers,Finger-Spin,40,all-critic,fprelu,0.1,646625000.0,
TD3,2layers,Finger-Spin,50,all-critic,fprelu,0.3,796025000.0,
TD3,2layers,Finger-Spin,10,all-critic,fprelu,0.3,763280000.0,
TD3,2layers,Finger-Spin,30,all-critic,fprelu,0.3,720865000.0,
TD3,2layers,Finger-Spin,20,all-critic,fprelu,0.3,743915000.0,
TD3,2layers,Finger-Spin,40,all-critic,fprelu,0.3,684325000.0,
TD3,2layers,Finger-Spin,50,all-critic,fprelu,0.4,742035000.0,
TD3,2layers,Finger-Spin,10,all-critic,fprelu,0.4,675870000.0,
TD3,2layers,Finger-Spin,30,all-critic,fprelu,0.4,637325000.0,
TD3,2layers,Finger-Spin,20,all-critic,fprelu,0.4,672930000.0,
TD3,2layers,Finger-Spin,40,all-critic,fprelu,0.4,300530000.0,
TD3,2layers,Finger-Spin,50,all-critic,fprelu,0.5,765100000.0,
TD3,2layers,Finger-Spin,10,all-critic,fprelu,0.5,610370000.0,
TD3,2layers,Finger-Spin,30,all-critic,fprelu,0.5,317790000.0,
TD3,2layers,Finger-Spin,20,all-critic,fprelu,0.5,577895000.0,
TD3,2layers,Finger-Spin,40,all-critic,fprelu,0.5,3800000.0,
TD3,2layers,Finger-Spin,50,all-critic,fprelu,0.2,770600000.0,
TD3,2layers,Finger-Spin,10,all-critic,fprelu,0.2,744440000.0,
TD3,2layers,Finger-Spin,30,all-critic,fprelu,0.2,664940000.0,
TD3,2layers,Finger-Spin,20,all-critic,fprelu,0.2,691980000.0,
TD3,2layers,Finger-Spin,40,all-critic,fprelu,0.2,722230000.0,
TD3,2layers,Cheetah-Run,50,all-critic,fprelu,0.4,444741836.4592131,
TD3,2layers,Cheetah-Run,10,all-critic,fprelu,0.4,354809049.8028285,
TD3,2layers,Cheetah-Run,30,all-critic,fprelu,0.4,408896623.6813184,
TD3,2layers,Cheetah-Run,20,all-critic,fprelu,0.4,463768339.13352674,
TD3,2layers,Cheetah-Run,40,all-critic,fprelu,0.4,426836128.71573406,
TD3,2layers,Cheetah-Run,50,all-critic,fprelu,0.5,374669530.92584085,
TD3,2layers,Cheetah-Run,10,all-critic,fprelu,0.5,454405544.2867142,
TD3,2layers,Cheetah-Run,30,all-critic,fprelu,0.5,420712776.9134553,
TD3,2layers,Cheetah-Run,20,all-critic,fprelu,0.5,304869321.046063,
TD3,2layers,Cheetah-Run,40,all-critic,fprelu,0.5,378512814.0696467,
TD3,2layers,Cheetah-Run,50,all-critic,fprelu,0.1,470663325.7541132,
TD3,2layers,Cheetah-Run,10,all-critic,fprelu,0.1,485681690.53917086,
TD3,2layers,Cheetah-Run,30,all-critic,fprelu,0.1,430013307.595739,
TD3,2layers,Cheetah-Run,20,all-critic,fprelu,0.1,456610314.23694944,
TD3,2layers,Cheetah-Run,40,all-critic,fprelu,0.1,474156210.58137375,
TD3,2layers,Cheetah-Run,50,all-critic,fprelu,0.2,466628187.9369183,
TD3,2layers,Cheetah-Run,10,all-critic,fprelu,0.2,409097807.84683526,
TD3,2layers,Cheetah-Run,30,all-critic,fprelu,0.2,558946567.7416404,
TD3,2layers,Cheetah-Run,20,all-critic,fprelu,0.2,503271886.6831229,
TD3,2layers,Cheetah-Run,40,all-critic,fprelu,0.2,443227477.3023375,
TD3,2layers,Cheetah-Run,50,all-critic,fprelu,0.3,499711110.9002477,
TD3,2layers,Cheetah-Run,10,all-critic,fprelu,0.3,472074157.5798674,
TD3,2layers,Cheetah-Run,30,all-critic,fprelu,0.3,471913653.9526098,
TD3,2layers,Cheetah-Run,20,all-critic,fprelu,0.3,429314755.4255767,
TD3,2layers,Cheetah-Run,40,all-critic,fprelu,0.3,316077128.878028,
TD3,2layers,Humanoid-v4,50,all-critic,fprelu,0.3,3228958907.9891024,
TD3,2layers,Humanoid-v4,10,all-critic,fprelu,0.3,3503207120.715353,
TD3,2layers,Humanoid-v4,30,all-critic,fprelu,0.3,3450871340.2074003,
TD3,2layers,Humanoid-v4,20,all-critic,fprelu,0.3,2930813545.157298,
TD3,2layers,Humanoid-v4,40,all-critic,fprelu,0.3,1665912366.3847337,
TD3,2layers,Humanoid-v4,50,all-critic,fprelu,0.4,3381301726.4554114,
TD3,2layers,Humanoid-v4,10,all-critic,fprelu,0.4,3458421075.226462,
TD3,2layers,Humanoid-v4,30,all-critic,fprelu,0.4,360154826.8942263,
TD3,2layers,Humanoid-v4,20,all-critic,fprelu,0.4,108953020.63471344,
TD3,2layers,Humanoid-v4,40,all-critic,fprelu,0.4,2924942963.4158096,
TD3,2layers,Humanoid-v4,50,all-critic,fprelu,0.2,3262760487.037072,
TD3,2layers,Humanoid-v4,10,all-critic,fprelu,0.2,2501434965.949837,
TD3,2layers,Humanoid-v4,30,all-critic,fprelu,0.2,299579091.5079685,
TD3,2layers,Humanoid-v4,20,all-critic,fprelu,0.2,3644391700.955982,
TD3,2layers,Humanoid-v4,40,all-critic,fprelu,0.2,219629447.7553329,
TD3,2layers,Humanoid-v4,50,all-critic,fprelu,0.5,276743174.9522489,
TD3,2layers,Humanoid-v4,10,all-critic,fprelu,0.5,236458613.48681456,
TD3,2layers,Humanoid-v4,30,all-critic,fprelu,0.5,465300576.7944756,
TD3,2layers,Humanoid-v4,20,all-critic,fprelu,0.5,351629946.8095185,
TD3,2layers,Humanoid-v4,40,all-critic,fprelu,0.5,1046492320.7194288,
TD3,2layers,Humanoid-v4,50,all-critic,fprelu,0.1,3714023613.440303,
TD3,2layers,Humanoid-v4,10,all-critic,fprelu,0.1,3835654059.042352,
TD3,2layers,Humanoid-v4,30,all-critic,fprelu,0.1,3466129196.810126,
TD3,2layers,Humanoid-v4,20,all-critic,fprelu,0.1,3330044087.693494,
TD3,2layers,Humanoid-v4,40,all-critic,fprelu,0.1,3973435636.957454,
TD3,2layers,Ant-v4,50,all-critic,fprelu,0.5,19914579.766836293,
TD3,2layers,Ant-v4,10,all-critic,fprelu,0.5,781270503.9288728,
TD3,2layers,Ant-v4,30,all-critic,fprelu,0.5,1822099.637684309,
TD3,2layers,Ant-v4,20,all-critic,fprelu,0.5,679037644.2198197,
TD3,2layers,Ant-v4,40,all-critic,fprelu,0.5,492111226.32755697,
TD3,2layers,Ant-v4,50,all-critic,fprelu,0.2,2555722369.7996926,
TD3,2layers,Ant-v4,10,all-critic,fprelu,0.2,2379267192.651819,
TD3,2layers,Ant-v4,30,all-critic,fprelu,0.2,1873204316.5722604,
TD3,2layers,Ant-v4,20,all-critic,fprelu,0.2,2843843422.340092,
TD3,2layers,Ant-v4,40,all-critic,fprelu,0.2,2351646481.195391,
TD3,2layers,Ant-v4,50,all-critic,fprelu,0.1,2039326269.993235,
TD3,2layers,Ant-v4,10,all-critic,fprelu,0.1,2445345853.9916577,
TD3,2layers,Ant-v4,30,all-critic,fprelu,0.1,2239450289.303543,
TD3,2layers,Ant-v4,20,all-critic,fprelu,0.1,2744340123.007511,
TD3,2layers,Ant-v4,40,all-critic,fprelu,0.1,3370736478.2603445,
TD3,2layers,Ant-v4,50,all-critic,fprelu,0.4,847220595.0024751,
TD3,2layers,Ant-v4,10,all-critic,fprelu,0.4,866815733.6420364,
TD3,2layers,Ant-v4,30,all-critic,fprelu,0.4,733793469.1749319,
TD3,2layers,Ant-v4,20,all-critic,fprelu,0.4,1385346600.6142058,
TD3,2layers,Ant-v4,40,all-critic,fprelu,0.4,731852241.5396941,
TD3,2layers,Ant-v4,50,all-critic,fprelu,0.3,2335755014.2574973,
TD3,2layers,Ant-v4,10,all-critic,fprelu,0.3,1814821788.0985408,
TD3,2layers,Ant-v4,30,all-critic,fprelu,0.3,1342775849.0163822,
TD3,2layers,Ant-v4,20,all-critic,fprelu,0.3,1898719142.3870296,
TD3,2layers,Ant-v4,40,all-critic,fprelu,0.3,2199476823.8824306,
TD3,2layers,Cartpole-Swingup,50,all-critic,fprelu,0.3,764802648.42824,
TD3,2layers,Cartpole-Swingup,10,all-critic,fprelu,0.3,753493287.4750097,
TD3,2layers,Cartpole-Swingup,30,all-critic,fprelu,0.3,792562648.098566,
TD3,2layers,Cartpole-Swingup,20,all-critic,fprelu,0.3,765812756.6252135,
TD3,2layers,Cartpole-Swingup,40,all-critic,fprelu,0.3,731358614.5776907,
TD3,2layers,Cartpole-Swingup,50,all-critic,fprelu,0.2,754438052.1947744,
TD3,2layers,Cartpole-Swingup,10,all-critic,fprelu,0.2,707181503.4266016,
TD3,2layers,Cartpole-Swingup,30,all-critic,fprelu,0.2,759921033.636275,
TD3,2layers,Cartpole-Swingup,20,all-critic,fprelu,0.2,763965557.057769,
TD3,2layers,Cartpole-Swingup,40,all-critic,fprelu,0.2,786665692.1019485,
TD3,2layers,Cartpole-Swingup,50,all-critic,fprelu,0.4,698521181.0669992,
TD3,2layers,Cartpole-Swingup,10,all-critic,fprelu,0.4,720481111.4403772,
TD3,2layers,Cartpole-Swingup,30,all-critic,fprelu,0.4,773525679.998744,
TD3,2layers,Cartpole-Swingup,20,all-critic,fprelu,0.4,751961185.2631688,
TD3,2layers,Cartpole-Swingup,40,all-critic,fprelu,0.4,761834302.7025286,
TD3,2layers,Cartpole-Swingup,50,all-critic,fprelu,0.5,730297300.4517545,
TD3,2layers,Cartpole-Swingup,10,all-critic,fprelu,0.5,723068515.7732657,
TD3,2layers,Cartpole-Swingup,30,all-critic,fprelu,0.5,722095955.1382955,
TD3,2layers,Cartpole-Swingup,20,all-critic,fprelu,0.5,782799869.5709227,
TD3,2layers,Cartpole-Swingup,40,all-critic,fprelu,0.5,722643297.5194372,
TD3,2layers,Cartpole-Swingup,50,all-critic,fprelu,0.1,773151967.3453346,
TD3,2layers,Cartpole-Swingup,10,all-critic,fprelu,0.1,709749251.6124095,
TD3,2layers,Cartpole-Swingup,30,all-critic,fprelu,0.1,748878843.7020293,
TD3,2layers,Cartpole-Swingup,20,all-critic,fprelu,0.1,752052371.8249407,
TD3,2layers,Cartpole-Swingup,40,all-critic,fprelu,0.1,737482667.709871,
TD3,2layers,HalfCheetah-v4,50,all-critic,fprelu,0.3,1338733567.758181,
TD3,2layers,HalfCheetah-v4,10,all-critic,fprelu,0.3,5073151154.080363,
TD3,2layers,HalfCheetah-v4,30,all-critic,fprelu,0.3,3372679657.909492,
TD3,2layers,HalfCheetah-v4,20,all-critic,fprelu,0.3,1417805718.153935,
TD3,2layers,HalfCheetah-v4,40,all-critic,fprelu,0.3,6706999285.554859,
TD3,2layers,HalfCheetah-v4,50,all-critic,fprelu,0.1,6264159199.781649,
TD3,2layers,HalfCheetah-v4,10,all-critic,fprelu,0.1,5192719739.194634,
TD3,2layers,HalfCheetah-v4,30,all-critic,fprelu,0.1,1695310386.600402,
TD3,2layers,HalfCheetah-v4,20,all-critic,fprelu,0.1,5254946134.42894,
TD3,2layers,HalfCheetah-v4,40,all-critic,fprelu,0.1,2004741378.18043,
TD3,2layers,HalfCheetah-v4,50,all-critic,fprelu,0.2,1749466086.5247471,
TD3,2layers,HalfCheetah-v4,10,all-critic,fprelu,0.2,1599463369.0011177,
TD3,2layers,HalfCheetah-v4,30,all-critic,fprelu,0.2,5669906089.483454,
TD3,2layers,HalfCheetah-v4,20,all-critic,fprelu,0.2,1442345436.4410288,
TD3,2layers,HalfCheetah-v4,40,all-critic,fprelu,0.2,6802297543.714186,
TD3,2layers,HalfCheetah-v4,50,all-critic,fprelu,0.5,1135426625.017411,
TD3,2layers,HalfCheetah-v4,10,all-critic,fprelu,0.5,1078491224.8103027,
TD3,2layers,HalfCheetah-v4,30,all-critic,fprelu,0.5,3382927725.522581,
TD3,2layers,HalfCheetah-v4,20,all-critic,fprelu,0.5,3729043218.777964,
TD3,2layers,HalfCheetah-v4,40,all-critic,fprelu,0.5,1199601121.456645,
TD3,2layers,HalfCheetah-v4,50,all-critic,fprelu,0.4,963108814.4057078,
TD3,2layers,HalfCheetah-v4,10,all-critic,fprelu,0.4,4707234814.960293,
TD3,2layers,HalfCheetah-v4,30,all-critic,fprelu,0.4,4925743124.919494,
TD3,2layers,HalfCheetah-v4,20,all-critic,fprelu,0.4,3628781413.9750814,
TD3,2layers,HalfCheetah-v4,40,all-critic,fprelu,0.4,3666500786.536857,
TD3,2layers,Hopper-v4,50,all-critic,fprelu,0.5,2385326926.281589,
TD3,2layers,Hopper-v4,10,all-critic,fprelu,0.5,2343068650.518696,
TD3,2layers,Hopper-v4,30,all-critic,fprelu,0.5,2829094802.671577,
TD3,2layers,Hopper-v4,20,all-critic,fprelu,0.5,2530948928.397689,
TD3,2layers,Hopper-v4,40,all-critic,fprelu,0.5,2279510104.187396,
TD3,2layers,Hopper-v4,50,all-critic,fprelu,0.1,2328433929.80997,
TD3,2layers,Hopper-v4,10,all-critic,fprelu,0.1,2355780677.8170657,
TD3,2layers,Hopper-v4,30,all-critic,fprelu,0.1,2765870680.885313,
TD3,2layers,Hopper-v4,20,all-critic,fprelu,0.1,2653933352.0196414,
TD3,2layers,Hopper-v4,40,all-critic,fprelu,0.1,2292614604.3078685,
TD3,2layers,Hopper-v4,50,all-critic,fprelu,0.4,906584293.7995888,
TD3,2layers,Hopper-v4,10,all-critic,fprelu,0.4,2455916247.3778887,
TD3,2layers,Hopper-v4,30,all-critic,fprelu,0.4,2300256960.012917,
TD3,2layers,Hopper-v4,20,all-critic,fprelu,0.4,2642317669.2667737,
TD3,2layers,Hopper-v4,40,all-critic,fprelu,0.4,1989549108.250244,
TD3,2layers,Hopper-v4,50,all-critic,fprelu,0.2,2317618234.266182,
TD3,2layers,Hopper-v4,10,all-critic,fprelu,0.2,2329958851.162132,
TD3,2layers,Hopper-v4,30,all-critic,fprelu,0.2,2833623094.02725,
TD3,2layers,Hopper-v4,20,all-critic,fprelu,0.2,1927382674.0241816,
TD3,2layers,Hopper-v4,40,all-critic,fprelu,0.2,2210780125.397506,
TD3,2layers,Hopper-v4,50,all-critic,fprelu,0.3,1777891050.3440845,
TD3,2layers,Hopper-v4,10,all-critic,fprelu,0.3,2316370015.2440143,
TD3,2layers,Hopper-v4,30,all-critic,fprelu,0.3,2250697908.668026,
TD3,2layers,Hopper-v4,20,all-critic,fprelu,0.3,2630915691.919151,
TD3,2layers,Hopper-v4,40,all-critic,fprelu,0.3,2428603478.443712,
TD3,2layers,Walker-Walk,50,first-actor,frelu,0.5,718405459.7865176,
TD3,2layers,Walker-Walk,10,first-actor,frelu,0.5,753393093.921928,
TD3,2layers,Walker-Walk,30,first-actor,frelu,0.5,785226339.0912986,
TD3,2layers,Walker-Walk,20,first-actor,frelu,0.5,855248626.2414845,
TD3,2layers,Walker-Walk,40,first-actor,frelu,0.5,676808008.1581317,
TD3,2layers,Walker-Walk,50,first-actor,frelu,0.3,803390148.2920927,
TD3,2layers,Walker-Walk,10,first-actor,frelu,0.3,867804680.6250544,
TD3,2layers,Walker-Walk,30,first-actor,frelu,0.3,867759499.3435004,
TD3,2layers,Walker-Walk,20,first-actor,frelu,0.3,861868974.6977738,
TD3,2layers,Walker-Walk,40,first-actor,frelu,0.3,797209091.5939803,
TD3,2layers,Walker-Walk,50,first-actor,frelu,0.4,705769049.0292375,
TD3,2layers,Walker-Walk,10,first-actor,frelu,0.4,804146826.8116145,
TD3,2layers,Walker-Walk,30,first-actor,frelu,0.4,720811955.951472,
TD3,2layers,Walker-Walk,20,first-actor,frelu,0.4,880640351.4134102,
TD3,2layers,Walker-Walk,40,first-actor,frelu,0.4,458885653.87154174,
TD3,2layers,Walker-Walk,50,first-actor,frelu,0.1,659210282.6809442,
TD3,2layers,Walker-Walk,10,first-actor,frelu,0.1,796600674.2145345,
TD3,2layers,Walker-Walk,30,first-actor,frelu,0.1,861319678.118528,
TD3,2layers,Walker-Walk,20,first-actor,frelu,0.1,803364295.4036982,
TD3,2layers,Walker-Walk,40,first-actor,frelu,0.1,678410749.1464424,
TD3,2layers,Walker-Walk,50,first-actor,frelu,0.2,875634807.7930332,
TD3,2layers,Walker-Walk,10,first-actor,frelu,0.2,888462824.3814596,
TD3,2layers,Walker-Walk,30,first-actor,frelu,0.2,910903500.478112,
TD3,2layers,Walker-Walk,20,first-actor,frelu,0.2,701887144.7453943,
TD3,2layers,Walker-Walk,40,first-actor,frelu,0.2,852850913.6603819,
TD3,2layers,Finger-Spin,50,first-actor,frelu,0.1,752740000.0,
TD3,2layers,Finger-Spin,10,first-actor,frelu,0.1,725525000.0,
TD3,2layers,Finger-Spin,30,first-actor,frelu,0.1,689345000.0,
TD3,2layers,Finger-Spin,20,first-actor,frelu,0.1,180000.0,
TD3,2layers,Finger-Spin,40,first-actor,frelu,0.1,702980000.0,
TD3,2layers,Finger-Spin,50,first-actor,frelu,0.2,763665000.0,
TD3,2layers,Finger-Spin,10,first-actor,frelu,0.2,774520000.0,
TD3,2layers,Finger-Spin,30,first-actor,frelu,0.2,718715000.0,
TD3,2layers,Finger-Spin,20,first-actor,frelu,0.2,723740000.0,
TD3,2layers,Finger-Spin,40,first-actor,frelu,0.2,791700000.0,
TD3,2layers,Finger-Spin,50,first-actor,frelu,0.4,677420000.0,
TD3,2layers,Finger-Spin,10,first-actor,frelu,0.4,745495000.0,
TD3,2layers,Finger-Spin,30,first-actor,frelu,0.4,736655000.0,
TD3,2layers,Finger-Spin,20,first-actor,frelu,0.4,1700000.0,
TD3,2layers,Finger-Spin,40,first-actor,frelu,0.4,754380000.0,
TD3,2layers,Finger-Spin,50,first-actor,frelu,0.3,697130000.0,
TD3,2layers,Finger-Spin,10,first-actor,frelu,0.3,719135000.0,
TD3,2layers,Finger-Spin,30,first-actor,frelu,0.3,750780000.0,
TD3,2layers,Finger-Spin,20,first-actor,frelu,0.3,701755000.0,
TD3,2layers,Finger-Spin,40,first-actor,frelu,0.3,785790000.0,
TD3,2layers,Finger-Spin,50,first-actor,frelu,0.5,701065000.0,
TD3,2layers,Finger-Spin,10,first-actor,frelu,0.5,542840000.0,
TD3,2layers,Finger-Spin,30,first-actor,frelu,0.5,648015000.0,
TD3,2layers,Finger-Spin,20,first-actor,frelu,0.5,780940000.0,
TD3,2layers,Finger-Spin,40,first-actor,frelu,0.5,750250000.0,
TD3,2layers,Cheetah-Run,50,first-actor,frelu,0.3,400499599.4824186,
TD3,2layers,Cheetah-Run,10,first-actor,frelu,0.3,489938351.85507095,
TD3,2layers,Cheetah-Run,30,first-actor,frelu,0.3,524135954.48247474,
TD3,2layers,Cheetah-Run,20,first-actor,frelu,0.3,560928621.915003,
TD3,2layers,Cheetah-Run,40,first-actor,frelu,0.3,526641076.0300013,
TD3,2layers,Cheetah-Run,50,first-actor,frelu,0.4,537175562.4675761,
TD3,2layers,Cheetah-Run,10,first-actor,frelu,0.4,433423408.7248528,
TD3,2layers,Cheetah-Run,30,first-actor,frelu,0.4,498731212.9282293,
TD3,2layers,Cheetah-Run,20,first-actor,frelu,0.4,444349255.3621902,
TD3,2layers,Cheetah-Run,40,first-actor,frelu,0.4,549337686.880499,
TD3,2layers,Cheetah-Run,50,first-actor,frelu,0.2,528760153.9798976,
TD3,2layers,Cheetah-Run,10,first-actor,frelu,0.2,508084443.4554116,
TD3,2layers,Cheetah-Run,30,first-actor,frelu,0.2,563386617.962869,
TD3,2layers,Cheetah-Run,20,first-actor,frelu,0.2,454740360.1801939,
TD3,2layers,Cheetah-Run,40,first-actor,frelu,0.2,524082457.4694584,
TD3,2layers,Cheetah-Run,50,first-actor,frelu,0.5,548859288.9213533,
TD3,2layers,Cheetah-Run,10,first-actor,frelu,0.5,582435192.3856249,
TD3,2layers,Cheetah-Run,30,first-actor,frelu,0.5,414714152.0291615,
TD3,2layers,Cheetah-Run,20,first-actor,frelu,0.5,419067611.7260194,
TD3,2layers,Cheetah-Run,40,first-actor,frelu,0.5,510058216.438211,
TD3,2layers,Cheetah-Run,50,first-actor,frelu,0.1,566153752.1184033,
TD3,2layers,Cheetah-Run,10,first-actor,frelu,0.1,535598356.4348124,
TD3,2layers,Cheetah-Run,30,first-actor,frelu,0.1,565017632.3939939,
TD3,2layers,Cheetah-Run,20,first-actor,frelu,0.1,484417434.4885733,
TD3,2layers,Cheetah-Run,40,first-actor,frelu,0.1,509131267.2452151,
TD3,2layers,Humanoid-v4,50,first-actor,frelu,0.2,653572678.6262391,
TD3,2layers,Humanoid-v4,10,first-actor,frelu,0.2,1728746911.2290916,
TD3,2layers,Humanoid-v4,30,first-actor,frelu,0.2,1461763654.8973625,
TD3,2layers,Humanoid-v4,20,first-actor,frelu,0.2,742644152.2476897,
TD3,2layers,Humanoid-v4,40,first-actor,frelu,0.2,2186511854.5574284,
TD3,2layers,Humanoid-v4,50,first-actor,frelu,0.1,689861535.9948692,
TD3,2layers,Humanoid-v4,10,first-actor,frelu,0.1,978614682.1200776,
TD3,2layers,Humanoid-v4,30,first-actor,frelu,0.1,2829781099.28575,
TD3,2layers,Humanoid-v4,20,first-actor,frelu,0.1,1648658309.6322708,
TD3,2layers,Humanoid-v4,40,first-actor,frelu,0.1,2633787139.4705257,
TD3,2layers,Humanoid-v4,50,first-actor,frelu,0.5,2539921682.03613,
TD3,2layers,Humanoid-v4,10,first-actor,frelu,0.5,1419361007.468746,
TD3,2layers,Humanoid-v4,30,first-actor,frelu,0.5,1618772878.1807013,
TD3,2layers,Humanoid-v4,20,first-actor,frelu,0.5,1862752947.9481373,
TD3,2layers,Humanoid-v4,40,first-actor,frelu,0.5,2369979771.9071097,
TD3,2layers,Humanoid-v4,50,first-actor,frelu,0.3,902163074.8388554,
TD3,2layers,Humanoid-v4,10,first-actor,frelu,0.3,690871081.5088371,
TD3,2layers,Humanoid-v4,30,first-actor,frelu,0.3,1134037838.870831,
TD3,2layers,Humanoid-v4,20,first-actor,frelu,0.3,1567864929.951107,
TD3,2layers,Humanoid-v4,40,first-actor,frelu,0.3,2841541749.972641,
TD3,2layers,Humanoid-v4,50,first-actor,frelu,0.4,1958279059.555764,
TD3,2layers,Humanoid-v4,10,first-actor,frelu,0.4,1544920792.64575,
TD3,2layers,Humanoid-v4,30,first-actor,frelu,0.4,860854509.3569838,
TD3,2layers,Humanoid-v4,20,first-actor,frelu,0.4,724790666.6166779,
TD3,2layers,Humanoid-v4,40,first-actor,frelu,0.4,2838702615.81396,
TD3,2layers,Ant-v4,50,first-actor,frelu,0.3,3208686571.491152,
TD3,2layers,Ant-v4,10,first-actor,frelu,0.3,2346022872.1744914,
TD3,2layers,Ant-v4,30,first-actor,frelu,0.3,2181450967.2930155,
TD3,2layers,Ant-v4,20,first-actor,frelu,0.3,2594512613.883282,
TD3,2layers,Ant-v4,40,first-actor,frelu,0.3,2827029396.326185,
TD3,2layers,Ant-v4,50,first-actor,frelu,0.2,2378749979.703942,
TD3,2layers,Ant-v4,10,first-actor,frelu,0.2,2351644317.1169386,
TD3,2layers,Ant-v4,30,first-actor,frelu,0.2,2394518604.3644395,
TD3,2layers,Ant-v4,20,first-actor,frelu,0.2,2192712397.6688967,
TD3,2layers,Ant-v4,40,first-actor,frelu,0.2,1313452588.4941287,
TD3,2layers,Ant-v4,50,first-actor,frelu,0.4,2400115461.968952,
TD3,2layers,Ant-v4,10,first-actor,frelu,0.4,2368866065.192587,
TD3,2layers,Ant-v4,30,first-actor,frelu,0.4,2024127794.2538435,
TD3,2layers,Ant-v4,20,first-actor,frelu,0.4,2258272215.000483,
TD3,2layers,Ant-v4,40,first-actor,frelu,0.4,2101771768.1728847,
TD3,2layers,Ant-v4,50,first-actor,frelu,0.5,2578114776.026277,
TD3,2layers,Ant-v4,10,first-actor,frelu,0.5,2604419917.8911467,
TD3,2layers,Ant-v4,30,first-actor,frelu,0.5,2023444978.5948129,
TD3,2layers,Ant-v4,20,first-actor,frelu,0.5,2428994907.2431774,
TD3,2layers,Ant-v4,40,first-actor,frelu,0.5,2542989755.658416,
TD3,2layers,Ant-v4,50,first-actor,frelu,0.1,2393765319.3226585,
TD3,2layers,Ant-v4,10,first-actor,frelu,0.1,1987441723.364268,
TD3,2layers,Ant-v4,30,first-actor,frelu,0.1,2186778369.5910106,
TD3,2layers,Ant-v4,20,first-actor,frelu,0.1,2474740851.0338483,
TD3,2layers,Ant-v4,40,first-actor,frelu,0.1,2432428414.074434,
TD3,2layers,Cartpole-Swingup,50,first-actor,frelu,0.4,769938833.1810843,
TD3,2layers,Cartpole-Swingup,10,first-actor,frelu,0.4,772027783.7782443,
TD3,2layers,Cartpole-Swingup,30,first-actor,frelu,0.4,767737926.0930727,
TD3,2layers,Cartpole-Swingup,20,first-actor,frelu,0.4,780921413.478501,
TD3,2layers,Cartpole-Swingup,40,first-actor,frelu,0.4,759658156.2085701,
TD3,2layers,Cartpole-Swingup,50,first-actor,frelu,0.2,746291788.2363913,
TD3,2layers,Cartpole-Swingup,10,first-actor,frelu,0.2,763148058.2655418,
TD3,2layers,Cartpole-Swingup,30,first-actor,frelu,0.2,755947768.1401359,
TD3,2layers,Cartpole-Swingup,20,first-actor,frelu,0.2,721877739.8763388,
TD3,2layers,Cartpole-Swingup,40,first-actor,frelu,0.2,753993283.0218211,
TD3,2layers,Cartpole-Swingup,50,first-actor,frelu,0.1,762114875.4923719,
TD3,2layers,Cartpole-Swingup,10,first-actor,frelu,0.1,778479432.8543847,
TD3,2layers,Cartpole-Swingup,30,first-actor,frelu,0.1,777911872.0119096,
TD3,2layers,Cartpole-Swingup,20,first-actor,frelu,0.1,715057634.880889,
TD3,2layers,Cartpole-Swingup,40,first-actor,frelu,0.1,742222929.874676,
TD3,2layers,Cartpole-Swingup,50,first-actor,frelu,0.3,712990521.00179,
TD3,2layers,Cartpole-Swingup,10,first-actor,frelu,0.3,736148251.204793,
TD3,2layers,Cartpole-Swingup,30,first-actor,frelu,0.3,756481424.524398,
TD3,2layers,Cartpole-Swingup,20,first-actor,frelu,0.3,761013755.281759,
TD3,2layers,Cartpole-Swingup,40,first-actor,frelu,0.3,776466553.5392306,
TD3,2layers,Cartpole-Swingup,50,first-actor,frelu,0.5,771349391.7898529,
TD3,2layers,Cartpole-Swingup,10,first-actor,frelu,0.5,764036014.6076022,
TD3,2layers,Cartpole-Swingup,30,first-actor,frelu,0.5,791045897.0805068,
TD3,2layers,Cartpole-Swingup,20,first-actor,frelu,0.5,800737025.0040807,
TD3,2layers,Cartpole-Swingup,40,first-actor,frelu,0.5,765076492.220975,
TD3,2layers,HalfCheetah-v4,50,first-actor,frelu,0.5,1586427295.1202946,
TD3,2layers,HalfCheetah-v4,10,first-actor,frelu,0.5,1433399064.1106749,
TD3,2layers,HalfCheetah-v4,30,first-actor,frelu,0.5,4493178107.381384,
TD3,2layers,HalfCheetah-v4,20,first-actor,frelu,0.5,3851385255.7128906,
TD3,2layers,HalfCheetah-v4,40,first-actor,frelu,0.5,2746198990.2158675,
TD3,2layers,HalfCheetah-v4,50,first-actor,frelu,0.2,1591008741.690961,
TD3,2layers,HalfCheetah-v4,10,first-actor,frelu,0.2,4640176269.302687,
TD3,2layers,HalfCheetah-v4,30,first-actor,frelu,0.2,1521575529.033002,
TD3,2layers,HalfCheetah-v4,20,first-actor,frelu,0.2,1641281338.1337504,
TD3,2layers,HalfCheetah-v4,40,first-actor,frelu,0.2,5033234608.325493,
TD3,2layers,HalfCheetah-v4,50,first-actor,frelu,0.4,1594402555.5474553,
TD3,2layers,HalfCheetah-v4,10,first-actor,frelu,0.4,1538057733.9745665,
TD3,2layers,HalfCheetah-v4,30,first-actor,frelu,0.4,4973735480.124306,
TD3,2layers,HalfCheetah-v4,20,first-actor,frelu,0.4,6378689631.927677,
TD3,2layers,HalfCheetah-v4,40,first-actor,frelu,0.4,4860304134.240364,
TD3,2layers,HalfCheetah-v4,50,first-actor,frelu,0.3,1613892512.4902377,
TD3,2layers,HalfCheetah-v4,10,first-actor,frelu,0.3,1423595885.6366692,
TD3,2layers,HalfCheetah-v4,30,first-actor,frelu,0.3,5780248356.725543,
TD3,2layers,HalfCheetah-v4,20,first-actor,frelu,0.3,5845291392.533173,
TD3,2layers,HalfCheetah-v4,40,first-actor,frelu,0.3,1516197906.1630385,
TD3,2layers,HalfCheetah-v4,50,first-actor,frelu,0.1,1538128907.5852177,
TD3,2layers,HalfCheetah-v4,10,first-actor,frelu,0.1,1399296830.0298548,
TD3,2layers,HalfCheetah-v4,30,first-actor,frelu,0.1,1589339475.3180504,
TD3,2layers,HalfCheetah-v4,20,first-actor,frelu,0.1,1411284746.064814,
TD3,2layers,HalfCheetah-v4,40,first-actor,frelu,0.1,1817646646.7104623,
TD3,2layers,Hopper-v4,50,first-actor,frelu,0.3,2283832638.8151894,
TD3,2layers,Hopper-v4,10,first-actor,frelu,0.3,621932621.8688885,
TD3,2layers,Hopper-v4,30,first-actor,frelu,0.3,1778902699.1417255,
TD3,2layers,Hopper-v4,20,first-actor,frelu,0.3,824945433.0837895,
TD3,2layers,Hopper-v4,40,first-actor,frelu,0.3,1996611978.1623075,
TD3,2layers,Hopper-v4,50,first-actor,frelu,0.2,2639842447.4420185,
TD3,2layers,Hopper-v4,10,first-actor,frelu,0.2,2187540480.126471,
TD3,2layers,Hopper-v4,30,first-actor,frelu,0.2,2096023180.2234223,
TD3,2layers,Hopper-v4,20,first-actor,frelu,0.2,2497939877.562816,
TD3,2layers,Hopper-v4,40,first-actor,frelu,0.2,1937414106.828637,
TD3,2layers,Hopper-v4,50,first-actor,frelu,0.4,2670475538.980551,
TD3,2layers,Hopper-v4,10,first-actor,frelu,0.4,775821257.3121614,
TD3,2layers,Hopper-v4,30,first-actor,frelu,0.4,2049900818.3929088,
TD3,2layers,Hopper-v4,20,first-actor,frelu,0.4,2221995775.810632,
TD3,2layers,Hopper-v4,40,first-actor,frelu,0.4,909519472.1588572,
TD3,2layers,Hopper-v4,50,first-actor,frelu,0.1,2331485305.556927,
TD3,2layers,Hopper-v4,10,first-actor,frelu,0.1,1666670423.7098105,
TD3,2layers,Hopper-v4,30,first-actor,frelu,0.1,1086885078.8108356,
TD3,2layers,Hopper-v4,20,first-actor,frelu,0.1,2152968815.993872,
TD3,2layers,Hopper-v4,40,first-actor,frelu,0.1,1136762350.3885815,
TD3,2layers,Hopper-v4,50,first-actor,frelu,0.5,1719631080.470921,
TD3,2layers,Hopper-v4,10,first-actor,frelu,0.5,886451128.3594096,
TD3,2layers,Hopper-v4,30,first-actor,frelu,0.5,2641405293.1704063,
TD3,2layers,Hopper-v4,20,first-actor,frelu,0.5,2364353528.399028,
TD3,2layers,Hopper-v4,40,first-actor,frelu,0.5,2391142048.322617,
TD3,2layers,Walker-Walk,50,first-actor,prelu,base,737110755.9204102,
TD3,2layers,Walker-Walk,10,first-actor,prelu,base,639917578.5064697,
TD3,2layers,Walker-Walk,30,first-actor,prelu,base,520431510.9825134,
TD3,2layers,Walker-Walk,20,first-actor,prelu,base,833489512.9776001,
TD3,2layers,Walker-Walk,40,first-actor,prelu,base,678935172.2717285,
TD3,2layers,Ant-v4,50,first-actor,prelu,base,2172320781.25,
TD3,2layers,Ant-v4,10,first-actor,prelu,base,2222097268.9819336,
TD3,2layers,Ant-v4,30,first-actor,prelu,base,1977503475.4753115,
TD3,2layers,Ant-v4,20,first-actor,prelu,base,2339578580.942154,
TD3,2layers,Ant-v4,40,first-actor,prelu,base,2470814155.731201,
TD3,2layers,HalfCheetah-v4,50,first-actor,prelu,base,1675807153.7780762,
TD3,2layers,HalfCheetah-v4,10,first-actor,prelu,base,4962012830.276489,
TD3,2layers,HalfCheetah-v4,30,first-actor,prelu,base,5030546150.588989,
TD3,2layers,HalfCheetah-v4,20,first-actor,prelu,base,1350606438.9038086,
TD3,2layers,HalfCheetah-v4,40,first-actor,prelu,base,3227585930.175781,
TD3,2layers,Finger-Spin,50,first-actor,prelu,base,728150000.0,
TD3,2layers,Finger-Spin,10,first-actor,prelu,base,773600000.0,
TD3,2layers,Finger-Spin,30,first-actor,prelu,base,529310000.0,
TD3,2layers,Finger-Spin,20,first-actor,prelu,base,722645000.0,
TD3,2layers,Finger-Spin,40,first-actor,prelu,base,668745000.0,
TD3,2layers,Cheetah-Run,50,first-actor,prelu,base,516805668.2682037,
TD3,2layers,Cheetah-Run,10,first-actor,prelu,base,383208341.3696289,
TD3,2layers,Cheetah-Run,30,first-actor,prelu,base,558082093.64295,
TD3,2layers,Cheetah-Run,20,first-actor,prelu,base,406826822.0257759,
TD3,2layers,Cheetah-Run,40,first-actor,prelu,base,353124886.81316376,
TD3,2layers,Cartpole-Swingup,50,first-actor,prelu,base,734966677.3223877,
TD3,2layers,Cartpole-Swingup,10,first-actor,prelu,base,701773354.1870117,
TD3,2layers,Cartpole-Swingup,30,first-actor,prelu,base,743946308.8989258,
TD3,2layers,Cartpole-Swingup,20,first-actor,prelu,base,701310248.260498,
TD3,2layers,Cartpole-Swingup,40,first-actor,prelu,base,730956808.09021,
TD3,2layers,Hopper-v4,50,first-actor,prelu,base,1729447326.965332,
TD3,2layers,Hopper-v4,10,first-actor,prelu,base,1204814325.2563477,
TD3,2layers,Hopper-v4,30,first-actor,prelu,base,2803192221.107483,
TD3,2layers,Hopper-v4,20,first-actor,prelu,base,1722866644.744873,
TD3,2layers,Hopper-v4,40,first-actor,prelu,base,1701617736.7401123,
TD3,2layers,Humanoid-v4,50,first-actor,prelu,base,3830689177.856445,
TD3,2layers,Humanoid-v4,10,first-actor,prelu,base,3391854229.1259766,
TD3,2layers,Humanoid-v4,30,first-actor,prelu,base,3395410930.328369,
TD3,2layers,Humanoid-v4,20,first-actor,prelu,base,3612491745.300293,
TD3,2layers,Humanoid-v4,40,first-actor,prelu,base,3799501779.022217,
TD3,2layers,Ant-v4,50,first-actor,swish,base,2401027719.4213867,
TD3,2layers,Ant-v4,10,first-actor,swish,base,2238404220.352173,
TD3,2layers,Ant-v4,30,first-actor,swish,base,2013474221.9996448,
TD3,2layers,Ant-v4,20,first-actor,swish,base,2426525100.708008,
TD3,2layers,Ant-v4,40,first-actor,swish,base,2652149661.8652344,
TD3,2layers,Cheetah-Run,50,first-actor,swish,base,507698292.388916,
TD3,2layers,Cheetah-Run,10,first-actor,swish,base,507026688.73786926,
TD3,2layers,Cheetah-Run,30,first-actor,swish,base,519100142.8985596,
TD3,2layers,Cheetah-Run,20,first-actor,swish,base,572539932.6324463,
TD3,2layers,Cheetah-Run,40,first-actor,swish,base,559746934.6046448,
TD3,2layers,Cartpole-Swingup,50,first-actor,swish,base,732035932.9223633,
TD3,2layers,Cartpole-Swingup,10,first-actor,swish,base,756273289.9093628,
TD3,2layers,Cartpole-Swingup,30,first-actor,swish,base,757557015.0375366,
TD3,2layers,Cartpole-Swingup,20,first-actor,swish,base,751291825.8666992,
TD3,2layers,Cartpole-Swingup,40,first-actor,swish,base,742780453.2623291,
TD3,2layers,Walker-Walk,50,first-actor,swish,base,830347460.2127075,
TD3,2layers,Walker-Walk,10,first-actor,swish,base,856420502.1858215,
TD3,2layers,Walker-Walk,30,first-actor,swish,base,884373083.4197998,
TD3,2layers,Walker-Walk,20,first-actor,swish,base,774113280.1437378,
TD3,2layers,Walker-Walk,40,first-actor,swish,base,870265290.0695801,
TD3,2layers,Hopper-v4,50,first-actor,swish,base,908007489.8529052,
TD3,2layers,Hopper-v4,10,first-actor,swish,base,890757270.7366943,
TD3,2layers,Hopper-v4,30,first-actor,swish,base,1985906964.7979736,
TD3,2layers,Hopper-v4,20,first-actor,swish,base,2667240614.16626,
TD3,2layers,Hopper-v4,40,first-actor,swish,base,2251103544.1589355,
TD3,2layers,Finger-Spin,50,first-actor,swish,base,786970000.0,
TD3,2layers,Finger-Spin,10,first-actor,swish,base,660985000.0,
TD3,2layers,Finger-Spin,30,first-actor,swish,base,578170000.0,
TD3,2layers,Finger-Spin,20,first-actor,swish,base,721550000.0,
TD3,2layers,Finger-Spin,40,first-actor,swish,base,810090000.0,
TD3,2layers,HalfCheetah-v4,50,first-actor,swish,base,1580332220.6115725,
TD3,2layers,HalfCheetah-v4,10,first-actor,swish,base,5737036679.153442,
TD3,2layers,HalfCheetah-v4,30,first-actor,swish,base,1572570048.5992432,
TD3,2layers,HalfCheetah-v4,20,first-actor,swish,base,1548516442.9473877,
TD3,2layers,HalfCheetah-v4,40,first-actor,swish,base,1502589957.1228027,
TD3,2layers,Humanoid-v4,50,first-actor,swish,base,2435400504.875183,
TD3,2layers,Humanoid-v4,10,first-actor,swish,base,3643734316.482544,
TD3,2layers,Humanoid-v4,30,first-actor,swish,base,3278210037.841797,
TD3,2layers,Humanoid-v4,20,first-actor,swish,base,3677413635.3302,
TD3,2layers,Humanoid-v4,40,first-actor,swish,base,3564053745.193481,
TD3,2layers,Walker-Walk,50,first-actor,flrelu,0.2,653583394.5578386,
TD3,2layers,Walker-Walk,10,first-actor,flrelu,0.2,888481036.6589413,
TD3,2layers,Walker-Walk,30,first-actor,flrelu,0.2,719110263.1790206,
TD3,2layers,Walker-Walk,20,first-actor,flrelu,0.2,886119935.4201834,
TD3,2layers,Walker-Walk,40,first-actor,flrelu,0.2,544180145.370221,
TD3,2layers,Walker-Walk,50,first-actor,flrelu,0.3,795771481.1320657,
TD3,2layers,Walker-Walk,10,first-actor,flrelu,0.3,647974977.6043003,
TD3,2layers,Walker-Walk,30,first-actor,flrelu,0.3,833501841.3414702,
TD3,2layers,Walker-Walk,20,first-actor,flrelu,0.3,851346422.4054515,
TD3,2layers,Walker-Walk,40,first-actor,flrelu,0.3,705139585.0699581,
TD3,2layers,Walker-Walk,50,first-actor,flrelu,0.1,698351537.8949807,
TD3,2layers,Walker-Walk,10,first-actor,flrelu,0.1,854024672.1444863,
TD3,2layers,Walker-Walk,30,first-actor,flrelu,0.1,843888588.7926779,
TD3,2layers,Walker-Walk,20,first-actor,flrelu,0.1,879107489.7354673,
TD3,2layers,Walker-Walk,40,first-actor,flrelu,0.1,602506508.6641182,
TD3,2layers,Walker-Walk,50,first-actor,flrelu,0.4,833147448.7195147,
TD3,2layers,Walker-Walk,10,first-actor,flrelu,0.4,891295332.0990882,
TD3,2layers,Walker-Walk,30,first-actor,flrelu,0.4,594617197.3150657,
TD3,2layers,Walker-Walk,20,first-actor,flrelu,0.4,775518219.1036654,
TD3,2layers,Walker-Walk,40,first-actor,flrelu,0.4,670280769.2095722,
TD3,2layers,Walker-Walk,50,first-actor,flrelu,0.5,882450922.169544,
TD3,2layers,Walker-Walk,10,first-actor,flrelu,0.5,878070331.8413533,
TD3,2layers,Walker-Walk,30,first-actor,flrelu,0.5,686327382.5631549,
TD3,2layers,Walker-Walk,20,first-actor,flrelu,0.5,789454985.5172031,
TD3,2layers,Walker-Walk,40,first-actor,flrelu,0.5,583249694.4557132,
TD3,2layers,Finger-Spin,50,first-actor,flrelu,0.5,729505000.0,
TD3,2layers,Finger-Spin,10,first-actor,flrelu,0.5,801230000.0,
TD3,2layers,Finger-Spin,30,first-actor,flrelu,0.5,692380000.0,
TD3,2layers,Finger-Spin,20,first-actor,flrelu,0.5,775995000.0,
TD3,2layers,Finger-Spin,40,first-actor,flrelu,0.5,777120000.0,
TD3,2layers,Finger-Spin,50,first-actor,flrelu,0.4,814160000.0,
TD3,2layers,Finger-Spin,10,first-actor,flrelu,0.4,618080000.0,
TD3,2layers,Finger-Spin,30,first-actor,flrelu,0.4,838785000.0,
TD3,2layers,Finger-Spin,20,first-actor,flrelu,0.4,770335000.0,
TD3,2layers,Finger-Spin,40,first-actor,flrelu,0.4,544825000.0,
TD3,2layers,Finger-Spin,50,first-actor,flrelu,0.3,782305000.0,
TD3,2layers,Finger-Spin,10,first-actor,flrelu,0.3,744260000.0,
TD3,2layers,Finger-Spin,30,first-actor,flrelu,0.3,750315000.0,
TD3,2layers,Finger-Spin,20,first-actor,flrelu,0.3,630525000.0,
TD3,2layers,Finger-Spin,40,first-actor,flrelu,0.3,798680000.0,
TD3,2layers,Finger-Spin,50,first-actor,flrelu,0.1,624180000.0,
TD3,2layers,Finger-Spin,10,first-actor,flrelu,0.1,772765000.0,
TD3,2layers,Finger-Spin,30,first-actor,flrelu,0.1,803285000.0,
TD3,2layers,Finger-Spin,20,first-actor,flrelu,0.1,10565000.0,
TD3,2layers,Finger-Spin,40,first-actor,flrelu,0.1,796855000.0,
TD3,2layers,Finger-Spin,50,first-actor,flrelu,0.2,506565000.0,
TD3,2layers,Finger-Spin,10,first-actor,flrelu,0.2,804070000.0,
TD3,2layers,Finger-Spin,30,first-actor,flrelu,0.2,783420000.0,
TD3,2layers,Finger-Spin,20,first-actor,flrelu,0.2,563135000.0,
TD3,2layers,Finger-Spin,40,first-actor,flrelu,0.2,775295000.0,
TD3,2layers,Cheetah-Run,50,first-actor,flrelu,0.1,499199804.32614815,
TD3,2layers,Cheetah-Run,10,first-actor,flrelu,0.1,464135809.63684416,
TD3,2layers,Cheetah-Run,30,first-actor,flrelu,0.1,474272650.8000279,
TD3,2layers,Cheetah-Run,20,first-actor,flrelu,0.1,506652137.9102896,
TD3,2layers,Cheetah-Run,40,first-actor,flrelu,0.1,485088810.3787144,
TD3,2layers,Cheetah-Run,50,first-actor,flrelu,0.3,478386894.1613656,
TD3,2layers,Cheetah-Run,10,first-actor,flrelu,0.3,529674314.14761263,
TD3,2layers,Cheetah-Run,30,first-actor,flrelu,0.3,561514302.386273,
TD3,2layers,Cheetah-Run,20,first-actor,flrelu,0.3,563032128.3364094,
TD3,2layers,Cheetah-Run,40,first-actor,flrelu,0.3,531520272.0891823,
TD3,2layers,Cheetah-Run,50,first-actor,flrelu,0.2,512216563.3864545,
TD3,2layers,Cheetah-Run,10,first-actor,flrelu,0.2,439997770.022993,
TD3,2layers,Cheetah-Run,30,first-actor,flrelu,0.2,403826303.1146341,
TD3,2layers,Cheetah-Run,20,first-actor,flrelu,0.2,509038478.6838562,
TD3,2layers,Cheetah-Run,40,first-actor,flrelu,0.2,534680392.2099486,
TD3,2layers,Cheetah-Run,50,first-actor,flrelu,0.5,544288793.0182718,
TD3,2layers,Cheetah-Run,10,first-actor,flrelu,0.5,509127673.1308749,
TD3,2layers,Cheetah-Run,30,first-actor,flrelu,0.5,523957948.9222677,
TD3,2layers,Cheetah-Run,20,first-actor,flrelu,0.5,574478017.3977495,
TD3,2layers,Cheetah-Run,40,first-actor,flrelu,0.5,393733248.7216874,
TD3,2layers,Cheetah-Run,50,first-actor,flrelu,0.4,518304078.7145149,
TD3,2layers,Cheetah-Run,10,first-actor,flrelu,0.4,565192316.3752376,
TD3,2layers,Cheetah-Run,30,first-actor,flrelu,0.4,427053630.1042973,
TD3,2layers,Cheetah-Run,20,first-actor,flrelu,0.4,459571219.7674443,
TD3,2layers,Cheetah-Run,40,first-actor,flrelu,0.4,543008413.5821394,
TD3,2layers,Humanoid-v4,50,first-actor,flrelu,0.5,3235069887.5168834,
TD3,2layers,Humanoid-v4,10,first-actor,flrelu,0.5,4045095185.060403,
TD3,2layers,Humanoid-v4,30,first-actor,flrelu,0.5,3284571684.637724,
TD3,2layers,Humanoid-v4,20,first-actor,flrelu,0.5,3736967834.519063,
TD3,2layers,Humanoid-v4,40,first-actor,flrelu,0.5,3126268176.872818,
TD3,2layers,Humanoid-v4,50,first-actor,flrelu,0.3,3780381255.393293,
TD3,2layers,Humanoid-v4,10,first-actor,flrelu,0.3,3834221807.708559,
TD3,2layers,Humanoid-v4,30,first-actor,flrelu,0.3,3750983351.6696944,
TD3,2layers,Humanoid-v4,20,first-actor,flrelu,0.3,3516693768.0370364,
TD3,2layers,Humanoid-v4,40,first-actor,flrelu,0.3,3405486354.421171,
TD3,2layers,Humanoid-v4,50,first-actor,flrelu,0.2,3784392057.64116,
TD3,2layers,Humanoid-v4,10,first-actor,flrelu,0.2,3045490545.269826,
TD3,2layers,Humanoid-v4,30,first-actor,flrelu,0.2,3539152684.032486,
TD3,2layers,Humanoid-v4,20,first-actor,flrelu,0.2,2977512475.479067,
TD3,2layers,Humanoid-v4,40,first-actor,flrelu,0.2,3711506018.442398,
TD3,2layers,Humanoid-v4,50,first-actor,flrelu,0.1,3610453964.4675913,
TD3,2layers,Humanoid-v4,10,first-actor,flrelu,0.1,3486518503.319113,
TD3,2layers,Humanoid-v4,30,first-actor,flrelu,0.1,3046141767.7671747,
TD3,2layers,Humanoid-v4,20,first-actor,flrelu,0.1,2971105145.938996,
TD3,2layers,Humanoid-v4,40,first-actor,flrelu,0.1,3872724860.206017,
TD3,2layers,Humanoid-v4,50,first-actor,flrelu,0.4,2562087887.8725686,
TD3,2layers,Humanoid-v4,10,first-actor,flrelu,0.4,3825221578.3743625,
TD3,2layers,Humanoid-v4,30,first-actor,flrelu,0.4,3571223158.4935327,
TD3,2layers,Humanoid-v4,20,first-actor,flrelu,0.4,3010165430.2857504,
TD3,2layers,Humanoid-v4,40,first-actor,flrelu,0.4,3707490572.249194,
TD3,2layers,Ant-v4,50,first-actor,flrelu,0.5,2084771859.4700863,
TD3,2layers,Ant-v4,10,first-actor,flrelu,0.5,2005120790.7375057,
TD3,2layers,Ant-v4,30,first-actor,flrelu,0.5,1932413919.4558053,
TD3,2layers,Ant-v4,20,first-actor,flrelu,0.5,2147630040.504616,
TD3,2layers,Ant-v4,40,first-actor,flrelu,0.5,2565763599.471333,
TD3,2layers,Ant-v4,50,first-actor,flrelu,0.3,2220834557.018578,
TD3,2layers,Ant-v4,10,first-actor,flrelu,0.3,2797959612.850969,
TD3,2layers,Ant-v4,30,first-actor,flrelu,0.3,2418856976.227375,
TD3,2layers,Ant-v4,20,first-actor,flrelu,0.3,2275969296.4960904,
TD3,2layers,Ant-v4,40,first-actor,flrelu,0.3,2566152654.0184216,
TD3,2layers,Ant-v4,50,first-actor,flrelu,0.1,2464906955.5076456,
TD3,2layers,Ant-v4,10,first-actor,flrelu,0.1,2135778236.6485305,
TD3,2layers,Ant-v4,30,first-actor,flrelu,0.1,2659921343.0146785,
TD3,2layers,Ant-v4,20,first-actor,flrelu,0.1,2362736826.8475137,
TD3,2layers,Ant-v4,40,first-actor,flrelu,0.1,1865176807.654708,
TD3,2layers,Ant-v4,50,first-actor,flrelu,0.4,2431876165.1528063,
TD3,2layers,Ant-v4,10,first-actor,flrelu,0.4,2688728146.7879705,
TD3,2layers,Ant-v4,30,first-actor,flrelu,0.4,2061050566.07886,
TD3,2layers,Ant-v4,20,first-actor,flrelu,0.4,2399849104.2941813,
TD3,2layers,Ant-v4,40,first-actor,flrelu,0.4,2773659417.9449205,
TD3,2layers,Ant-v4,50,first-actor,flrelu,0.2,2596116842.1872377,
TD3,2layers,Ant-v4,10,first-actor,flrelu,0.2,2007849388.671321,
TD3,2layers,Ant-v4,30,first-actor,flrelu,0.2,2072946404.1281176,
TD3,2layers,Ant-v4,20,first-actor,flrelu,0.2,2395364979.219089,
TD3,2layers,Ant-v4,40,first-actor,flrelu,0.2,2873121767.7292795,
TD3,2layers,Cartpole-Swingup,50,first-actor,flrelu,0.2,737512818.933521,
TD3,2layers,Cartpole-Swingup,10,first-actor,flrelu,0.2,740761857.1908236,
TD3,2layers,Cartpole-Swingup,30,first-actor,flrelu,0.2,713414209.2409209,
TD3,2layers,Cartpole-Swingup,20,first-actor,flrelu,0.2,748060888.530612,
TD3,2layers,Cartpole-Swingup,40,first-actor,flrelu,0.2,684205932.3617193,
TD3,2layers,Cartpole-Swingup,50,first-actor,flrelu,0.3,728970651.1046203,
TD3,2layers,Cartpole-Swingup,10,first-actor,flrelu,0.3,711060227.6991276,
TD3,2layers,Cartpole-Swingup,30,first-actor,flrelu,0.3,683495159.8458674,
TD3,2layers,Cartpole-Swingup,20,first-actor,flrelu,0.3,717006575.2559725,
TD3,2layers,Cartpole-Swingup,40,first-actor,flrelu,0.3,706255694.8779349,
TD3,2layers,Cartpole-Swingup,50,first-actor,flrelu,0.5,688141834.4822128,
TD3,2layers,Cartpole-Swingup,10,first-actor,flrelu,0.5,740978241.2682984,
TD3,2layers,Cartpole-Swingup,30,first-actor,flrelu,0.5,701694322.7285252,
TD3,2layers,Cartpole-Swingup,20,first-actor,flrelu,0.5,686636572.8944331,
TD3,2layers,Cartpole-Swingup,40,first-actor,flrelu,0.5,707592087.5338144,
TD3,2layers,Cartpole-Swingup,50,first-actor,flrelu,0.4,682488792.4909171,
TD3,2layers,Cartpole-Swingup,10,first-actor,flrelu,0.4,649289653.989932,
TD3,2layers,Cartpole-Swingup,30,first-actor,flrelu,0.4,685767702.5863049,
TD3,2layers,Cartpole-Swingup,20,first-actor,flrelu,0.4,728154517.1323428,
TD3,2layers,Cartpole-Swingup,40,first-actor,flrelu,0.4,735533913.6657807,
TD3,2layers,Cartpole-Swingup,50,first-actor,flrelu,0.1,653411563.7802808,
TD3,2layers,Cartpole-Swingup,10,first-actor,flrelu,0.1,676025430.4587215,
TD3,2layers,Cartpole-Swingup,30,first-actor,flrelu,0.1,725885674.9541097,
TD3,2layers,Cartpole-Swingup,20,first-actor,flrelu,0.1,716682864.4985024,
TD3,2layers,Cartpole-Swingup,40,first-actor,flrelu,0.1,697474066.6255189,
TD3,2layers,HalfCheetah-v4,50,first-actor,flrelu,0.2,1727000231.9178357,
TD3,2layers,HalfCheetah-v4,10,first-actor,flrelu,0.2,1484484792.495997,
TD3,2layers,HalfCheetah-v4,30,first-actor,flrelu,0.2,4865916673.14217,
TD3,2layers,HalfCheetah-v4,20,first-actor,flrelu,0.2,1600102830.9744153,
TD3,2layers,HalfCheetah-v4,40,first-actor,flrelu,0.2,5919491249.660845,
TD3,2layers,HalfCheetah-v4,50,first-actor,flrelu,0.4,1536813367.0293136,
TD3,2layers,HalfCheetah-v4,10,first-actor,flrelu,0.4,5741562286.548309,
TD3,2layers,HalfCheetah-v4,30,first-actor,flrelu,0.4,1498183770.083654,
TD3,2layers,HalfCheetah-v4,20,first-actor,flrelu,0.4,4120990407.8234,
TD3,2layers,HalfCheetah-v4,40,first-actor,flrelu,0.4,1724768857.5435286,
TD3,2layers,HalfCheetah-v4,50,first-actor,flrelu,0.5,5044609957.239697,
TD3,2layers,HalfCheetah-v4,10,first-actor,flrelu,0.5,1233509212.4347486,
TD3,2layers,HalfCheetah-v4,30,first-actor,flrelu,0.5,1341963076.962043,
TD3,2layers,HalfCheetah-v4,20,first-actor,flrelu,0.5,1447917419.8962195,
TD3,2layers,HalfCheetah-v4,40,first-actor,flrelu,0.5,6322687735.566653,
TD3,2layers,HalfCheetah-v4,50,first-actor,flrelu,0.3,1826192442.5534184,
TD3,2layers,HalfCheetah-v4,10,first-actor,flrelu,0.3,1716327799.6778417,
TD3,2layers,HalfCheetah-v4,30,first-actor,flrelu,0.3,1614042967.1594613,
TD3,2layers,HalfCheetah-v4,20,first-actor,flrelu,0.3,1532427131.5276873,
TD3,2layers,HalfCheetah-v4,40,first-actor,flrelu,0.3,1742894484.407467,
TD3,2layers,HalfCheetah-v4,50,first-actor,flrelu,0.1,1617631697.5470233,
TD3,2layers,HalfCheetah-v4,10,first-actor,flrelu,0.1,6687218259.497737,
TD3,2layers,HalfCheetah-v4,30,first-actor,flrelu,0.1,5782032260.994847,
TD3,2layers,HalfCheetah-v4,20,first-actor,flrelu,0.1,4524004996.624141,
TD3,2layers,HalfCheetah-v4,40,first-actor,flrelu,0.1,6105534783.105631,
TD3,2layers,Hopper-v4,50,first-actor,flrelu,0.1,2443992645.5669265,
TD3,2layers,Hopper-v4,10,first-actor,flrelu,0.1,2311529092.915562,
TD3,2layers,Hopper-v4,30,first-actor,flrelu,0.1,2628332083.4743485,
TD3,2layers,Hopper-v4,20,first-actor,flrelu,0.1,2281417730.8377504,
TD3,2layers,Hopper-v4,40,first-actor,flrelu,0.1,2133457664.8878603,
TD3,2layers,Hopper-v4,50,first-actor,flrelu,0.4,2708730595.744503,
TD3,2layers,Hopper-v4,10,first-actor,flrelu,0.4,779244970.2087094,
TD3,2layers,Hopper-v4,30,first-actor,flrelu,0.4,1469672910.852101,
TD3,2layers,Hopper-v4,20,first-actor,flrelu,0.4,2339620039.146168,
TD3,2layers,Hopper-v4,40,first-actor,flrelu,0.4,1673352834.570485,
TD3,2layers,Hopper-v4,50,first-actor,flrelu,0.3,2090679364.9063787,
TD3,2layers,Hopper-v4,10,first-actor,flrelu,0.3,1920250153.067282,
TD3,2layers,Hopper-v4,30,first-actor,flrelu,0.3,2035871835.332676,
TD3,2layers,Hopper-v4,20,first-actor,flrelu,0.3,2693614684.51152,
TD3,2layers,Hopper-v4,40,first-actor,flrelu,0.3,2288005404.156728,
TD3,2layers,Hopper-v4,50,first-actor,flrelu,0.5,2273253844.2437315,
TD3,2layers,Hopper-v4,10,first-actor,flrelu,0.5,1525022071.7877529,
TD3,2layers,Hopper-v4,30,first-actor,flrelu,0.5,2432110805.518844,
TD3,2layers,Hopper-v4,20,first-actor,flrelu,0.5,2628845702.3716726,
TD3,2layers,Hopper-v4,40,first-actor,flrelu,0.5,789117278.2323865,
TD3,2layers,Hopper-v4,50,first-actor,flrelu,0.2,2565960793.015784,
TD3,2layers,Hopper-v4,10,first-actor,flrelu,0.2,1798917482.3586094,
TD3,2layers,Hopper-v4,30,first-actor,flrelu,0.2,1780748370.4903758,
TD3,2layers,Hopper-v4,20,first-actor,flrelu,0.2,2425593883.0918474,
TD3,2layers,Hopper-v4,40,first-actor,flrelu,0.2,2136444592.5534337,
TD3,2layers,Ant-v4,50,first-actor,gelu,base,2551922314.453125,
TD3,2layers,Ant-v4,10,first-actor,gelu,base,2765847230.2246094,
TD3,2layers,Ant-v4,30,first-actor,gelu,base,2095089917.144776,
TD3,2layers,Ant-v4,20,first-actor,gelu,base,2560493101.605177,
TD3,2layers,Ant-v4,40,first-actor,gelu,base,2532024115.8914566,
TD3,2layers,Finger-Spin,50,first-actor,gelu,base,770295000.0,
TD3,2layers,Finger-Spin,10,first-actor,gelu,base,765630000.0,
TD3,2layers,Finger-Spin,30,first-actor,gelu,base,774780000.0,
TD3,2layers,Finger-Spin,20,first-actor,gelu,base,495425000.0,
TD3,2layers,Finger-Spin,40,first-actor,gelu,base,721520000.0,
TD3,2layers,Hopper-v4,50,first-actor,gelu,base,2451676258.239746,
TD3,2layers,Hopper-v4,10,first-actor,gelu,base,873672039.0319824,
TD3,2layers,Hopper-v4,30,first-actor,gelu,base,2376123356.246948,
TD3,2layers,Hopper-v4,20,first-actor,gelu,base,2608214412.30774,
TD3,2layers,Hopper-v4,40,first-actor,gelu,base,2219768684.062958,
TD3,2layers,HalfCheetah-v4,50,first-actor,gelu,base,1404944942.188263,
TD3,2layers,HalfCheetah-v4,10,first-actor,gelu,base,6647681194.114685,
TD3,2layers,HalfCheetah-v4,30,first-actor,gelu,base,1748443205.6427002,
TD3,2layers,HalfCheetah-v4,20,first-actor,gelu,base,5055584757.69043,
TD3,2layers,HalfCheetah-v4,40,first-actor,gelu,base,1469589909.172058,
TD3,2layers,Walker-Walk,50,first-actor,gelu,base,897616326.3893127,
TD3,2layers,Walker-Walk,10,first-actor,gelu,base,896177247.3907471,
TD3,2layers,Walker-Walk,30,first-actor,gelu,base,603935663.766861,
TD3,2layers,Walker-Walk,20,first-actor,gelu,base,885541991.1575317,
TD3,2layers,Walker-Walk,40,first-actor,gelu,base,758026027.9273987,
TD3,2layers,Cheetah-Run,50,first-actor,gelu,base,496574341.3734436,
TD3,2layers,Cheetah-Run,10,first-actor,gelu,base,433745962.638855,
TD3,2layers,Cheetah-Run,30,first-actor,gelu,base,528277928.0471802,
TD3,2layers,Cheetah-Run,20,first-actor,gelu,base,514011359.3673706,
TD3,2layers,Cheetah-Run,40,first-actor,gelu,base,538778588.0661011,
TD3,2layers,Humanoid-v4,50,first-actor,gelu,base,3770959764.328003,
TD3,2layers,Humanoid-v4,10,first-actor,gelu,base,3419845939.8269653,
TD3,2layers,Humanoid-v4,30,first-actor,gelu,base,2487122883.872986,
TD3,2layers,Humanoid-v4,20,first-actor,gelu,base,3797744488.067627,
TD3,2layers,Humanoid-v4,40,first-actor,gelu,base,3754480114.364624,
TD3,2layers,Cartpole-Swingup,50,first-actor,gelu,base,752281224.7467041,
TD3,2layers,Cartpole-Swingup,10,first-actor,gelu,base,766271563.4155273,
TD3,2layers,Cartpole-Swingup,30,first-actor,gelu,base,701176928.9398193,
TD3,2layers,Cartpole-Swingup,20,first-actor,gelu,base,792946951.9805908,
TD3,2layers,Cartpole-Swingup,40,first-actor,gelu,base,756043258.1806183,
TD3,2layers,Walker-Walk,50,first-actor,fswish,0.2,812226859.8461151,
TD3,2layers,Walker-Walk,10,first-actor,fswish,0.2,879654406.5380096,
TD3,2layers,Walker-Walk,30,first-actor,fswish,0.2,862089358.7684631,
TD3,2layers,Walker-Walk,20,first-actor,fswish,0.2,890101399.0020752,
TD3,2layers,Walker-Walk,40,first-actor,fswish,0.2,672348243.2174683,
TD3,2layers,Walker-Walk,50,first-actor,fswish,0.5,843500872.5786209,
TD3,2layers,Walker-Walk,10,first-actor,fswish,0.5,874039721.031189,
TD3,2layers,Walker-Walk,30,first-actor,fswish,0.5,776683411.8843079,
TD3,2layers,Walker-Walk,20,first-actor,fswish,0.5,865768004.7225952,
TD3,2layers,Walker-Walk,40,first-actor,fswish,0.5,740303523.6358643,
TD3,2layers,Walker-Walk,50,first-actor,fswish,0.1,691283487.3867035,
TD3,2layers,Walker-Walk,10,first-actor,fswish,0.1,635466600.3417969,
TD3,2layers,Walker-Walk,30,first-actor,fswish,0.1,767518490.2954102,
TD3,2layers,Walker-Walk,20,first-actor,fswish,0.1,903623114.5477296,
TD3,2layers,Walker-Walk,40,first-actor,fswish,0.1,877337810.4782104,
TD3,2layers,Walker-Walk,50,first-actor,fswish,0.3,880091285.5148315,
TD3,2layers,Walker-Walk,10,first-actor,fswish,0.3,690146661.2815857,
TD3,2layers,Walker-Walk,30,first-actor,fswish,0.3,828364750.5187988,
TD3,2layers,Walker-Walk,20,first-actor,fswish,0.3,888392481.0028076,
TD3,2layers,Walker-Walk,40,first-actor,fswish,0.3,837523330.1734924,
TD3,2layers,Walker-Walk,50,first-actor,fswish,0.4,863759805.4170609,
TD3,2layers,Walker-Walk,10,first-actor,fswish,0.4,691782776.6227722,
TD3,2layers,Walker-Walk,30,first-actor,fswish,0.4,685906469.4690704,
TD3,2layers,Walker-Walk,20,first-actor,fswish,0.4,890756886.138916,
TD3,2layers,Walker-Walk,40,first-actor,fswish,0.4,671448392.5819397,
TD3,2layers,Finger-Spin,50,first-actor,fswish,0.2,734665000.0,
TD3,2layers,Finger-Spin,10,first-actor,fswish,0.2,757895000.0,
TD3,2layers,Finger-Spin,30,first-actor,fswish,0.2,661855000.0,
TD3,2layers,Finger-Spin,20,first-actor,fswish,0.2,791725000.0,
TD3,2layers,Finger-Spin,40,first-actor,fswish,0.2,617485000.0,
TD3,2layers,Finger-Spin,50,first-actor,fswish,0.1,779740000.0,
TD3,2layers,Finger-Spin,10,first-actor,fswish,0.1,799430000.0,
TD3,2layers,Finger-Spin,30,first-actor,fswish,0.1,795035000.0,
TD3,2layers,Finger-Spin,20,first-actor,fswish,0.1,640185000.0,
TD3,2layers,Finger-Spin,40,first-actor,fswish,0.1,618060000.0,
TD3,2layers,Finger-Spin,50,first-actor,fswish,0.5,736960000.0,
TD3,2layers,Finger-Spin,10,first-actor,fswish,0.5,792010000.0,
TD3,2layers,Finger-Spin,30,first-actor,fswish,0.5,707480000.0,
TD3,2layers,Finger-Spin,20,first-actor,fswish,0.5,592175000.0,
TD3,2layers,Finger-Spin,40,first-actor,fswish,0.5,554960000.0,
TD3,2layers,Finger-Spin,50,first-actor,fswish,0.4,772270000.0,
TD3,2layers,Finger-Spin,10,first-actor,fswish,0.4,747600000.0,
TD3,2layers,Finger-Spin,30,first-actor,fswish,0.4,790225000.0,
TD3,2layers,Finger-Spin,20,first-actor,fswish,0.4,794170000.0,
TD3,2layers,Finger-Spin,40,first-actor,fswish,0.4,777605000.0,
TD3,2layers,Finger-Spin,50,first-actor,fswish,0.3,1920000.0,
TD3,2layers,Finger-Spin,10,first-actor,fswish,0.3,808500000.0,
TD3,2layers,Finger-Spin,30,first-actor,fswish,0.3,767665000.0,
TD3,2layers,Finger-Spin,20,first-actor,fswish,0.3,693265000.0,
TD3,2layers,Finger-Spin,40,first-actor,fswish,0.3,764150000.0,
TD3,2layers,Cheetah-Run,50,first-actor,fswish,0.1,536773420.6676483,
TD3,2layers,Cheetah-Run,10,first-actor,fswish,0.1,505431255.86509705,
TD3,2layers,Cheetah-Run,30,first-actor,fswish,0.1,552083431.5872192,
TD3,2layers,Cheetah-Run,20,first-actor,fswish,0.1,509249044.3611145,
TD3,2layers,Cheetah-Run,40,first-actor,fswish,0.1,491134613.53302,
TD3,2layers,Cheetah-Run,50,first-actor,fswish,0.4,509887118.9212799,
TD3,2layers,Cheetah-Run,10,first-actor,fswish,0.4,524911584.1722488,
TD3,2layers,Cheetah-Run,30,first-actor,fswish,0.4,564764892.6925659,
TD3,2layers,Cheetah-Run,20,first-actor,fswish,0.4,510634792.49715805,
TD3,2layers,Cheetah-Run,40,first-actor,fswish,0.4,507068907.4802399,
TD3,2layers,Cheetah-Run,50,first-actor,fswish,0.2,470886541.08047485,
TD3,2layers,Cheetah-Run,10,first-actor,fswish,0.2,482870458.7626457,
TD3,2layers,Cheetah-Run,30,first-actor,fswish,0.2,522762467.1792984,
TD3,2layers,Cheetah-Run,20,first-actor,fswish,0.2,494399730.4916382,
TD3,2layers,Cheetah-Run,40,first-actor,fswish,0.2,561293396.4538574,
TD3,2layers,Cheetah-Run,50,first-actor,fswish,0.5,514713862.4286652,
TD3,2layers,Cheetah-Run,10,first-actor,fswish,0.5,466331283.85066986,
TD3,2layers,Cheetah-Run,30,first-actor,fswish,0.5,553832116.394043,
TD3,2layers,Cheetah-Run,20,first-actor,fswish,0.5,543912087.0399475,
TD3,2layers,Cheetah-Run,40,first-actor,fswish,0.5,416444187.7746582,
TD3,2layers,Cheetah-Run,50,first-actor,fswish,0.3,544372270.2026367,
TD3,2layers,Cheetah-Run,10,first-actor,fswish,0.3,465539126.1100769,
TD3,2layers,Cheetah-Run,30,first-actor,fswish,0.3,578984659.9960327,
TD3,2layers,Cheetah-Run,20,first-actor,fswish,0.3,446692130.96022606,
TD3,2layers,Cheetah-Run,40,first-actor,fswish,0.3,439660971.7655182,
TD3,2layers,Humanoid-v4,50,first-actor,fswish,0.3,3438188142.2042847,
TD3,2layers,Humanoid-v4,10,first-actor,fswish,0.3,3780801648.2543945,
TD3,2layers,Humanoid-v4,30,first-actor,fswish,0.3,3687595202.102661,
TD3,2layers,Humanoid-v4,20,first-actor,fswish,0.3,3854509726.638794,
TD3,2layers,Humanoid-v4,40,first-actor,fswish,0.3,3596723290.977478,
TD3,2layers,Humanoid-v4,50,first-actor,fswish,0.5,3394671719.5510864,
TD3,2layers,Humanoid-v4,10,first-actor,fswish,0.5,4147001456.90918,
TD3,2layers,Humanoid-v4,30,first-actor,fswish,0.5,3187283282.318115,
TD3,2layers,Humanoid-v4,20,first-actor,fswish,0.5,3573205331.4208984,
TD3,2layers,Humanoid-v4,40,first-actor,fswish,0.5,3571966456.336975,
TD3,2layers,Humanoid-v4,50,first-actor,fswish,0.2,3367388151.283264,
TD3,2layers,Humanoid-v4,10,first-actor,fswish,0.2,3427222766.265869,
TD3,2layers,Humanoid-v4,30,first-actor,fswish,0.2,3295638492.4316406,
TD3,2layers,Humanoid-v4,20,first-actor,fswish,0.2,2209231089.630127,
TD3,2layers,Humanoid-v4,40,first-actor,fswish,0.2,4018110154.266357,
TD3,2layers,Humanoid-v4,50,first-actor,fswish,0.4,3270142934.951782,
TD3,2layers,Humanoid-v4,10,first-actor,fswish,0.4,3061073531.9519043,
TD3,2layers,Humanoid-v4,30,first-actor,fswish,0.4,3446920542.2210693,
TD3,2layers,Humanoid-v4,20,first-actor,fswish,0.4,3427398135.5667114,
TD3,2layers,Humanoid-v4,40,first-actor,fswish,0.4,3508005848.15979,
TD3,2layers,Humanoid-v4,50,first-actor,fswish,0.1,2260621653.09906,
TD3,2layers,Humanoid-v4,10,first-actor,fswish,0.1,3250853406.524658,
TD3,2layers,Humanoid-v4,30,first-actor,fswish,0.1,3578519301.223755,
TD3,2layers,Humanoid-v4,20,first-actor,fswish,0.1,2495741178.894043,
TD3,2layers,Humanoid-v4,40,first-actor,fswish,0.1,3777868954.6966553,
TD3,2layers,Ant-v4,50,first-actor,fswish,0.2,2285702086.315155,
TD3,2layers,Ant-v4,10,first-actor,fswish,0.2,2201841986.999512,
TD3,2layers,Ant-v4,30,first-actor,fswish,0.2,2375352388.660908,
TD3,2layers,Ant-v4,20,first-actor,fswish,0.2,2551347776.8301964,
TD3,2layers,Ant-v4,40,first-actor,fswish,0.2,2742490967.731476,
TD3,2layers,Ant-v4,50,first-actor,fswish,0.4,2534897692.947388,
TD3,2layers,Ant-v4,10,first-actor,fswish,0.4,2175141706.237793,
TD3,2layers,Ant-v4,30,first-actor,fswish,0.4,2054057498.764992,
TD3,2layers,Ant-v4,20,first-actor,fswish,0.4,2308649616.394043,
TD3,2layers,Ant-v4,40,first-actor,fswish,0.4,2402195651.550293,
TD3,2layers,Ant-v4,50,first-actor,fswish,0.5,2467599858.0932617,
TD3,2layers,Ant-v4,10,first-actor,fswish,0.5,2158048790.7505035,
TD3,2layers,Ant-v4,30,first-actor,fswish,0.5,2542418185.5487823,
TD3,2layers,Ant-v4,20,first-actor,fswish,0.5,2214794774.8947144,
TD3,2layers,Ant-v4,40,first-actor,fswish,0.5,2490677473.7405777,
TD3,2layers,Ant-v4,50,first-actor,fswish,0.1,2185506767.272949,
TD3,2layers,Ant-v4,10,first-actor,fswish,0.1,2398260382.385254,
TD3,2layers,Ant-v4,30,first-actor,fswish,0.1,2575496004.085541,
TD3,2layers,Ant-v4,20,first-actor,fswish,0.1,2839288246.769905,
TD3,2layers,Ant-v4,40,first-actor,fswish,0.1,2812574652.404785,
TD3,2layers,Ant-v4,50,first-actor,fswish,0.3,2130500398.06366,
TD3,2layers,Ant-v4,10,first-actor,fswish,0.3,2506242382.736206,
TD3,2layers,Ant-v4,30,first-actor,fswish,0.3,2287629391.2506104,
TD3,2layers,Ant-v4,20,first-actor,fswish,0.3,2676059039.916992,
TD3,2layers,Ant-v4,40,first-actor,fswish,0.3,2368568977.355957,
TD3,2layers,Cartpole-Swingup,50,first-actor,fswish,0.3,747536450.5767822,
TD3,2layers,Cartpole-Swingup,10,first-actor,fswish,0.3,718507901.763916,
TD3,2layers,Cartpole-Swingup,30,first-actor,fswish,0.3,766904030.1513672,
TD3,2layers,Cartpole-Swingup,20,first-actor,fswish,0.3,743651334.2285156,
TD3,2layers,Cartpole-Swingup,40,first-actor,fswish,0.3,740326318.5119629,
TD3,2layers,Cartpole-Swingup,50,first-actor,fswish,0.4,742787191.8487549,
TD3,2layers,Cartpole-Swingup,10,first-actor,fswish,0.4,799099542.6940918,
TD3,2layers,Cartpole-Swingup,30,first-actor,fswish,0.4,747588998.336792,
TD3,2layers,Cartpole-Swingup,20,first-actor,fswish,0.4,741568591.3848877,
TD3,2layers,Cartpole-Swingup,40,first-actor,fswish,0.4,740725422.4395752,
TD3,2layers,Cartpole-Swingup,50,first-actor,fswish,0.2,803778443.5272217,
TD3,2layers,Cartpole-Swingup,10,first-actor,fswish,0.2,756089033.9660645,
TD3,2layers,Cartpole-Swingup,30,first-actor,fswish,0.2,768383578.8726807,
TD3,2layers,Cartpole-Swingup,20,first-actor,fswish,0.2,767493195.9533691,
TD3,2layers,Cartpole-Swingup,40,first-actor,fswish,0.2,757380443.1152344,
TD3,2layers,Cartpole-Swingup,50,first-actor,fswish,0.1,755623389.8162842,
TD3,2layers,Cartpole-Swingup,10,first-actor,fswish,0.1,765502032.0129395,
TD3,2layers,Cartpole-Swingup,30,first-actor,fswish,0.1,750159122.7722168,
TD3,2layers,Cartpole-Swingup,20,first-actor,fswish,0.1,739539455.871582,
TD3,2layers,Cartpole-Swingup,40,first-actor,fswish,0.1,754182685.7757568,
TD3,2layers,Cartpole-Swingup,50,first-actor,fswish,0.5,785447936.7828369,
TD3,2layers,Cartpole-Swingup,10,first-actor,fswish,0.5,740532989.4433916,
TD3,2layers,Cartpole-Swingup,30,first-actor,fswish,0.5,759239719.0856934,
TD3,2layers,Cartpole-Swingup,20,first-actor,fswish,0.5,703672476.8447876,
TD3,2layers,Cartpole-Swingup,40,first-actor,fswish,0.5,759653872.6043701,
TD3,2layers,HalfCheetah-v4,50,first-actor,fswish,0.4,1559850296.9360352,
TD3,2layers,HalfCheetah-v4,10,first-actor,fswish,0.4,6841156539.497376,
TD3,2layers,HalfCheetah-v4,30,first-actor,fswish,0.4,6475953569.82708,
TD3,2layers,HalfCheetah-v4,20,first-actor,fswish,0.4,5691713908.805847,
TD3,2layers,HalfCheetah-v4,40,first-actor,fswish,0.4,1445453653.512001,
TD3,2layers,HalfCheetah-v4,50,first-actor,fswish,0.3,1642465037.689209,
TD3,2layers,HalfCheetah-v4,10,first-actor,fswish,0.3,3678550649.414063,
TD3,2layers,HalfCheetah-v4,30,first-actor,fswish,0.3,6136159712.677002,
TD3,2layers,HalfCheetah-v4,20,first-actor,fswish,0.3,1438177364.8166656,
TD3,2layers,HalfCheetah-v4,40,first-actor,fswish,0.3,5092062996.826172,
TD3,2layers,HalfCheetah-v4,50,first-actor,fswish,0.5,1559098100.1281738,
TD3,2layers,HalfCheetah-v4,10,first-actor,fswish,0.5,5701180880.508423,
TD3,2layers,HalfCheetah-v4,30,first-actor,fswish,0.5,5102664159.77478,
TD3,2layers,HalfCheetah-v4,20,first-actor,fswish,0.5,1480587525.4821775,
TD3,2layers,HalfCheetah-v4,40,first-actor,fswish,0.5,5162256457.595825,
TD3,2layers,HalfCheetah-v4,50,first-actor,fswish,0.1,1537665125.9231567,
TD3,2layers,HalfCheetah-v4,10,first-actor,fswish,0.1,5379771951.942444,
TD3,2layers,HalfCheetah-v4,30,first-actor,fswish,0.1,5301656398.696899,
TD3,2layers,HalfCheetah-v4,20,first-actor,fswish,0.1,1504601017.9138184,
TD3,2layers,HalfCheetah-v4,40,first-actor,fswish,0.1,1700430609.207153,
TD3,2layers,HalfCheetah-v4,50,first-actor,fswish,0.2,1538929079.9999237,
TD3,2layers,HalfCheetah-v4,10,first-actor,fswish,0.2,5564197630.4245,
TD3,2layers,HalfCheetah-v4,30,first-actor,fswish,0.2,5318769496.765137,
TD3,2layers,HalfCheetah-v4,20,first-actor,fswish,0.2,4710501347.618103,
TD3,2layers,HalfCheetah-v4,40,first-actor,fswish,0.2,5238462576.10321,
TD3,2layers,Hopper-v4,50,first-actor,fswish,0.5,2272377212.2192383,
TD3,2layers,Hopper-v4,10,first-actor,fswish,0.5,471262831.38275146,
TD3,2layers,Hopper-v4,30,first-actor,fswish,0.5,2394942228.088379,
TD3,2layers,Hopper-v4,20,first-actor,fswish,0.5,1913420305.3855896,
TD3,2layers,Hopper-v4,40,first-actor,fswish,0.5,2297875379.8294067,
TD3,2layers,Hopper-v4,50,first-actor,fswish,0.3,1898906968.917847,
TD3,2layers,Hopper-v4,10,first-actor,fswish,0.3,1744103240.852356,
TD3,2layers,Hopper-v4,30,first-actor,fswish,0.3,1928177765.960693,
TD3,2layers,Hopper-v4,20,first-actor,fswish,0.3,1314191648.521423,
TD3,2layers,Hopper-v4,40,first-actor,fswish,0.3,1263637383.570671,
TD3,2layers,Hopper-v4,50,first-actor,fswish,0.4,1799210148.8494873,
TD3,2layers,Hopper-v4,10,first-actor,fswish,0.4,1962258469.2001345,
TD3,2layers,Hopper-v4,30,first-actor,fswish,0.4,2269692346.0388184,
TD3,2layers,Hopper-v4,20,first-actor,fswish,0.4,1676772441.1773682,
TD3,2layers,Hopper-v4,40,first-actor,fswish,0.4,1287830770.9503174,
TD3,2layers,Hopper-v4,50,first-actor,fswish,0.1,2295253595.275879,
TD3,2layers,Hopper-v4,10,first-actor,fswish,0.1,471924847.4121094,
TD3,2layers,Hopper-v4,30,first-actor,fswish,0.1,2036354980.697632,
TD3,2layers,Hopper-v4,20,first-actor,fswish,0.1,2586519127.807617,
TD3,2layers,Hopper-v4,40,first-actor,fswish,0.1,2389981417.236328,
TD3,2layers,Hopper-v4,50,first-actor,fswish,0.2,2820995821.2661743,
TD3,2layers,Hopper-v4,10,first-actor,fswish,0.2,1544908706.3598633,
TD3,2layers,Hopper-v4,30,first-actor,fswish,0.2,2393448603.210449,
TD3,2layers,Hopper-v4,20,first-actor,fswish,0.2,854948372.6501465,
TD3,2layers,Hopper-v4,40,first-actor,fswish,0.2,1967362154.9987795,
TD3,2layers,Walker-Walk,50,first-actor,fgelu,0.3,649929629.4975281,
TD3,2layers,Walker-Walk,10,first-actor,fgelu,0.3,673209139.4805908,
TD3,2layers,Walker-Walk,30,first-actor,fgelu,0.3,820816745.1095581,
TD3,2layers,Walker-Walk,20,first-actor,fgelu,0.3,898382580.947876,
TD3,2layers,Walker-Walk,40,first-actor,fgelu,0.3,680065670.6428528,
TD3,2layers,Walker-Walk,50,first-actor,fgelu,0.1,629536023.1971741,
TD3,2layers,Walker-Walk,10,first-actor,fgelu,0.1,862570904.7698975,
TD3,2layers,Walker-Walk,30,first-actor,fgelu,0.1,572646878.2043457,
TD3,2layers,Walker-Walk,20,first-actor,fgelu,0.1,766593253.2787323,
TD3,2layers,Walker-Walk,40,first-actor,fgelu,0.1,579762613.4109497,
TD3,2layers,Walker-Walk,50,first-actor,fgelu,0.4,879697565.4411316,
TD3,2layers,Walker-Walk,10,first-actor,fgelu,0.4,884574629.0874481,
TD3,2layers,Walker-Walk,30,first-actor,fgelu,0.4,556900945.81604,
TD3,2layers,Walker-Walk,20,first-actor,fgelu,0.4,869717796.5545654,
TD3,2layers,Walker-Walk,40,first-actor,fgelu,0.4,827256659.9750519,
TD3,2layers,Walker-Walk,50,first-actor,fgelu,0.5,754487963.924408,
TD3,2layers,Walker-Walk,10,first-actor,fgelu,0.5,844080652.4944305,
TD3,2layers,Walker-Walk,30,first-actor,fgelu,0.5,720193448.9059448,
TD3,2layers,Walker-Walk,20,first-actor,fgelu,0.5,878227620.5825806,
TD3,2layers,Walker-Walk,40,first-actor,fgelu,0.5,824884807.472229,
TD3,2layers,Walker-Walk,50,first-actor,fgelu,0.2,654117772.7127075,
TD3,2layers,Walker-Walk,10,first-actor,fgelu,0.2,897513631.5155029,
TD3,2layers,Walker-Walk,30,first-actor,fgelu,0.2,440071531.6772461,
TD3,2layers,Walker-Walk,20,first-actor,fgelu,0.2,884965046.1578369,
TD3,2layers,Walker-Walk,40,first-actor,fgelu,0.2,506189795.1364517,
TD3,2layers,Finger-Spin,50,first-actor,fgelu,0.4,774990000.0,
TD3,2layers,Finger-Spin,10,first-actor,fgelu,0.4,773615000.0,
TD3,2layers,Finger-Spin,30,first-actor,fgelu,0.4,0.0,
TD3,2layers,Finger-Spin,20,first-actor,fgelu,0.4,593840000.0,
TD3,2layers,Finger-Spin,40,first-actor,fgelu,0.4,800670000.0,
TD3,2layers,Finger-Spin,50,first-actor,fgelu,0.3,841140000.0,
TD3,2layers,Finger-Spin,10,first-actor,fgelu,0.3,815965000.0,
TD3,2layers,Finger-Spin,30,first-actor,fgelu,0.3,743515000.0,
TD3,2layers,Finger-Spin,20,first-actor,fgelu,0.3,770365000.0,
TD3,2layers,Finger-Spin,40,first-actor,fgelu,0.3,698370000.0,
TD3,2layers,Finger-Spin,50,first-actor,fgelu,0.5,687400000.0,
TD3,2layers,Finger-Spin,10,first-actor,fgelu,0.5,783215000.0,
TD3,2layers,Finger-Spin,30,first-actor,fgelu,0.5,2930000.0,
TD3,2layers,Finger-Spin,20,first-actor,fgelu,0.5,799150000.0,
TD3,2layers,Finger-Spin,40,first-actor,fgelu,0.5,786335000.0,
TD3,2layers,Finger-Spin,50,first-actor,fgelu,0.1,801635000.0,
TD3,2layers,Finger-Spin,10,first-actor,fgelu,0.1,678500000.0,
TD3,2layers,Finger-Spin,30,first-actor,fgelu,0.1,799540000.0,
TD3,2layers,Finger-Spin,20,first-actor,fgelu,0.1,784570000.0,
TD3,2layers,Finger-Spin,40,first-actor,fgelu,0.1,831375000.0,
TD3,2layers,Finger-Spin,50,first-actor,fgelu,0.2,775110000.0,
TD3,2layers,Finger-Spin,10,first-actor,fgelu,0.2,795065000.0,
TD3,2layers,Finger-Spin,30,first-actor,fgelu,0.2,813075000.0,
TD3,2layers,Finger-Spin,20,first-actor,fgelu,0.2,773075000.0,
TD3,2layers,Finger-Spin,40,first-actor,fgelu,0.2,765550000.0,
TD3,2layers,Cheetah-Run,50,first-actor,fgelu,0.4,541655887.7563477,
TD3,2layers,Cheetah-Run,10,first-actor,fgelu,0.4,512986003.3607483,
TD3,2layers,Cheetah-Run,30,first-actor,fgelu,0.4,390670482.8643799,
TD3,2layers,Cheetah-Run,20,first-actor,fgelu,0.4,525875092.73052216,
TD3,2layers,Cheetah-Run,40,first-actor,fgelu,0.4,578463443.4986115,
TD3,2layers,Cheetah-Run,50,first-actor,fgelu,0.2,527941763.4820938,
TD3,2layers,Cheetah-Run,10,first-actor,fgelu,0.2,481085470.867157,
TD3,2layers,Cheetah-Run,30,first-actor,fgelu,0.2,569064033.5178375,
TD3,2layers,Cheetah-Run,20,first-actor,fgelu,0.2,523323881.60705566,
TD3,2layers,Cheetah-Run,40,first-actor,fgelu,0.2,509120105.5717468,
TD3,2layers,Cheetah-Run,50,first-actor,fgelu,0.3,434497981.9011688,
TD3,2layers,Cheetah-Run,10,first-actor,fgelu,0.3,462932039.3180847,
TD3,2layers,Cheetah-Run,30,first-actor,fgelu,0.3,525344306.9267273,
TD3,2layers,Cheetah-Run,20,first-actor,fgelu,0.3,564797295.2079773,
TD3,2layers,Cheetah-Run,40,first-actor,fgelu,0.3,536556600.151062,
TD3,2layers,Cheetah-Run,50,first-actor,fgelu,0.1,430301593.2559967,
TD3,2layers,Cheetah-Run,10,first-actor,fgelu,0.1,488634563.5509491,
TD3,2layers,Cheetah-Run,30,first-actor,fgelu,0.1,537445532.9704285,
TD3,2layers,Cheetah-Run,20,first-actor,fgelu,0.1,508102939.52941895,
TD3,2layers,Cheetah-Run,40,first-actor,fgelu,0.1,461509032.28759766,
TD3,2layers,Cheetah-Run,50,first-actor,fgelu,0.5,590782691.6694641,
TD3,2layers,Cheetah-Run,10,first-actor,fgelu,0.5,362675457.6301575,
TD3,2layers,Cheetah-Run,30,first-actor,fgelu,0.5,560213802.8872013,
TD3,2layers,Cheetah-Run,20,first-actor,fgelu,0.5,480931474.2565155,
TD3,2layers,Cheetah-Run,40,first-actor,fgelu,0.5,508180006.90460205,
TD3,2layers,Humanoid-v4,50,first-actor,fgelu,0.4,2867730704.841614,
TD3,2layers,Humanoid-v4,10,first-actor,fgelu,0.4,3510331411.4379883,
TD3,2layers,Humanoid-v4,30,first-actor,fgelu,0.4,3660763029.937744,
TD3,2layers,Humanoid-v4,20,first-actor,fgelu,0.4,1952838473.892212,
TD3,2layers,Humanoid-v4,40,first-actor,fgelu,0.4,3405311701.335907,
TD3,2layers,Humanoid-v4,50,first-actor,fgelu,0.5,2287295480.804444,
TD3,2layers,Humanoid-v4,10,first-actor,fgelu,0.5,857525956.0394287,
TD3,2layers,Humanoid-v4,30,first-actor,fgelu,0.5,3668805547.027588,
TD3,2layers,Humanoid-v4,20,first-actor,fgelu,0.5,3208878925.78125,
TD3,2layers,Humanoid-v4,40,first-actor,fgelu,0.5,3603900019.836426,
TD3,2layers,Humanoid-v4,50,first-actor,fgelu,0.1,3403651591.720581,
TD3,2layers,Humanoid-v4,10,first-actor,fgelu,0.1,3113033981.628418,
TD3,2layers,Humanoid-v4,30,first-actor,fgelu,0.1,3768656553.192138,
TD3,2layers,Humanoid-v4,20,first-actor,fgelu,0.1,3598977097.1679688,
TD3,2layers,Humanoid-v4,40,first-actor,fgelu,0.1,4035984260.406494,
TD3,2layers,Humanoid-v4,50,first-actor,fgelu,0.2,2098829488.5253904,
TD3,2layers,Humanoid-v4,10,first-actor,fgelu,0.2,3281407463.989258,
TD3,2layers,Humanoid-v4,30,first-actor,fgelu,0.2,3417020595.703125,
TD3,2layers,Humanoid-v4,20,first-actor,fgelu,0.2,3659462370.33844,
TD3,2layers,Humanoid-v4,40,first-actor,fgelu,0.2,3562973629.3029785,
TD3,2layers,Humanoid-v4,50,first-actor,fgelu,0.3,1631392386.932373,
TD3,2layers,Humanoid-v4,10,first-actor,fgelu,0.3,2899443164.8254395,
TD3,2layers,Humanoid-v4,30,first-actor,fgelu,0.3,3805204752.883911,
TD3,2layers,Humanoid-v4,20,first-actor,fgelu,0.3,2726213276.5197754,
TD3,2layers,Humanoid-v4,40,first-actor,fgelu,0.3,3045378135.2233887,
TD3,2layers,Ant-v4,50,first-actor,fgelu,0.2,2428713594.360352,
TD3,2layers,Ant-v4,10,first-actor,fgelu,0.2,2417756285.4003906,
TD3,2layers,Ant-v4,30,first-actor,fgelu,0.2,2406840305.557251,
TD3,2layers,Ant-v4,20,first-actor,fgelu,0.2,2466757016.9126987,
TD3,2layers,Ant-v4,40,first-actor,fgelu,0.2,2495337636.165619,
TD3,2layers,Ant-v4,50,first-actor,fgelu,0.3,2990651482.5439453,
TD3,2layers,Ant-v4,10,first-actor,fgelu,0.3,2215772924.132347,
TD3,2layers,Ant-v4,30,first-actor,fgelu,0.3,2179623063.619733,
TD3,2layers,Ant-v4,20,first-actor,fgelu,0.3,2951055348.2055664,
TD3,2layers,Ant-v4,40,first-actor,fgelu,0.3,2234494911.193848,
TD3,2layers,Ant-v4,50,first-actor,fgelu,0.4,2708104585.2661133,
TD3,2layers,Ant-v4,10,first-actor,fgelu,0.4,2721472615.1275635,
TD3,2layers,Ant-v4,30,first-actor,fgelu,0.4,2404556785.054207,
TD3,2layers,Ant-v4,20,first-actor,fgelu,0.4,3081296486.5112305,
TD3,2layers,Ant-v4,40,first-actor,fgelu,0.4,2733281456.451416,
TD3,2layers,Ant-v4,50,first-actor,fgelu,0.5,2813152791.442871,
TD3,2layers,Ant-v4,10,first-actor,fgelu,0.5,2586175864.5629883,
TD3,2layers,Ant-v4,30,first-actor,fgelu,0.5,2068723526.2298584,
TD3,2layers,Ant-v4,20,first-actor,fgelu,0.5,2693350551.0616302,
TD3,2layers,Ant-v4,40,first-actor,fgelu,0.5,2705073276.062012,
TD3,2layers,Ant-v4,50,first-actor,fgelu,0.1,2519953540.420532,
TD3,2layers,Ant-v4,10,first-actor,fgelu,0.1,2316290511.138439,
TD3,2layers,Ant-v4,30,first-actor,fgelu,0.1,2173215109.7106934,
TD3,2layers,Ant-v4,20,first-actor,fgelu,0.1,2907928469.848633,
TD3,2layers,Ant-v4,40,first-actor,fgelu,0.1,2345269097.595215,
TD3,2layers,Cartpole-Swingup,50,first-actor,fgelu,0.2,751870299.6826172,
TD3,2layers,Cartpole-Swingup,10,first-actor,fgelu,0.2,765344799.4995117,
TD3,2layers,Cartpole-Swingup,30,first-actor,fgelu,0.2,757928267.5933838,
TD3,2layers,Cartpole-Swingup,20,first-actor,fgelu,0.2,760664528.1219482,
TD3,2layers,Cartpole-Swingup,40,first-actor,fgelu,0.2,774723138.1225586,
TD3,2layers,Cartpole-Swingup,50,first-actor,fgelu,0.4,767008495.5596924,
TD3,2layers,Cartpole-Swingup,10,first-actor,fgelu,0.4,749068684.6542358,
TD3,2layers,Cartpole-Swingup,30,first-actor,fgelu,0.4,780749464.7216797,
TD3,2layers,Cartpole-Swingup,20,first-actor,fgelu,0.4,710063991.6229248,
TD3,2layers,Cartpole-Swingup,40,first-actor,fgelu,0.4,761285619.0109253,
TD3,2layers,Cartpole-Swingup,50,first-actor,fgelu,0.1,755380973.0529785,
TD3,2layers,Cartpole-Swingup,10,first-actor,fgelu,0.1,769465805.5114746,
TD3,2layers,Cartpole-Swingup,30,first-actor,fgelu,0.1,739699138.7939453,
TD3,2layers,Cartpole-Swingup,20,first-actor,fgelu,0.1,777556886.7492676,
TD3,2layers,Cartpole-Swingup,40,first-actor,fgelu,0.1,769345849.2279053,
TD3,2layers,Cartpole-Swingup,50,first-actor,fgelu,0.5,749546481.8572998,
TD3,2layers,Cartpole-Swingup,10,first-actor,fgelu,0.5,779101791.6870117,
TD3,2layers,Cartpole-Swingup,30,first-actor,fgelu,0.5,775675946.1975098,
TD3,2layers,Cartpole-Swingup,20,first-actor,fgelu,0.5,754237679.6722412,
TD3,2layers,Cartpole-Swingup,40,first-actor,fgelu,0.5,745738160.0952148,
TD3,2layers,Cartpole-Swingup,50,first-actor,fgelu,0.3,767191340.4083252,
TD3,2layers,Cartpole-Swingup,10,first-actor,fgelu,0.3,761654086.6088867,
TD3,2layers,Cartpole-Swingup,30,first-actor,fgelu,0.3,731978895.6451416,
TD3,2layers,Cartpole-Swingup,20,first-actor,fgelu,0.3,748608526.9927979,
TD3,2layers,Cartpole-Swingup,40,first-actor,fgelu,0.3,751360135.5743408,
TD3,2layers,HalfCheetah-v4,50,first-actor,fgelu,0.3,1603267101.211548,
TD3,2layers,HalfCheetah-v4,10,first-actor,fgelu,0.3,5909073944.015503,
TD3,2layers,HalfCheetah-v4,30,first-actor,fgelu,0.3,1600156403.8085938,
TD3,2layers,HalfCheetah-v4,20,first-actor,fgelu,0.3,1477757248.5733032,
TD3,2layers,HalfCheetah-v4,40,first-actor,fgelu,0.3,1567657618.484497,
TD3,2layers,HalfCheetah-v4,50,first-actor,fgelu,0.1,1537365668.0583954,
TD3,2layers,HalfCheetah-v4,10,first-actor,fgelu,0.1,1585859751.586914,
TD3,2layers,HalfCheetah-v4,30,first-actor,fgelu,0.1,1531128394.8898315,
TD3,2layers,HalfCheetah-v4,20,first-actor,fgelu,0.1,1467130565.5670166,
TD3,2layers,HalfCheetah-v4,40,first-actor,fgelu,0.1,1710310569.9920654,
TD3,2layers,HalfCheetah-v4,50,first-actor,fgelu,0.5,1741498506.603241,
TD3,2layers,HalfCheetah-v4,10,first-actor,fgelu,0.5,6323073644.943237,
TD3,2layers,HalfCheetah-v4,30,first-actor,fgelu,0.5,6668011646.42334,
TD3,2layers,HalfCheetah-v4,20,first-actor,fgelu,0.5,4842389115.219116,
TD3,2layers,HalfCheetah-v4,40,first-actor,fgelu,0.5,1695228248.7487793,
TD3,2layers,HalfCheetah-v4,50,first-actor,fgelu,0.4,1600810193.748474,
TD3,2layers,HalfCheetah-v4,10,first-actor,fgelu,0.4,1551297265.0146484,
TD3,2layers,HalfCheetah-v4,30,first-actor,fgelu,0.4,1526840291.671753,
TD3,2layers,HalfCheetah-v4,20,first-actor,fgelu,0.4,1662017890.071869,
TD3,2layers,HalfCheetah-v4,40,first-actor,fgelu,0.4,1831299731.7123413,
TD3,2layers,HalfCheetah-v4,50,first-actor,fgelu,0.2,1572883798.3226776,
TD3,2layers,HalfCheetah-v4,10,first-actor,fgelu,0.2,5188155688.552856,
TD3,2layers,HalfCheetah-v4,30,first-actor,fgelu,0.2,1630811287.4555588,
TD3,2layers,HalfCheetah-v4,20,first-actor,fgelu,0.2,1662523247.9667664,
TD3,2layers,HalfCheetah-v4,40,first-actor,fgelu,0.2,1469463458.9385986,
TD3,2layers,Hopper-v4,50,first-actor,fgelu,0.1,2337554686.059952,
TD3,2layers,Hopper-v4,10,first-actor,fgelu,0.1,1567733505.783081,
TD3,2layers,Hopper-v4,30,first-actor,fgelu,0.1,1770201823.8067627,
TD3,2layers,Hopper-v4,20,first-actor,fgelu,0.1,1936363160.8581543,
TD3,2layers,Hopper-v4,40,first-actor,fgelu,0.1,2220121652.450561,
TD3,2layers,Hopper-v4,50,first-actor,fgelu,0.5,2028075644.493103,
TD3,2layers,Hopper-v4,10,first-actor,fgelu,0.5,1989423276.2146,
TD3,2layers,Hopper-v4,30,first-actor,fgelu,0.5,2369420012.359619,
TD3,2layers,Hopper-v4,20,first-actor,fgelu,0.5,2201018756.942749,
TD3,2layers,Hopper-v4,40,first-actor,fgelu,0.5,2326351055.0689697,
TD3,2layers,Hopper-v4,50,first-actor,fgelu,0.2,1953427246.3989253,
TD3,2layers,Hopper-v4,10,first-actor,fgelu,0.2,1285989307.7087402,
TD3,2layers,Hopper-v4,30,first-actor,fgelu,0.2,2014009768.543244,
TD3,2layers,Hopper-v4,20,first-actor,fgelu,0.2,2093720169.5251465,
TD3,2layers,Hopper-v4,40,first-actor,fgelu,0.2,1836512802.391052,
TD3,2layers,Hopper-v4,50,first-actor,fgelu,0.4,2807208146.8963623,
TD3,2layers,Hopper-v4,10,first-actor,fgelu,0.4,1663341380.8441162,
TD3,2layers,Hopper-v4,30,first-actor,fgelu,0.4,1768779674.0722656,
TD3,2layers,Hopper-v4,20,first-actor,fgelu,0.4,2180754265.975952,
TD3,2layers,Hopper-v4,40,first-actor,fgelu,0.4,1588751502.3040771,
TD3,2layers,Hopper-v4,50,first-actor,fgelu,0.3,2054222056.350708,
TD3,2layers,Hopper-v4,10,first-actor,fgelu,0.3,1696635800.78125,
TD3,2layers,Hopper-v4,30,first-actor,fgelu,0.3,2584439935.913086,
TD3,2layers,Hopper-v4,20,first-actor,fgelu,0.3,2179906489.5629883,
TD3,2layers,Hopper-v4,40,first-actor,fgelu,0.3,1670832667.9992676,
TD3,2layers,Finger-Spin,50,first-actor,lrelu,base,636455000.0,
TD3,2layers,Finger-Spin,10,first-actor,lrelu,base,699345000.0,
TD3,2layers,Finger-Spin,30,first-actor,lrelu,base,725065000.0,
TD3,2layers,Finger-Spin,20,first-actor,lrelu,base,713565000.0,
TD3,2layers,Finger-Spin,40,first-actor,lrelu,base,654900000.0,
TD3,2layers,HalfCheetah-v4,50,first-actor,lrelu,base,1490931549.6253967,
TD3,2layers,HalfCheetah-v4,10,first-actor,lrelu,base,4392374720.001221,
TD3,2layers,HalfCheetah-v4,30,first-actor,lrelu,base,1553466568.069458,
TD3,2layers,HalfCheetah-v4,20,first-actor,lrelu,base,1517707850.8758545,
TD3,2layers,HalfCheetah-v4,40,first-actor,lrelu,base,1493885415.687561,
TD3,2layers,Humanoid-v4,50,first-actor,lrelu,base,3647534155.731201,
TD3,2layers,Humanoid-v4,10,first-actor,lrelu,base,2638447344.017029,
TD3,2layers,Humanoid-v4,30,first-actor,lrelu,base,1193171382.369995,
TD3,2layers,Humanoid-v4,20,first-actor,lrelu,base,2499731682.2052,
TD3,2layers,Humanoid-v4,40,first-actor,lrelu,base,2672154631.80542,
TD3,2layers,Hopper-v4,50,first-actor,lrelu,base,2513996421.0510254,
TD3,2layers,Hopper-v4,10,first-actor,lrelu,base,1525117153.8352966,
TD3,2layers,Hopper-v4,30,first-actor,lrelu,base,2600812768.859864,
TD3,2layers,Hopper-v4,20,first-actor,lrelu,base,2521124889.831543,
TD3,2layers,Hopper-v4,40,first-actor,lrelu,base,2359612727.127075,
TD3,2layers,Cartpole-Swingup,50,first-actor,lrelu,base,743611413.4216309,
TD3,2layers,Cartpole-Swingup,10,first-actor,lrelu,base,717306289.7491455,
TD3,2layers,Cartpole-Swingup,30,first-actor,lrelu,base,663537953.2241821,
TD3,2layers,Cartpole-Swingup,20,first-actor,lrelu,base,754261852.8747559,
TD3,2layers,Cartpole-Swingup,40,first-actor,lrelu,base,736794751.9683838,
TD3,2layers,Walker-Walk,50,first-actor,lrelu,base,499090445.60432434,
TD3,2layers,Walker-Walk,10,first-actor,lrelu,base,828776968.8510895,
TD3,2layers,Walker-Walk,30,first-actor,lrelu,base,578996591.6585922,
TD3,2layers,Walker-Walk,20,first-actor,lrelu,base,765368981.552124,
TD3,2layers,Walker-Walk,40,first-actor,lrelu,base,599674444.5419312,
TD3,2layers,Cheetah-Run,50,first-actor,lrelu,base,487947587.184906,
TD3,2layers,Cheetah-Run,10,first-actor,lrelu,base,419504323.9235878,
TD3,2layers,Cheetah-Run,30,first-actor,lrelu,base,446201150.5961418,
TD3,2layers,Cheetah-Run,20,first-actor,lrelu,base,224962147.39322665,
TD3,2layers,Cheetah-Run,40,first-actor,lrelu,base,488465810.2142811,
TD3,2layers,Ant-v4,50,first-actor,lrelu,base,2469245589.2944336,
TD3,2layers,Ant-v4,10,first-actor,lrelu,base,2516250033.874512,
TD3,2layers,Ant-v4,30,first-actor,lrelu,base,2229065027.098656,
TD3,2layers,Ant-v4,20,first-actor,lrelu,base,1600323850.5411148,
TD3,2layers,Ant-v4,40,first-actor,lrelu,base,2625514461.669922,
TD3,2layers,Walker-Walk,50,first-actor,fprelu,0.2,799411181.7278032,
TD3,2layers,Walker-Walk,10,first-actor,fprelu,0.2,864267578.9191046,
TD3,2layers,Walker-Walk,30,first-actor,fprelu,0.2,844904291.8567576,
TD3,2layers,Walker-Walk,20,first-actor,fprelu,0.2,910297793.130391,
TD3,2layers,Walker-Walk,40,first-actor,fprelu,0.2,453308860.0890941,
TD3,2layers,Walker-Walk,50,first-actor,fprelu,0.5,825734334.226013,
TD3,2layers,Walker-Walk,10,first-actor,fprelu,0.5,904784258.5620812,
TD3,2layers,Walker-Walk,30,first-actor,fprelu,0.5,622241359.7630943,
TD3,2layers,Walker-Walk,20,first-actor,fprelu,0.5,901287858.4558828,
TD3,2layers,Walker-Walk,40,first-actor,fprelu,0.5,712130919.2340125,
TD3,2layers,Walker-Walk,50,first-actor,fprelu,0.1,658800593.5470966,
TD3,2layers,Walker-Walk,10,first-actor,fprelu,0.1,916707785.6942772,
TD3,2layers,Walker-Walk,30,first-actor,fprelu,0.1,893276650.6279294,
TD3,2layers,Walker-Walk,20,first-actor,fprelu,0.1,797747397.4462934,
TD3,2layers,Walker-Walk,40,first-actor,fprelu,0.1,813783686.2258315,
TD3,2layers,Walker-Walk,50,first-actor,fprelu,0.3,858445779.7054862,
TD3,2layers,Walker-Walk,10,first-actor,fprelu,0.3,565724028.0829525,
TD3,2layers,Walker-Walk,30,first-actor,fprelu,0.3,876122303.5841423,
TD3,2layers,Walker-Walk,20,first-actor,fprelu,0.3,905280231.5118288,
TD3,2layers,Walker-Walk,40,first-actor,fprelu,0.3,851294045.3724722,
TD3,2layers,Walker-Walk,50,first-actor,fprelu,0.4,800059829.907876,
TD3,2layers,Walker-Walk,10,first-actor,fprelu,0.4,865442792.7816695,
TD3,2layers,Walker-Walk,30,first-actor,fprelu,0.4,895379104.065405,
TD3,2layers,Walker-Walk,20,first-actor,fprelu,0.4,869060284.5510465,
TD3,2layers,Walker-Walk,40,first-actor,fprelu,0.4,707112412.7675561,
TD3,2layers,Finger-Spin,50,first-actor,fprelu,0.5,787790000.0,
TD3,2layers,Finger-Spin,10,first-actor,fprelu,0.5,689900000.0,
TD3,2layers,Finger-Spin,30,first-actor,fprelu,0.5,514475000.0,
TD3,2layers,Finger-Spin,20,first-actor,fprelu,0.5,764665000.0,
TD3,2layers,Finger-Spin,40,first-actor,fprelu,0.5,802990000.0,
TD3,2layers,Finger-Spin,50,first-actor,fprelu,0.3,679045000.0,
TD3,2layers,Finger-Spin,10,first-actor,fprelu,0.3,805155000.0,
TD3,2layers,Finger-Spin,30,first-actor,fprelu,0.3,750045000.0,
TD3,2layers,Finger-Spin,20,first-actor,fprelu,0.3,709340000.0,
TD3,2layers,Finger-Spin,40,first-actor,fprelu,0.3,718910000.0,
TD3,2layers,Finger-Spin,50,first-actor,fprelu,0.2,768185000.0,
TD3,2layers,Finger-Spin,10,first-actor,fprelu,0.2,734390000.0,
TD3,2layers,Finger-Spin,30,first-actor,fprelu,0.2,724020000.0,
TD3,2layers,Finger-Spin,20,first-actor,fprelu,0.2,707385000.0,
TD3,2layers,Finger-Spin,40,first-actor,fprelu,0.2,604700000.0,
TD3,2layers,Finger-Spin,50,first-actor,fprelu,0.4,669610000.0,
TD3,2layers,Finger-Spin,10,first-actor,fprelu,0.4,729100000.0,
TD3,2layers,Finger-Spin,30,first-actor,fprelu,0.4,140000.0,
TD3,2layers,Finger-Spin,20,first-actor,fprelu,0.4,761660000.0,
TD3,2layers,Finger-Spin,40,first-actor,fprelu,0.4,760755000.0,
TD3,2layers,Finger-Spin,50,first-actor,fprelu,0.1,647985000.0,
TD3,2layers,Finger-Spin,10,first-actor,fprelu,0.1,721825000.0,
TD3,2layers,Finger-Spin,30,first-actor,fprelu,0.1,720570000.0,
TD3,2layers,Finger-Spin,20,first-actor,fprelu,0.1,782475000.0,
TD3,2layers,Finger-Spin,40,first-actor,fprelu,0.1,100000.0,
TD3,2layers,Cheetah-Run,50,first-actor,fprelu,0.5,397097448.6556665,
TD3,2layers,Cheetah-Run,10,first-actor,fprelu,0.5,500419834.5765131,
TD3,2layers,Cheetah-Run,30,first-actor,fprelu,0.5,551656333.3202986,
TD3,2layers,Cheetah-Run,20,first-actor,fprelu,0.5,517543629.87799,
TD3,2layers,Cheetah-Run,40,first-actor,fprelu,0.5,427285990.23583794,
TD3,2layers,Cheetah-Run,50,first-actor,fprelu,0.4,432444976.00674766,
TD3,2layers,Cheetah-Run,10,first-actor,fprelu,0.4,497382383.65128857,
TD3,2layers,Cheetah-Run,30,first-actor,fprelu,0.4,441833744.9046012,
TD3,2layers,Cheetah-Run,20,first-actor,fprelu,0.4,498350356.0282168,
TD3,2layers,Cheetah-Run,40,first-actor,fprelu,0.4,443894330.0375,
TD3,2layers,Cheetah-Run,50,first-actor,fprelu,0.3,522227192.3422905,
TD3,2layers,Cheetah-Run,10,first-actor,fprelu,0.3,476223174.9004442,
TD3,2layers,Cheetah-Run,30,first-actor,fprelu,0.3,605485743.357358,
TD3,2layers,Cheetah-Run,20,first-actor,fprelu,0.3,501480639.3780164,
TD3,2layers,Cheetah-Run,40,first-actor,fprelu,0.3,598119281.9816604,
TD3,2layers,Cheetah-Run,50,first-actor,fprelu,0.1,495378890.90302217,
TD3,2layers,Cheetah-Run,10,first-actor,fprelu,0.1,492398158.534264,
TD3,2layers,Cheetah-Run,30,first-actor,fprelu,0.1,532803395.3959957,
TD3,2layers,Cheetah-Run,20,first-actor,fprelu,0.1,572315159.3977314,
TD3,2layers,Cheetah-Run,40,first-actor,fprelu,0.1,508367992.68270594,
TD3,2layers,Cheetah-Run,50,first-actor,fprelu,0.2,544734779.6561372,
TD3,2layers,Cheetah-Run,10,first-actor,fprelu,0.2,634041706.2881849,
TD3,2layers,Cheetah-Run,30,first-actor,fprelu,0.2,538924841.3497003,
TD3,2layers,Cheetah-Run,20,first-actor,fprelu,0.2,463972624.58505934,
TD3,2layers,Cheetah-Run,40,first-actor,fprelu,0.2,498987180.63433135,
TD3,2layers,Humanoid-v4,50,first-actor,fprelu,0.1,3490420567.901329,
TD3,2layers,Humanoid-v4,10,first-actor,fprelu,0.1,3442637036.4591,
TD3,2layers,Humanoid-v4,30,first-actor,fprelu,0.1,3568893230.0492406,
TD3,2layers,Humanoid-v4,20,first-actor,fprelu,0.1,762449814.5135436,
TD3,2layers,Humanoid-v4,40,first-actor,fprelu,0.1,3402423494.570593,
TD3,2layers,Humanoid-v4,50,first-actor,fprelu,0.2,3793645526.296438,
TD3,2layers,Humanoid-v4,10,first-actor,fprelu,0.2,1853937202.051469,
TD3,2layers,Humanoid-v4,30,first-actor,fprelu,0.2,3657101963.150291,
TD3,2layers,Humanoid-v4,20,first-actor,fprelu,0.2,3034248005.07476,
TD3,2layers,Humanoid-v4,40,first-actor,fprelu,0.2,3383390119.833909,
TD3,2layers,Humanoid-v4,50,first-actor,fprelu,0.5,4014502495.653714,
TD3,2layers,Humanoid-v4,10,first-actor,fprelu,0.5,3308545767.6225066,
TD3,2layers,Humanoid-v4,30,first-actor,fprelu,0.5,3466721534.124242,
TD3,2layers,Humanoid-v4,20,first-actor,fprelu,0.5,3699120265.9614863,
TD3,2layers,Humanoid-v4,40,first-actor,fprelu,0.5,3572765551.316919,
TD3,2layers,Humanoid-v4,50,first-actor,fprelu,0.3,3179619249.915513,
TD3,2layers,Humanoid-v4,10,first-actor,fprelu,0.3,3969323330.967364,
TD3,2layers,Humanoid-v4,30,first-actor,fprelu,0.3,3299090669.463783,
TD3,2layers,Humanoid-v4,20,first-actor,fprelu,0.3,3964726071.77513,
TD3,2layers,Humanoid-v4,40,first-actor,fprelu,0.3,4011421058.113743,
TD3,2layers,Humanoid-v4,50,first-actor,fprelu,0.4,3537921813.294733,
TD3,2layers,Humanoid-v4,10,first-actor,fprelu,0.4,4046379420.049157,
TD3,2layers,Humanoid-v4,30,first-actor,fprelu,0.4,3308785992.673085,
TD3,2layers,Humanoid-v4,20,first-actor,fprelu,0.4,3594271131.428241,
TD3,2layers,Humanoid-v4,40,first-actor,fprelu,0.4,3467624932.996798,
TD3,2layers,Ant-v4,50,first-actor,fprelu,0.2,2832872244.9525485,
TD3,2layers,Ant-v4,10,first-actor,fprelu,0.2,2275696586.942357,
TD3,2layers,Ant-v4,30,first-actor,fprelu,0.2,2287045226.573874,
TD3,2layers,Ant-v4,20,first-actor,fprelu,0.2,2223070108.722894,
TD3,2layers,Ant-v4,40,first-actor,fprelu,0.2,2508899945.98712,
TD3,2layers,Ant-v4,50,first-actor,fprelu,0.4,2426483074.350182,
TD3,2layers,Ant-v4,10,first-actor,fprelu,0.4,2311262158.4191704,
TD3,2layers,Ant-v4,30,first-actor,fprelu,0.4,2779260704.177089,
TD3,2layers,Ant-v4,20,first-actor,fprelu,0.4,2340082928.1131024,
TD3,2layers,Ant-v4,40,first-actor,fprelu,0.4,2375688643.702725,
TD3,2layers,Ant-v4,50,first-actor,fprelu,0.1,2358927194.05284,
TD3,2layers,Ant-v4,10,first-actor,fprelu,0.1,2398108645.435565,
TD3,2layers,Ant-v4,30,first-actor,fprelu,0.1,2172988254.241018,
TD3,2layers,Ant-v4,20,first-actor,fprelu,0.1,2669142074.9240174,
TD3,2layers,Ant-v4,40,first-actor,fprelu,0.1,2038983960.299776,
TD3,2layers,Ant-v4,50,first-actor,fprelu,0.3,2292834896.829645,
TD3,2layers,Ant-v4,10,first-actor,fprelu,0.3,2279100708.602425,
TD3,2layers,Ant-v4,30,first-actor,fprelu,0.3,2415293681.8302817,
TD3,2layers,Ant-v4,20,first-actor,fprelu,0.3,1887777568.2885764,
TD3,2layers,Ant-v4,40,first-actor,fprelu,0.3,2689438230.3143725,
TD3,2layers,Ant-v4,50,first-actor,fprelu,0.5,2529354334.899441,
TD3,2layers,Ant-v4,10,first-actor,fprelu,0.5,2089280209.0549784,
TD3,2layers,Ant-v4,30,first-actor,fprelu,0.5,2530155559.581614,
TD3,2layers,Ant-v4,20,first-actor,fprelu,0.5,2554394412.5508504,
TD3,2layers,Ant-v4,40,first-actor,fprelu,0.5,2552492330.7908545,
TD3,2layers,Cartpole-Swingup,50,first-actor,fprelu,0.3,762504358.4848655,
TD3,2layers,Cartpole-Swingup,10,first-actor,fprelu,0.3,738248468.3234648,
TD3,2layers,Cartpole-Swingup,30,first-actor,fprelu,0.3,787952118.8047552,
TD3,2layers,Cartpole-Swingup,20,first-actor,fprelu,0.3,794325251.210909,
TD3,2layers,Cartpole-Swingup,40,first-actor,fprelu,0.3,741850853.1940165,
TD3,2layers,Cartpole-Swingup,50,first-actor,fprelu,0.4,796098632.321107,
TD3,2layers,Cartpole-Swingup,10,first-actor,fprelu,0.4,746967816.8933458,
TD3,2layers,Cartpole-Swingup,30,first-actor,fprelu,0.4,771782953.0589348,
TD3,2layers,Cartpole-Swingup,20,first-actor,fprelu,0.4,780225106.0107956,
TD3,2layers,Cartpole-Swingup,40,first-actor,fprelu,0.4,764090246.2359911,
TD3,2layers,Cartpole-Swingup,50,first-actor,fprelu,0.5,759250564.1530708,
TD3,2layers,Cartpole-Swingup,10,first-actor,fprelu,0.5,733041902.3300402,
TD3,2layers,Cartpole-Swingup,30,first-actor,fprelu,0.5,807981299.0835329,
TD3,2layers,Cartpole-Swingup,20,first-actor,fprelu,0.5,767223070.8505393,
TD3,2layers,Cartpole-Swingup,40,first-actor,fprelu,0.5,753998455.3382825,
TD3,2layers,Cartpole-Swingup,50,first-actor,fprelu,0.2,737701885.8045026,
TD3,2layers,Cartpole-Swingup,10,first-actor,fprelu,0.2,750192030.2191806,
TD3,2layers,Cartpole-Swingup,30,first-actor,fprelu,0.2,744764654.2701361,
TD3,2layers,Cartpole-Swingup,20,first-actor,fprelu,0.2,762603653.7055552,
TD3,2layers,Cartpole-Swingup,40,first-actor,fprelu,0.2,751628432.868891,
TD3,2layers,Cartpole-Swingup,50,first-actor,fprelu,0.1,779229782.4655542,
TD3,2layers,Cartpole-Swingup,10,first-actor,fprelu,0.1,779700358.2690629,
TD3,2layers,Cartpole-Swingup,30,first-actor,fprelu,0.1,763888712.4067947,
TD3,2layers,Cartpole-Swingup,20,first-actor,fprelu,0.1,791854261.6654521,
TD3,2layers,Cartpole-Swingup,40,first-actor,fprelu,0.1,779752129.9862397,
TD3,2layers,HalfCheetah-v4,50,first-actor,fprelu,0.1,1716515927.169473,
TD3,2layers,HalfCheetah-v4,10,first-actor,fprelu,0.1,1503362181.3250463,
TD3,2layers,HalfCheetah-v4,30,first-actor,fprelu,0.1,5823308525.893053,
TD3,2layers,HalfCheetah-v4,20,first-actor,fprelu,0.1,1578616055.5277412,
TD3,2layers,HalfCheetah-v4,40,first-actor,fprelu,0.1,1489344542.8926227,
TD3,2layers,HalfCheetah-v4,50,first-actor,fprelu,0.2,1518930408.5285509,
TD3,2layers,HalfCheetah-v4,10,first-actor,fprelu,0.2,1632736836.9241323,
TD3,2layers,HalfCheetah-v4,30,first-actor,fprelu,0.2,5006804350.291336,
TD3,2layers,HalfCheetah-v4,20,first-actor,fprelu,0.2,1661788386.0414765,
TD3,2layers,HalfCheetah-v4,40,first-actor,fprelu,0.2,1843938630.8373933,
TD3,2layers,HalfCheetah-v4,50,first-actor,fprelu,0.5,4823718204.414982,
TD3,2layers,HalfCheetah-v4,10,first-actor,fprelu,0.5,1498912459.2964134,
TD3,2layers,HalfCheetah-v4,30,first-actor,fprelu,0.5,4666857029.017829,
TD3,2layers,HalfCheetah-v4,20,first-actor,fprelu,0.5,1549933918.9011152,
TD3,2layers,HalfCheetah-v4,40,first-actor,fprelu,0.5,1769580173.4945304,
TD3,2layers,HalfCheetah-v4,50,first-actor,fprelu,0.4,1604085094.2199554,
TD3,2layers,HalfCheetah-v4,10,first-actor,fprelu,0.4,2534213672.9886847,
TD3,2layers,HalfCheetah-v4,30,first-actor,fprelu,0.4,1556272686.422041,
TD3,2layers,HalfCheetah-v4,20,first-actor,fprelu,0.4,5053182133.331449,
TD3,2layers,HalfCheetah-v4,40,first-actor,fprelu,0.4,1637146322.037273,
TD3,2layers,HalfCheetah-v4,50,first-actor,fprelu,0.3,1633598369.2518806,
TD3,2layers,HalfCheetah-v4,10,first-actor,fprelu,0.3,4648464504.453736,
TD3,2layers,HalfCheetah-v4,30,first-actor,fprelu,0.3,1628263760.7094347,
TD3,2layers,HalfCheetah-v4,20,first-actor,fprelu,0.3,1632933759.6255212,
TD3,2layers,HalfCheetah-v4,40,first-actor,fprelu,0.3,4052277158.00197,
TD3,2layers,Hopper-v4,50,first-actor,fprelu,0.5,1969855649.510788,
TD3,2layers,Hopper-v4,10,first-actor,fprelu,0.5,1499126903.2354522,
TD3,2layers,Hopper-v4,30,first-actor,fprelu,0.5,2435213726.5824256,
TD3,2layers,Hopper-v4,20,first-actor,fprelu,0.5,1418862263.9282403,
TD3,2layers,Hopper-v4,40,first-actor,fprelu,0.5,2299774880.1383257,
TD3,2layers,Hopper-v4,50,first-actor,fprelu,0.4,2339593495.730889,
TD3,2layers,Hopper-v4,10,first-actor,fprelu,0.4,1652416512.150944,
TD3,2layers,Hopper-v4,30,first-actor,fprelu,0.4,2527926074.7733626,
TD3,2layers,Hopper-v4,20,first-actor,fprelu,0.4,2156404246.217536,
TD3,2layers,Hopper-v4,40,first-actor,fprelu,0.4,2080262609.6498585,
TD3,2layers,Hopper-v4,50,first-actor,fprelu,0.1,2592757898.803822,
TD3,2layers,Hopper-v4,10,first-actor,fprelu,0.1,1631944432.4073684,
TD3,2layers,Hopper-v4,30,first-actor,fprelu,0.1,2424567179.293331,
TD3,2layers,Hopper-v4,20,first-actor,fprelu,0.1,2520436650.150589,
TD3,2layers,Hopper-v4,40,first-actor,fprelu,0.1,2035576190.1190305,
TD3,2layers,Hopper-v4,50,first-actor,fprelu,0.2,574608530.8451818,
TD3,2layers,Hopper-v4,10,first-actor,fprelu,0.2,1179405649.7852786,
TD3,2layers,Hopper-v4,30,first-actor,fprelu,0.2,2552855180.057576,
TD3,2layers,Hopper-v4,20,first-actor,fprelu,0.2,2342775771.033761,
TD3,2layers,Hopper-v4,40,first-actor,fprelu,0.2,2096736818.4097788,
TD3,2layers,Hopper-v4,50,first-actor,fprelu,0.3,1539359371.4337184,
TD3,2layers,Hopper-v4,10,first-actor,fprelu,0.3,2053021675.4080951,
TD3,2layers,Hopper-v4,30,first-actor,fprelu,0.3,2075161436.020789,
TD3,2layers,Hopper-v4,20,first-actor,fprelu,0.3,2101848955.759107,
TD3,2layers,Hopper-v4,40,first-actor,fprelu,0.3,2385068763.999248,
TD3,2layers,Ant-v4,50,r,relu,base,2077548981.249772,2077548981.249772
TD3,2layers,Ant-v4,10,r,relu,base,2655699787.261992,2655699787.261992
TD3,2layers,Ant-v4,30,r,relu,base,2321351282.5253177,2321351282.5253177
TD3,2layers,Ant-v4,20,r,relu,base,2849577162.0138164,2849577162.0138164
TD3,2layers,Ant-v4,40,r,relu,base,2641454622.5750327,2641454622.5750327
TD3,2layers,Finger-Spin,50,r,relu,base,717985000.0,717985000.0
TD3,2layers,Finger-Spin,10,r,relu,base,723555000.0,723555000.0
TD3,2layers,Finger-Spin,30,r,relu,base,721260000.0,721260000.0
TD3,2layers,Finger-Spin,20,r,relu,base,633815000.0,633815000.0
TD3,2layers,Finger-Spin,40,r,relu,base,799800000.0,799800000.0
TD3,2layers,Cheetah-Run,50,r,relu,base,450202938.6705086,450202938.6705086
TD3,2layers,Cheetah-Run,10,r,relu,base,502712990.74344856,502712990.74344856
TD3,2layers,Cheetah-Run,30,r,relu,base,583256612.168648,583256612.168648
TD3,2layers,Cheetah-Run,20,r,relu,base,468927219.39322895,468927219.39322895
TD3,2layers,Cheetah-Run,40,r,relu,base,599097606.9238348,599097606.9238348
TD3,2layers,Hopper-v4,50,r,relu,base,2424330846.5468736,2424330846.5468736
TD3,2layers,Hopper-v4,10,r,relu,base,2349006339.0941486,2349006339.0941486
TD3,2layers,Hopper-v4,30,r,relu,base,2711387652.5412374,2711387652.5412374
TD3,2layers,Hopper-v4,20,r,relu,base,1704534201.8276255,1704534201.8276255
TD3,2layers,Hopper-v4,40,r,relu,base,503435919.1908904,503435919.1908904
TD3,2layers,HalfCheetah-v4,50,r,relu,base,1212374959.6384392,1212374959.6384392
TD3,2layers,HalfCheetah-v4,10,r,relu,base,1570475252.8645058,1570475252.8645058
TD3,2layers,HalfCheetah-v4,30,r,relu,base,5864224386.248214,5864224386.248214
TD3,2layers,HalfCheetah-v4,20,r,relu,base,1538254615.4274037,1538254615.4274037
TD3,2layers,HalfCheetah-v4,40,r,relu,base,4974042893.88712,4974042893.88712
TD3,2layers,Humanoid-v4,50,r,relu,base,4203207478.723928,4203207478.723928
TD3,2layers,Humanoid-v4,10,r,relu,base,3417249551.286166,3417249551.286166
TD3,2layers,Humanoid-v4,30,r,relu,base,3662872460.6223454,3662872460.6223454
TD3,2layers,Humanoid-v4,20,r,relu,base,3449503279.1293645,3449503279.1293645
TD3,2layers,Humanoid-v4,40,r,relu,base,3035376434.9749007,3035376434.9749007
TD3,2layers,Cartpole-Swingup,50,r,relu,base,729011707.0140984,729011707.0140984
TD3,2layers,Cartpole-Swingup,10,r,relu,base,741946583.549029,741946583.549029
TD3,2layers,Cartpole-Swingup,30,r,relu,base,755859962.17432,755859962.17432
TD3,2layers,Cartpole-Swingup,20,r,relu,base,758587083.974595,758587083.974595
TD3,2layers,Cartpole-Swingup,40,r,relu,base,784636574.4295248,784636574.4295248
TD3,2layers,Walker-Walk,50,r,relu,base,843034635.2833669,843034635.2833669
TD3,2layers,Walker-Walk,10,r,relu,base,811935743.4093875,811935743.4093875
TD3,2layers,Walker-Walk,30,r,relu,base,672839829.8898989,672839829.8898989
TD3,2layers,Walker-Walk,20,r,relu,base,817133089.4484879,817133089.4484879
TD3,2layers,Walker-Walk,40,r,relu,base,750361568.1322495,750361568.1322495
TD3,2layers,Walker-Walk,50,all-actor,frelu,0.1,743648084.7134763,
TD3,2layers,Walker-Walk,10,all-actor,frelu,0.1,883865573.1617315,
TD3,2layers,Walker-Walk,30,all-actor,frelu,0.1,649443601.5025382,
TD3,2layers,Walker-Walk,20,all-actor,frelu,0.1,695821826.5513898,
TD3,2layers,Walker-Walk,40,all-actor,frelu,0.1,601409663.546793,
TD3,2layers,Walker-Walk,50,all-actor,frelu,0.2,744563334.3472905,
TD3,2layers,Walker-Walk,10,all-actor,frelu,0.2,845531994.7349521,
TD3,2layers,Walker-Walk,30,all-actor,frelu,0.2,707949868.206283,
TD3,2layers,Walker-Walk,20,all-actor,frelu,0.2,882281565.9064704,
TD3,2layers,Walker-Walk,40,all-actor,frelu,0.2,482082741.9556359,
TD3,2layers,Walker-Walk,50,all-actor,frelu,0.3,846398440.3582189,
TD3,2layers,Walker-Walk,10,all-actor,frelu,0.3,899631539.3178825,
TD3,2layers,Walker-Walk,30,all-actor,frelu,0.3,843612657.6896956,
TD3,2layers,Walker-Walk,20,all-actor,frelu,0.3,876563594.8768713,
TD3,2layers,Walker-Walk,40,all-actor,frelu,0.3,646069263.7681637,
TD3,2layers,Walker-Walk,50,all-actor,frelu,0.5,815421259.5761781,
TD3,2layers,Walker-Walk,10,all-actor,frelu,0.5,849372683.3597699,
TD3,2layers,Walker-Walk,30,all-actor,frelu,0.5,666412270.9855647,
TD3,2layers,Walker-Walk,20,all-actor,frelu,0.5,839425389.7876397,
TD3,2layers,Walker-Walk,40,all-actor,frelu,0.5,392618670.9424659,
TD3,2layers,Walker-Walk,50,all-actor,frelu,0.4,687885216.571441,
TD3,2layers,Walker-Walk,10,all-actor,frelu,0.4,784728976.2966422,
TD3,2layers,Walker-Walk,30,all-actor,frelu,0.4,761102992.2371597,
TD3,2layers,Walker-Walk,20,all-actor,frelu,0.4,856230464.905427,
TD3,2layers,Walker-Walk,40,all-actor,frelu,0.4,847690668.3108819,
TD3,2layers,Finger-Spin,50,all-actor,frelu,0.2,122365000.0,
TD3,2layers,Finger-Spin,10,all-actor,frelu,0.2,725155000.0,
TD3,2layers,Finger-Spin,30,all-actor,frelu,0.2,715970000.0,
TD3,2layers,Finger-Spin,20,all-actor,frelu,0.2,789895000.0,
TD3,2layers,Finger-Spin,40,all-actor,frelu,0.2,757185000.0,
TD3,2layers,Finger-Spin,50,all-actor,frelu,0.5,758660000.0,
TD3,2layers,Finger-Spin,10,all-actor,frelu,0.5,700505000.0,
TD3,2layers,Finger-Spin,30,all-actor,frelu,0.5,763930000.0,
TD3,2layers,Finger-Spin,20,all-actor,frelu,0.5,760845000.0,
TD3,2layers,Finger-Spin,40,all-actor,frelu,0.5,756020000.0,
TD3,2layers,Finger-Spin,50,all-actor,frelu,0.4,780220000.0,
TD3,2layers,Finger-Spin,10,all-actor,frelu,0.4,785310000.0,
TD3,2layers,Finger-Spin,30,all-actor,frelu,0.4,50000.0,
TD3,2layers,Finger-Spin,20,all-actor,frelu,0.4,770760000.0,
TD3,2layers,Finger-Spin,40,all-actor,frelu,0.4,778525000.0,
TD3,2layers,Finger-Spin,50,all-actor,frelu,0.1,714745000.0,
TD3,2layers,Finger-Spin,10,all-actor,frelu,0.1,669875000.0,
TD3,2layers,Finger-Spin,30,all-actor,frelu,0.1,588170000.0,
TD3,2layers,Finger-Spin,20,all-actor,frelu,0.1,776480000.0,
TD3,2layers,Finger-Spin,40,all-actor,frelu,0.1,676525000.0,
TD3,2layers,Finger-Spin,50,all-actor,frelu,0.3,810075000.0,
TD3,2layers,Finger-Spin,10,all-actor,frelu,0.3,782435000.0,
TD3,2layers,Finger-Spin,30,all-actor,frelu,0.3,705015000.0,
TD3,2layers,Finger-Spin,20,all-actor,frelu,0.3,788045000.0,
TD3,2layers,Finger-Spin,40,all-actor,frelu,0.3,750410000.0,
TD3,2layers,Cheetah-Run,50,all-actor,frelu,0.2,548004990.5485165,
TD3,2layers,Cheetah-Run,10,all-actor,frelu,0.2,419072542.3915714,
TD3,2layers,Cheetah-Run,30,all-actor,frelu,0.2,544868810.9722382,
TD3,2layers,Cheetah-Run,20,all-actor,frelu,0.2,519781082.15125465,
TD3,2layers,Cheetah-Run,40,all-actor,frelu,0.2,507107294.982779,
TD3,2layers,Cheetah-Run,50,all-actor,frelu,0.3,476120714.8984676,
TD3,2layers,Cheetah-Run,10,all-actor,frelu,0.3,534793973.9277625,
TD3,2layers,Cheetah-Run,30,all-actor,frelu,0.3,529151970.3875837,
TD3,2layers,Cheetah-Run,20,all-actor,frelu,0.3,601376194.2392015,
TD3,2layers,Cheetah-Run,40,all-actor,frelu,0.3,475093028.4878474,
TD3,2layers,Cheetah-Run,50,all-actor,frelu,0.4,581475587.2559267,
TD3,2layers,Cheetah-Run,10,all-actor,frelu,0.4,449882845.3299024,
TD3,2layers,Cheetah-Run,30,all-actor,frelu,0.4,567593578.7102808,
TD3,2layers,Cheetah-Run,20,all-actor,frelu,0.4,578989873.2565302,
TD3,2layers,Cheetah-Run,40,all-actor,frelu,0.4,515421276.5889804,
TD3,2layers,Cheetah-Run,50,all-actor,frelu,0.1,431565657.35772747,
TD3,2layers,Cheetah-Run,10,all-actor,frelu,0.1,597885522.5193411,
TD3,2layers,Cheetah-Run,30,all-actor,frelu,0.1,580530824.4166033,
TD3,2layers,Cheetah-Run,20,all-actor,frelu,0.1,532746662.2140873,
TD3,2layers,Cheetah-Run,40,all-actor,frelu,0.1,561230393.862809,
TD3,2layers,Cheetah-Run,50,all-actor,frelu,0.5,581591136.0214132,
TD3,2layers,Cheetah-Run,10,all-actor,frelu,0.5,547172780.006815,
TD3,2layers,Cheetah-Run,30,all-actor,frelu,0.5,514276249.3154954,
TD3,2layers,Cheetah-Run,20,all-actor,frelu,0.5,517278799.5706074,
TD3,2layers,Cheetah-Run,40,all-actor,frelu,0.5,531796043.0339448,
TD3,2layers,Humanoid-v4,50,all-actor,frelu,0.2,3482899351.049041,
TD3,2layers,Humanoid-v4,10,all-actor,frelu,0.2,3806886569.798932,
TD3,2layers,Humanoid-v4,30,all-actor,frelu,0.2,3659818922.89837,
TD3,2layers,Humanoid-v4,20,all-actor,frelu,0.2,3405748351.8029795,
TD3,2layers,Humanoid-v4,40,all-actor,frelu,0.2,3836800901.7708006,
TD3,2layers,Humanoid-v4,50,all-actor,frelu,0.1,1593044567.3660817,
TD3,2layers,Humanoid-v4,10,all-actor,frelu,0.1,3718495320.509556,
TD3,2layers,Humanoid-v4,30,all-actor,frelu,0.1,3786930145.134491,
TD3,2layers,Humanoid-v4,20,all-actor,frelu,0.1,3499235106.326473,
TD3,2layers,Humanoid-v4,40,all-actor,frelu,0.1,3595035168.8685,
TD3,2layers,Humanoid-v4,50,all-actor,frelu,0.4,4188397057.1037073,
TD3,2layers,Humanoid-v4,10,all-actor,frelu,0.4,4022892069.33801,
TD3,2layers,Humanoid-v4,30,all-actor,frelu,0.4,3557600429.119312,
TD3,2layers,Humanoid-v4,20,all-actor,frelu,0.4,3641676695.225396,
TD3,2layers,Humanoid-v4,40,all-actor,frelu,0.4,3208239434.9967966,
TD3,2layers,Humanoid-v4,50,all-actor,frelu,0.5,3518124362.8027263,
TD3,2layers,Humanoid-v4,10,all-actor,frelu,0.5,4249628505.4233184,
TD3,2layers,Humanoid-v4,30,all-actor,frelu,0.5,2765722793.691828,
TD3,2layers,Humanoid-v4,20,all-actor,frelu,0.5,3672795146.884591,
TD3,2layers,Humanoid-v4,40,all-actor,frelu,0.5,3190085005.856928,
TD3,2layers,Humanoid-v4,50,all-actor,frelu,0.3,4050878802.6013,
TD3,2layers,Humanoid-v4,10,all-actor,frelu,0.3,3566774928.6421304,
TD3,2layers,Humanoid-v4,30,all-actor,frelu,0.3,3156607893.731398,
TD3,2layers,Humanoid-v4,20,all-actor,frelu,0.3,3712023749.4301457,
TD3,2layers,Humanoid-v4,40,all-actor,frelu,0.3,3566618148.7860293,
TD3,2layers,Ant-v4,50,all-actor,frelu,0.2,2501797447.133953,
TD3,2layers,Ant-v4,10,all-actor,frelu,0.2,2291449060.4467816,
TD3,2layers,Ant-v4,30,all-actor,frelu,0.2,2530350798.246684,
TD3,2layers,Ant-v4,20,all-actor,frelu,0.2,1979420120.6838624,
TD3,2layers,Ant-v4,40,all-actor,frelu,0.2,2750387851.2183924,
TD3,2layers,Ant-v4,50,all-actor,frelu,0.3,1986695618.4414444,
TD3,2layers,Ant-v4,10,all-actor,frelu,0.3,2584611841.893989,
TD3,2layers,Ant-v4,30,all-actor,frelu,0.3,1939072896.6947272,
TD3,2layers,Ant-v4,20,all-actor,frelu,0.3,2135768042.2290387,
TD3,2layers,Ant-v4,40,all-actor,frelu,0.3,2562986369.966504,
TD3,2layers,Ant-v4,50,all-actor,frelu,0.4,2203647716.665689,
TD3,2layers,Ant-v4,10,all-actor,frelu,0.4,1903974270.2114472,
TD3,2layers,Ant-v4,30,all-actor,frelu,0.4,1918101331.632485,
TD3,2layers,Ant-v4,20,all-actor,frelu,0.4,2236417705.735943,
TD3,2layers,Ant-v4,40,all-actor,frelu,0.4,2666119629.591934,
TD3,2layers,Ant-v4,50,all-actor,frelu,0.5,2557737062.5362,
TD3,2layers,Ant-v4,10,all-actor,frelu,0.5,2155739789.113859,
TD3,2layers,Ant-v4,30,all-actor,frelu,0.5,1891422102.682902,
TD3,2layers,Ant-v4,20,all-actor,frelu,0.5,2364120773.0613728,
TD3,2layers,Ant-v4,40,all-actor,frelu,0.5,1977133937.2835743,
TD3,2layers,Ant-v4,50,all-actor,frelu,0.1,2068805023.6714723,
TD3,2layers,Ant-v4,10,all-actor,frelu,0.1,2105965998.0939825,
TD3,2layers,Ant-v4,30,all-actor,frelu,0.1,2031030580.174738,
TD3,2layers,Ant-v4,20,all-actor,frelu,0.1,2405056315.50672,
TD3,2layers,Ant-v4,40,all-actor,frelu,0.1,2509248963.559838,
TD3,2layers,Cartpole-Swingup,50,all-actor,frelu,0.4,787879750.8663175,
TD3,2layers,Cartpole-Swingup,10,all-actor,frelu,0.4,781399721.2910458,
TD3,2layers,Cartpole-Swingup,30,all-actor,frelu,0.4,756589068.418625,
TD3,2layers,Cartpole-Swingup,20,all-actor,frelu,0.4,753062573.9645587,
TD3,2layers,Cartpole-Swingup,40,all-actor,frelu,0.4,769561334.0773692,
TD3,2layers,Cartpole-Swingup,50,all-actor,frelu,0.5,718813761.2052007,
TD3,2layers,Cartpole-Swingup,10,all-actor,frelu,0.5,740316463.3499081,
TD3,2layers,Cartpole-Swingup,30,all-actor,frelu,0.5,758962117.5297153,
TD3,2layers,Cartpole-Swingup,20,all-actor,frelu,0.5,754444869.7415195,
TD3,2layers,Cartpole-Swingup,40,all-actor,frelu,0.5,762654941.8854657,
TD3,2layers,Cartpole-Swingup,50,all-actor,frelu,0.2,740977319.3845285,
TD3,2layers,Cartpole-Swingup,10,all-actor,frelu,0.2,753066356.4279951,
TD3,2layers,Cartpole-Swingup,30,all-actor,frelu,0.2,777184037.7440147,
TD3,2layers,Cartpole-Swingup,20,all-actor,frelu,0.2,768303418.5747628,
TD3,2layers,Cartpole-Swingup,40,all-actor,frelu,0.2,751681512.2452842,
TD3,2layers,Cartpole-Swingup,50,all-actor,frelu,0.1,749836753.8726208,
TD3,2layers,Cartpole-Swingup,10,all-actor,frelu,0.1,745536872.6354954,
TD3,2layers,Cartpole-Swingup,30,all-actor,frelu,0.1,759040202.2502131,
TD3,2layers,Cartpole-Swingup,20,all-actor,frelu,0.1,762246175.4624847,
TD3,2layers,Cartpole-Swingup,40,all-actor,frelu,0.1,750256615.1048254,
TD3,2layers,Cartpole-Swingup,50,all-actor,frelu,0.3,581052083.93577,
TD3,2layers,Cartpole-Swingup,10,all-actor,frelu,0.3,733908513.8637475,
TD3,2layers,Cartpole-Swingup,30,all-actor,frelu,0.3,776276688.0827028,
TD3,2layers,Cartpole-Swingup,20,all-actor,frelu,0.3,753670389.9675751,
TD3,2layers,Cartpole-Swingup,40,all-actor,frelu,0.3,747372092.0590063,
TD3,2layers,HalfCheetah-v4,50,all-actor,frelu,0.3,1626430502.6532102,
TD3,2layers,HalfCheetah-v4,10,all-actor,frelu,0.3,1386432616.3155897,
TD3,2layers,HalfCheetah-v4,30,all-actor,frelu,0.3,5810405232.158474,
TD3,2layers,HalfCheetah-v4,20,all-actor,frelu,0.3,4591123991.741113,
TD3,2layers,HalfCheetah-v4,40,all-actor,frelu,0.3,1665585977.9191103,
TD3,2layers,HalfCheetah-v4,50,all-actor,frelu,0.2,5618052685.370357,
TD3,2layers,HalfCheetah-v4,10,all-actor,frelu,0.2,1594580585.0280554,
TD3,2layers,HalfCheetah-v4,30,all-actor,frelu,0.2,3997046123.409655,
TD3,2layers,HalfCheetah-v4,20,all-actor,frelu,0.2,4872243037.179551,
TD3,2layers,HalfCheetah-v4,40,all-actor,frelu,0.2,1752554839.6342103,
TD3,2layers,HalfCheetah-v4,50,all-actor,frelu,0.4,1466495677.0430152,
TD3,2layers,HalfCheetah-v4,10,all-actor,frelu,0.4,1617042901.8437233,
TD3,2layers,HalfCheetah-v4,30,all-actor,frelu,0.4,5418216946.089787,
TD3,2layers,HalfCheetah-v4,20,all-actor,frelu,0.4,5185913665.91827,
TD3,2layers,HalfCheetah-v4,40,all-actor,frelu,0.4,1598548875.4428282,
TD3,2layers,HalfCheetah-v4,50,all-actor,frelu,0.1,5336069444.08053,
TD3,2layers,HalfCheetah-v4,10,all-actor,frelu,0.1,1421086285.6931157,
TD3,2layers,HalfCheetah-v4,30,all-actor,frelu,0.1,4072446923.952641,
TD3,2layers,HalfCheetah-v4,20,all-actor,frelu,0.1,1530020665.675397,
TD3,2layers,HalfCheetah-v4,40,all-actor,frelu,0.1,1616983620.7853403,
TD3,2layers,HalfCheetah-v4,50,all-actor,frelu,0.5,1674179167.9558609,
TD3,2layers,HalfCheetah-v4,10,all-actor,frelu,0.5,1472647103.6825323,
TD3,2layers,HalfCheetah-v4,30,all-actor,frelu,0.5,5168738794.778687,
TD3,2layers,HalfCheetah-v4,20,all-actor,frelu,0.5,2832258196.639356,
TD3,2layers,HalfCheetah-v4,40,all-actor,frelu,0.5,1600634426.542966,
TD3,2layers,Hopper-v4,50,all-actor,frelu,0.2,2167236045.676376,
TD3,2layers,Hopper-v4,10,all-actor,frelu,0.2,2156701556.5438085,
TD3,2layers,Hopper-v4,30,all-actor,frelu,0.2,2522021008.847416,
TD3,2layers,Hopper-v4,20,all-actor,frelu,0.2,1653315144.049327,
TD3,2layers,Hopper-v4,40,all-actor,frelu,0.2,2543108961.604652,
TD3,2layers,Hopper-v4,50,all-actor,frelu,0.4,1563436910.064495,
TD3,2layers,Hopper-v4,10,all-actor,frelu,0.4,796282750.8844247,
TD3,2layers,Hopper-v4,30,all-actor,frelu,0.4,2415719586.725084,
TD3,2layers,Hopper-v4,20,all-actor,frelu,0.4,2002146689.3390543,
TD3,2layers,Hopper-v4,40,all-actor,frelu,0.4,1438175369.613369,
TD3,2layers,Hopper-v4,50,all-actor,frelu,0.3,1915674640.151744,
TD3,2layers,Hopper-v4,10,all-actor,frelu,0.3,2133338735.9123373,
TD3,2layers,Hopper-v4,30,all-actor,frelu,0.3,1666477197.6521723,
TD3,2layers,Hopper-v4,20,all-actor,frelu,0.3,1401635228.469303,
TD3,2layers,Hopper-v4,40,all-actor,frelu,0.3,2585925086.526035,
TD3,2layers,Hopper-v4,50,all-actor,frelu,0.5,2503207712.394523,
TD3,2layers,Hopper-v4,10,all-actor,frelu,0.5,2587575589.6856337,
TD3,2layers,Hopper-v4,30,all-actor,frelu,0.5,2778307701.335887,
TD3,2layers,Hopper-v4,20,all-actor,frelu,0.5,2810105480.151986,
TD3,2layers,Hopper-v4,40,all-actor,frelu,0.5,1701725462.9985206,
TD3,2layers,Hopper-v4,50,all-actor,frelu,0.1,964210363.0589412,
TD3,2layers,Hopper-v4,10,all-actor,frelu,0.1,813573198.1569782,
TD3,2layers,Hopper-v4,30,all-actor,frelu,0.1,2588500188.3485765,
TD3,2layers,Hopper-v4,20,all-actor,frelu,0.1,2196848311.63356,
TD3,2layers,Hopper-v4,40,all-actor,frelu,0.1,2128196277.7831807,
TD3,2layers,Cartpole-Swingup,50,all-actor,prelu,base,734966677.3223877,
TD3,2layers,Cartpole-Swingup,10,all-actor,prelu,base,701773354.1870117,
TD3,2layers,Cartpole-Swingup,30,all-actor,prelu,base,743946308.8989258,
TD3,2layers,Cartpole-Swingup,20,all-actor,prelu,base,701310248.260498,
TD3,2layers,Cartpole-Swingup,40,all-actor,prelu,base,730956808.09021,
TD3,2layers,Cheetah-Run,50,all-actor,prelu,base,516805668.2682037,
TD3,2layers,Cheetah-Run,10,all-actor,prelu,base,383208341.3696289,
TD3,2layers,Cheetah-Run,30,all-actor,prelu,base,558082093.64295,
TD3,2layers,Cheetah-Run,20,all-actor,prelu,base,406826822.0257759,
TD3,2layers,Cheetah-Run,40,all-actor,prelu,base,353124886.81316376,
TD3,2layers,Ant-v4,50,all-actor,prelu,base,2135725308.227539,
TD3,2layers,Ant-v4,10,all-actor,prelu,base,1853079400.3295896,
TD3,2layers,Ant-v4,30,all-actor,prelu,base,2250569553.985596,
TD3,2layers,Ant-v4,20,all-actor,prelu,base,2196551746.97876,
TD3,2layers,Ant-v4,40,all-actor,prelu,base,2898150804.4433594,
TD3,2layers,Finger-Spin,50,all-actor,prelu,base,728150000.0,
TD3,2layers,Finger-Spin,10,all-actor,prelu,base,773600000.0,
TD3,2layers,Finger-Spin,30,all-actor,prelu,base,529310000.0,
TD3,2layers,Finger-Spin,20,all-actor,prelu,base,722645000.0,
TD3,2layers,Finger-Spin,40,all-actor,prelu,base,668745000.0,
TD3,2layers,Hopper-v4,50,all-actor,prelu,base,2660801654.35791,
TD3,2layers,Hopper-v4,10,all-actor,prelu,base,234184088.1347656,
TD3,2layers,Hopper-v4,30,all-actor,prelu,base,1726510823.4024048,
TD3,2layers,Hopper-v4,20,all-actor,prelu,base,2158905672.607422,
TD3,2layers,Hopper-v4,40,all-actor,prelu,base,1626217429.9621582,
TD3,2layers,Humanoid-v4,50,all-actor,prelu,base,4106157172.164917,
TD3,2layers,Humanoid-v4,10,all-actor,prelu,base,3597605680.4656982,
TD3,2layers,Humanoid-v4,30,all-actor,prelu,base,3750061106.6436768,
TD3,2layers,Humanoid-v4,20,all-actor,prelu,base,3180128353.57666,
TD3,2layers,Humanoid-v4,40,all-actor,prelu,base,3757878680.992128,
TD3,2layers,Walker-Walk,50,all-actor,prelu,base,737110755.9204102,
TD3,2layers,Walker-Walk,10,all-actor,prelu,base,639917578.5064697,
TD3,2layers,Walker-Walk,30,all-actor,prelu,base,520431510.9825134,
TD3,2layers,Walker-Walk,20,all-actor,prelu,base,833489512.9776001,
TD3,2layers,Walker-Walk,40,all-actor,prelu,base,678935172.2717285,
TD3,2layers,HalfCheetah-v4,50,all-actor,prelu,base,1475981187.057495,
TD3,2layers,HalfCheetah-v4,10,all-actor,prelu,base,5678126993.646622,
TD3,2layers,HalfCheetah-v4,30,all-actor,prelu,base,1398587076.9500732,
TD3,2layers,HalfCheetah-v4,20,all-actor,prelu,base,4881156633.696556,
TD3,2layers,HalfCheetah-v4,40,all-actor,prelu,base,1494185087.6235962,
TD3,2layers,Humanoid-v4,50,all-actor,swish,base,3412708906.860352,
TD3,2layers,Humanoid-v4,10,all-actor,swish,base,3693612000.389099,
TD3,2layers,Humanoid-v4,30,all-actor,swish,base,3630223042.907715,
TD3,2layers,Humanoid-v4,20,all-actor,swish,base,3993895390.167236,
TD3,2layers,Humanoid-v4,40,all-actor,swish,base,3098504645.1568604,
TD3,2layers,Cheetah-Run,50,all-actor,swish,base,568366028.8619995,
TD3,2layers,Cheetah-Run,10,all-actor,swish,base,470460923.1567383,
TD3,2layers,Cheetah-Run,30,all-actor,swish,base,581442036.3283157,
TD3,2layers,Cheetah-Run,20,all-actor,swish,base,546249705.1405907,
TD3,2layers,Cheetah-Run,40,all-actor,swish,base,488475678.6727905,
TD3,2layers,Walker-Walk,50,all-actor,swish,base,753800219.3069458,
TD3,2layers,Walker-Walk,10,all-actor,swish,base,818257839.08844,
TD3,2layers,Walker-Walk,30,all-actor,swish,base,748564886.1312866,
TD3,2layers,Walker-Walk,20,all-actor,swish,base,859365625.3051758,
TD3,2layers,Walker-Walk,40,all-actor,swish,base,666945174.5796204,
TD3,2layers,Ant-v4,50,all-actor,swish,base,2213633840.1031494,
TD3,2layers,Ant-v4,10,all-actor,swish,base,2695176797.485352,
TD3,2layers,Ant-v4,30,all-actor,swish,base,2500468056.0302734,
TD3,2layers,Ant-v4,20,all-actor,swish,base,2412170341.796875,
TD3,2layers,Ant-v4,40,all-actor,swish,base,2301533587.3413086,
TD3,2layers,HalfCheetah-v4,50,all-actor,swish,base,1502155250.2441406,
TD3,2layers,HalfCheetah-v4,10,all-actor,swish,base,1553565135.6506348,
TD3,2layers,HalfCheetah-v4,30,all-actor,swish,base,5180255894.584656,
TD3,2layers,HalfCheetah-v4,20,all-actor,swish,base,1479794729.309082,
TD3,2layers,HalfCheetah-v4,40,all-actor,swish,base,5306482075.471878,
TD3,2layers,Finger-Spin,50,all-actor,swish,base,794680000.0,
TD3,2layers,Finger-Spin,10,all-actor,swish,base,821025000.0,
TD3,2layers,Finger-Spin,30,all-actor,swish,base,649885000.0,
TD3,2layers,Finger-Spin,20,all-actor,swish,base,668435000.0,
TD3,2layers,Finger-Spin,40,all-actor,swish,base,735020000.0,
TD3,2layers,Cartpole-Swingup,50,all-actor,swish,base,763558571.8536377,
TD3,2layers,Cartpole-Swingup,10,all-actor,swish,base,718776522.1405029,
TD3,2layers,Cartpole-Swingup,30,all-actor,swish,base,749155035.2478027,
TD3,2layers,Cartpole-Swingup,20,all-actor,swish,base,755503472.8240967,
TD3,2layers,Cartpole-Swingup,40,all-actor,swish,base,769728348.6175537,
TD3,2layers,Hopper-v4,50,all-actor,swish,base,2566627605.4382324,
TD3,2layers,Hopper-v4,10,all-actor,swish,base,713416596.1456299,
TD3,2layers,Hopper-v4,30,all-actor,swish,base,2845797415.6188965,
TD3,2layers,Hopper-v4,20,all-actor,swish,base,2064875561.447144,
TD3,2layers,Hopper-v4,40,all-actor,swish,base,2051882476.081848,
TD3,2layers,Walker-Walk,50,all-actor,flrelu,0.5,876042925.1740869,
TD3,2layers,Walker-Walk,10,all-actor,flrelu,0.5,860997422.4488682,
TD3,2layers,Walker-Walk,30,all-actor,flrelu,0.5,587904431.6763052,
TD3,2layers,Walker-Walk,20,all-actor,flrelu,0.5,872600009.8354897,
TD3,2layers,Walker-Walk,40,all-actor,flrelu,0.5,734225368.1680782,
TD3,2layers,Walker-Walk,50,all-actor,flrelu,0.4,700496773.2771802,
TD3,2layers,Walker-Walk,10,all-actor,flrelu,0.4,626169676.6776321,
TD3,2layers,Walker-Walk,30,all-actor,flrelu,0.4,640067775.8656671,
TD3,2layers,Walker-Walk,20,all-actor,flrelu,0.4,660868996.0034325,
TD3,2layers,Walker-Walk,40,all-actor,flrelu,0.4,814004141.380775,
TD3,2layers,Walker-Walk,50,all-actor,flrelu,0.3,779432633.0934819,
TD3,2layers,Walker-Walk,10,all-actor,flrelu,0.3,823027695.2623651,
TD3,2layers,Walker-Walk,30,all-actor,flrelu,0.3,816692648.024632,
TD3,2layers,Walker-Walk,20,all-actor,flrelu,0.3,858654500.1614947,
TD3,2layers,Walker-Walk,40,all-actor,flrelu,0.3,799549634.2905589,
TD3,2layers,Walker-Walk,50,all-actor,flrelu,0.1,881447405.9175609,
TD3,2layers,Walker-Walk,10,all-actor,flrelu,0.1,891091787.094228,
TD3,2layers,Walker-Walk,30,all-actor,flrelu,0.1,866850686.8380282,
TD3,2layers,Walker-Walk,20,all-actor,flrelu,0.1,868701270.3302456,
TD3,2layers,Walker-Walk,40,all-actor,flrelu,0.1,656979385.3614553,
TD3,2layers,Walker-Walk,50,all-actor,flrelu,0.2,645967437.2301601,
TD3,2layers,Walker-Walk,10,all-actor,flrelu,0.2,865656072.981126,
TD3,2layers,Walker-Walk,30,all-actor,flrelu,0.2,564828287.0083846,
TD3,2layers,Walker-Walk,20,all-actor,flrelu,0.2,656317185.3517079,
TD3,2layers,Walker-Walk,40,all-actor,flrelu,0.2,521097071.0353032,
TD3,2layers,Finger-Spin,50,all-actor,flrelu,0.3,786845000.0,
TD3,2layers,Finger-Spin,10,all-actor,flrelu,0.3,740110000.0,
TD3,2layers,Finger-Spin,30,all-actor,flrelu,0.3,40000.0,
TD3,2layers,Finger-Spin,20,all-actor,flrelu,0.3,768140000.0,
TD3,2layers,Finger-Spin,40,all-actor,flrelu,0.3,761170000.0,
TD3,2layers,Finger-Spin,50,all-actor,flrelu,0.2,813150000.0,
TD3,2layers,Finger-Spin,10,all-actor,flrelu,0.2,739555000.0,
TD3,2layers,Finger-Spin,30,all-actor,flrelu,0.2,786670000.0,
TD3,2layers,Finger-Spin,20,all-actor,flrelu,0.2,794690000.0,
TD3,2layers,Finger-Spin,40,all-actor,flrelu,0.2,726355000.0,
TD3,2layers,Finger-Spin,50,all-actor,flrelu,0.4,763570000.0,
TD3,2layers,Finger-Spin,10,all-actor,flrelu,0.4,760545000.0,
TD3,2layers,Finger-Spin,30,all-actor,flrelu,0.4,787450000.0,
TD3,2layers,Finger-Spin,20,all-actor,flrelu,0.4,617690000.0,
TD3,2layers,Finger-Spin,40,all-actor,flrelu,0.4,804880000.0,
TD3,2layers,Finger-Spin,50,all-actor,flrelu,0.5,784935000.0,
TD3,2layers,Finger-Spin,10,all-actor,flrelu,0.5,724140000.0,
TD3,2layers,Finger-Spin,30,all-actor,flrelu,0.5,686250000.0,
TD3,2layers,Finger-Spin,20,all-actor,flrelu,0.5,769650000.0,
TD3,2layers,Finger-Spin,40,all-actor,flrelu,0.5,807290000.0,
TD3,2layers,Finger-Spin,50,all-actor,flrelu,0.1,730465000.0,
TD3,2layers,Finger-Spin,10,all-actor,flrelu,0.1,798010000.0,
TD3,2layers,Finger-Spin,30,all-actor,flrelu,0.1,775680000.0,
TD3,2layers,Finger-Spin,20,all-actor,flrelu,0.1,873960000.0,
TD3,2layers,Finger-Spin,40,all-actor,flrelu,0.1,767755000.0,
TD3,2layers,Cheetah-Run,50,all-actor,flrelu,0.1,534131490.3199591,
TD3,2layers,Cheetah-Run,10,all-actor,flrelu,0.1,533608383.9828093,
TD3,2layers,Cheetah-Run,30,all-actor,flrelu,0.1,548970914.9247533,
TD3,2layers,Cheetah-Run,20,all-actor,flrelu,0.1,564455386.8535765,
TD3,2layers,Cheetah-Run,40,all-actor,flrelu,0.1,569883503.414191,
TD3,2layers,Cheetah-Run,50,all-actor,flrelu,0.3,604958533.4918149,
TD3,2layers,Cheetah-Run,10,all-actor,flrelu,0.3,609799542.8149445,
TD3,2layers,Cheetah-Run,30,all-actor,flrelu,0.3,491396424.9157154,
TD3,2layers,Cheetah-Run,20,all-actor,flrelu,0.3,543418015.3646681,
TD3,2layers,Cheetah-Run,40,all-actor,flrelu,0.3,483355069.5433227,
TD3,2layers,Cheetah-Run,50,all-actor,flrelu,0.5,541986554.4462088,
TD3,2layers,Cheetah-Run,10,all-actor,flrelu,0.5,502323265.8995212,
TD3,2layers,Cheetah-Run,30,all-actor,flrelu,0.5,550418925.8795439,
TD3,2layers,Cheetah-Run,20,all-actor,flrelu,0.5,434964419.1058983,
TD3,2layers,Cheetah-Run,40,all-actor,flrelu,0.5,413991289.2526318,
TD3,2layers,Cheetah-Run,50,all-actor,flrelu,0.2,461378705.7854753,
TD3,2layers,Cheetah-Run,10,all-actor,flrelu,0.2,459646817.1736728,
TD3,2layers,Cheetah-Run,30,all-actor,flrelu,0.2,485054900.1229487,
TD3,2layers,Cheetah-Run,20,all-actor,flrelu,0.2,504508311.34855247,
TD3,2layers,Cheetah-Run,40,all-actor,flrelu,0.2,584478429.7071847,
TD3,2layers,Cheetah-Run,50,all-actor,flrelu,0.4,537147402.9412947,
TD3,2layers,Cheetah-Run,10,all-actor,flrelu,0.4,520436954.5687446,
TD3,2layers,Cheetah-Run,30,all-actor,flrelu,0.4,531006523.4543876,
TD3,2layers,Cheetah-Run,20,all-actor,flrelu,0.4,516337633.1626217,
TD3,2layers,Cheetah-Run,40,all-actor,flrelu,0.4,377836487.0230684,
TD3,2layers,Humanoid-v4,50,all-actor,flrelu,0.4,3835592880.004661,
TD3,2layers,Humanoid-v4,10,all-actor,flrelu,0.4,3745396609.151216,
TD3,2layers,Humanoid-v4,30,all-actor,flrelu,0.4,4125437163.6606345,
TD3,2layers,Humanoid-v4,20,all-actor,flrelu,0.4,3762929877.722648,
TD3,2layers,Humanoid-v4,40,all-actor,flrelu,0.4,3434223144.516268,
TD3,2layers,Humanoid-v4,50,all-actor,flrelu,0.3,3067053037.568514,
TD3,2layers,Humanoid-v4,10,all-actor,flrelu,0.3,3479910537.4470305,
TD3,2layers,Humanoid-v4,30,all-actor,flrelu,0.3,3832292780.823276,
TD3,2layers,Humanoid-v4,20,all-actor,flrelu,0.3,3418811216.236065,
TD3,2layers,Humanoid-v4,40,all-actor,flrelu,0.3,3499306824.659139,
TD3,2layers,Humanoid-v4,50,all-actor,flrelu,0.2,3902811079.768174,
TD3,2layers,Humanoid-v4,10,all-actor,flrelu,0.2,3839217261.671696,
TD3,2layers,Humanoid-v4,30,all-actor,flrelu,0.2,3584370740.7393546,
TD3,2layers,Humanoid-v4,20,all-actor,flrelu,0.2,3384906391.581758,
TD3,2layers,Humanoid-v4,40,all-actor,flrelu,0.2,3917066480.333249,
TD3,2layers,Humanoid-v4,50,all-actor,flrelu,0.5,3633347045.758544,
TD3,2layers,Humanoid-v4,10,all-actor,flrelu,0.5,3542239117.45668,
TD3,2layers,Humanoid-v4,30,all-actor,flrelu,0.5,3980268961.3285904,
TD3,2layers,Humanoid-v4,20,all-actor,flrelu,0.5,3890870439.24322,
TD3,2layers,Humanoid-v4,40,all-actor,flrelu,0.5,3749519262.8366175,
TD3,2layers,Humanoid-v4,50,all-actor,flrelu,0.1,3323887506.157288,
TD3,2layers,Humanoid-v4,10,all-actor,flrelu,0.1,3734404860.548278,
TD3,2layers,Humanoid-v4,30,all-actor,flrelu,0.1,3316471792.385268,
TD3,2layers,Humanoid-v4,20,all-actor,flrelu,0.1,4043611021.52964,
TD3,2layers,Humanoid-v4,40,all-actor,flrelu,0.1,3475159137.9546413,
TD3,2layers,Ant-v4,50,all-actor,flrelu,0.5,2383952849.3187995,
TD3,2layers,Ant-v4,10,all-actor,flrelu,0.5,2485385865.149719,
TD3,2layers,Ant-v4,30,all-actor,flrelu,0.5,2637168929.7143426,
TD3,2layers,Ant-v4,20,all-actor,flrelu,0.5,2288449953.147778,
TD3,2layers,Ant-v4,40,all-actor,flrelu,0.5,2275726101.389185,
TD3,2layers,Ant-v4,50,all-actor,flrelu,0.2,2589804769.192116,
TD3,2layers,Ant-v4,10,all-actor,flrelu,0.2,2199330186.739096,
TD3,2layers,Ant-v4,30,all-actor,flrelu,0.2,2440195756.0327373,
TD3,2layers,Ant-v4,20,all-actor,flrelu,0.2,2303302385.40693,
TD3,2layers,Ant-v4,40,all-actor,flrelu,0.2,2978483080.509378,
TD3,2layers,Ant-v4,50,all-actor,flrelu,0.1,2707695852.099992,
TD3,2layers,Ant-v4,10,all-actor,flrelu,0.1,2379920312.4519954,
TD3,2layers,Ant-v4,30,all-actor,flrelu,0.1,2282292741.921624,
TD3,2layers,Ant-v4,20,all-actor,flrelu,0.1,2504302353.041988,
TD3,2layers,Ant-v4,40,all-actor,flrelu,0.1,2207030431.668251,
TD3,2layers,Ant-v4,50,all-actor,flrelu,0.4,2123631721.806736,
TD3,2layers,Ant-v4,10,all-actor,flrelu,0.4,2326627817.6729608,
TD3,2layers,Ant-v4,30,all-actor,flrelu,0.4,1701382874.1552644,
TD3,2layers,Ant-v4,20,all-actor,flrelu,0.4,2210520318.7512817,
TD3,2layers,Ant-v4,40,all-actor,flrelu,0.4,3222741337.0854053,
TD3,2layers,Ant-v4,50,all-actor,flrelu,0.3,2559000978.046903,
TD3,2layers,Ant-v4,10,all-actor,flrelu,0.3,2430747875.989169,
TD3,2layers,Ant-v4,30,all-actor,flrelu,0.3,2107263805.95447,
TD3,2layers,Ant-v4,20,all-actor,flrelu,0.3,2351892464.1045966,
TD3,2layers,Ant-v4,40,all-actor,flrelu,0.3,2502975048.249522,
TD3,2layers,Cartpole-Swingup,50,all-actor,flrelu,0.3,761702726.2240379,
TD3,2layers,Cartpole-Swingup,10,all-actor,flrelu,0.3,748598288.7632024,
TD3,2layers,Cartpole-Swingup,30,all-actor,flrelu,0.3,762061859.4073795,
TD3,2layers,Cartpole-Swingup,20,all-actor,flrelu,0.3,754855123.9960607,
TD3,2layers,Cartpole-Swingup,40,all-actor,flrelu,0.3,755256253.4110303,
TD3,2layers,Cartpole-Swingup,50,all-actor,flrelu,0.5,781579200.0443707,
TD3,2layers,Cartpole-Swingup,10,all-actor,flrelu,0.5,750623029.9017161,
TD3,2layers,Cartpole-Swingup,30,all-actor,flrelu,0.5,768607163.4240978,
TD3,2layers,Cartpole-Swingup,20,all-actor,flrelu,0.5,788662788.4958375,
TD3,2layers,Cartpole-Swingup,40,all-actor,flrelu,0.5,753591632.9665967,
TD3,2layers,Cartpole-Swingup,50,all-actor,flrelu,0.2,710628873.0762244,
TD3,2layers,Cartpole-Swingup,10,all-actor,flrelu,0.2,763108936.2357239,
TD3,2layers,Cartpole-Swingup,30,all-actor,flrelu,0.2,754115613.4352545,
TD3,2layers,Cartpole-Swingup,20,all-actor,flrelu,0.2,711302270.5906167,
TD3,2layers,Cartpole-Swingup,40,all-actor,flrelu,0.2,758893530.2130144,
TD3,2layers,Cartpole-Swingup,50,all-actor,flrelu,0.4,759182664.7363555,
TD3,2layers,Cartpole-Swingup,10,all-actor,flrelu,0.4,764933956.1271876,
TD3,2layers,Cartpole-Swingup,30,all-actor,flrelu,0.4,767724388.1769468,
TD3,2layers,Cartpole-Swingup,20,all-actor,flrelu,0.4,702064364.0751184,
TD3,2layers,Cartpole-Swingup,40,all-actor,flrelu,0.4,721114698.6855274,
TD3,2layers,Cartpole-Swingup,50,all-actor,flrelu,0.1,761713029.2543684,
TD3,2layers,Cartpole-Swingup,10,all-actor,flrelu,0.1,784278640.7821236,
TD3,2layers,Cartpole-Swingup,30,all-actor,flrelu,0.1,745472580.1453415,
TD3,2layers,Cartpole-Swingup,20,all-actor,flrelu,0.1,740794934.8543818,
TD3,2layers,Cartpole-Swingup,40,all-actor,flrelu,0.1,678830707.8501661,
TD3,2layers,HalfCheetah-v4,50,all-actor,flrelu,0.4,1695263117.731083,
TD3,2layers,HalfCheetah-v4,10,all-actor,flrelu,0.4,1509407757.776891,
TD3,2layers,HalfCheetah-v4,30,all-actor,flrelu,0.4,4732337857.56452,
TD3,2layers,HalfCheetah-v4,20,all-actor,flrelu,0.4,4401256380.7840805,
TD3,2layers,HalfCheetah-v4,40,all-actor,flrelu,0.4,1783919685.3707132,
TD3,2layers,HalfCheetah-v4,50,all-actor,flrelu,0.3,1603403235.2640045,
TD3,2layers,HalfCheetah-v4,10,all-actor,flrelu,0.3,4090866651.682269,
TD3,2layers,HalfCheetah-v4,30,all-actor,flrelu,0.3,4909464534.558891,
TD3,2layers,HalfCheetah-v4,20,all-actor,flrelu,0.3,1622354469.9369729,
TD3,2layers,HalfCheetah-v4,40,all-actor,flrelu,0.3,1574680603.0882192,
TD3,2layers,HalfCheetah-v4,50,all-actor,flrelu,0.1,1873924502.414236,
TD3,2layers,HalfCheetah-v4,10,all-actor,flrelu,0.1,1589414214.6827598,
TD3,2layers,HalfCheetah-v4,30,all-actor,flrelu,0.1,1438068096.355024,
TD3,2layers,HalfCheetah-v4,20,all-actor,flrelu,0.1,1492588940.697519,
TD3,2layers,HalfCheetah-v4,40,all-actor,flrelu,0.1,1529576860.8650246,
TD3,2layers,HalfCheetah-v4,50,all-actor,flrelu,0.5,1543605396.5244656,
TD3,2layers,HalfCheetah-v4,10,all-actor,flrelu,0.5,1509320309.8034651,
TD3,2layers,HalfCheetah-v4,30,all-actor,flrelu,0.5,4948503040.855768,
TD3,2layers,HalfCheetah-v4,20,all-actor,flrelu,0.5,1203383819.0493026,
TD3,2layers,HalfCheetah-v4,40,all-actor,flrelu,0.5,5164013609.007579,
TD3,2layers,HalfCheetah-v4,50,all-actor,flrelu,0.2,1585064364.2167804,
TD3,2layers,HalfCheetah-v4,10,all-actor,flrelu,0.2,4922408761.283821,
TD3,2layers,HalfCheetah-v4,30,all-actor,flrelu,0.2,5579905829.87674,
TD3,2layers,HalfCheetah-v4,20,all-actor,flrelu,0.2,1594011086.8888934,
TD3,2layers,HalfCheetah-v4,40,all-actor,flrelu,0.2,1336350902.9573448,
TD3,2layers,Hopper-v4,50,all-actor,flrelu,0.2,2149034363.4002457,
TD3,2layers,Hopper-v4,10,all-actor,flrelu,0.2,1326432892.994411,
TD3,2layers,Hopper-v4,30,all-actor,flrelu,0.2,2156233102.033519,
TD3,2layers,Hopper-v4,20,all-actor,flrelu,0.2,2516838203.987819,
TD3,2layers,Hopper-v4,40,all-actor,flrelu,0.2,2437944576.634485,
TD3,2layers,Hopper-v4,50,all-actor,flrelu,0.5,1227134496.9198935,
TD3,2layers,Hopper-v4,10,all-actor,flrelu,0.5,1073689588.3746992,
TD3,2layers,Hopper-v4,30,all-actor,flrelu,0.5,2391464496.301452,
TD3,2layers,Hopper-v4,20,all-actor,flrelu,0.5,1245093341.5500083,
TD3,2layers,Hopper-v4,40,all-actor,flrelu,0.5,2248051015.398328,
TD3,2layers,Hopper-v4,50,all-actor,flrelu,0.1,2178545887.1514773,
TD3,2layers,Hopper-v4,10,all-actor,flrelu,0.1,1058035709.705456,
TD3,2layers,Hopper-v4,30,all-actor,flrelu,0.1,2295711941.9327497,
TD3,2layers,Hopper-v4,20,all-actor,flrelu,0.1,2079612451.3660283,
TD3,2layers,Hopper-v4,40,all-actor,flrelu,0.1,1440802655.0569868,
TD3,2layers,Hopper-v4,50,all-actor,flrelu,0.3,2264360930.750012,
TD3,2layers,Hopper-v4,10,all-actor,flrelu,0.3,536271595.71825457,
TD3,2layers,Hopper-v4,30,all-actor,flrelu,0.3,2271219746.539698,
TD3,2layers,Hopper-v4,20,all-actor,flrelu,0.3,2213462297.15118,
TD3,2layers,Hopper-v4,40,all-actor,flrelu,0.3,2339750885.621434,
TD3,2layers,Hopper-v4,50,all-actor,flrelu,0.4,2442092513.7291927,
TD3,2layers,Hopper-v4,10,all-actor,flrelu,0.4,337773607.18758696,
TD3,2layers,Hopper-v4,30,all-actor,flrelu,0.4,2034739374.3922668,
TD3,2layers,Hopper-v4,20,all-actor,flrelu,0.4,2172276943.519484,
TD3,2layers,Hopper-v4,40,all-actor,flrelu,0.4,2335951930.9148645,
TD3,2layers,Cartpole-Swingup,50,all-actor,gelu,base,732049352.1118164,
TD3,2layers,Cartpole-Swingup,10,all-actor,gelu,base,778612859.8022461,
TD3,2layers,Cartpole-Swingup,30,all-actor,gelu,base,761888523.6358643,
TD3,2layers,Cartpole-Swingup,20,all-actor,gelu,base,768767128.2958984,
TD3,2layers,Cartpole-Swingup,40,all-actor,gelu,base,779870079.8034668,
TD3,2layers,Ant-v4,50,all-actor,gelu,base,2587186096.1914062,
TD3,2layers,Ant-v4,10,all-actor,gelu,base,2397791353.149414,
TD3,2layers,Ant-v4,30,all-actor,gelu,base,2529909388.045073,
TD3,2layers,Ant-v4,20,all-actor,gelu,base,2599984885.5495453,
TD3,2layers,Ant-v4,40,all-actor,gelu,base,2614856704.559326,
TD3,2layers,Cheetah-Run,50,all-actor,gelu,base,601542728.6148071,
TD3,2layers,Cheetah-Run,10,all-actor,gelu,base,507457973.89030457,
TD3,2layers,Cheetah-Run,30,all-actor,gelu,base,578830166.8548584,
TD3,2layers,Cheetah-Run,20,all-actor,gelu,base,476732334.7187042,
TD3,2layers,Cheetah-Run,40,all-actor,gelu,base,528006263.8187408,
TD3,2layers,Hopper-v4,50,all-actor,gelu,base,2020477239.7613523,
TD3,2layers,Hopper-v4,10,all-actor,gelu,base,1341749776.2298584,
TD3,2layers,Hopper-v4,30,all-actor,gelu,base,1954955727.7679443,
TD3,2layers,Hopper-v4,20,all-actor,gelu,base,2679080651.1688232,
TD3,2layers,Hopper-v4,40,all-actor,gelu,base,2280019026.031494,
TD3,2layers,Walker-Walk,50,all-actor,gelu,base,891101765.5277252,
TD3,2layers,Walker-Walk,10,all-actor,gelu,base,782754888.124466,
TD3,2layers,Walker-Walk,30,all-actor,gelu,base,870392873.0201721,
TD3,2layers,Walker-Walk,20,all-actor,gelu,base,879797170.6390381,
TD3,2layers,Walker-Walk,40,all-actor,gelu,base,848081983.0513,
TD3,2layers,Finger-Spin,50,all-actor,gelu,base,814720000.0,
TD3,2layers,Finger-Spin,10,all-actor,gelu,base,806740000.0,
TD3,2layers,Finger-Spin,30,all-actor,gelu,base,699235000.0,
TD3,2layers,Finger-Spin,20,all-actor,gelu,base,812430000.0,
TD3,2layers,Finger-Spin,40,all-actor,gelu,base,802125000.0,
TD3,2layers,HalfCheetah-v4,50,all-actor,gelu,base,1769871772.3846436,
TD3,2layers,HalfCheetah-v4,10,all-actor,gelu,base,1584006635.6658936,
TD3,2layers,HalfCheetah-v4,30,all-actor,gelu,base,1498722429.8095703,
TD3,2layers,HalfCheetah-v4,20,all-actor,gelu,base,1437764796.447754,
TD3,2layers,HalfCheetah-v4,40,all-actor,gelu,base,5782144477.672577,
TD3,2layers,Humanoid-v4,50,all-actor,gelu,base,3172584482.421875,
TD3,2layers,Humanoid-v4,10,all-actor,gelu,base,3084736638.6032104,
TD3,2layers,Humanoid-v4,30,all-actor,gelu,base,3498158665.390014,
TD3,2layers,Humanoid-v4,20,all-actor,gelu,base,2930489631.1187744,
TD3,2layers,Humanoid-v4,40,all-actor,gelu,base,3608635515.441895,
TD3,2layers,Walker-Walk,50,all-actor,fswish,0.3,726469566.7648315,
TD3,2layers,Walker-Walk,10,all-actor,fswish,0.3,899121612.663269,
TD3,2layers,Walker-Walk,30,all-actor,fswish,0.3,704622715.2252197,
TD3,2layers,Walker-Walk,20,all-actor,fswish,0.3,867539407.8063965,
TD3,2layers,Walker-Walk,40,all-actor,fswish,0.3,868250858.0780029,
TD3,2layers,Walker-Walk,50,all-actor,fswish,0.1,629441771.0876465,
TD3,2layers,Walker-Walk,10,all-actor,fswish,0.1,741129012.6228333,
TD3,2layers,Walker-Walk,30,all-actor,fswish,0.1,876193456.6497803,
TD3,2layers,Walker-Walk,20,all-actor,fswish,0.1,888545437.9606247,
TD3,2layers,Walker-Walk,40,all-actor,fswish,0.1,663628361.4349365,
TD3,2layers,Walker-Walk,50,all-actor,fswish,0.4,833034807.3863983,
TD3,2layers,Walker-Walk,10,all-actor,fswish,0.4,715753121.137619,
TD3,2layers,Walker-Walk,30,all-actor,fswish,0.4,868093965.3587341,
TD3,2layers,Walker-Walk,20,all-actor,fswish,0.4,898699317.0928955,
TD3,2layers,Walker-Walk,40,all-actor,fswish,0.4,728531492.6147461,
TD3,2layers,Walker-Walk,50,all-actor,fswish,0.5,655150641.8132782,
TD3,2layers,Walker-Walk,10,all-actor,fswish,0.5,766625576.7440796,
TD3,2layers,Walker-Walk,30,all-actor,fswish,0.5,772708458.0612183,
TD3,2layers,Walker-Walk,20,all-actor,fswish,0.5,876524828.1097412,
TD3,2layers,Walker-Walk,40,all-actor,fswish,0.5,795178789.2723083,
TD3,2layers,Walker-Walk,50,all-actor,fswish,0.2,728965536.7469788,
TD3,2layers,Walker-Walk,10,all-actor,fswish,0.2,873612948.7323761,
TD3,2layers,Walker-Walk,30,all-actor,fswish,0.2,774425859.5275879,
TD3,2layers,Walker-Walk,20,all-actor,fswish,0.2,882098525.0854492,
TD3,2layers,Walker-Walk,40,all-actor,fswish,0.2,477394371.1090088,
TD3,2layers,Finger-Spin,50,all-actor,fswish,0.2,762135000.0,
TD3,2layers,Finger-Spin,10,all-actor,fswish,0.2,768680000.0,
TD3,2layers,Finger-Spin,30,all-actor,fswish,0.2,729360000.0,
TD3,2layers,Finger-Spin,20,all-actor,fswish,0.2,669995000.0,
TD3,2layers,Finger-Spin,40,all-actor,fswish,0.2,720440000.0,
TD3,2layers,Finger-Spin,50,all-actor,fswish,0.5,40000.0,
TD3,2layers,Finger-Spin,10,all-actor,fswish,0.5,784720000.0,
TD3,2layers,Finger-Spin,30,all-actor,fswish,0.5,537405000.0,
TD3,2layers,Finger-Spin,20,all-actor,fswish,0.5,730130000.0,
TD3,2layers,Finger-Spin,40,all-actor,fswish,0.5,722775000.0,
TD3,2layers,Finger-Spin,50,all-actor,fswish,0.1,794570000.0,
TD3,2layers,Finger-Spin,10,all-actor,fswish,0.1,747900000.0,
TD3,2layers,Finger-Spin,30,all-actor,fswish,0.1,619335000.0,
TD3,2layers,Finger-Spin,20,all-actor,fswish,0.1,494395000.0,
TD3,2layers,Finger-Spin,40,all-actor,fswish,0.1,794455000.0,
TD3,2layers,Finger-Spin,50,all-actor,fswish,0.4,738510000.0,
TD3,2layers,Finger-Spin,10,all-actor,fswish,0.4,678650000.0,
TD3,2layers,Finger-Spin,30,all-actor,fswish,0.4,830100000.0,
TD3,2layers,Finger-Spin,20,all-actor,fswish,0.4,691440000.0,
TD3,2layers,Finger-Spin,40,all-actor,fswish,0.4,690155000.0,
TD3,2layers,Finger-Spin,50,all-actor,fswish,0.3,786005000.0,
TD3,2layers,Finger-Spin,10,all-actor,fswish,0.3,146500000.0,
TD3,2layers,Finger-Spin,30,all-actor,fswish,0.3,729525000.0,
TD3,2layers,Finger-Spin,20,all-actor,fswish,0.3,810075000.0,
TD3,2layers,Finger-Spin,40,all-actor,fswish,0.3,750640000.0,
TD3,2layers,Cheetah-Run,50,all-actor,fswish,0.1,399480873.2891083,
TD3,2layers,Cheetah-Run,10,all-actor,fswish,0.1,511845407.5050354,
TD3,2layers,Cheetah-Run,30,all-actor,fswish,0.1,549595449.8767853,
TD3,2layers,Cheetah-Run,20,all-actor,fswish,0.1,530914500.9326935,
TD3,2layers,Cheetah-Run,40,all-actor,fswish,0.1,449106933.3457947,
TD3,2layers,Cheetah-Run,50,all-actor,fswish,0.3,562442449.8194456,
TD3,2layers,Cheetah-Run,10,all-actor,fswish,0.3,455646245.77358365,
TD3,2layers,Cheetah-Run,30,all-actor,fswish,0.3,497213935.0867272,
TD3,2layers,Cheetah-Run,20,all-actor,fswish,0.3,586118067.0166016,
TD3,2layers,Cheetah-Run,40,all-actor,fswish,0.3,543156756.7396164,
TD3,2layers,Cheetah-Run,50,all-actor,fswish,0.4,573107381.8397522,
TD3,2layers,Cheetah-Run,10,all-actor,fswish,0.4,481256909.06882286,
TD3,2layers,Cheetah-Run,30,all-actor,fswish,0.4,562368521.2624073,
TD3,2layers,Cheetah-Run,20,all-actor,fswish,0.4,469528088.11724186,
TD3,2layers,Cheetah-Run,40,all-actor,fswish,0.4,559808555.2597046,
TD3,2layers,Cheetah-Run,50,all-actor,fswish,0.5,460408694.5986748,
TD3,2layers,Cheetah-Run,10,all-actor,fswish,0.5,444974824.2847621,
TD3,2layers,Cheetah-Run,30,all-actor,fswish,0.5,560899729.5379639,
TD3,2layers,Cheetah-Run,20,all-actor,fswish,0.5,405049774.35067296,
TD3,2layers,Cheetah-Run,40,all-actor,fswish,0.5,450054013.8244629,
TD3,2layers,Cheetah-Run,50,all-actor,fswish,0.2,538750474.1668701,
TD3,2layers,Cheetah-Run,10,all-actor,fswish,0.2,506465365.60058594,
TD3,2layers,Cheetah-Run,30,all-actor,fswish,0.2,562563326.1871338,
TD3,2layers,Cheetah-Run,20,all-actor,fswish,0.2,377446904.99305725,
TD3,2layers,Cheetah-Run,40,all-actor,fswish,0.2,584617458.4388733,
TD3,2layers,Humanoid-v4,50,all-actor,fswish,0.2,2595815072.32666,
TD3,2layers,Humanoid-v4,10,all-actor,fswish,0.2,3759368030.7769775,
TD3,2layers,Humanoid-v4,30,all-actor,fswish,0.2,3350489862.060547,
TD3,2layers,Humanoid-v4,20,all-actor,fswish,0.2,3340027330.39856,
TD3,2layers,Humanoid-v4,40,all-actor,fswish,0.2,3505829176.712036,
TD3,2layers,Humanoid-v4,50,all-actor,fswish,0.5,3391947766.342163,
TD3,2layers,Humanoid-v4,10,all-actor,fswish,0.5,3655745307.4264526,
TD3,2layers,Humanoid-v4,30,all-actor,fswish,0.5,3592179159.2407227,
TD3,2layers,Humanoid-v4,20,all-actor,fswish,0.5,3022505800.857544,
TD3,2layers,Humanoid-v4,40,all-actor,fswish,0.5,4079789606.704712,
TD3,2layers,Humanoid-v4,50,all-actor,fswish,0.3,2691095609.283448,
TD3,2layers,Humanoid-v4,10,all-actor,fswish,0.3,3486702681.388855,
TD3,2layers,Humanoid-v4,30,all-actor,fswish,0.3,3469151251.9073486,
TD3,2layers,Humanoid-v4,20,all-actor,fswish,0.3,3915662612.4572754,
TD3,2layers,Humanoid-v4,40,all-actor,fswish,0.3,3953645368.95752,
TD3,2layers,Humanoid-v4,50,all-actor,fswish,0.1,2743140388.7939453,
TD3,2layers,Humanoid-v4,10,all-actor,fswish,0.1,2994814433.288574,
TD3,2layers,Humanoid-v4,30,all-actor,fswish,0.1,3355837633.81958,
TD3,2layers,Humanoid-v4,20,all-actor,fswish,0.1,3859071353.6071777,
TD3,2layers,Humanoid-v4,40,all-actor,fswish,0.1,3881324572.296143,
TD3,2layers,Humanoid-v4,50,all-actor,fswish,0.4,3293391769.104004,
TD3,2layers,Humanoid-v4,10,all-actor,fswish,0.4,3824118713.684082,
TD3,2layers,Humanoid-v4,30,all-actor,fswish,0.4,3165179935.60791,
TD3,2layers,Humanoid-v4,20,all-actor,fswish,0.4,3395996106.8725586,
TD3,2layers,Humanoid-v4,40,all-actor,fswish,0.4,4059303549.27063,
TD3,2layers,Ant-v4,50,all-actor,fswish,0.4,2076425812.072754,
TD3,2layers,Ant-v4,10,all-actor,fswish,0.4,2135970467.414856,
TD3,2layers,Ant-v4,30,all-actor,fswish,0.4,1872506495.552063,
TD3,2layers,Ant-v4,20,all-actor,fswish,0.4,2164358328.62854,
TD3,2layers,Ant-v4,40,all-actor,fswish,0.4,2337248253.78418,
TD3,2layers,Ant-v4,50,all-actor,fswish,0.5,2322166874.6185303,
TD3,2layers,Ant-v4,10,all-actor,fswish,0.5,2568893627.948761,
TD3,2layers,Ant-v4,30,all-actor,fswish,0.5,2050528645.6298828,
TD3,2layers,Ant-v4,20,all-actor,fswish,0.5,2185797792.2058105,
TD3,2layers,Ant-v4,40,all-actor,fswish,0.5,2331032773.4375,
TD3,2layers,Ant-v4,50,all-actor,fswish,0.1,2293034273.915291,
TD3,2layers,Ant-v4,10,all-actor,fswish,0.1,2569178730.773926,
TD3,2layers,Ant-v4,30,all-actor,fswish,0.1,1817855346.069336,
TD3,2layers,Ant-v4,20,all-actor,fswish,0.1,2741941638.488769,
TD3,2layers,Ant-v4,40,all-actor,fswish,0.1,1878239271.2974548,
TD3,2layers,Ant-v4,50,all-actor,fswish,0.3,2268521888.365745,
TD3,2layers,Ant-v4,10,all-actor,fswish,0.3,2496019812.6220703,
TD3,2layers,Ant-v4,30,all-actor,fswish,0.3,1731680262.7563477,
TD3,2layers,Ant-v4,20,all-actor,fswish,0.3,2720907023.925781,
TD3,2layers,Ant-v4,40,all-actor,fswish,0.3,3134280072.479248,
TD3,2layers,Ant-v4,50,all-actor,fswish,0.2,2549901685.791016,
TD3,2layers,Ant-v4,10,all-actor,fswish,0.2,2640264630.203247,
TD3,2layers,Ant-v4,30,all-actor,fswish,0.2,2016235835.8192444,
TD3,2layers,Ant-v4,20,all-actor,fswish,0.2,2058450418.0717468,
TD3,2layers,Ant-v4,40,all-actor,fswish,0.2,2858843271.484375,
TD3,2layers,Cartpole-Swingup,50,all-actor,fswish,0.1,769932689.1326904,
TD3,2layers,Cartpole-Swingup,10,all-actor,fswish,0.1,782537348.8975875,
TD3,2layers,Cartpole-Swingup,30,all-actor,fswish,0.1,765377877.9602051,
TD3,2layers,Cartpole-Swingup,20,all-actor,fswish,0.1,761570706.2530518,
TD3,2layers,Cartpole-Swingup,40,all-actor,fswish,0.1,774127635.4217529,
TD3,2layers,Cartpole-Swingup,50,all-actor,fswish,0.5,759673830.1086426,
TD3,2layers,Cartpole-Swingup,10,all-actor,fswish,0.5,772841528.8543701,
TD3,2layers,Cartpole-Swingup,30,all-actor,fswish,0.5,764602414.6270752,
TD3,2layers,Cartpole-Swingup,20,all-actor,fswish,0.5,721804808.7310791,
TD3,2layers,Cartpole-Swingup,40,all-actor,fswish,0.5,775223993.6065674,
TD3,2layers,Cartpole-Swingup,50,all-actor,fswish,0.2,764409799.5758057,
TD3,2layers,Cartpole-Swingup,10,all-actor,fswish,0.2,702541166.1791801,
TD3,2layers,Cartpole-Swingup,30,all-actor,fswish,0.2,767261953.5827637,
TD3,2layers,Cartpole-Swingup,20,all-actor,fswish,0.2,718059735.2999449,
TD3,2layers,Cartpole-Swingup,40,all-actor,fswish,0.2,758356966.6671753,
TD3,2layers,Cartpole-Swingup,50,all-actor,fswish,0.4,761543373.4130859,
TD3,2layers,Cartpole-Swingup,10,all-actor,fswish,0.4,749893502.8076172,
TD3,2layers,Cartpole-Swingup,30,all-actor,fswish,0.4,796645464.553833,
TD3,2layers,Cartpole-Swingup,20,all-actor,fswish,0.4,739103503.4942627,
TD3,2layers,Cartpole-Swingup,40,all-actor,fswish,0.4,750116711.9598389,
TD3,2layers,Cartpole-Swingup,50,all-actor,fswish,0.3,800288623.8098145,
TD3,2layers,Cartpole-Swingup,10,all-actor,fswish,0.3,746847477.5695801,
TD3,2layers,Cartpole-Swingup,30,all-actor,fswish,0.3,744127645.4162598,
TD3,2layers,Cartpole-Swingup,20,all-actor,fswish,0.3,767859986.7248535,
TD3,2layers,Cartpole-Swingup,40,all-actor,fswish,0.3,745867000.3509521,
TD3,2layers,HalfCheetah-v4,50,all-actor,fswish,0.1,1694091728.1341553,
TD3,2layers,HalfCheetah-v4,10,all-actor,fswish,0.1,7671722752.380371,
TD3,2layers,HalfCheetah-v4,30,all-actor,fswish,0.1,5069055029.602051,
TD3,2layers,HalfCheetah-v4,20,all-actor,fswish,0.1,1560444456.062317,
TD3,2layers,HalfCheetah-v4,40,all-actor,fswish,0.1,5756881788.6686325,
TD3,2layers,HalfCheetah-v4,50,all-actor,fswish,0.3,1595189716.911316,
TD3,2layers,HalfCheetah-v4,10,all-actor,fswish,0.3,5293226191.101074,
TD3,2layers,HalfCheetah-v4,30,all-actor,fswish,0.3,5082806134.643555,
TD3,2layers,HalfCheetah-v4,20,all-actor,fswish,0.3,4271512665.1382446,
TD3,2layers,HalfCheetah-v4,40,all-actor,fswish,0.3,1797858206.100464,
TD3,2layers,HalfCheetah-v4,50,all-actor,fswish,0.2,1787514057.3883057,
TD3,2layers,HalfCheetah-v4,10,all-actor,fswish,0.2,1595566681.8237305,
TD3,2layers,HalfCheetah-v4,30,all-actor,fswish,0.2,6108318570.861816,
TD3,2layers,HalfCheetah-v4,20,all-actor,fswish,0.2,1526649979.7821045,
TD3,2layers,HalfCheetah-v4,40,all-actor,fswish,0.2,4500140625.228882,
TD3,2layers,HalfCheetah-v4,50,all-actor,fswish,0.5,1454328136.024475,
TD3,2layers,HalfCheetah-v4,10,all-actor,fswish,0.5,4173594543.762207,
TD3,2layers,HalfCheetah-v4,30,all-actor,fswish,0.5,6228881693.582535,
TD3,2layers,HalfCheetah-v4,20,all-actor,fswish,0.5,1755003224.7924805,
TD3,2layers,HalfCheetah-v4,40,all-actor,fswish,0.5,1489708849.5635986,
TD3,2layers,HalfCheetah-v4,50,all-actor,fswish,0.4,1630928652.0385742,
TD3,2layers,HalfCheetah-v4,10,all-actor,fswish,0.4,1458449560.585022,
TD3,2layers,HalfCheetah-v4,30,all-actor,fswish,0.4,1613311866.7984009,
TD3,2layers,HalfCheetah-v4,20,all-actor,fswish,0.4,1552764035.949707,
TD3,2layers,HalfCheetah-v4,40,all-actor,fswish,0.4,5286194257.125855,
TD3,2layers,Hopper-v4,50,all-actor,fswish,0.4,2456899211.1968994,
TD3,2layers,Hopper-v4,10,all-actor,fswish,0.4,2006770834.6557617,
TD3,2layers,Hopper-v4,30,all-actor,fswish,0.4,2426181238.861084,
TD3,2layers,Hopper-v4,20,all-actor,fswish,0.4,671474660.6445312,
TD3,2layers,Hopper-v4,40,all-actor,fswish,0.4,2262174403.381348,
TD3,2layers,Hopper-v4,50,all-actor,fswish,0.2,2419163119.9646,
TD3,2layers,Hopper-v4,10,all-actor,fswish,0.2,469601806.8695069,
TD3,2layers,Hopper-v4,30,all-actor,fswish,0.2,2014995456.0089111,
TD3,2layers,Hopper-v4,20,all-actor,fswish,0.2,2007680739.7460933,
TD3,2layers,Hopper-v4,40,all-actor,fswish,0.2,2006379208.450317,
TD3,2layers,Hopper-v4,50,all-actor,fswish,0.1,2171240727.3101807,
TD3,2layers,Hopper-v4,10,all-actor,fswish,0.1,2042113897.781372,
TD3,2layers,Hopper-v4,30,all-actor,fswish,0.1,1374050420.2270508,
TD3,2layers,Hopper-v4,20,all-actor,fswish,0.1,1798536521.3871002,
TD3,2layers,Hopper-v4,40,all-actor,fswish,0.1,747159593.3532715,
TD3,2layers,Hopper-v4,50,all-actor,fswish,0.5,2268819761.581421,
TD3,2layers,Hopper-v4,10,all-actor,fswish,0.5,302332541.79000854,
TD3,2layers,Hopper-v4,30,all-actor,fswish,0.5,2537503937.072754,
TD3,2layers,Hopper-v4,20,all-actor,fswish,0.5,2036555764.389038,
TD3,2layers,Hopper-v4,40,all-actor,fswish,0.5,2300949402.694702,
TD3,2layers,Hopper-v4,50,all-actor,fswish,0.3,1890556793.97583,
TD3,2layers,Hopper-v4,10,all-actor,fswish,0.3,2380226094.360352,
TD3,2layers,Hopper-v4,30,all-actor,fswish,0.3,2019412437.4389648,
TD3,2layers,Hopper-v4,20,all-actor,fswish,0.3,2446815988.7695312,
TD3,2layers,Hopper-v4,40,all-actor,fswish,0.3,2190416621.322632,
TD3,2layers,Walker-Walk,50,all-actor,fgelu,0.2,796876639.4233704,
TD3,2layers,Walker-Walk,10,all-actor,fgelu,0.2,883415529.7088623,
TD3,2layers,Walker-Walk,30,all-actor,fgelu,0.2,782329031.9442749,
TD3,2layers,Walker-Walk,20,all-actor,fgelu,0.2,860512459.2971802,
TD3,2layers,Walker-Walk,40,all-actor,fgelu,0.2,814099929.9192429,
TD3,2layers,Walker-Walk,50,all-actor,fgelu,0.4,876288675.5228043,
TD3,2layers,Walker-Walk,10,all-actor,fgelu,0.4,832775771.5034485,
TD3,2layers,Walker-Walk,30,all-actor,fgelu,0.4,847701481.628418,
TD3,2layers,Walker-Walk,20,all-actor,fgelu,0.4,872266484.8709106,
TD3,2layers,Walker-Walk,40,all-actor,fgelu,0.4,545780124.7024536,
TD3,2layers,Walker-Walk,50,all-actor,fgelu,0.3,888934689.5599365,
TD3,2layers,Walker-Walk,10,all-actor,fgelu,0.3,900291124.1149902,
TD3,2layers,Walker-Walk,30,all-actor,fgelu,0.3,791172647.1233368,
TD3,2layers,Walker-Walk,20,all-actor,fgelu,0.3,908360200.881958,
TD3,2layers,Walker-Walk,40,all-actor,fgelu,0.3,851848773.9944458,
TD3,2layers,Walker-Walk,50,all-actor,fgelu,0.5,828042464.4851685,
TD3,2layers,Walker-Walk,10,all-actor,fgelu,0.5,881495094.7570801,
TD3,2layers,Walker-Walk,30,all-actor,fgelu,0.5,710919245.7580566,
TD3,2layers,Walker-Walk,20,all-actor,fgelu,0.5,887631781.3301086,
TD3,2layers,Walker-Walk,40,all-actor,fgelu,0.5,530128967.666626,
TD3,2layers,Walker-Walk,50,all-actor,fgelu,0.1,826879963.2501602,
TD3,2layers,Walker-Walk,10,all-actor,fgelu,0.1,902969550.8956908,
TD3,2layers,Walker-Walk,30,all-actor,fgelu,0.1,843818865.1657104,
TD3,2layers,Walker-Walk,20,all-actor,fgelu,0.1,889112309.1888428,
TD3,2layers,Walker-Walk,40,all-actor,fgelu,0.1,738795667.6197052,
TD3,2layers,Finger-Spin,50,all-actor,fgelu,0.2,807125000.0,
TD3,2layers,Finger-Spin,10,all-actor,fgelu,0.2,748825000.0,
TD3,2layers,Finger-Spin,30,all-actor,fgelu,0.2,825025000.0,
TD3,2layers,Finger-Spin,20,all-actor,fgelu,0.2,622990000.0,
TD3,2layers,Finger-Spin,40,all-actor,fgelu,0.2,745760000.0,
TD3,2layers,Finger-Spin,50,all-actor,fgelu,0.3,751575000.0,
TD3,2layers,Finger-Spin,10,all-actor,fgelu,0.3,791830000.0,
TD3,2layers,Finger-Spin,30,all-actor,fgelu,0.3,0.0,
TD3,2layers,Finger-Spin,20,all-actor,fgelu,0.3,775530000.0,
TD3,2layers,Finger-Spin,40,all-actor,fgelu,0.3,737075000.0,
TD3,2layers,Finger-Spin,50,all-actor,fgelu,0.1,829745000.0,
TD3,2layers,Finger-Spin,10,all-actor,fgelu,0.1,764465000.0,
TD3,2layers,Finger-Spin,30,all-actor,fgelu,0.1,757855000.0,
TD3,2layers,Finger-Spin,20,all-actor,fgelu,0.1,725080000.0,
TD3,2layers,Finger-Spin,40,all-actor,fgelu,0.1,742285000.0,
TD3,2layers,Finger-Spin,50,all-actor,fgelu,0.5,720195000.0,
TD3,2layers,Finger-Spin,10,all-actor,fgelu,0.5,775390000.0,
TD3,2layers,Finger-Spin,30,all-actor,fgelu,0.5,761885000.0,
TD3,2layers,Finger-Spin,20,all-actor,fgelu,0.5,787525000.0,
TD3,2layers,Finger-Spin,40,all-actor,fgelu,0.5,566120000.0,
TD3,2layers,Finger-Spin,50,all-actor,fgelu,0.4,8110000.0,
TD3,2layers,Finger-Spin,10,all-actor,fgelu,0.4,761655000.0,
TD3,2layers,Finger-Spin,30,all-actor,fgelu,0.4,715525000.0,
TD3,2layers,Finger-Spin,20,all-actor,fgelu,0.4,796885000.0,
TD3,2layers,Finger-Spin,40,all-actor,fgelu,0.4,752640000.0,
TD3,2layers,Cheetah-Run,50,all-actor,fgelu,0.3,558764071.3691711,
TD3,2layers,Cheetah-Run,10,all-actor,fgelu,0.3,465547953.0572891,
TD3,2layers,Cheetah-Run,30,all-actor,fgelu,0.3,538961265.1348114,
TD3,2layers,Cheetah-Run,20,all-actor,fgelu,0.3,502990411.8537903,
TD3,2layers,Cheetah-Run,40,all-actor,fgelu,0.3,493801040.558815,
TD3,2layers,Cheetah-Run,50,all-actor,fgelu,0.4,521751387.5579834,
TD3,2layers,Cheetah-Run,10,all-actor,fgelu,0.4,421620593.5573578,
TD3,2layers,Cheetah-Run,30,all-actor,fgelu,0.4,575687133.808136,
TD3,2layers,Cheetah-Run,20,all-actor,fgelu,0.4,406767945.40405273,
TD3,2layers,Cheetah-Run,40,all-actor,fgelu,0.4,403695817.2988892,
TD3,2layers,Cheetah-Run,50,all-actor,fgelu,0.5,488683811.5310669,
TD3,2layers,Cheetah-Run,10,all-actor,fgelu,0.5,575078109.7221375,
TD3,2layers,Cheetah-Run,30,all-actor,fgelu,0.5,563023302.6504517,
TD3,2layers,Cheetah-Run,20,all-actor,fgelu,0.5,497502219.0475464,
TD3,2layers,Cheetah-Run,40,all-actor,fgelu,0.5,484393292.61779785,
TD3,2layers,Cheetah-Run,50,all-actor,fgelu,0.2,569042716.9036865,
TD3,2layers,Cheetah-Run,10,all-actor,fgelu,0.2,386277694.4541931,
TD3,2layers,Cheetah-Run,30,all-actor,fgelu,0.2,545275373.5542297,
TD3,2layers,Cheetah-Run,20,all-actor,fgelu,0.2,479939021.0342407,
TD3,2layers,Cheetah-Run,40,all-actor,fgelu,0.2,509835015.81192017,
TD3,2layers,Cheetah-Run,50,all-actor,fgelu,0.1,565620052.3757935,
TD3,2layers,Cheetah-Run,10,all-actor,fgelu,0.1,494380714.263916,
TD3,2layers,Cheetah-Run,30,all-actor,fgelu,0.1,552777164.0968323,
TD3,2layers,Cheetah-Run,20,all-actor,fgelu,0.1,545950734.0621948,
TD3,2layers,Cheetah-Run,40,all-actor,fgelu,0.1,512184629.5452118,
TD3,2layers,Humanoid-v4,50,all-actor,fgelu,0.5,4183576464.3859854,
TD3,2layers,Humanoid-v4,10,all-actor,fgelu,0.5,3556259763.1835938,
TD3,2layers,Humanoid-v4,30,all-actor,fgelu,0.5,3419455985.488892,
TD3,2layers,Humanoid-v4,20,all-actor,fgelu,0.5,3747028611.984253,
TD3,2layers,Humanoid-v4,40,all-actor,fgelu,0.5,4047330637.512207,
TD3,2layers,Humanoid-v4,50,all-actor,fgelu,0.4,3413935425.643921,
TD3,2layers,Humanoid-v4,10,all-actor,fgelu,0.4,3552074415.32135,
TD3,2layers,Humanoid-v4,30,all-actor,fgelu,0.4,3642683092.803955,
TD3,2layers,Humanoid-v4,20,all-actor,fgelu,0.4,2671883040.161133,
TD3,2layers,Humanoid-v4,40,all-actor,fgelu,0.4,4476899967.041016,
TD3,2layers,Humanoid-v4,50,all-actor,fgelu,0.1,3738234751.281738,
TD3,2layers,Humanoid-v4,10,all-actor,fgelu,0.1,3672825008.621216,
TD3,2layers,Humanoid-v4,30,all-actor,fgelu,0.1,3775960380.249024,
TD3,2layers,Humanoid-v4,20,all-actor,fgelu,0.1,3926995852.432251,
TD3,2layers,Humanoid-v4,40,all-actor,fgelu,0.1,3806138032.3791504,
TD3,2layers,Humanoid-v4,50,all-actor,fgelu,0.2,3527353569.831848,
TD3,2layers,Humanoid-v4,10,all-actor,fgelu,0.2,3529042896.194458,
TD3,2layers,Humanoid-v4,30,all-actor,fgelu,0.2,3536209019.317627,
TD3,2layers,Humanoid-v4,20,all-actor,fgelu,0.2,3713604880.981445,
TD3,2layers,Humanoid-v4,40,all-actor,fgelu,0.2,4017579609.222412,
TD3,2layers,Humanoid-v4,50,all-actor,fgelu,0.3,4108180864.257813,
TD3,2layers,Humanoid-v4,10,all-actor,fgelu,0.3,2739451355.3619385,
TD3,2layers,Humanoid-v4,30,all-actor,fgelu,0.3,4086941684.875488,
TD3,2layers,Humanoid-v4,20,all-actor,fgelu,0.3,3454205217.285156,
TD3,2layers,Humanoid-v4,40,all-actor,fgelu,0.3,3755068137.359619,
TD3,2layers,Ant-v4,50,all-actor,fgelu,0.3,2531541594.5100784,
TD3,2layers,Ant-v4,10,all-actor,fgelu,0.3,2003264703.6743164,
TD3,2layers,Ant-v4,30,all-actor,fgelu,0.3,2092061004.948616,
TD3,2layers,Ant-v4,20,all-actor,fgelu,0.3,2676026770.0195312,
TD3,2layers,Ant-v4,40,all-actor,fgelu,0.3,2298092110.443115,
TD3,2layers,Ant-v4,50,all-actor,fgelu,0.1,2348244203.524589,
TD3,2layers,Ant-v4,10,all-actor,fgelu,0.1,2182652242.126465,
TD3,2layers,Ant-v4,30,all-actor,fgelu,0.1,2206340440.826416,
TD3,2layers,Ant-v4,20,all-actor,fgelu,0.1,2552247639.465332,
TD3,2layers,Ant-v4,40,all-actor,fgelu,0.1,2539049199.485779,
TD3,2layers,Ant-v4,50,all-actor,fgelu,0.2,2216359585.876465,
TD3,2layers,Ant-v4,10,all-actor,fgelu,0.2,2769580224.609375,
TD3,2layers,Ant-v4,30,all-actor,fgelu,0.2,2442657469.997406,
TD3,2layers,Ant-v4,20,all-actor,fgelu,0.2,2810969856.6436768,
TD3,2layers,Ant-v4,40,all-actor,fgelu,0.2,2392532299.118042,
TD3,2layers,Ant-v4,50,all-actor,fgelu,0.5,2555969437.0651245,
TD3,2layers,Ant-v4,10,all-actor,fgelu,0.5,1877289111.13739,
TD3,2layers,Ant-v4,30,all-actor,fgelu,0.5,2510120721.7407227,
TD3,2layers,Ant-v4,20,all-actor,fgelu,0.5,2635320940.9999847,
TD3,2layers,Ant-v4,40,all-actor,fgelu,0.5,2380278495.025635,
TD3,2layers,Ant-v4,50,all-actor,fgelu,0.4,2634942944.214344,
TD3,2layers,Ant-v4,10,all-actor,fgelu,0.4,2034172898.6930847,
TD3,2layers,Ant-v4,30,all-actor,fgelu,0.4,1912142521.2788584,
TD3,2layers,Ant-v4,20,all-actor,fgelu,0.4,2853476811.8286133,
TD3,2layers,Ant-v4,40,all-actor,fgelu,0.4,2226454044.7998047,
TD3,2layers,Cartpole-Swingup,50,all-actor,fgelu,0.3,750858785.6292725,
TD3,2layers,Cartpole-Swingup,10,all-actor,fgelu,0.3,740810303.5736084,
TD3,2layers,Cartpole-Swingup,30,all-actor,fgelu,0.3,756076839.5821983,
TD3,2layers,Cartpole-Swingup,20,all-actor,fgelu,0.3,769049634.9334717,
TD3,2layers,Cartpole-Swingup,40,all-actor,fgelu,0.3,756753908.996582,
TD3,2layers,Cartpole-Swingup,50,all-actor,fgelu,0.4,775010098.4954834,
TD3,2layers,Cartpole-Swingup,10,all-actor,fgelu,0.4,803137191.4672852,
TD3,2layers,Cartpole-Swingup,30,all-actor,fgelu,0.4,773621956.5582275,
TD3,2layers,Cartpole-Swingup,20,all-actor,fgelu,0.4,757768408.7371826,
TD3,2layers,Cartpole-Swingup,40,all-actor,fgelu,0.4,765701544.1131592,
TD3,2layers,Cartpole-Swingup,50,all-actor,fgelu,0.2,738605394.5159912,
TD3,2layers,Cartpole-Swingup,10,all-actor,fgelu,0.2,759880477.06604,
TD3,2layers,Cartpole-Swingup,30,all-actor,fgelu,0.2,755124291.6870117,
TD3,2layers,Cartpole-Swingup,20,all-actor,fgelu,0.2,771609158.4777832,
TD3,2layers,Cartpole-Swingup,40,all-actor,fgelu,0.2,726092409.2102051,
TD3,2layers,Cartpole-Swingup,50,all-actor,fgelu,0.5,745022936.0961914,
TD3,2layers,Cartpole-Swingup,10,all-actor,fgelu,0.5,737507050.0946045,
TD3,2layers,Cartpole-Swingup,30,all-actor,fgelu,0.5,780739252.5482178,
TD3,2layers,Cartpole-Swingup,20,all-actor,fgelu,0.5,779756730.0796509,
TD3,2layers,Cartpole-Swingup,40,all-actor,fgelu,0.5,777734137.3443604,
TD3,2layers,Cartpole-Swingup,50,all-actor,fgelu,0.1,776753539.7338867,
TD3,2layers,Cartpole-Swingup,10,all-actor,fgelu,0.1,791693474.4262695,
TD3,2layers,Cartpole-Swingup,30,all-actor,fgelu,0.1,779850215.9357071,
TD3,2layers,Cartpole-Swingup,20,all-actor,fgelu,0.1,727640033.0352783,
TD3,2layers,Cartpole-Swingup,40,all-actor,fgelu,0.1,720936492.8436279,
TD3,2layers,HalfCheetah-v4,50,all-actor,fgelu,0.4,1490620556.9839478,
TD3,2layers,HalfCheetah-v4,10,all-actor,fgelu,0.4,5456896793.97583,
TD3,2layers,HalfCheetah-v4,30,all-actor,fgelu,0.4,1901216692.4476624,
TD3,2layers,HalfCheetah-v4,20,all-actor,fgelu,0.4,845755719.9859619,
TD3,2layers,HalfCheetah-v4,40,all-actor,fgelu,0.4,1725890292.892456,
TD3,2layers,HalfCheetah-v4,50,all-actor,fgelu,0.5,1802737651.519776,
TD3,2layers,HalfCheetah-v4,10,all-actor,fgelu,0.5,5151864957.4279785,
TD3,2layers,HalfCheetah-v4,30,all-actor,fgelu,0.5,5290181242.370605,
TD3,2layers,HalfCheetah-v4,20,all-actor,fgelu,0.5,1524875802.4978638,
TD3,2layers,HalfCheetah-v4,40,all-actor,fgelu,0.5,1684790220.823288,
TD3,2layers,HalfCheetah-v4,50,all-actor,fgelu,0.3,1518145629.6920776,
TD3,2layers,HalfCheetah-v4,10,all-actor,fgelu,0.3,4794523233.184814,
TD3,2layers,HalfCheetah-v4,30,all-actor,fgelu,0.3,1347029001.235962,
TD3,2layers,HalfCheetah-v4,20,all-actor,fgelu,0.3,1543083296.585083,
TD3,2layers,HalfCheetah-v4,40,all-actor,fgelu,0.3,5205112294.387817,
TD3,2layers,HalfCheetah-v4,50,all-actor,fgelu,0.2,1408842423.0575562,
TD3,2layers,HalfCheetah-v4,10,all-actor,fgelu,0.2,6415061600.494385,
TD3,2layers,HalfCheetah-v4,30,all-actor,fgelu,0.2,5588675495.33844,
TD3,2layers,HalfCheetah-v4,20,all-actor,fgelu,0.2,1728148782.119751,
TD3,2layers,HalfCheetah-v4,40,all-actor,fgelu,0.2,1663789250.2975464,
TD3,2layers,HalfCheetah-v4,50,all-actor,fgelu,0.1,1517042957.3059082,
TD3,2layers,HalfCheetah-v4,10,all-actor,fgelu,0.1,1266701360.4736328,
TD3,2layers,HalfCheetah-v4,30,all-actor,fgelu,0.1,1512847513.3609772,
TD3,2layers,HalfCheetah-v4,20,all-actor,fgelu,0.1,1454234650.4974363,
TD3,2layers,HalfCheetah-v4,40,all-actor,fgelu,0.1,4816084526.062012,
TD3,2layers,Hopper-v4,50,all-actor,fgelu,0.4,2089980652.770996,
TD3,2layers,Hopper-v4,10,all-actor,fgelu,0.4,1760133182.3349,
TD3,2layers,Hopper-v4,30,all-actor,fgelu,0.4,2192611929.283142,
TD3,2layers,Hopper-v4,20,all-actor,fgelu,0.4,1937765512.3901367,
TD3,2layers,Hopper-v4,40,all-actor,fgelu,0.4,2232338155.517578,
TD3,2layers,Hopper-v4,50,all-actor,fgelu,0.5,2233697698.287964,
TD3,2layers,Hopper-v4,10,all-actor,fgelu,0.5,1772981268.7683103,
TD3,2layers,Hopper-v4,30,all-actor,fgelu,0.5,2072538273.5443115,
TD3,2layers,Hopper-v4,20,all-actor,fgelu,0.5,2113131347.5608823,
TD3,2layers,Hopper-v4,40,all-actor,fgelu,0.5,1783348161.392212,
TD3,2layers,Hopper-v4,50,all-actor,fgelu,0.2,1737163421.4782715,
TD3,2layers,Hopper-v4,10,all-actor,fgelu,0.2,1815407127.7618408,
TD3,2layers,Hopper-v4,30,all-actor,fgelu,0.2,1545299415.359497,
TD3,2layers,Hopper-v4,20,all-actor,fgelu,0.2,2223841256.942749,
TD3,2layers,Hopper-v4,40,all-actor,fgelu,0.2,1792024480.0186155,
TD3,2layers,Hopper-v4,50,all-actor,fgelu,0.3,2198210862.7319336,
TD3,2layers,Hopper-v4,10,all-actor,fgelu,0.3,2428039487.018585,
TD3,2layers,Hopper-v4,30,all-actor,fgelu,0.3,2534100014.648437,
TD3,2layers,Hopper-v4,20,all-actor,fgelu,0.3,2176173170.700073,
TD3,2layers,Hopper-v4,40,all-actor,fgelu,0.3,1966471981.6589355,
TD3,2layers,Hopper-v4,50,all-actor,fgelu,0.1,2314364821.472168,
TD3,2layers,Hopper-v4,10,all-actor,fgelu,0.1,1785762873.687744,
TD3,2layers,Hopper-v4,30,all-actor,fgelu,0.1,2292495450.1342773,
TD3,2layers,Hopper-v4,20,all-actor,fgelu,0.1,2329031540.9851074,
TD3,2layers,Hopper-v4,40,all-actor,fgelu,0.1,2499240130.7678223,
TD3,2layers,Finger-Spin,50,all-actor,lrelu,base,636455000.0,
TD3,2layers,Finger-Spin,10,all-actor,lrelu,base,699345000.0,
TD3,2layers,Finger-Spin,30,all-actor,lrelu,base,725065000.0,
TD3,2layers,Finger-Spin,20,all-actor,lrelu,base,713565000.0,
TD3,2layers,Finger-Spin,40,all-actor,lrelu,base,654900000.0,
TD3,2layers,Hopper-v4,50,all-actor,lrelu,base,1786328041.35561,
TD3,2layers,Hopper-v4,10,all-actor,lrelu,base,320276863.47961426,
TD3,2layers,Hopper-v4,30,all-actor,lrelu,base,2121796785.736084,
TD3,2layers,Hopper-v4,20,all-actor,lrelu,base,1894565723.03772,
TD3,2layers,Hopper-v4,40,all-actor,lrelu,base,593967055.9692383,
TD3,2layers,Cheetah-Run,50,all-actor,lrelu,base,487947587.184906,
TD3,2layers,Cheetah-Run,10,all-actor,lrelu,base,419504323.9235878,
TD3,2layers,Cheetah-Run,30,all-actor,lrelu,base,446201150.5961418,
TD3,2layers,Cheetah-Run,20,all-actor,lrelu,base,224962147.39322665,
TD3,2layers,Cheetah-Run,40,all-actor,lrelu,base,488465810.2142811,
TD3,2layers,Ant-v4,50,all-actor,lrelu,base,2404352472.229004,
TD3,2layers,Ant-v4,10,all-actor,lrelu,base,1850619368.2861328,
TD3,2layers,Ant-v4,30,all-actor,lrelu,base,2101721738.433838,
TD3,2layers,Ant-v4,20,all-actor,lrelu,base,2212909872.288704,
TD3,2layers,Ant-v4,40,all-actor,lrelu,base,2338185950.1075745,
TD3,2layers,Walker-Walk,50,all-actor,lrelu,base,499090445.60432434,
TD3,2layers,Walker-Walk,10,all-actor,lrelu,base,828776968.8510895,
TD3,2layers,Walker-Walk,30,all-actor,lrelu,base,578996591.6585922,
TD3,2layers,Walker-Walk,20,all-actor,lrelu,base,765368981.552124,
TD3,2layers,Walker-Walk,40,all-actor,lrelu,base,599674444.5419312,
TD3,2layers,Humanoid-v4,50,all-actor,lrelu,base,702074398.0407715,
TD3,2layers,Humanoid-v4,10,all-actor,lrelu,base,3619000243.835449,
TD3,2layers,Humanoid-v4,30,all-actor,lrelu,base,2944332498.626709,
TD3,2layers,Humanoid-v4,20,all-actor,lrelu,base,3228296776.8859863,
TD3,2layers,Humanoid-v4,40,all-actor,lrelu,base,3836989488.4490967,
TD3,2layers,Cartpole-Swingup,50,all-actor,lrelu,base,743611413.4216309,
TD3,2layers,Cartpole-Swingup,10,all-actor,lrelu,base,717306289.7491455,
TD3,2layers,Cartpole-Swingup,30,all-actor,lrelu,base,663537953.2241821,
TD3,2layers,Cartpole-Swingup,20,all-actor,lrelu,base,754261852.8747559,
TD3,2layers,Cartpole-Swingup,40,all-actor,lrelu,base,736794751.9683838,
TD3,2layers,HalfCheetah-v4,50,all-actor,lrelu,base,1543497689.743042,
TD3,2layers,HalfCheetah-v4,10,all-actor,lrelu,base,5084437652.244568,
TD3,2layers,HalfCheetah-v4,30,all-actor,lrelu,base,3639430679.7790527,
TD3,2layers,HalfCheetah-v4,20,all-actor,lrelu,base,4853322759.780884,
TD3,2layers,HalfCheetah-v4,40,all-actor,lrelu,base,1747617226.8247604,
TD3,2layers,Walker-Walk,50,all-actor,fprelu,0.3,890749422.559284,
TD3,2layers,Walker-Walk,10,all-actor,fprelu,0.3,888055968.7604417,
TD3,2layers,Walker-Walk,30,all-actor,fprelu,0.3,893313407.8309203,
TD3,2layers,Walker-Walk,20,all-actor,fprelu,0.3,885202511.1825536,
TD3,2layers,Walker-Walk,40,all-actor,fprelu,0.3,451019529.83537,
TD3,2layers,Walker-Walk,50,all-actor,fprelu,0.4,894253079.4159214,
TD3,2layers,Walker-Walk,10,all-actor,fprelu,0.4,849036767.1825836,
TD3,2layers,Walker-Walk,30,all-actor,fprelu,0.4,859480762.214703,
TD3,2layers,Walker-Walk,20,all-actor,fprelu,0.4,892208880.2055813,
TD3,2layers,Walker-Walk,40,all-actor,fprelu,0.4,680064037.1165731,
TD3,2layers,Walker-Walk,50,all-actor,fprelu,0.1,885205171.1096432,
TD3,2layers,Walker-Walk,10,all-actor,fprelu,0.1,846572688.9217551,
TD3,2layers,Walker-Walk,30,all-actor,fprelu,0.1,852432949.7880415,
TD3,2layers,Walker-Walk,20,all-actor,fprelu,0.1,763728525.3774197,
TD3,2layers,Walker-Walk,40,all-actor,fprelu,0.1,851629474.3750303,
TD3,2layers,Walker-Walk,50,all-actor,fprelu,0.5,893683195.419106,
TD3,2layers,Walker-Walk,10,all-actor,fprelu,0.5,877600820.5153381,
TD3,2layers,Walker-Walk,30,all-actor,fprelu,0.5,891669068.3742641,
TD3,2layers,Walker-Walk,20,all-actor,fprelu,0.5,893385850.1009456,
TD3,2layers,Walker-Walk,40,all-actor,fprelu,0.5,693263621.9986647,
TD3,2layers,Walker-Walk,50,all-actor,fprelu,0.2,790279861.4404837,
TD3,2layers,Walker-Walk,10,all-actor,fprelu,0.2,891148698.4092736,
TD3,2layers,Walker-Walk,30,all-actor,fprelu,0.2,755333441.8241043,
TD3,2layers,Walker-Walk,20,all-actor,fprelu,0.2,893283471.571419,
TD3,2layers,Walker-Walk,40,all-actor,fprelu,0.2,481903002.2971153,
TD3,2layers,Finger-Spin,50,all-actor,fprelu,0.3,723130000.0,
TD3,2layers,Finger-Spin,10,all-actor,fprelu,0.3,579285000.0,
TD3,2layers,Finger-Spin,30,all-actor,fprelu,0.3,573135000.0,
TD3,2layers,Finger-Spin,20,all-actor,fprelu,0.3,390060000.0,
TD3,2layers,Finger-Spin,40,all-actor,fprelu,0.3,660945000.0,
TD3,2layers,Finger-Spin,50,all-actor,fprelu,0.4,603480000.0,
TD3,2layers,Finger-Spin,10,all-actor,fprelu,0.4,741640000.0,
TD3,2layers,Finger-Spin,30,all-actor,fprelu,0.4,759550000.0,
TD3,2layers,Finger-Spin,20,all-actor,fprelu,0.4,491430000.0,
TD3,2layers,Finger-Spin,40,all-actor,fprelu,0.4,629915000.0,
TD3,2layers,Finger-Spin,50,all-actor,fprelu,0.1,3040000.0,
TD3,2layers,Finger-Spin,10,all-actor,fprelu,0.1,4990000.0,
TD3,2layers,Finger-Spin,30,all-actor,fprelu,0.1,212015000.0,
TD3,2layers,Finger-Spin,20,all-actor,fprelu,0.1,633190000.0,
TD3,2layers,Finger-Spin,40,all-actor,fprelu,0.1,462470000.0,
TD3,2layers,Finger-Spin,50,all-actor,fprelu,0.5,780300000.0,
TD3,2layers,Finger-Spin,10,all-actor,fprelu,0.5,689670000.0,
TD3,2layers,Finger-Spin,30,all-actor,fprelu,0.5,707620000.0,
TD3,2layers,Finger-Spin,20,all-actor,fprelu,0.5,727800000.0,
TD3,2layers,Finger-Spin,40,all-actor,fprelu,0.5,628180000.0,
TD3,2layers,Finger-Spin,50,all-actor,fprelu,0.2,714660000.0,
TD3,2layers,Finger-Spin,10,all-actor,fprelu,0.2,852665000.0,
TD3,2layers,Finger-Spin,30,all-actor,fprelu,0.2,451105000.0,
TD3,2layers,Finger-Spin,20,all-actor,fprelu,0.2,588275000.0,
TD3,2layers,Finger-Spin,40,all-actor,fprelu,0.2,523515000.0,
TD3,2layers,Cheetah-Run,50,all-actor,fprelu,0.1,517324474.5263348,
TD3,2layers,Cheetah-Run,10,all-actor,fprelu,0.1,491679009.33436936,
TD3,2layers,Cheetah-Run,30,all-actor,fprelu,0.1,526770263.5322709,
TD3,2layers,Cheetah-Run,20,all-actor,fprelu,0.1,400513477.1363858,
TD3,2layers,Cheetah-Run,40,all-actor,fprelu,0.1,414397182.2198443,
TD3,2layers,Cheetah-Run,50,all-actor,fprelu,0.5,505922124.96535015,
TD3,2layers,Cheetah-Run,10,all-actor,fprelu,0.5,575413622.3046284,
TD3,2layers,Cheetah-Run,30,all-actor,fprelu,0.5,470986440.0935509,
TD3,2layers,Cheetah-Run,20,all-actor,fprelu,0.5,502984300.3865171,
TD3,2layers,Cheetah-Run,40,all-actor,fprelu,0.5,562304273.3143413,
TD3,2layers,Cheetah-Run,50,all-actor,fprelu,0.3,541721520.7826549,
TD3,2layers,Cheetah-Run,10,all-actor,fprelu,0.3,607714622.0719882,
TD3,2layers,Cheetah-Run,30,all-actor,fprelu,0.3,620775948.7570734,
TD3,2layers,Cheetah-Run,20,all-actor,fprelu,0.3,463147192.3093862,
TD3,2layers,Cheetah-Run,40,all-actor,fprelu,0.3,415617218.713253,
TD3,2layers,Cheetah-Run,50,all-actor,fprelu,0.4,568116808.3048224,
TD3,2layers,Cheetah-Run,10,all-actor,fprelu,0.4,629285605.8878052,
TD3,2layers,Cheetah-Run,30,all-actor,fprelu,0.4,563991227.905635,
TD3,2layers,Cheetah-Run,20,all-actor,fprelu,0.4,568282818.3267198,
TD3,2layers,Cheetah-Run,40,all-actor,fprelu,0.4,425400981.1872766,
TD3,2layers,Cheetah-Run,50,all-actor,fprelu,0.2,402781867.3868548,
TD3,2layers,Cheetah-Run,10,all-actor,fprelu,0.2,539717433.2403394,
TD3,2layers,Cheetah-Run,30,all-actor,fprelu,0.2,539016536.7418158,
TD3,2layers,Cheetah-Run,20,all-actor,fprelu,0.2,551576152.0475533,
TD3,2layers,Cheetah-Run,40,all-actor,fprelu,0.2,490918402.7463502,
TD3,2layers,Humanoid-v4,50,all-actor,fprelu,0.5,3312965212.736353,
TD3,2layers,Humanoid-v4,10,all-actor,fprelu,0.5,3981265583.255471,
TD3,2layers,Humanoid-v4,30,all-actor,fprelu,0.5,3368684367.941851,
TD3,2layers,Humanoid-v4,20,all-actor,fprelu,0.5,3277588140.7994723,
TD3,2layers,Humanoid-v4,40,all-actor,fprelu,0.5,2900003615.867999,
TD3,2layers,Humanoid-v4,50,all-actor,fprelu,0.3,3107617226.3743944,
TD3,2layers,Humanoid-v4,10,all-actor,fprelu,0.3,2922954288.0127025,
TD3,2layers,Humanoid-v4,30,all-actor,fprelu,0.3,3250722804.0111933,
TD3,2layers,Humanoid-v4,20,all-actor,fprelu,0.3,3458758594.386385,
TD3,2layers,Humanoid-v4,40,all-actor,fprelu,0.3,3634390022.6717577,
TD3,2layers,Humanoid-v4,50,all-actor,fprelu,0.2,3381715371.4986386,
TD3,2layers,Humanoid-v4,10,all-actor,fprelu,0.2,3422189199.069926,
TD3,2layers,Humanoid-v4,30,all-actor,fprelu,0.2,2285911344.7479024,
TD3,2layers,Humanoid-v4,20,all-actor,fprelu,0.2,2813380621.36312,
TD3,2layers,Humanoid-v4,40,all-actor,fprelu,0.2,2932097338.8613806,
TD3,2layers,Humanoid-v4,50,all-actor,fprelu,0.1,1194947277.8135934,
TD3,2layers,Humanoid-v4,10,all-actor,fprelu,0.1,1247181014.985247,
TD3,2layers,Humanoid-v4,30,all-actor,fprelu,0.1,702890258.0732229,
TD3,2layers,Humanoid-v4,20,all-actor,fprelu,0.1,669569768.3864142,
TD3,2layers,Humanoid-v4,40,all-actor,fprelu,0.1,859453852.1029197,
TD3,2layers,Humanoid-v4,50,all-actor,fprelu,0.4,3045782586.789897,
TD3,2layers,Humanoid-v4,10,all-actor,fprelu,0.4,4117986789.989936,
TD3,2layers,Humanoid-v4,30,all-actor,fprelu,0.4,2907402359.1447845,
TD3,2layers,Humanoid-v4,20,all-actor,fprelu,0.4,4010903596.195437,
TD3,2layers,Humanoid-v4,40,all-actor,fprelu,0.4,4079779791.376988,
TD3,2layers,Ant-v4,50,all-actor,fprelu,0.5,1619221118.6872802,
TD3,2layers,Ant-v4,10,all-actor,fprelu,0.5,2177790592.6360903,
TD3,2layers,Ant-v4,30,all-actor,fprelu,0.5,2392701180.030919,
TD3,2layers,Ant-v4,20,all-actor,fprelu,0.5,2794450558.980895,
TD3,2layers,Ant-v4,40,all-actor,fprelu,0.5,1942345131.97442,
TD3,2layers,Ant-v4,50,all-actor,fprelu,0.4,2391038175.353755,
TD3,2layers,Ant-v4,10,all-actor,fprelu,0.4,2426746126.6311603,
TD3,2layers,Ant-v4,30,all-actor,fprelu,0.4,1595742216.5522234,
TD3,2layers,Ant-v4,20,all-actor,fprelu,0.4,1829748463.625331,
TD3,2layers,Ant-v4,40,all-actor,fprelu,0.4,2238425086.141235,
TD3,2layers,Ant-v4,50,all-actor,fprelu,0.3,2036471947.762181,
TD3,2layers,Ant-v4,10,all-actor,fprelu,0.3,1968935901.192306,
TD3,2layers,Ant-v4,30,all-actor,fprelu,0.3,2192564242.6185737,
TD3,2layers,Ant-v4,20,all-actor,fprelu,0.3,2219388947.200779,
TD3,2layers,Ant-v4,40,all-actor,fprelu,0.3,2370453675.030751,
TD3,2layers,Ant-v4,50,all-actor,fprelu,0.2,2417880241.4911804,
TD3,2layers,Ant-v4,10,all-actor,fprelu,0.2,2413232661.820316,
TD3,2layers,Ant-v4,30,all-actor,fprelu,0.2,2622968954.936725,
TD3,2layers,Ant-v4,20,all-actor,fprelu,0.2,2161017312.480145,
TD3,2layers,Ant-v4,40,all-actor,fprelu,0.2,2074806102.4128177,
TD3,2layers,Ant-v4,50,all-actor,fprelu,0.1,2128712601.0284812,
TD3,2layers,Ant-v4,10,all-actor,fprelu,0.1,2726392638.2228804,
TD3,2layers,Ant-v4,30,all-actor,fprelu,0.1,2265809677.497683,
TD3,2layers,Ant-v4,20,all-actor,fprelu,0.1,2499158082.375624,
TD3,2layers,Ant-v4,40,all-actor,fprelu,0.1,2225826139.260166,
TD3,2layers,Cartpole-Swingup,50,all-actor,fprelu,0.5,738956020.4123821,
TD3,2layers,Cartpole-Swingup,10,all-actor,fprelu,0.5,772399519.4103068,
TD3,2layers,Cartpole-Swingup,30,all-actor,fprelu,0.5,743405537.6340039,
TD3,2layers,Cartpole-Swingup,20,all-actor,fprelu,0.5,772317764.2457705,
TD3,2layers,Cartpole-Swingup,40,all-actor,fprelu,0.5,737495421.7163054,
TD3,2layers,Cartpole-Swingup,50,all-actor,fprelu,0.3,758590801.0431535,
TD3,2layers,Cartpole-Swingup,10,all-actor,fprelu,0.3,664816789.5369248,
TD3,2layers,Cartpole-Swingup,30,all-actor,fprelu,0.3,759382226.9064586,
TD3,2layers,Cartpole-Swingup,20,all-actor,fprelu,0.3,714320656.8070425,
TD3,2layers,Cartpole-Swingup,40,all-actor,fprelu,0.3,760242168.1747781,
TD3,2layers,Cartpole-Swingup,50,all-actor,fprelu,0.1,775035092.4929178,
TD3,2layers,Cartpole-Swingup,10,all-actor,fprelu,0.1,751565922.9899793,
TD3,2layers,Cartpole-Swingup,30,all-actor,fprelu,0.1,766739709.3991225,
TD3,2layers,Cartpole-Swingup,20,all-actor,fprelu,0.1,629666023.3251168,
TD3,2layers,Cartpole-Swingup,40,all-actor,fprelu,0.1,749550304.6868901,
TD3,2layers,Cartpole-Swingup,50,all-actor,fprelu,0.2,780554571.9121063,
TD3,2layers,Cartpole-Swingup,10,all-actor,fprelu,0.2,759312328.2946119,
TD3,2layers,Cartpole-Swingup,30,all-actor,fprelu,0.2,782562862.6428574,
TD3,2layers,Cartpole-Swingup,20,all-actor,fprelu,0.2,750996097.4036666,
TD3,2layers,Cartpole-Swingup,40,all-actor,fprelu,0.2,686472125.2654788,
TD3,2layers,Cartpole-Swingup,50,all-actor,fprelu,0.4,753393215.6713159,
TD3,2layers,Cartpole-Swingup,10,all-actor,fprelu,0.4,690670160.5067928,
TD3,2layers,Cartpole-Swingup,30,all-actor,fprelu,0.4,750002746.3380953,
TD3,2layers,Cartpole-Swingup,20,all-actor,fprelu,0.4,777807297.6829332,
TD3,2layers,Cartpole-Swingup,40,all-actor,fprelu,0.4,789179789.9532689,
TD3,2layers,HalfCheetah-v4,50,all-actor,fprelu,0.1,1560833104.5682352,
TD3,2layers,HalfCheetah-v4,10,all-actor,fprelu,0.1,1579614205.467548,
TD3,2layers,HalfCheetah-v4,30,all-actor,fprelu,0.1,4671615859.2376175,
TD3,2layers,HalfCheetah-v4,20,all-actor,fprelu,0.1,4708499191.350207,
TD3,2layers,HalfCheetah-v4,40,all-actor,fprelu,0.1,1445455533.970136,
TD3,2layers,HalfCheetah-v4,50,all-actor,fprelu,0.3,1524235379.0498452,
TD3,2layers,HalfCheetah-v4,10,all-actor,fprelu,0.3,4765983312.628463,
TD3,2layers,HalfCheetah-v4,30,all-actor,fprelu,0.3,4459480910.951508,
TD3,2layers,HalfCheetah-v4,20,all-actor,fprelu,0.3,4174942965.761554,
TD3,2layers,HalfCheetah-v4,40,all-actor,fprelu,0.3,5032249810.540494,
TD3,2layers,HalfCheetah-v4,50,all-actor,fprelu,0.4,1630832046.5892017,
TD3,2layers,HalfCheetah-v4,10,all-actor,fprelu,0.4,1659372954.974236,
TD3,2layers,HalfCheetah-v4,30,all-actor,fprelu,0.4,1415484918.6896925,
TD3,2layers,HalfCheetah-v4,20,all-actor,fprelu,0.4,4771068363.143623,
TD3,2layers,HalfCheetah-v4,40,all-actor,fprelu,0.4,5045972155.161285,
TD3,2layers,HalfCheetah-v4,50,all-actor,fprelu,0.2,1516796348.6239614,
TD3,2layers,HalfCheetah-v4,10,all-actor,fprelu,0.2,4339945985.265715,
TD3,2layers,HalfCheetah-v4,30,all-actor,fprelu,0.2,4559857613.431779,
TD3,2layers,HalfCheetah-v4,20,all-actor,fprelu,0.2,5850671535.948902,
TD3,2layers,HalfCheetah-v4,40,all-actor,fprelu,0.2,1790372037.593565,
TD3,2layers,HalfCheetah-v4,50,all-actor,fprelu,0.5,1253397327.3424172,
TD3,2layers,HalfCheetah-v4,10,all-actor,fprelu,0.5,4710280058.686394,
TD3,2layers,HalfCheetah-v4,30,all-actor,fprelu,0.5,1273496384.3627346,
TD3,2layers,HalfCheetah-v4,20,all-actor,fprelu,0.5,5000635983.625231,
TD3,2layers,HalfCheetah-v4,40,all-actor,fprelu,0.5,4853540378.675261,
TD3,2layers,Hopper-v4,50,all-actor,fprelu,0.5,2687825187.987258,
TD3,2layers,Hopper-v4,10,all-actor,fprelu,0.5,2346809850.3419223,
TD3,2layers,Hopper-v4,30,all-actor,fprelu,0.5,2538197170.554072,
TD3,2layers,Hopper-v4,20,all-actor,fprelu,0.5,2510657707.5726323,
TD3,2layers,Hopper-v4,40,all-actor,fprelu,0.5,2367856161.2089696,
TD3,2layers,Hopper-v4,50,all-actor,fprelu,0.1,2034621098.622336,
TD3,2layers,Hopper-v4,10,all-actor,fprelu,0.1,2627600377.50024,
TD3,2layers,Hopper-v4,30,all-actor,fprelu,0.1,2901873300.190604,
TD3,2layers,Hopper-v4,20,all-actor,fprelu,0.1,2870408296.8394136,
TD3,2layers,Hopper-v4,40,all-actor,fprelu,0.1,2659708616.7305794,
TD3,2layers,Hopper-v4,50,all-actor,fprelu,0.4,2654185547.896525,
TD3,2layers,Hopper-v4,10,all-actor,fprelu,0.4,2335781242.8559866,
TD3,2layers,Hopper-v4,30,all-actor,fprelu,0.4,2316299431.819937,
TD3,2layers,Hopper-v4,20,all-actor,fprelu,0.4,2321474443.724998,
TD3,2layers,Hopper-v4,40,all-actor,fprelu,0.4,1964807486.4237373,
TD3,2layers,Hopper-v4,50,all-actor,fprelu,0.2,2609001084.195538,
TD3,2layers,Hopper-v4,10,all-actor,fprelu,0.2,2609423649.109042,
TD3,2layers,Hopper-v4,30,all-actor,fprelu,0.2,2463103423.372794,
TD3,2layers,Hopper-v4,20,all-actor,fprelu,0.2,2222809658.409547,
TD3,2layers,Hopper-v4,40,all-actor,fprelu,0.2,2081869141.795132,
TD3,2layers,Hopper-v4,50,all-actor,fprelu,0.3,2411970750.5990763,
TD3,2layers,Hopper-v4,10,all-actor,fprelu,0.3,2672578485.924464,
TD3,2layers,Hopper-v4,30,all-actor,fprelu,0.3,2901264380.599024,
TD3,2layers,Hopper-v4,20,all-actor,fprelu,0.3,2003557009.1265583,
TD3,2layers,Hopper-v4,40,all-actor,fprelu,0.3,1778636144.00906,
TD3,2layers,Walker-Walk,50,first-both,frelu,0.4,787391656.3686644,
TD3,2layers,Walker-Walk,10,first-both,frelu,0.4,602268335.8869277,
TD3,2layers,Walker-Walk,30,first-both,frelu,0.4,760323505.2197812,
TD3,2layers,Walker-Walk,20,first-both,frelu,0.4,790083478.3032516,
TD3,2layers,Walker-Walk,40,first-both,frelu,0.4,661936543.0231193,
TD3,2layers,Walker-Walk,50,first-both,frelu,0.3,765765604.6310835,
TD3,2layers,Walker-Walk,10,first-both,frelu,0.3,692809873.7778411,
TD3,2layers,Walker-Walk,30,first-both,frelu,0.3,884983457.7653034,
TD3,2layers,Walker-Walk,20,first-both,frelu,0.3,750436028.974635,
TD3,2layers,Walker-Walk,40,first-both,frelu,0.3,587560220.1084083,
TD3,2layers,Walker-Walk,50,first-both,frelu,0.1,775491305.4402454,
TD3,2layers,Walker-Walk,10,first-both,frelu,0.1,885644918.4885868,
TD3,2layers,Walker-Walk,30,first-both,frelu,0.1,817368116.0034297,
TD3,2layers,Walker-Walk,20,first-both,frelu,0.1,878875280.403831,
TD3,2layers,Walker-Walk,40,first-both,frelu,0.1,670193328.6679186,
TD3,2layers,Walker-Walk,50,first-both,frelu,0.5,787391656.3686644,
TD3,2layers,Walker-Walk,10,first-both,frelu,0.5,687813638.381958,
TD3,2layers,Walker-Walk,30,first-both,frelu,0.5,760323505.2197812,
TD3,2layers,Walker-Walk,20,first-both,frelu,0.5,790083478.3032516,
TD3,2layers,Walker-Walk,40,first-both,frelu,0.5,683614736.4997864,
TD3,2layers,Walker-Walk,50,first-both,frelu,0.2,601020278.9940168,
TD3,2layers,Walker-Walk,10,first-both,frelu,0.2,894526460.4949346,
TD3,2layers,Walker-Walk,30,first-both,frelu,0.2,548006845.4217938,
TD3,2layers,Walker-Walk,20,first-both,frelu,0.2,880679851.0980242,
TD3,2layers,Walker-Walk,40,first-both,frelu,0.2,472141225.8187203,
TD3,2layers,Cheetah-Run,50,first-both,frelu,0.3,533208509.8092266,
TD3,2layers,Cheetah-Run,10,first-both,frelu,0.3,445885585.69364864,
TD3,2layers,Cheetah-Run,30,first-both,frelu,0.3,550397869.5138522,
TD3,2layers,Cheetah-Run,20,first-both,frelu,0.3,424493084.73585016,
TD3,2layers,Cheetah-Run,40,first-both,frelu,0.3,531541772.830136,
TD3,2layers,Cheetah-Run,50,first-both,frelu,0.2,534947604.360898,
TD3,2layers,Cheetah-Run,10,first-both,frelu,0.2,389650915.5252245,
TD3,2layers,Cheetah-Run,30,first-both,frelu,0.2,527121571.85408616,
TD3,2layers,Cheetah-Run,20,first-both,frelu,0.2,534602347.1326424,
TD3,2layers,Cheetah-Run,40,first-both,frelu,0.2,516199810.8317549,
TD3,2layers,Cheetah-Run,50,first-both,frelu,0.4,564484602.7637991,
TD3,2layers,Cheetah-Run,10,first-both,frelu,0.4,361518557.44747806,
TD3,2layers,Cheetah-Run,30,first-both,frelu,0.4,528977506.5154051,
TD3,2layers,Cheetah-Run,20,first-both,frelu,0.4,504301175.25166047,
TD3,2layers,Cheetah-Run,40,first-both,frelu,0.4,487869352.858878,
TD3,2layers,Cheetah-Run,50,first-both,frelu,0.1,505348871.04590434,
TD3,2layers,Cheetah-Run,10,first-both,frelu,0.1,500045179.036941,
TD3,2layers,Cheetah-Run,30,first-both,frelu,0.1,567752952.6302674,
TD3,2layers,Cheetah-Run,20,first-both,frelu,0.1,525610549.65373015,
TD3,2layers,Cheetah-Run,40,first-both,frelu,0.1,595805897.5754683,
TD3,2layers,Cheetah-Run,50,first-both,frelu,0.5,440390384.3866808,
TD3,2layers,Cheetah-Run,10,first-both,frelu,0.5,470527149.4470903,
TD3,2layers,Cheetah-Run,30,first-both,frelu,0.5,486819376.5529596,
TD3,2layers,Cheetah-Run,20,first-both,frelu,0.5,422541493.11411184,
TD3,2layers,Cheetah-Run,40,first-both,frelu,0.5,545771102.7553138,
TD3,2layers,Humanoid-v4,50,first-both,frelu,0.5,3374629599.200704,
TD3,2layers,Humanoid-v4,10,first-both,frelu,0.5,3243712065.320836,
TD3,2layers,Humanoid-v4,30,first-both,frelu,0.5,2155676500.1356745,
TD3,2layers,Humanoid-v4,20,first-both,frelu,0.5,785783130.322366,
TD3,2layers,Humanoid-v4,40,first-both,frelu,0.5,821530984.2576911,
TD3,2layers,Humanoid-v4,50,first-both,frelu,0.4,3291114753.912064,
TD3,2layers,Humanoid-v4,10,first-both,frelu,0.4,3446116915.3426075,
TD3,2layers,Humanoid-v4,30,first-both,frelu,0.4,3654255924.209117,
TD3,2layers,Humanoid-v4,20,first-both,frelu,0.4,1120098691.8571303,
TD3,2layers,Humanoid-v4,40,first-both,frelu,0.4,2249645758.8695,
TD3,2layers,Humanoid-v4,50,first-both,frelu,0.1,4390999100.477352,
TD3,2layers,Humanoid-v4,10,first-both,frelu,0.1,3532117390.317342,
TD3,2layers,Humanoid-v4,30,first-both,frelu,0.1,3319630870.959564,
TD3,2layers,Humanoid-v4,20,first-both,frelu,0.1,3292296659.0062094,
TD3,2layers,Humanoid-v4,40,first-both,frelu,0.1,3104233299.1330576,
TD3,2layers,Humanoid-v4,50,first-both,frelu,0.2,3405598541.362022,
TD3,2layers,Humanoid-v4,10,first-both,frelu,0.2,3772556302.240984,
TD3,2layers,Humanoid-v4,30,first-both,frelu,0.2,2815085100.2014904,
TD3,2layers,Humanoid-v4,20,first-both,frelu,0.2,3263579978.4548383,
TD3,2layers,Humanoid-v4,40,first-both,frelu,0.2,3394903218.7512856,
TD3,2layers,Humanoid-v4,50,first-both,frelu,0.3,3412133792.3540635,
TD3,2layers,Humanoid-v4,10,first-both,frelu,0.3,3719652787.589512,
TD3,2layers,Humanoid-v4,30,first-both,frelu,0.3,1744466536.1546562,
TD3,2layers,Humanoid-v4,20,first-both,frelu,0.3,3642783501.944548,
TD3,2layers,Humanoid-v4,40,first-both,frelu,0.3,3430309667.2608337,
TD3,2layers,Ant-v4,50,first-both,frelu,0.1,3189969493.059861,
TD3,2layers,Ant-v4,10,first-both,frelu,0.1,2714913841.7185707,
TD3,2layers,Ant-v4,30,first-both,frelu,0.1,1738060646.4356427,
TD3,2layers,Ant-v4,20,first-both,frelu,0.1,2456331390.0122566,
TD3,2layers,Ant-v4,40,first-both,frelu,0.1,2500085040.245784,
TD3,2layers,Ant-v4,50,first-both,frelu,0.4,1467082600.2242022,
TD3,2layers,Ant-v4,10,first-both,frelu,0.4,2161509359.1090755,
TD3,2layers,Ant-v4,30,first-both,frelu,0.4,1199069618.3455632,
TD3,2layers,Ant-v4,20,first-both,frelu,0.4,2389678810.358502,
TD3,2layers,Ant-v4,40,first-both,frelu,0.4,2355676868.0840864,
TD3,2layers,Ant-v4,50,first-both,frelu,0.2,2137856587.162744,
TD3,2layers,Ant-v4,10,first-both,frelu,0.2,2294174927.174313,
TD3,2layers,Ant-v4,30,first-both,frelu,0.2,2056370459.8663664,
TD3,2layers,Ant-v4,20,first-both,frelu,0.2,2569018127.267189,
TD3,2layers,Ant-v4,40,first-both,frelu,0.2,2677277992.684127,
TD3,2layers,Ant-v4,50,first-both,frelu,0.3,2173268410.7990074,
TD3,2layers,Ant-v4,10,first-both,frelu,0.3,2042333590.2845693,
TD3,2layers,Ant-v4,30,first-both,frelu,0.3,1844533898.5702984,
TD3,2layers,Ant-v4,20,first-both,frelu,0.3,2574882367.7481766,
TD3,2layers,Ant-v4,40,first-both,frelu,0.3,2697879526.968768,
TD3,2layers,Ant-v4,50,first-both,frelu,0.5,1467082600.2242022,
TD3,2layers,Ant-v4,10,first-both,frelu,0.5,2161509359.1090755,
TD3,2layers,Ant-v4,30,first-both,frelu,0.5,1199069618.3455632,
TD3,2layers,Ant-v4,20,first-both,frelu,0.5,2312204030.151367,
TD3,2layers,Ant-v4,40,first-both,frelu,0.5,2213193417.854309,
TD3,2layers,Cartpole-Swingup,50,first-both,frelu,0.4,726734766.4858954,
TD3,2layers,Cartpole-Swingup,10,first-both,frelu,0.4,745866726.957478,
TD3,2layers,Cartpole-Swingup,30,first-both,frelu,0.4,712864429.475728,
TD3,2layers,Cartpole-Swingup,20,first-both,frelu,0.4,770047817.1582128,
TD3,2layers,Cartpole-Swingup,40,first-both,frelu,0.4,782496883.6946279,
TD3,2layers,Cartpole-Swingup,50,first-both,frelu,0.5,756805865.1733398,
TD3,2layers,Cartpole-Swingup,10,first-both,frelu,0.5,787001686.1833588,
TD3,2layers,Cartpole-Swingup,30,first-both,frelu,0.5,743710625.3051758,
TD3,2layers,Cartpole-Swingup,20,first-both,frelu,0.5,730861591.2904965,
TD3,2layers,Cartpole-Swingup,40,first-both,frelu,0.5,757554281.3110352,
TD3,2layers,Cartpole-Swingup,50,first-both,frelu,0.2,738326471.3999817,
TD3,2layers,Cartpole-Swingup,10,first-both,frelu,0.2,754607179.6380774,
TD3,2layers,Cartpole-Swingup,30,first-both,frelu,0.2,777393418.557056,
TD3,2layers,Cartpole-Swingup,20,first-both,frelu,0.2,748853082.4011602,
TD3,2layers,Cartpole-Swingup,40,first-both,frelu,0.2,769172797.3524423,
TD3,2layers,Cartpole-Swingup,50,first-both,frelu,0.1,746039308.5640404,
TD3,2layers,Cartpole-Swingup,10,first-both,frelu,0.1,674736863.2048671,
TD3,2layers,Cartpole-Swingup,30,first-both,frelu,0.1,795523846.2726587,
TD3,2layers,Cartpole-Swingup,20,first-both,frelu,0.1,743203173.4839338,
TD3,2layers,Cartpole-Swingup,40,first-both,frelu,0.1,771630630.0032685,
TD3,2layers,Cartpole-Swingup,50,first-both,frelu,0.3,724374111.975282,
TD3,2layers,Cartpole-Swingup,10,first-both,frelu,0.3,745372076.6178561,
TD3,2layers,Cartpole-Swingup,30,first-both,frelu,0.3,784356175.0125676,
TD3,2layers,Cartpole-Swingup,20,first-both,frelu,0.3,733225175.3142309,
TD3,2layers,Cartpole-Swingup,40,first-both,frelu,0.3,737136911.1087581,
TD3,2layers,HalfCheetah-v4,50,first-both,frelu,0.4,1477732641.5506368,
TD3,2layers,HalfCheetah-v4,10,first-both,frelu,0.4,1441404795.5251565,
TD3,2layers,HalfCheetah-v4,30,first-both,frelu,0.4,1491428362.4030423,
TD3,2layers,HalfCheetah-v4,20,first-both,frelu,0.4,4761017409.46872,
TD3,2layers,HalfCheetah-v4,40,first-both,frelu,0.4,1557880981.4266045,
TD3,2layers,HalfCheetah-v4,50,first-both,frelu,0.5,1335531915.5693054,
TD3,2layers,HalfCheetah-v4,10,first-both,frelu,0.5,1147081039.32914,
TD3,2layers,HalfCheetah-v4,30,first-both,frelu,0.5,1522916794.7387695,
TD3,2layers,HalfCheetah-v4,20,first-both,frelu,0.5,1334351401.2049344,
TD3,2layers,HalfCheetah-v4,40,first-both,frelu,0.5,1540878232.421875,
TD3,2layers,HalfCheetah-v4,50,first-both,frelu,0.1,1303332143.9633412,
TD3,2layers,HalfCheetah-v4,10,first-both,frelu,0.1,1364637940.2232008,
TD3,2layers,HalfCheetah-v4,30,first-both,frelu,0.1,1516226876.9495025,
TD3,2layers,HalfCheetah-v4,20,first-both,frelu,0.1,1708325811.1242354,
TD3,2layers,HalfCheetah-v4,40,first-both,frelu,0.1,3328371719.999028,
TD3,2layers,HalfCheetah-v4,50,first-both,frelu,0.2,1725658524.4605908,
TD3,2layers,HalfCheetah-v4,10,first-both,frelu,0.2,1500416904.4808493,
TD3,2layers,HalfCheetah-v4,30,first-both,frelu,0.2,5503166452.557262,
TD3,2layers,HalfCheetah-v4,20,first-both,frelu,0.2,4371591388.386423,
TD3,2layers,HalfCheetah-v4,40,first-both,frelu,0.2,6592922447.612562,
TD3,2layers,HalfCheetah-v4,50,first-both,frelu,0.3,1567446105.6089823,
TD3,2layers,HalfCheetah-v4,10,first-both,frelu,0.3,1310427491.483814,
TD3,2layers,HalfCheetah-v4,30,first-both,frelu,0.3,1201723124.4450336,
TD3,2layers,HalfCheetah-v4,20,first-both,frelu,0.3,1498922185.4045775,
TD3,2layers,HalfCheetah-v4,40,first-both,frelu,0.3,4529873530.712277,
TD3,2layers,Finger-Spin,50,first-both,frelu,0.5,712175000.0,
TD3,2layers,Finger-Spin,10,first-both,frelu,0.5,655455000.0,
TD3,2layers,Finger-Spin,30,first-both,frelu,0.5,670530000.0,
TD3,2layers,Finger-Spin,20,first-both,frelu,0.5,666810000.0,
TD3,2layers,Finger-Spin,40,first-both,frelu,0.5,689390000.0,
TD3,2layers,Finger-Spin,50,first-both,frelu,0.1,661370000.0,
TD3,2layers,Finger-Spin,10,first-both,frelu,0.1,694675000.0,
TD3,2layers,Finger-Spin,30,first-both,frelu,0.1,765065000.0,
TD3,2layers,Finger-Spin,20,first-both,frelu,0.1,737780000.0,
TD3,2layers,Finger-Spin,40,first-both,frelu,0.1,676905000.0,
TD3,2layers,Finger-Spin,50,first-both,frelu,0.2,819695000.0,
TD3,2layers,Finger-Spin,10,first-both,frelu,0.2,632900000.0,
TD3,2layers,Finger-Spin,30,first-both,frelu,0.2,752720000.0,
TD3,2layers,Finger-Spin,20,first-both,frelu,0.2,706735000.0,
TD3,2layers,Finger-Spin,40,first-both,frelu,0.2,702405000.0,
TD3,2layers,Finger-Spin,50,first-both,frelu,0.4,835105000.0,
TD3,2layers,Finger-Spin,10,first-both,frelu,0.4,39630000.0,
TD3,2layers,Finger-Spin,30,first-both,frelu,0.4,771635000.0,
TD3,2layers,Finger-Spin,20,first-both,frelu,0.4,762915000.0,
TD3,2layers,Finger-Spin,40,first-both,frelu,0.4,2040000.0,
TD3,2layers,Finger-Spin,50,first-both,frelu,0.3,229910000.0,
TD3,2layers,Finger-Spin,10,first-both,frelu,0.3,536305000.0,
TD3,2layers,Finger-Spin,30,first-both,frelu,0.3,717510000.0,
TD3,2layers,Finger-Spin,20,first-both,frelu,0.3,711770000.0,
TD3,2layers,Finger-Spin,40,first-both,frelu,0.3,741825000.0,
TD3,2layers,Hopper-v4,50,first-both,frelu,0.4,1893308554.0843863,
TD3,2layers,Hopper-v4,10,first-both,frelu,0.4,1598644155.2899384,
TD3,2layers,Hopper-v4,30,first-both,frelu,0.4,1231283051.2674634,
TD3,2layers,Hopper-v4,20,first-both,frelu,0.4,1814355529.3935847,
TD3,2layers,Hopper-v4,40,first-both,frelu,0.4,1697054997.636045,
TD3,2layers,Hopper-v4,50,first-both,frelu,0.5,2287943288.421631,
TD3,2layers,Hopper-v4,10,first-both,frelu,0.5,610782488.0733718,
TD3,2layers,Hopper-v4,30,first-both,frelu,0.5,36157261.96940058,
TD3,2layers,Hopper-v4,20,first-both,frelu,0.5,2281219265.980184,
TD3,2layers,Hopper-v4,40,first-both,frelu,0.5,2628336509.32312,
TD3,2layers,Hopper-v4,50,first-both,frelu,0.1,2345906716.1900387,
TD3,2layers,Hopper-v4,10,first-both,frelu,0.1,659769869.972067,
TD3,2layers,Hopper-v4,30,first-both,frelu,0.1,2259489747.0053945,
TD3,2layers,Hopper-v4,20,first-both,frelu,0.1,1515335301.3923523,
TD3,2layers,Hopper-v4,40,first-both,frelu,0.1,1605748827.059342,
TD3,2layers,Hopper-v4,50,first-both,frelu,0.2,2637302320.3680334,
TD3,2layers,Hopper-v4,10,first-both,frelu,0.2,1934456956.7170105,
TD3,2layers,Hopper-v4,30,first-both,frelu,0.2,2513562032.6916986,
TD3,2layers,Hopper-v4,20,first-both,frelu,0.2,1850375896.6549263,
TD3,2layers,Hopper-v4,40,first-both,frelu,0.2,1700039437.6833696,
TD3,2layers,Hopper-v4,50,first-both,frelu,0.3,1405674688.9338517,
TD3,2layers,Hopper-v4,10,first-both,frelu,0.3,1867222881.4591067,
TD3,2layers,Hopper-v4,30,first-both,frelu,0.3,1794987884.6377726,
TD3,2layers,Hopper-v4,20,first-both,frelu,0.3,1506175610.7285109,
TD3,2layers,Hopper-v4,40,first-both,frelu,0.3,845038140.860742,
TD3,2layers,Cartpole-Swingup,50,first-both,prelu,base,756805865.1733398,
TD3,2layers,Cartpole-Swingup,10,first-both,prelu,base,719104859.5428467,
TD3,2layers,Cartpole-Swingup,30,first-both,prelu,base,743710625.3051758,
TD3,2layers,Cartpole-Swingup,20,first-both,prelu,base,721480528.4118652,
TD3,2layers,Cartpole-Swingup,40,first-both,prelu,base,757554281.3110352,
TD3,2layers,Humanoid-v4,50,first-both,prelu,base,4071138658.14209,
TD3,2layers,Humanoid-v4,10,first-both,prelu,base,4070338721.466065,
TD3,2layers,Humanoid-v4,30,first-both,prelu,base,3059199688.720703,
TD3,2layers,Humanoid-v4,20,first-both,prelu,base,2465483727.416992,
TD3,2layers,Humanoid-v4,40,first-both,prelu,base,3145736207.5042725,
TD3,2layers,HalfCheetah-v4,50,first-both,prelu,base,1636441264.4958496,
TD3,2layers,HalfCheetah-v4,10,first-both,prelu,base,1508660778.656006,
TD3,2layers,HalfCheetah-v4,30,first-both,prelu,base,5145507136.077881,
TD3,2layers,HalfCheetah-v4,20,first-both,prelu,base,1597071149.2538452,
TD3,2layers,HalfCheetah-v4,40,first-both,prelu,base,1680734102.5161743,
TD3,2layers,Finger-Spin,50,first-both,prelu,base,704230000.0,
TD3,2layers,Finger-Spin,10,first-both,prelu,base,678340000.0,
TD3,2layers,Finger-Spin,30,first-both,prelu,base,610585000.0,
TD3,2layers,Finger-Spin,20,first-both,prelu,base,561140000.0,
TD3,2layers,Finger-Spin,40,first-both,prelu,base,817950000.0,
TD3,2layers,Cheetah-Run,50,first-both,prelu,base,495884930.6821823,
TD3,2layers,Cheetah-Run,10,first-both,prelu,base,434022518.2771683,
TD3,2layers,Cheetah-Run,30,first-both,prelu,base,422611870.6774712,
TD3,2layers,Cheetah-Run,20,first-both,prelu,base,523105780.23552895,
TD3,2layers,Cheetah-Run,40,first-both,prelu,base,524003581.7813873,
TD3,2layers,Walker-Walk,50,first-both,prelu,base,686218860.8264923,
TD3,2layers,Walker-Walk,10,first-both,prelu,base,735070644.7601318,
TD3,2layers,Walker-Walk,30,first-both,prelu,base,875011530.418396,
TD3,2layers,Walker-Walk,20,first-both,prelu,base,821745535.774231,
TD3,2layers,Walker-Walk,40,first-both,prelu,base,518507387.638092,
TD3,2layers,Hopper-v4,50,first-both,prelu,base,2287943288.421631,
TD3,2layers,Hopper-v4,10,first-both,prelu,base,2470863828.6590576,
TD3,2layers,Hopper-v4,30,first-both,prelu,base,2375883435.2111816,
TD3,2layers,Hopper-v4,20,first-both,prelu,base,2613774942.779541,
TD3,2layers,Hopper-v4,40,first-both,prelu,base,2628336509.32312,
TD3,2layers,Ant-v4,50,first-both,prelu,base,2151465134.677887,
TD3,2layers,Ant-v4,10,first-both,prelu,base,2161452141.418457,
TD3,2layers,Ant-v4,30,first-both,prelu,base,2131961071.3589191,
TD3,2layers,Ant-v4,20,first-both,prelu,base,2370366721.801758,
TD3,2layers,Ant-v4,40,first-both,prelu,base,2700844736.022949,
TD3,2layers,HalfCheetah-v4,50,first-both,swish,base,1742192961.4639282,
TD3,2layers,HalfCheetah-v4,10,first-both,swish,base,6773277998.809814,
TD3,2layers,HalfCheetah-v4,30,first-both,swish,base,5975378692.550659,
TD3,2layers,HalfCheetah-v4,20,first-both,swish,base,5815297200.89674,
TD3,2layers,HalfCheetah-v4,40,first-both,swish,base,1827139234.3902588,
TD3,2layers,Humanoid-v4,50,first-both,swish,base,3414291561.431885,
TD3,2layers,Humanoid-v4,10,first-both,swish,base,3410213631.591797,
TD3,2layers,Humanoid-v4,30,first-both,swish,base,4117219826.507568,
TD3,2layers,Humanoid-v4,20,first-both,swish,base,3361423646.850586,
TD3,2layers,Humanoid-v4,40,first-both,swish,base,3920129318.008423,
TD3,2layers,Hopper-v4,50,first-both,swish,base,2726175526.7333984,
TD3,2layers,Hopper-v4,10,first-both,swish,base,2587857248.649597,
TD3,2layers,Hopper-v4,30,first-both,swish,base,2091871119.0414429,
TD3,2layers,Hopper-v4,20,first-both,swish,base,1298352860.107422,
TD3,2layers,Hopper-v4,40,first-both,swish,base,2213661880.41687,
TD3,2layers,Walker-Walk,50,first-both,swish,base,848933867.6166534,
TD3,2layers,Walker-Walk,10,first-both,swish,base,680548645.1339722,
TD3,2layers,Walker-Walk,30,first-both,swish,base,887870546.5507507,
TD3,2layers,Walker-Walk,20,first-both,swish,base,880926531.3339233,
TD3,2layers,Walker-Walk,40,first-both,swish,base,840874990.4251099,
TD3,2layers,Ant-v4,50,first-both,swish,base,2768724443.602562,
TD3,2layers,Ant-v4,10,first-both,swish,base,2925119897.632599,
TD3,2layers,Ant-v4,30,first-both,swish,base,1908383685.545921,
TD3,2layers,Ant-v4,20,first-both,swish,base,2655781689.147949,
TD3,2layers,Ant-v4,40,first-both,swish,base,2766126533.5845947,
TD3,2layers,Cartpole-Swingup,50,first-both,swish,base,762137318.7255859,
TD3,2layers,Cartpole-Swingup,10,first-both,swish,base,755260434.4940186,
TD3,2layers,Cartpole-Swingup,30,first-both,swish,base,747084466.4764404,
TD3,2layers,Cartpole-Swingup,20,first-both,swish,base,782551975.1739502,
TD3,2layers,Cartpole-Swingup,40,first-both,swish,base,772662381.2103271,
TD3,2layers,Cheetah-Run,50,first-both,swish,base,420911750.06866455,
TD3,2layers,Cheetah-Run,10,first-both,swish,base,494782310.03165245,
TD3,2layers,Cheetah-Run,30,first-both,swish,base,501878181.8008423,
TD3,2layers,Cheetah-Run,20,first-both,swish,base,391081007.5950623,
TD3,2layers,Cheetah-Run,40,first-both,swish,base,393987843.4062004,
TD3,2layers,Finger-Spin,50,first-both,swish,base,744640000.0,
TD3,2layers,Finger-Spin,10,first-both,swish,base,773535000.0,
TD3,2layers,Finger-Spin,30,first-both,swish,base,802600000.0,
TD3,2layers,Finger-Spin,20,first-both,swish,base,762725000.0,
TD3,2layers,Finger-Spin,40,first-both,swish,base,643175000.0,
TD3,2layers,Walker-Walk,50,first-both,flrelu,0.2,734193465.4997545,
TD3,2layers,Walker-Walk,10,first-both,flrelu,0.2,597230227.4374617,
TD3,2layers,Walker-Walk,30,first-both,flrelu,0.2,789054671.2434771,
TD3,2layers,Walker-Walk,20,first-both,flrelu,0.2,865890744.1362443,
TD3,2layers,Walker-Walk,40,first-both,flrelu,0.2,495816911.55667615,
TD3,2layers,Walker-Walk,50,first-both,flrelu,0.4,717976480.3842417,
TD3,2layers,Walker-Walk,10,first-both,flrelu,0.4,812266493.132059,
TD3,2layers,Walker-Walk,30,first-both,flrelu,0.4,851651573.4231024,
TD3,2layers,Walker-Walk,20,first-both,flrelu,0.4,679320048.9426098,
TD3,2layers,Walker-Walk,40,first-both,flrelu,0.4,513742892.8406007,
TD3,2layers,Walker-Walk,50,first-both,flrelu,0.5,881282018.3585136,
TD3,2layers,Walker-Walk,10,first-both,flrelu,0.5,844158573.206389,
TD3,2layers,Walker-Walk,30,first-both,flrelu,0.5,800022492.1518391,
TD3,2layers,Walker-Walk,20,first-both,flrelu,0.5,827936462.4235659,
TD3,2layers,Walker-Walk,40,first-both,flrelu,0.5,689557960.9053775,
TD3,2layers,Walker-Walk,50,first-both,flrelu,0.3,816954714.1418741,
TD3,2layers,Walker-Walk,10,first-both,flrelu,0.3,840217072.2429292,
TD3,2layers,Walker-Walk,30,first-both,flrelu,0.3,883230041.8107522,
TD3,2layers,Walker-Walk,20,first-both,flrelu,0.3,874796755.4046859,
TD3,2layers,Walker-Walk,40,first-both,flrelu,0.3,677775746.9165808,
TD3,2layers,Walker-Walk,50,first-both,flrelu,0.1,712244373.7642585,
TD3,2layers,Walker-Walk,10,first-both,flrelu,0.1,872275349.3214978,
TD3,2layers,Walker-Walk,30,first-both,flrelu,0.1,831989704.048248,
TD3,2layers,Walker-Walk,20,first-both,flrelu,0.1,841482653.0981369,
TD3,2layers,Walker-Walk,40,first-both,flrelu,0.1,773922416.6660323,
TD3,2layers,Cheetah-Run,50,first-both,flrelu,0.1,451931040.7499737,
TD3,2layers,Cheetah-Run,10,first-both,flrelu,0.1,523803507.2253842,
TD3,2layers,Cheetah-Run,30,first-both,flrelu,0.1,495916743.4398383,
TD3,2layers,Cheetah-Run,20,first-both,flrelu,0.1,562213307.6599013,
TD3,2layers,Cheetah-Run,40,first-both,flrelu,0.1,457453764.3071704,
TD3,2layers,Cheetah-Run,50,first-both,flrelu,0.5,490318644.2056564,
TD3,2layers,Cheetah-Run,10,first-both,flrelu,0.5,430412345.9923997,
TD3,2layers,Cheetah-Run,30,first-both,flrelu,0.5,565359733.4610211,
TD3,2layers,Cheetah-Run,20,first-both,flrelu,0.5,499676111.49519473,
TD3,2layers,Cheetah-Run,40,first-both,flrelu,0.5,471713941.1003112,
TD3,2layers,Cheetah-Run,50,first-both,flrelu,0.3,460913017.80508816,
TD3,2layers,Cheetah-Run,10,first-both,flrelu,0.3,395412309.4335134,
TD3,2layers,Cheetah-Run,30,first-both,flrelu,0.3,436123951.1586793,
TD3,2layers,Cheetah-Run,20,first-both,flrelu,0.3,431451290.43846,
TD3,2layers,Cheetah-Run,40,first-both,flrelu,0.3,528034684.4322926,
TD3,2layers,Cheetah-Run,50,first-both,flrelu,0.2,444379748.5728636,
TD3,2layers,Cheetah-Run,10,first-both,flrelu,0.2,478403675.9127114,
TD3,2layers,Cheetah-Run,30,first-both,flrelu,0.2,573761930.8897158,
TD3,2layers,Cheetah-Run,20,first-both,flrelu,0.2,382184982.2744444,
TD3,2layers,Cheetah-Run,40,first-both,flrelu,0.2,415733803.9494321,
TD3,2layers,Cheetah-Run,50,first-both,flrelu,0.4,559702964.8357811,
TD3,2layers,Cheetah-Run,10,first-both,flrelu,0.4,419288366.9774448,
TD3,2layers,Cheetah-Run,30,first-both,flrelu,0.4,544740191.9831431,
TD3,2layers,Cheetah-Run,20,first-both,flrelu,0.4,530951481.3766071,
TD3,2layers,Cheetah-Run,40,first-both,flrelu,0.4,475824847.527835,
TD3,2layers,Humanoid-v4,50,first-both,flrelu,0.1,3791827963.210727,
TD3,2layers,Humanoid-v4,10,first-both,flrelu,0.1,4067672519.8504295,
TD3,2layers,Humanoid-v4,30,first-both,flrelu,0.1,3546201217.0693865,
TD3,2layers,Humanoid-v4,20,first-both,flrelu,0.1,3695847799.462855,
TD3,2layers,Humanoid-v4,40,first-both,flrelu,0.1,3348015533.815277,
TD3,2layers,Humanoid-v4,50,first-both,flrelu,0.2,3966667592.4909935,
TD3,2layers,Humanoid-v4,10,first-both,flrelu,0.2,3595123453.869998,
TD3,2layers,Humanoid-v4,30,first-both,flrelu,0.2,4079549086.0047326,
TD3,2layers,Humanoid-v4,20,first-both,flrelu,0.2,3703913744.0463567,
TD3,2layers,Humanoid-v4,40,first-both,flrelu,0.2,3856420664.0123377,
TD3,2layers,Humanoid-v4,50,first-both,flrelu,0.3,3097740593.221889,
TD3,2layers,Humanoid-v4,10,first-both,flrelu,0.3,3502981955.8089886,
TD3,2layers,Humanoid-v4,30,first-both,flrelu,0.3,3719981250.361664,
TD3,2layers,Humanoid-v4,20,first-both,flrelu,0.3,2513381499.444331,
TD3,2layers,Humanoid-v4,40,first-both,flrelu,0.3,3305077990.3852205,
TD3,2layers,Humanoid-v4,50,first-both,flrelu,0.4,3881008606.884893,
TD3,2layers,Humanoid-v4,10,first-both,flrelu,0.4,3916862374.163757,
TD3,2layers,Humanoid-v4,30,first-both,flrelu,0.4,2711845075.190467,
TD3,2layers,Humanoid-v4,20,first-both,flrelu,0.4,3672487868.2351694,
TD3,2layers,Humanoid-v4,40,first-both,flrelu,0.4,2566376776.042105,
TD3,2layers,Humanoid-v4,50,first-both,flrelu,0.5,1588509519.213845,
TD3,2layers,Humanoid-v4,10,first-both,flrelu,0.5,2957234922.512557,
TD3,2layers,Humanoid-v4,30,first-both,flrelu,0.5,2068705778.67144,
TD3,2layers,Humanoid-v4,20,first-both,flrelu,0.5,2375066007.76672,
TD3,2layers,Humanoid-v4,40,first-both,flrelu,0.5,2828345640.831609,
TD3,2layers,Ant-v4,50,first-both,flrelu,0.5,1312017840.0784953,
TD3,2layers,Ant-v4,10,first-both,flrelu,0.5,1705804989.9020677,
TD3,2layers,Ant-v4,30,first-both,flrelu,0.5,478891296.9484312,
TD3,2layers,Ant-v4,20,first-both,flrelu,0.5,1444762818.3218918,
TD3,2layers,Ant-v4,40,first-both,flrelu,0.5,1129175992.537851,
TD3,2layers,Ant-v4,50,first-both,flrelu,0.1,2603766333.027761,
TD3,2layers,Ant-v4,10,first-both,flrelu,0.1,2269510847.0231285,
TD3,2layers,Ant-v4,30,first-both,flrelu,0.1,2327483503.4014096,
TD3,2layers,Ant-v4,20,first-both,flrelu,0.1,2741400833.525442,
TD3,2layers,Ant-v4,40,first-both,flrelu,0.1,2565978503.25351,
TD3,2layers,Ant-v4,50,first-both,flrelu,0.2,2179753836.712547,
TD3,2layers,Ant-v4,10,first-both,flrelu,0.2,2455203905.048364,
TD3,2layers,Ant-v4,30,first-both,flrelu,0.2,2442162365.412361,
TD3,2layers,Ant-v4,20,first-both,flrelu,0.2,2268314911.35616,
TD3,2layers,Ant-v4,40,first-both,flrelu,0.2,2568154853.598495,
TD3,2layers,Ant-v4,50,first-both,flrelu,0.3,2495245184.65742,
TD3,2layers,Ant-v4,10,first-both,flrelu,0.3,2381518851.4604826,
TD3,2layers,Ant-v4,30,first-both,flrelu,0.3,1772298944.1583474,
TD3,2layers,Ant-v4,20,first-both,flrelu,0.3,2235821446.547113,
TD3,2layers,Ant-v4,40,first-both,flrelu,0.3,2680165537.944888,
TD3,2layers,Ant-v4,50,first-both,flrelu,0.4,1988009066.800449,
TD3,2layers,Ant-v4,10,first-both,flrelu,0.4,1745086628.9734771,
TD3,2layers,Ant-v4,30,first-both,flrelu,0.4,822932428.1833148,
TD3,2layers,Ant-v4,20,first-both,flrelu,0.4,2104808565.012761,
TD3,2layers,Ant-v4,40,first-both,flrelu,0.4,2199149628.635342,
TD3,2layers,Cartpole-Swingup,50,first-both,flrelu,0.4,762126040.8448706,
TD3,2layers,Cartpole-Swingup,10,first-both,flrelu,0.4,700079895.3368889,
TD3,2layers,Cartpole-Swingup,30,first-both,flrelu,0.4,748311928.4166088,
TD3,2layers,Cartpole-Swingup,20,first-both,flrelu,0.4,761527176.0891665,
TD3,2layers,Cartpole-Swingup,40,first-both,flrelu,0.4,721680359.1491044,
TD3,2layers,Cartpole-Swingup,50,first-both,flrelu,0.5,756805865.1733398,
TD3,2layers,Cartpole-Swingup,10,first-both,flrelu,0.5,719104859.5428467,
TD3,2layers,Cartpole-Swingup,30,first-both,flrelu,0.5,743710625.3051758,
TD3,2layers,Cartpole-Swingup,20,first-both,flrelu,0.5,721480528.4118652,
TD3,2layers,Cartpole-Swingup,40,first-both,flrelu,0.5,757554281.3110352,
TD3,2layers,Cartpole-Swingup,50,first-both,flrelu,0.2,678763082.6924175,
TD3,2layers,Cartpole-Swingup,10,first-both,flrelu,0.2,782661913.9012904,
TD3,2layers,Cartpole-Swingup,30,first-both,flrelu,0.2,749248392.9200742,
TD3,2layers,Cartpole-Swingup,20,first-both,flrelu,0.2,752695271.0910624,
TD3,2layers,Cartpole-Swingup,40,first-both,flrelu,0.2,737869708.7456602,
TD3,2layers,Cartpole-Swingup,50,first-both,flrelu,0.1,734636340.4014578,
TD3,2layers,Cartpole-Swingup,10,first-both,flrelu,0.1,745659408.3066156,
TD3,2layers,Cartpole-Swingup,30,first-both,flrelu,0.1,773309739.4184461,
TD3,2layers,Cartpole-Swingup,20,first-both,flrelu,0.1,738061385.1902066,
TD3,2layers,Cartpole-Swingup,40,first-both,flrelu,0.1,759689410.3472041,
TD3,2layers,Cartpole-Swingup,50,first-both,flrelu,0.3,729406765.1372951,
TD3,2layers,Cartpole-Swingup,10,first-both,flrelu,0.3,747035720.2735558,
TD3,2layers,Cartpole-Swingup,30,first-both,flrelu,0.3,774560364.2120625,
TD3,2layers,Cartpole-Swingup,20,first-both,flrelu,0.3,747274558.4580863,
TD3,2layers,Cartpole-Swingup,40,first-both,flrelu,0.3,769212689.359364,
TD3,2layers,HalfCheetah-v4,50,first-both,flrelu,0.1,1425508250.5835338,
TD3,2layers,HalfCheetah-v4,10,first-both,flrelu,0.1,1777337559.6967647,
TD3,2layers,HalfCheetah-v4,30,first-both,flrelu,0.1,4140003672.192501,
TD3,2layers,HalfCheetah-v4,20,first-both,flrelu,0.1,4382928456.183521,
TD3,2layers,HalfCheetah-v4,40,first-both,flrelu,0.1,1870827564.5921693,
TD3,2layers,HalfCheetah-v4,50,first-both,flrelu,0.4,4871797161.906026,
TD3,2layers,HalfCheetah-v4,10,first-both,flrelu,0.4,1516902163.3257575,
TD3,2layers,HalfCheetah-v4,30,first-both,flrelu,0.4,964607418.4889244,
TD3,2layers,HalfCheetah-v4,20,first-both,flrelu,0.4,1491270939.933719,
TD3,2layers,HalfCheetah-v4,40,first-both,flrelu,0.4,1554750867.4994082,
TD3,2layers,HalfCheetah-v4,50,first-both,flrelu,0.2,1812745224.2249384,
TD3,2layers,HalfCheetah-v4,10,first-both,flrelu,0.2,1477469289.1800308,
TD3,2layers,HalfCheetah-v4,30,first-both,flrelu,0.2,4792139481.094537,
TD3,2layers,HalfCheetah-v4,20,first-both,flrelu,0.2,5078106881.049804,
TD3,2layers,HalfCheetah-v4,40,first-both,flrelu,0.2,1788347470.337436,
TD3,2layers,HalfCheetah-v4,50,first-both,flrelu,0.5,1478512466.7773728,
TD3,2layers,HalfCheetah-v4,10,first-both,flrelu,0.5,1326810835.6760793,
TD3,2layers,HalfCheetah-v4,30,first-both,flrelu,0.5,991020273.1455672,
TD3,2layers,HalfCheetah-v4,20,first-both,flrelu,0.5,1317427044.818761,
TD3,2layers,HalfCheetah-v4,40,first-both,flrelu,0.5,4441491983.00011,
TD3,2layers,HalfCheetah-v4,50,first-both,flrelu,0.3,3587997690.114808,
TD3,2layers,HalfCheetah-v4,10,first-both,flrelu,0.3,1376213073.9544573,
TD3,2layers,HalfCheetah-v4,30,first-both,flrelu,0.3,4588134943.9978,
TD3,2layers,HalfCheetah-v4,20,first-both,flrelu,0.3,1278666369.3839393,
TD3,2layers,HalfCheetah-v4,40,first-both,flrelu,0.3,1717097131.878793,
TD3,2layers,Finger-Spin,50,first-both,flrelu,0.5,475810000.0,
TD3,2layers,Finger-Spin,10,first-both,flrelu,0.5,573765000.0,
TD3,2layers,Finger-Spin,30,first-both,flrelu,0.5,733655000.0,
TD3,2layers,Finger-Spin,20,first-both,flrelu,0.5,691640000.0,
TD3,2layers,Finger-Spin,40,first-both,flrelu,0.5,669480000.0,
TD3,2layers,Finger-Spin,50,first-both,flrelu,0.4,793480000.0,
TD3,2layers,Finger-Spin,10,first-both,flrelu,0.4,21410000.0,
TD3,2layers,Finger-Spin,30,first-both,flrelu,0.4,679945000.0,
TD3,2layers,Finger-Spin,20,first-both,flrelu,0.4,702295000.0,
TD3,2layers,Finger-Spin,40,first-both,flrelu,0.4,699895000.0,
TD3,2layers,Finger-Spin,50,first-both,flrelu,0.3,596145000.0,
TD3,2layers,Finger-Spin,10,first-both,flrelu,0.3,767645000.0,
TD3,2layers,Finger-Spin,30,first-both,flrelu,0.3,799540000.0,
TD3,2layers,Finger-Spin,20,first-both,flrelu,0.3,761735000.0,
TD3,2layers,Finger-Spin,40,first-both,flrelu,0.3,679010000.0,
TD3,2layers,Finger-Spin,50,first-both,flrelu,0.1,799920000.0,
TD3,2layers,Finger-Spin,10,first-both,flrelu,0.1,800120000.0,
TD3,2layers,Finger-Spin,30,first-both,flrelu,0.1,520985000.0,
TD3,2layers,Finger-Spin,20,first-both,flrelu,0.1,739725000.0,
TD3,2layers,Finger-Spin,40,first-both,flrelu,0.1,697945000.0,
TD3,2layers,Finger-Spin,50,first-both,flrelu,0.2,697160000.0,
TD3,2layers,Finger-Spin,10,first-both,flrelu,0.2,649130000.0,
TD3,2layers,Finger-Spin,30,first-both,flrelu,0.2,787220000.0,
TD3,2layers,Finger-Spin,20,first-both,flrelu,0.2,744385000.0,
TD3,2layers,Finger-Spin,40,first-both,flrelu,0.2,691695000.0,
TD3,2layers,Hopper-v4,50,first-both,flrelu,0.2,2042641458.30938,
TD3,2layers,Hopper-v4,10,first-both,flrelu,0.2,2090425476.8907,
TD3,2layers,Hopper-v4,30,first-both,flrelu,0.2,2145613245.08879,
TD3,2layers,Hopper-v4,20,first-both,flrelu,0.2,283946602.7852707,
TD3,2layers,Hopper-v4,40,first-both,flrelu,0.2,2390513625.4982023,
TD3,2layers,Hopper-v4,50,first-both,flrelu,0.5,1253381997.7436955,
TD3,2layers,Hopper-v4,10,first-both,flrelu,0.5,1061787455.0829812,
TD3,2layers,Hopper-v4,30,first-both,flrelu,0.5,2400072325.429488,
TD3,2layers,Hopper-v4,20,first-both,flrelu,0.5,2544320910.8808284,
TD3,2layers,Hopper-v4,40,first-both,flrelu,0.5,533217121.0299073,
TD3,2layers,Hopper-v4,50,first-both,flrelu,0.4,2529450048.7799253,
TD3,2layers,Hopper-v4,10,first-both,flrelu,0.4,656296576.2529042,
TD3,2layers,Hopper-v4,30,first-both,flrelu,0.4,2504997738.07252,
TD3,2layers,Hopper-v4,20,first-both,flrelu,0.4,476360879.0251492,
TD3,2layers,Hopper-v4,40,first-both,flrelu,0.4,2236031335.58744,
TD3,2layers,Hopper-v4,50,first-both,flrelu,0.3,1920893284.7845333,
TD3,2layers,Hopper-v4,10,first-both,flrelu,0.3,1172251106.9084716,
TD3,2layers,Hopper-v4,30,first-both,flrelu,0.3,1939624404.716997,
TD3,2layers,Hopper-v4,20,first-both,flrelu,0.3,1910543027.8668776,
TD3,2layers,Hopper-v4,40,first-both,flrelu,0.3,1819876556.5917697,
TD3,2layers,Hopper-v4,50,first-both,flrelu,0.1,2154461026.224638,
TD3,2layers,Hopper-v4,10,first-both,flrelu,0.1,1812030415.314244,
TD3,2layers,Hopper-v4,30,first-both,flrelu,0.1,2555792607.931354,
TD3,2layers,Hopper-v4,20,first-both,flrelu,0.1,2197716123.044173,
TD3,2layers,Hopper-v4,40,first-both,flrelu,0.1,1540787541.1126614,
TD3,2layers,Finger-Spin,50,first-both,gelu,base,705285000.0,
TD3,2layers,Finger-Spin,10,first-both,gelu,base,797000000.0,
TD3,2layers,Finger-Spin,30,first-both,gelu,base,816560000.0,
TD3,2layers,Finger-Spin,20,first-both,gelu,base,628715000.0,
TD3,2layers,Finger-Spin,40,first-both,gelu,base,705725000.0,
TD3,2layers,Hopper-v4,50,first-both,gelu,base,2756624268.798828,
TD3,2layers,Hopper-v4,10,first-both,gelu,base,2201901375.88501,
TD3,2layers,Hopper-v4,30,first-both,gelu,base,2458576584.0148926,
TD3,2layers,Hopper-v4,20,first-both,gelu,base,2478448582.6683044,
TD3,2layers,Hopper-v4,40,first-both,gelu,base,2643650759.277344,
TD3,2layers,Cartpole-Swingup,50,first-both,gelu,base,742833052.8259277,
TD3,2layers,Cartpole-Swingup,10,first-both,gelu,base,787688613.8916016,
TD3,2layers,Cartpole-Swingup,30,first-both,gelu,base,800379969.25354,
TD3,2layers,Cartpole-Swingup,20,first-both,gelu,base,767279977.0355225,
TD3,2layers,Cartpole-Swingup,40,first-both,gelu,base,773734108.505249,
TD3,2layers,Cheetah-Run,50,first-both,gelu,base,476497120.9526062,
TD3,2layers,Cheetah-Run,10,first-both,gelu,base,423335755.57231903,
TD3,2layers,Cheetah-Run,30,first-both,gelu,base,479649692.0585632,
TD3,2layers,Cheetah-Run,20,first-both,gelu,base,435945294.1703797,
TD3,2layers,Cheetah-Run,40,first-both,gelu,base,413264742.4697876,
TD3,2layers,Ant-v4,50,first-both,gelu,base,2313032574.7919083,
TD3,2layers,Ant-v4,10,first-both,gelu,base,2508645997.314453,
TD3,2layers,Ant-v4,30,first-both,gelu,base,2449665478.1532288,
TD3,2layers,Ant-v4,20,first-both,gelu,base,2596277697.048188,
TD3,2layers,Ant-v4,40,first-both,gelu,base,2674196727.898121,
TD3,2layers,Humanoid-v4,50,first-both,gelu,base,3744236055.297852,
TD3,2layers,Humanoid-v4,10,first-both,gelu,base,3765041456.489563,
TD3,2layers,Humanoid-v4,30,first-both,gelu,base,3233206883.239746,
TD3,2layers,Humanoid-v4,20,first-both,gelu,base,3415545982.398987,
TD3,2layers,Humanoid-v4,40,first-both,gelu,base,2978998207.9315186,
TD3,2layers,HalfCheetah-v4,50,first-both,gelu,base,1491838881.7214966,
TD3,2layers,HalfCheetah-v4,10,first-both,gelu,base,5809090415.878296,
TD3,2layers,HalfCheetah-v4,30,first-both,gelu,base,1627243562.3168943,
TD3,2layers,HalfCheetah-v4,20,first-both,gelu,base,1778393474.4262695,
TD3,2layers,HalfCheetah-v4,40,first-both,gelu,base,1592364717.4263,
TD3,2layers,Walker-Walk,50,first-both,gelu,base,886096531.7440033,
TD3,2layers,Walker-Walk,10,first-both,gelu,base,641004275.1121521,
TD3,2layers,Walker-Walk,30,first-both,gelu,base,902734003.4103394,
TD3,2layers,Walker-Walk,20,first-both,gelu,base,879212701.4160156,
TD3,2layers,Walker-Walk,40,first-both,gelu,base,522832758.0738068,
TD3,2layers,Walker-Walk,50,first-both,fswish,0.4,796292065.6394958,
TD3,2layers,Walker-Walk,10,first-both,fswish,0.4,871338029.460907,
TD3,2layers,Walker-Walk,30,first-both,fswish,0.4,591409640.3694153,
TD3,2layers,Walker-Walk,20,first-both,fswish,0.4,818044079.7710419,
TD3,2layers,Walker-Walk,40,first-both,fswish,0.4,739260421.6384888,
TD3,2layers,Walker-Walk,50,first-both,fswish,0.1,869314892.1585083,
TD3,2layers,Walker-Walk,10,first-both,fswish,0.1,890338479.423523,
TD3,2layers,Walker-Walk,30,first-both,fswish,0.1,601765446.4149475,
TD3,2layers,Walker-Walk,20,first-both,fswish,0.1,882584346.2371826,
TD3,2layers,Walker-Walk,40,first-both,fswish,0.1,805559468.3456421,
TD3,2layers,Walker-Walk,50,first-both,fswish,0.2,574279929.4471741,
TD3,2layers,Walker-Walk,10,first-both,fswish,0.2,883777311.4585876,
TD3,2layers,Walker-Walk,30,first-both,fswish,0.2,827346415.3671265,
TD3,2layers,Walker-Walk,20,first-both,fswish,0.2,858825394.4396973,
TD3,2layers,Walker-Walk,40,first-both,fswish,0.2,885829184.7705841,
TD3,2layers,Walker-Walk,50,first-both,fswish,0.3,823574961.566925,
TD3,2layers,Walker-Walk,10,first-both,fswish,0.3,881834767.6086426,
TD3,2layers,Walker-Walk,30,first-both,fswish,0.3,768592034.7881317,
TD3,2layers,Walker-Walk,20,first-both,fswish,0.3,845390718.460083,
TD3,2layers,Walker-Walk,40,first-both,fswish,0.3,774293531.9709778,
TD3,2layers,Walker-Walk,50,first-both,fswish,0.5,859704432.0011139,
TD3,2layers,Walker-Walk,10,first-both,fswish,0.5,856165704.202652,
TD3,2layers,Walker-Walk,30,first-both,fswish,0.5,874863062.915802,
TD3,2layers,Walker-Walk,20,first-both,fswish,0.5,878541361.5131378,
TD3,2layers,Walker-Walk,40,first-both,fswish,0.5,694291723.0606079,
TD3,2layers,Finger-Spin,50,first-both,fswish,0.2,814765000.0,
TD3,2layers,Finger-Spin,10,first-both,fswish,0.2,843145000.0,
TD3,2layers,Finger-Spin,30,first-both,fswish,0.2,775345000.0,
TD3,2layers,Finger-Spin,20,first-both,fswish,0.2,563630000.0,
TD3,2layers,Finger-Spin,40,first-both,fswish,0.2,690685000.0,
TD3,2layers,Finger-Spin,50,first-both,fswish,0.1,730730000.0,
TD3,2layers,Finger-Spin,10,first-both,fswish,0.1,774185000.0,
TD3,2layers,Finger-Spin,30,first-both,fswish,0.1,765240000.0,
TD3,2layers,Finger-Spin,20,first-both,fswish,0.1,266620000.0,
TD3,2layers,Finger-Spin,40,first-both,fswish,0.1,811190000.0,
TD3,2layers,Finger-Spin,50,first-both,fswish,0.4,811170000.0,
TD3,2layers,Finger-Spin,10,first-both,fswish,0.4,822480000.0,
TD3,2layers,Finger-Spin,30,first-both,fswish,0.4,781245000.0,
TD3,2layers,Finger-Spin,20,first-both,fswish,0.4,727020000.0,
TD3,2layers,Finger-Spin,40,first-both,fswish,0.4,704735000.0,
TD3,2layers,Finger-Spin,50,first-both,fswish,0.3,802850000.0,
TD3,2layers,Finger-Spin,10,first-both,fswish,0.3,796850000.0,
TD3,2layers,Finger-Spin,30,first-both,fswish,0.3,834550000.0,
TD3,2layers,Finger-Spin,20,first-both,fswish,0.3,640755000.0,
TD3,2layers,Finger-Spin,40,first-both,fswish,0.3,594320000.0,
TD3,2layers,Finger-Spin,50,first-both,fswish,0.5,817155000.0,
TD3,2layers,Finger-Spin,10,first-both,fswish,0.5,830785000.0,
TD3,2layers,Finger-Spin,30,first-both,fswish,0.5,274605000.0,
TD3,2layers,Finger-Spin,20,first-both,fswish,0.5,757160000.0,
TD3,2layers,Finger-Spin,40,first-both,fswish,0.5,664570000.0,
TD3,2layers,Cheetah-Run,50,first-both,fswish,0.4,510325111.1793518,
TD3,2layers,Cheetah-Run,10,first-both,fswish,0.4,517859065.4325485,
TD3,2layers,Cheetah-Run,30,first-both,fswish,0.4,542695065.4315948,
TD3,2layers,Cheetah-Run,20,first-both,fswish,0.4,483747307.17659,
TD3,2layers,Cheetah-Run,40,first-both,fswish,0.4,515405250.47302246,
TD3,2layers,Cheetah-Run,50,first-both,fswish,0.2,481915394.78302,
TD3,2layers,Cheetah-Run,10,first-both,fswish,0.2,467230715.6381011,
TD3,2layers,Cheetah-Run,30,first-both,fswish,0.2,438466766.24298096,
TD3,2layers,Cheetah-Run,20,first-both,fswish,0.2,403388900.3944397,
TD3,2layers,Cheetah-Run,40,first-both,fswish,0.2,529544332.62228966,
TD3,2layers,Cheetah-Run,50,first-both,fswish,0.3,546182928.5430908,
TD3,2layers,Cheetah-Run,10,first-both,fswish,0.3,583373255.8608055,
TD3,2layers,Cheetah-Run,30,first-both,fswish,0.3,394932971.9543457,
TD3,2layers,Cheetah-Run,20,first-both,fswish,0.3,531354305.3817749,
TD3,2layers,Cheetah-Run,40,first-both,fswish,0.3,558383044.9390411,
TD3,2layers,Cheetah-Run,50,first-both,fswish,0.5,497918192.3431158,
TD3,2layers,Cheetah-Run,10,first-both,fswish,0.5,426804430.2558899,
TD3,2layers,Cheetah-Run,30,first-both,fswish,0.5,509528111.000061,
TD3,2layers,Cheetah-Run,20,first-both,fswish,0.5,475460396.0084915,
TD3,2layers,Cheetah-Run,40,first-both,fswish,0.5,516682523.8752365,
TD3,2layers,Cheetah-Run,50,first-both,fswish,0.1,498935453.7963867,
TD3,2layers,Cheetah-Run,10,first-both,fswish,0.1,488601525.3257752,
TD3,2layers,Cheetah-Run,30,first-both,fswish,0.1,461837777.1759033,
TD3,2layers,Cheetah-Run,20,first-both,fswish,0.1,419258519.4206238,
TD3,2layers,Cheetah-Run,40,first-both,fswish,0.1,526335486.2213135,
TD3,2layers,Humanoid-v4,50,first-both,fswish,0.4,4122662413.635254,
TD3,2layers,Humanoid-v4,10,first-both,fswish,0.4,3817108658.14209,
TD3,2layers,Humanoid-v4,30,first-both,fswish,0.4,3713946174.621582,
TD3,2layers,Humanoid-v4,20,first-both,fswish,0.4,3509043247.833252,
TD3,2layers,Humanoid-v4,40,first-both,fswish,0.4,3774826914.672852,
TD3,2layers,Humanoid-v4,50,first-both,fswish,0.1,3640716890.8691406,
TD3,2layers,Humanoid-v4,10,first-both,fswish,0.1,4069284963.645935,
TD3,2layers,Humanoid-v4,30,first-both,fswish,0.1,3370977422.943115,
TD3,2layers,Humanoid-v4,20,first-both,fswish,0.1,3707288543.167114,
TD3,2layers,Humanoid-v4,40,first-both,fswish,0.1,3761768731.002808,
TD3,2layers,Humanoid-v4,50,first-both,fswish,0.3,3832659812.164306,
TD3,2layers,Humanoid-v4,10,first-both,fswish,0.3,3643473114.700317,
TD3,2layers,Humanoid-v4,30,first-both,fswish,0.3,3878735874.938965,
TD3,2layers,Humanoid-v4,20,first-both,fswish,0.3,3939571507.797241,
TD3,2layers,Humanoid-v4,40,first-both,fswish,0.3,3657658770.7901,
TD3,2layers,Humanoid-v4,50,first-both,fswish,0.2,2082384135.5896,
TD3,2layers,Humanoid-v4,10,first-both,fswish,0.2,3419327488.670349,
TD3,2layers,Humanoid-v4,30,first-both,fswish,0.2,3773238403.930664,
TD3,2layers,Humanoid-v4,20,first-both,fswish,0.2,3304596535.6445312,
TD3,2layers,Humanoid-v4,40,first-both,fswish,0.2,3791851865.7302856,
TD3,2layers,Humanoid-v4,50,first-both,fswish,0.5,3699358944.244385,
TD3,2layers,Humanoid-v4,10,first-both,fswish,0.5,3945264509.8876953,
TD3,2layers,Humanoid-v4,30,first-both,fswish,0.5,3761221941.986084,
TD3,2layers,Humanoid-v4,20,first-both,fswish,0.5,3416529379.7302246,
TD3,2layers,Humanoid-v4,40,first-both,fswish,0.5,3771201362.571716,
TD3,2layers,Ant-v4,50,first-both,fswish,0.4,2374500967.8578377,
TD3,2layers,Ant-v4,10,first-both,fswish,0.4,1756493380.432129,
TD3,2layers,Ant-v4,30,first-both,fswish,0.4,1822549673.995972,
TD3,2layers,Ant-v4,20,first-both,fswish,0.4,1942861987.3809807,
TD3,2layers,Ant-v4,40,first-both,fswish,0.4,2704980590.753556,
TD3,2layers,Ant-v4,50,first-both,fswish,0.2,2565435878.362656,
TD3,2layers,Ant-v4,10,first-both,fswish,0.2,2321138013.8492584,
TD3,2layers,Ant-v4,30,first-both,fswish,0.2,2276052579.9560547,
TD3,2layers,Ant-v4,20,first-both,fswish,0.2,2033736584.854126,
TD3,2layers,Ant-v4,40,first-both,fswish,0.2,2762151147.003174,
TD3,2layers,Ant-v4,50,first-both,fswish,0.3,2293866176.8341064,
TD3,2layers,Ant-v4,10,first-both,fswish,0.3,2566763232.116699,
TD3,2layers,Ant-v4,30,first-both,fswish,0.3,2257688634.9391937,
TD3,2layers,Ant-v4,20,first-both,fswish,0.3,2242798855.895996,
TD3,2layers,Ant-v4,40,first-both,fswish,0.3,2258280371.646881,
TD3,2layers,Ant-v4,50,first-both,fswish,0.5,2267484303.588867,
TD3,2layers,Ant-v4,10,first-both,fswish,0.5,2077565779.5715327,
TD3,2layers,Ant-v4,30,first-both,fswish,0.5,1719002549.4384766,
TD3,2layers,Ant-v4,20,first-both,fswish,0.5,2344787350.769043,
TD3,2layers,Ant-v4,40,first-both,fswish,0.5,2283530223.5269547,
TD3,2layers,Ant-v4,50,first-both,fswish,0.1,2277871914.672852,
TD3,2layers,Ant-v4,10,first-both,fswish,0.1,2720223173.2177734,
TD3,2layers,Ant-v4,30,first-both,fswish,0.1,2146804242.7301407,
TD3,2layers,Ant-v4,20,first-both,fswish,0.1,3375860418.0908203,
TD3,2layers,Ant-v4,40,first-both,fswish,0.1,2513597511.487007,
TD3,2layers,Cartpole-Swingup,50,first-both,fswish,0.5,778780962.677002,
TD3,2layers,Cartpole-Swingup,10,first-both,fswish,0.5,767113372.4975586,
TD3,2layers,Cartpole-Swingup,30,first-both,fswish,0.5,781041837.387085,
TD3,2layers,Cartpole-Swingup,20,first-both,fswish,0.5,789972904.9682617,
TD3,2layers,Cartpole-Swingup,40,first-both,fswish,0.5,752963152.2369385,
TD3,2layers,Cartpole-Swingup,50,first-both,fswish,0.2,750377277.6794434,
TD3,2layers,Cartpole-Swingup,10,first-both,fswish,0.2,787020390.625,
TD3,2layers,Cartpole-Swingup,30,first-both,fswish,0.2,756423397.679925,
TD3,2layers,Cartpole-Swingup,20,first-both,fswish,0.2,768422104.7210693,
TD3,2layers,Cartpole-Swingup,40,first-both,fswish,0.2,792714652.2521973,
TD3,2layers,Cartpole-Swingup,50,first-both,fswish,0.4,786057688.0645752,
TD3,2layers,Cartpole-Swingup,10,first-both,fswish,0.4,781308864.0594482,
TD3,2layers,Cartpole-Swingup,30,first-both,fswish,0.4,750768866.1193848,
TD3,2layers,Cartpole-Swingup,20,first-both,fswish,0.4,764626091.4611816,
TD3,2layers,Cartpole-Swingup,40,first-both,fswish,0.4,676530431.2133789,
TD3,2layers,Cartpole-Swingup,50,first-both,fswish,0.1,771995466.0797119,
TD3,2layers,Cartpole-Swingup,10,first-both,fswish,0.1,768034388.961792,
TD3,2layers,Cartpole-Swingup,30,first-both,fswish,0.1,778787207.8633308,
TD3,2layers,Cartpole-Swingup,20,first-both,fswish,0.1,774508809.8144531,
TD3,2layers,Cartpole-Swingup,40,first-both,fswish,0.1,786787357.1014404,
TD3,2layers,Cartpole-Swingup,50,first-both,fswish,0.3,798603877.1057129,
TD3,2layers,Cartpole-Swingup,10,first-both,fswish,0.3,789980500.1068115,
TD3,2layers,Cartpole-Swingup,30,first-both,fswish,0.3,725644413.1460134,
TD3,2layers,Cartpole-Swingup,20,first-both,fswish,0.3,765337118.8354492,
TD3,2layers,Cartpole-Swingup,40,first-both,fswish,0.3,779402091.3696289,
TD3,2layers,HalfCheetah-v4,50,first-both,fswish,0.3,1608734934.2536926,
TD3,2layers,HalfCheetah-v4,10,first-both,fswish,0.3,6033061998.443604,
TD3,2layers,HalfCheetah-v4,30,first-both,fswish,0.3,1660207118.6065674,
TD3,2layers,HalfCheetah-v4,20,first-both,fswish,0.3,1683361914.5965576,
TD3,2layers,HalfCheetah-v4,40,first-both,fswish,0.3,1805020014.4958496,
TD3,2layers,HalfCheetah-v4,50,first-both,fswish,0.5,1458759249.458313,
TD3,2layers,HalfCheetah-v4,10,first-both,fswish,0.5,1675396421.8902588,
TD3,2layers,HalfCheetah-v4,30,first-both,fswish,0.5,1618178547.2106934,
TD3,2layers,HalfCheetah-v4,20,first-both,fswish,0.5,1510777554.244995,
TD3,2layers,HalfCheetah-v4,40,first-both,fswish,0.5,1493397948.1506348,
TD3,2layers,HalfCheetah-v4,50,first-both,fswish,0.4,1735671482.1624756,
TD3,2layers,HalfCheetah-v4,10,first-both,fswish,0.4,7465206207.75938,
TD3,2layers,HalfCheetah-v4,30,first-both,fswish,0.4,1306702474.1268158,
TD3,2layers,HalfCheetah-v4,20,first-both,fswish,0.4,1580577385.8642578,
TD3,2layers,HalfCheetah-v4,40,first-both,fswish,0.4,5075725361.08017,
TD3,2layers,HalfCheetah-v4,50,first-both,fswish,0.2,1523691983.7379456,
TD3,2layers,HalfCheetah-v4,10,first-both,fswish,0.2,5979918515.796661,
TD3,2layers,HalfCheetah-v4,30,first-both,fswish,0.2,6282487622.2229,
TD3,2layers,HalfCheetah-v4,20,first-both,fswish,0.2,1326111691.532135,
TD3,2layers,HalfCheetah-v4,40,first-both,fswish,0.2,1650112226.8676758,
TD3,2layers,HalfCheetah-v4,50,first-both,fswish,0.1,1773920212.3451233,
TD3,2layers,HalfCheetah-v4,10,first-both,fswish,0.1,4531354959.259033,
TD3,2layers,HalfCheetah-v4,30,first-both,fswish,0.1,6207818961.639404,
TD3,2layers,HalfCheetah-v4,20,first-both,fswish,0.1,1537389007.2250366,
TD3,2layers,HalfCheetah-v4,40,first-both,fswish,0.1,6962582687.911987,
TD3,2layers,Hopper-v4,50,first-both,fswish,0.3,2623481532.897949,
TD3,2layers,Hopper-v4,10,first-both,fswish,0.3,2312523815.7081604,
TD3,2layers,Hopper-v4,30,first-both,fswish,0.3,1456802999.6299744,
TD3,2layers,Hopper-v4,20,first-both,fswish,0.3,1957676155.166626,
TD3,2layers,Hopper-v4,40,first-both,fswish,0.3,1564000399.2462158,
TD3,2layers,Hopper-v4,50,first-both,fswish,0.4,693258907.5565338,
TD3,2layers,Hopper-v4,10,first-both,fswish,0.4,2028392558.4816933,
TD3,2layers,Hopper-v4,30,first-both,fswish,0.4,2852633567.199707,
TD3,2layers,Hopper-v4,20,first-both,fswish,0.4,2540734179.916382,
TD3,2layers,Hopper-v4,40,first-both,fswish,0.4,2487042840.423584,
TD3,2layers,Hopper-v4,50,first-both,fswish,0.1,2151176349.4873047,
TD3,2layers,Hopper-v4,10,first-both,fswish,0.1,2158085998.0010986,
TD3,2layers,Hopper-v4,30,first-both,fswish,0.1,2641541230.773926,
TD3,2layers,Hopper-v4,20,first-both,fswish,0.1,2736319808.883667,
TD3,2layers,Hopper-v4,40,first-both,fswish,0.1,2346970212.7075195,
TD3,2layers,Hopper-v4,50,first-both,fswish,0.5,2280328393.2876587,
TD3,2layers,Hopper-v4,10,first-both,fswish,0.5,2730982370.452881,
TD3,2layers,Hopper-v4,30,first-both,fswish,0.5,2577787248.61145,
TD3,2layers,Hopper-v4,20,first-both,fswish,0.5,423651885.7574463,
TD3,2layers,Hopper-v4,40,first-both,fswish,0.5,2673956919.784546,
TD3,2layers,Hopper-v4,50,first-both,fswish,0.2,2509516405.944824,
TD3,2layers,Hopper-v4,10,first-both,fswish,0.2,1601540881.767273,
TD3,2layers,Hopper-v4,30,first-both,fswish,0.2,2475347777.862549,
TD3,2layers,Hopper-v4,20,first-both,fswish,0.2,1511947007.2937012,
TD3,2layers,Hopper-v4,40,first-both,fswish,0.2,1991023773.68927,
TD3,2layers,Walker-Walk,50,first-both,fgelu,0.1,836832812.2711182,
TD3,2layers,Walker-Walk,10,first-both,fgelu,0.1,762588242.149353,
TD3,2layers,Walker-Walk,30,first-both,fgelu,0.1,470045790.8821106,
TD3,2layers,Walker-Walk,20,first-both,fgelu,0.1,856350557.2509766,
TD3,2layers,Walker-Walk,40,first-both,fgelu,0.1,853933536.9491577,
TD3,2layers,Walker-Walk,50,first-both,fgelu,0.2,762619244.8234558,
TD3,2layers,Walker-Walk,10,first-both,fgelu,0.2,655922946.5484619,
TD3,2layers,Walker-Walk,30,first-both,fgelu,0.2,858178031.5208435,
TD3,2layers,Walker-Walk,20,first-both,fgelu,0.2,869268525.9246826,
TD3,2layers,Walker-Walk,40,first-both,fgelu,0.2,860697751.6174316,
TD3,2layers,Walker-Walk,50,first-both,fgelu,0.5,689224723.0052948,
TD3,2layers,Walker-Walk,10,first-both,fgelu,0.5,721889271.3546753,
TD3,2layers,Walker-Walk,30,first-both,fgelu,0.5,863592728.767395,
TD3,2layers,Walker-Walk,20,first-both,fgelu,0.5,829734554.977417,
TD3,2layers,Walker-Walk,40,first-both,fgelu,0.5,742247564.2967224,
TD3,2layers,Walker-Walk,50,first-both,fgelu,0.4,686637208.2233429,
TD3,2layers,Walker-Walk,10,first-both,fgelu,0.4,799926816.2536621,
TD3,2layers,Walker-Walk,30,first-both,fgelu,0.4,863177349.7772217,
TD3,2layers,Walker-Walk,20,first-both,fgelu,0.4,877912043.4188843,
TD3,2layers,Walker-Walk,40,first-both,fgelu,0.4,672530128.7555695,
TD3,2layers,Walker-Walk,50,first-both,fgelu,0.3,800917391.614914,
TD3,2layers,Walker-Walk,10,first-both,fgelu,0.3,892414234.1995239,
TD3,2layers,Walker-Walk,30,first-both,fgelu,0.3,515187376.3942719,
TD3,2layers,Walker-Walk,20,first-both,fgelu,0.3,881447307.395935,
TD3,2layers,Walker-Walk,40,first-both,fgelu,0.3,772987182.8460693,
TD3,2layers,Finger-Spin,50,first-both,fgelu,0.5,809730000.0,
TD3,2layers,Finger-Spin,10,first-both,fgelu,0.5,815235000.0,
TD3,2layers,Finger-Spin,30,first-both,fgelu,0.5,831175000.0,
TD3,2layers,Finger-Spin,20,first-both,fgelu,0.5,637875000.0,
TD3,2layers,Finger-Spin,40,first-both,fgelu,0.5,793200000.0,
TD3,2layers,Finger-Spin,50,first-both,fgelu,0.2,779040000.0,
TD3,2layers,Finger-Spin,10,first-both,fgelu,0.2,771085000.0,
TD3,2layers,Finger-Spin,30,first-both,fgelu,0.2,756000000.0,
TD3,2layers,Finger-Spin,20,first-both,fgelu,0.2,722475000.0,
TD3,2layers,Finger-Spin,40,first-both,fgelu,0.2,787970000.0,
TD3,2layers,Finger-Spin,50,first-both,fgelu,0.4,793020000.0,
TD3,2layers,Finger-Spin,10,first-both,fgelu,0.4,704160000.0,
TD3,2layers,Finger-Spin,30,first-both,fgelu,0.4,821725000.0,
TD3,2layers,Finger-Spin,20,first-both,fgelu,0.4,794100000.0,
TD3,2layers,Finger-Spin,40,first-both,fgelu,0.4,749935000.0,
TD3,2layers,Finger-Spin,50,first-both,fgelu,0.1,716780000.0,
TD3,2layers,Finger-Spin,10,first-both,fgelu,0.1,808340000.0,
TD3,2layers,Finger-Spin,30,first-both,fgelu,0.1,806760000.0,
TD3,2layers,Finger-Spin,20,first-both,fgelu,0.1,794215000.0,
TD3,2layers,Finger-Spin,40,first-both,fgelu,0.1,788640000.0,
TD3,2layers,Finger-Spin,50,first-both,fgelu,0.3,803820000.0,
TD3,2layers,Finger-Spin,10,first-both,fgelu,0.3,823020000.0,
TD3,2layers,Finger-Spin,30,first-both,fgelu,0.3,843270000.0,
TD3,2layers,Finger-Spin,20,first-both,fgelu,0.3,830465000.0,
TD3,2layers,Finger-Spin,40,first-both,fgelu,0.3,722685000.0,
TD3,2layers,Cheetah-Run,50,first-both,fgelu,0.4,497539297.2755432,
TD3,2layers,Cheetah-Run,10,first-both,fgelu,0.4,496077721.5099335,
TD3,2layers,Cheetah-Run,30,first-both,fgelu,0.4,424971205.2917481,
TD3,2layers,Cheetah-Run,20,first-both,fgelu,0.4,515051549.58724976,
TD3,2layers,Cheetah-Run,40,first-both,fgelu,0.4,482207138.7004852,
TD3,2layers,Cheetah-Run,50,first-both,fgelu,0.1,496467323.8182068,
TD3,2layers,Cheetah-Run,10,first-both,fgelu,0.1,457072719.91729736,
TD3,2layers,Cheetah-Run,30,first-both,fgelu,0.1,503895581.5124512,
TD3,2layers,Cheetah-Run,20,first-both,fgelu,0.1,581845952.577591,
TD3,2layers,Cheetah-Run,40,first-both,fgelu,0.1,427830749.9408722,
TD3,2layers,Cheetah-Run,50,first-both,fgelu,0.3,392742670.7553864,
TD3,2layers,Cheetah-Run,10,first-both,fgelu,0.3,432197577.02350616,
TD3,2layers,Cheetah-Run,30,first-both,fgelu,0.3,482011268.5394287,
TD3,2layers,Cheetah-Run,20,first-both,fgelu,0.3,527222724.6618271,
TD3,2layers,Cheetah-Run,40,first-both,fgelu,0.3,520473511.3096237,
TD3,2layers,Cheetah-Run,50,first-both,fgelu,0.2,491063437.4809265,
TD3,2layers,Cheetah-Run,10,first-both,fgelu,0.2,494444416.7900085,
TD3,2layers,Cheetah-Run,30,first-both,fgelu,0.2,428232428.91311646,
TD3,2layers,Cheetah-Run,20,first-both,fgelu,0.2,444382036.1709595,
TD3,2layers,Cheetah-Run,40,first-both,fgelu,0.2,521832169.1036224,
TD3,2layers,Cheetah-Run,50,first-both,fgelu,0.5,484490992.4125672,
TD3,2layers,Cheetah-Run,10,first-both,fgelu,0.5,555539895.7014084,
TD3,2layers,Cheetah-Run,30,first-both,fgelu,0.5,492131769.6380615,
TD3,2layers,Cheetah-Run,20,first-both,fgelu,0.5,461958611.831665,
TD3,2layers,Cheetah-Run,40,first-both,fgelu,0.5,376887194.6191788,
TD3,2layers,Humanoid-v4,50,first-both,fgelu,0.1,1733486300.6591797,
TD3,2layers,Humanoid-v4,10,first-both,fgelu,0.1,3063560569.5343018,
TD3,2layers,Humanoid-v4,30,first-both,fgelu,0.1,3674955825.1190186,
TD3,2layers,Humanoid-v4,20,first-both,fgelu,0.1,3316977761.154175,
TD3,2layers,Humanoid-v4,40,first-both,fgelu,0.1,3510132368.2403564,
TD3,2layers,Humanoid-v4,50,first-both,fgelu,0.5,1920426829.1854856,
TD3,2layers,Humanoid-v4,10,first-both,fgelu,0.5,4064344955.673218,
TD3,2layers,Humanoid-v4,30,first-both,fgelu,0.5,3633588295.7458496,
TD3,2layers,Humanoid-v4,20,first-both,fgelu,0.5,1606741586.8759155,
TD3,2layers,Humanoid-v4,40,first-both,fgelu,0.5,3870661266.021729,
TD3,2layers,Humanoid-v4,50,first-both,fgelu,0.4,2696278224.4873047,
TD3,2layers,Humanoid-v4,10,first-both,fgelu,0.4,3623961513.0615234,
TD3,2layers,Humanoid-v4,30,first-both,fgelu,0.4,4171459916.9158936,
TD3,2layers,Humanoid-v4,20,first-both,fgelu,0.4,3392257440.338135,
TD3,2layers,Humanoid-v4,40,first-both,fgelu,0.4,2930352503.6239624,
TD3,2layers,Humanoid-v4,50,first-both,fgelu,0.2,2703231772.994995,
TD3,2layers,Humanoid-v4,10,first-both,fgelu,0.2,3149352067.642212,
TD3,2layers,Humanoid-v4,30,first-both,fgelu,0.2,3122218036.956787,
TD3,2layers,Humanoid-v4,20,first-both,fgelu,0.2,3428598928.985596,
TD3,2layers,Humanoid-v4,40,first-both,fgelu,0.2,3416728396.1486816,
TD3,2layers,Humanoid-v4,50,first-both,fgelu,0.3,3128136416.6259766,
TD3,2layers,Humanoid-v4,10,first-both,fgelu,0.3,4099363747.406006,
TD3,2layers,Humanoid-v4,30,first-both,fgelu,0.3,3649812955.4748535,
TD3,2layers,Humanoid-v4,20,first-both,fgelu,0.3,2564197151.412964,
TD3,2layers,Humanoid-v4,40,first-both,fgelu,0.3,3856360948.791504,
TD3,2layers,Ant-v4,50,first-both,fgelu,0.5,2267768751.525879,
TD3,2layers,Ant-v4,10,first-both,fgelu,0.5,1769765355.5297852,
TD3,2layers,Ant-v4,30,first-both,fgelu,0.5,1877894093.322754,
TD3,2layers,Ant-v4,20,first-both,fgelu,0.5,2314707630.426884,
TD3,2layers,Ant-v4,40,first-both,fgelu,0.5,2141791585.7744217,
TD3,2layers,Ant-v4,50,first-both,fgelu,0.3,2825857232.5971723,
TD3,2layers,Ant-v4,10,first-both,fgelu,0.3,2021423630.065918,
TD3,2layers,Ant-v4,30,first-both,fgelu,0.3,1385561875.257492,
TD3,2layers,Ant-v4,20,first-both,fgelu,0.3,2259548681.488037,
TD3,2layers,Ant-v4,40,first-both,fgelu,0.3,2704694197.2351074,
TD3,2layers,Ant-v4,50,first-both,fgelu,0.4,2427207862.2436523,
TD3,2layers,Ant-v4,10,first-both,fgelu,0.4,2375823289.642334,
TD3,2layers,Ant-v4,30,first-both,fgelu,0.4,2043572208.0993648,
TD3,2layers,Ant-v4,20,first-both,fgelu,0.4,2386362721.8711376,
TD3,2layers,Ant-v4,40,first-both,fgelu,0.4,2689826677.551269,
TD3,2layers,Ant-v4,50,first-both,fgelu,0.1,2585684813.232422,
TD3,2layers,Ant-v4,10,first-both,fgelu,0.1,2910798675.842285,
TD3,2layers,Ant-v4,30,first-both,fgelu,0.1,2453625772.280693,
TD3,2layers,Ant-v4,20,first-both,fgelu,0.1,2387027455.749512,
TD3,2layers,Ant-v4,40,first-both,fgelu,0.1,2358699087.533951,
TD3,2layers,Ant-v4,50,first-both,fgelu,0.2,2369549387.397766,
TD3,2layers,Ant-v4,10,first-both,fgelu,0.2,2198771647.9492188,
TD3,2layers,Ant-v4,30,first-both,fgelu,0.2,2032203287.7111435,
TD3,2layers,Ant-v4,20,first-both,fgelu,0.2,2496902182.078361,
TD3,2layers,Ant-v4,40,first-both,fgelu,0.2,2540627173.76709,
TD3,2layers,Cartpole-Swingup,50,first-both,fgelu,0.5,729208890.3808594,
TD3,2layers,Cartpole-Swingup,10,first-both,fgelu,0.5,755138762.4192238,
TD3,2layers,Cartpole-Swingup,30,first-both,fgelu,0.5,694194654.1595459,
TD3,2layers,Cartpole-Swingup,20,first-both,fgelu,0.5,788974305.6106567,
TD3,2layers,Cartpole-Swingup,40,first-both,fgelu,0.5,778494584.9609375,
TD3,2layers,Cartpole-Swingup,50,first-both,fgelu,0.3,727775333.1756592,
TD3,2layers,Cartpole-Swingup,10,first-both,fgelu,0.3,765317364.8071289,
TD3,2layers,Cartpole-Swingup,30,first-both,fgelu,0.3,750583652.4963379,
TD3,2layers,Cartpole-Swingup,20,first-both,fgelu,0.3,771354143.2189941,
TD3,2layers,Cartpole-Swingup,40,first-both,fgelu,0.3,728159717.0257568,
TD3,2layers,Cartpole-Swingup,50,first-both,fgelu,0.2,793942287.0635986,
TD3,2layers,Cartpole-Swingup,10,first-both,fgelu,0.2,747199486.3128662,
TD3,2layers,Cartpole-Swingup,30,first-both,fgelu,0.2,771941243.8201904,
TD3,2layers,Cartpole-Swingup,20,first-both,fgelu,0.2,776491462.802887,
TD3,2layers,Cartpole-Swingup,40,first-both,fgelu,0.2,762894030.6091309,
TD3,2layers,Cartpole-Swingup,50,first-both,fgelu,0.4,795581942.3675537,
TD3,2layers,Cartpole-Swingup,10,first-both,fgelu,0.4,773258988.1134033,
TD3,2layers,Cartpole-Swingup,30,first-both,fgelu,0.4,794365014.0380859,
TD3,2layers,Cartpole-Swingup,20,first-both,fgelu,0.4,794823637.5427246,
TD3,2layers,Cartpole-Swingup,40,first-both,fgelu,0.4,777139552.3071289,
TD3,2layers,Cartpole-Swingup,50,first-both,fgelu,0.1,774812689.5141602,
TD3,2layers,Cartpole-Swingup,10,first-both,fgelu,0.1,744941989.6697998,
TD3,2layers,Cartpole-Swingup,30,first-both,fgelu,0.1,779075084.4573975,
TD3,2layers,Cartpole-Swingup,20,first-both,fgelu,0.1,769057859.87854,
TD3,2layers,Cartpole-Swingup,40,first-both,fgelu,0.1,750817080.8410645,
TD3,2layers,HalfCheetah-v4,50,first-both,fgelu,0.1,1753182543.4875488,
TD3,2layers,HalfCheetah-v4,10,first-both,fgelu,0.1,5323505149.040222,
TD3,2layers,HalfCheetah-v4,30,first-both,fgelu,0.1,4904332930.755615,
TD3,2layers,HalfCheetah-v4,20,first-both,fgelu,0.1,4604116633.071899,
TD3,2layers,HalfCheetah-v4,40,first-both,fgelu,0.1,1803591249.885559,
TD3,2layers,HalfCheetah-v4,50,first-both,fgelu,0.4,1385629449.6154785,
TD3,2layers,HalfCheetah-v4,10,first-both,fgelu,0.4,6623860505.485535,
TD3,2layers,HalfCheetah-v4,30,first-both,fgelu,0.4,5521798076.171875,
TD3,2layers,HalfCheetah-v4,20,first-both,fgelu,0.4,6311579240.264893,
TD3,2layers,HalfCheetah-v4,40,first-both,fgelu,0.4,1486061821.5942383,
TD3,2layers,HalfCheetah-v4,50,first-both,fgelu,0.3,1483331601.2001038,
TD3,2layers,HalfCheetah-v4,10,first-both,fgelu,0.3,6184640509.490967,
TD3,2layers,HalfCheetah-v4,30,first-both,fgelu,0.3,1555030959.3963623,
TD3,2layers,HalfCheetah-v4,20,first-both,fgelu,0.3,1483671343.269348,
TD3,2layers,HalfCheetah-v4,40,first-both,fgelu,0.3,1582381175.4608154,
TD3,2layers,HalfCheetah-v4,50,first-both,fgelu,0.5,1509146199.8558044,
TD3,2layers,HalfCheetah-v4,10,first-both,fgelu,0.5,6487329008.178711,
TD3,2layers,HalfCheetah-v4,30,first-both,fgelu,0.5,2192456110.897064,
TD3,2layers,HalfCheetah-v4,20,first-both,fgelu,0.5,6092074347.267151,
TD3,2layers,HalfCheetah-v4,40,first-both,fgelu,0.5,1455257810.0204468,
TD3,2layers,HalfCheetah-v4,50,first-both,fgelu,0.2,1991446734.657288,
TD3,2layers,HalfCheetah-v4,10,first-both,fgelu,0.2,1744821228.4851074,
TD3,2layers,HalfCheetah-v4,30,first-both,fgelu,0.2,1667218863.4109497,
TD3,2layers,HalfCheetah-v4,20,first-both,fgelu,0.2,1566131076.6601562,
TD3,2layers,HalfCheetah-v4,40,first-both,fgelu,0.2,1563701783.5235596,
TD3,2layers,Hopper-v4,50,first-both,fgelu,0.3,2463450703.277588,
TD3,2layers,Hopper-v4,10,first-both,fgelu,0.3,1782606533.317566,
TD3,2layers,Hopper-v4,30,first-both,fgelu,0.3,2760583741.607666,
TD3,2layers,Hopper-v4,20,first-both,fgelu,0.3,2252076100.6736755,
TD3,2layers,Hopper-v4,40,first-both,fgelu,0.3,2252219640.5029297,
TD3,2layers,Hopper-v4,50,first-both,fgelu,0.5,2503644408.64563,
TD3,2layers,Hopper-v4,10,first-both,fgelu,0.5,1457764797.9354858,
TD3,2layers,Hopper-v4,30,first-both,fgelu,0.5,2722922970.867157,
TD3,2layers,Hopper-v4,20,first-both,fgelu,0.5,2484762126.054764,
TD3,2layers,Hopper-v4,40,first-both,fgelu,0.5,2443638629.4555664,
TD3,2layers,Hopper-v4,50,first-both,fgelu,0.1,2104457369.0795896,
TD3,2layers,Hopper-v4,10,first-both,fgelu,0.1,2634501793.823242,
TD3,2layers,Hopper-v4,30,first-both,fgelu,0.1,2550677167.0913696,
TD3,2layers,Hopper-v4,20,first-both,fgelu,0.1,2048479282.3028564,
TD3,2layers,Hopper-v4,40,first-both,fgelu,0.1,1838959417.4194336,
TD3,2layers,Hopper-v4,50,first-both,fgelu,0.4,2355691183.719635,
TD3,2layers,Hopper-v4,10,first-both,fgelu,0.4,1511484481.163025,
TD3,2layers,Hopper-v4,30,first-both,fgelu,0.4,2454210870.666504,
TD3,2layers,Hopper-v4,20,first-both,fgelu,0.4,2315937070.541382,
TD3,2layers,Hopper-v4,40,first-both,fgelu,0.4,2279863968.200684,
TD3,2layers,Hopper-v4,50,first-both,fgelu,0.2,2453753213.043213,
TD3,2layers,Hopper-v4,10,first-both,fgelu,0.2,980973396.0723876,
TD3,2layers,Hopper-v4,30,first-both,fgelu,0.2,2822100236.549377,
TD3,2layers,Hopper-v4,20,first-both,fgelu,0.2,2507143260.269165,
TD3,2layers,Hopper-v4,40,first-both,fgelu,0.2,2339599062.194824,
TD3,2layers,HalfCheetah-v4,50,first-both,lrelu,base,1335531915.5693054,
TD3,2layers,HalfCheetah-v4,10,first-both,lrelu,base,4921314938.812256,
TD3,2layers,HalfCheetah-v4,30,first-both,lrelu,base,1522916794.7387695,
TD3,2layers,HalfCheetah-v4,20,first-both,lrelu,base,1315692194.8242188,
TD3,2layers,HalfCheetah-v4,40,first-both,lrelu,base,1540878232.421875,
TD3,2layers,Ant-v4,50,first-both,lrelu,base,2057020426.826477,
TD3,2layers,Ant-v4,10,first-both,lrelu,base,2213193417.854309,
TD3,2layers,Ant-v4,30,first-both,lrelu,base,2312204030.151367,
TD3,2layers,Ant-v4,20,first-both,lrelu,base,2952579077.5203705,
TD3,2layers,Ant-v4,40,first-both,lrelu,base,2841600855.407715,
TD3,2layers,Hopper-v4,50,first-both,lrelu,base,2178742207.221985,
TD3,2layers,Hopper-v4,10,first-both,lrelu,base,858829646.6064453,
TD3,2layers,Hopper-v4,30,first-both,lrelu,base,2044832545.471192,
TD3,2layers,Hopper-v4,20,first-both,lrelu,base,1132979741.3635254,
TD3,2layers,Hopper-v4,40,first-both,lrelu,base,1181130472.793579,
TD3,2layers,Walker-Walk,50,first-both,lrelu,base,886826767.3301697,
TD3,2layers,Walker-Walk,10,first-both,lrelu,base,798263932.9910278,
TD3,2layers,Walker-Walk,30,first-both,lrelu,base,687813638.381958,
TD3,2layers,Walker-Walk,20,first-both,lrelu,base,861230578.3510208,
TD3,2layers,Walker-Walk,40,first-both,lrelu,base,683614736.4997864,
TD3,2layers,Cheetah-Run,50,first-both,lrelu,base,331940051.0406494,
TD3,2layers,Cheetah-Run,10,first-both,lrelu,base,338789621.88720703,
TD3,2layers,Cheetah-Run,30,first-both,lrelu,base,381153029.9472809,
TD3,2layers,Cheetah-Run,20,first-both,lrelu,base,450917010.6744766,
TD3,2layers,Cheetah-Run,40,first-both,lrelu,base,467155727.72979736,
TD3,2layers,Humanoid-v4,50,first-both,lrelu,base,2695246894.9508667,
TD3,2layers,Humanoid-v4,10,first-both,lrelu,base,2144642961.883545,
TD3,2layers,Humanoid-v4,30,first-both,lrelu,base,3022318484.3444824,
TD3,2layers,Humanoid-v4,20,first-both,lrelu,base,3671002462.463379,
TD3,2layers,Humanoid-v4,40,first-both,lrelu,base,4019326816.253662,
TD3,2layers,Cartpole-Swingup,50,first-both,lrelu,base,641520040.8172607,
TD3,2layers,Cartpole-Swingup,10,first-both,lrelu,base,721566999.9313354,
TD3,2layers,Cartpole-Swingup,30,first-both,lrelu,base,711724403.9291143,
TD3,2layers,Cartpole-Swingup,20,first-both,lrelu,base,736266673.4313965,
TD3,2layers,Cartpole-Swingup,40,first-both,lrelu,base,711332033.9202881,
TD3,2layers,Finger-Spin,50,first-both,lrelu,base,712175000.0,
TD3,2layers,Finger-Spin,10,first-both,lrelu,base,655455000.0,
TD3,2layers,Finger-Spin,30,first-both,lrelu,base,670530000.0,
TD3,2layers,Finger-Spin,20,first-both,lrelu,base,666810000.0,
TD3,2layers,Finger-Spin,40,first-both,lrelu,base,689390000.0,
TD3,2layers,Walker-Walk,50,first-both,fprelu,0.3,721044438.8694946,
TD3,2layers,Walker-Walk,10,first-both,fprelu,0.3,647751591.1766679,
TD3,2layers,Walker-Walk,30,first-both,fprelu,0.3,875987735.8527209,
TD3,2layers,Walker-Walk,20,first-both,fprelu,0.3,861725406.1504657,
TD3,2layers,Walker-Walk,40,first-both,fprelu,0.3,890555374.8202264,
TD3,2layers,Walker-Walk,50,first-both,fprelu,0.5,622291745.6872972,
TD3,2layers,Walker-Walk,10,first-both,fprelu,0.5,883270175.2620988,
TD3,2layers,Walker-Walk,30,first-both,fprelu,0.5,655859470.9186815,
TD3,2layers,Walker-Walk,20,first-both,fprelu,0.5,633855766.6289773,
TD3,2layers,Walker-Walk,40,first-both,fprelu,0.5,846446008.8545824,
TD3,2layers,Walker-Walk,50,first-both,fprelu,0.1,615694536.0161192,
TD3,2layers,Walker-Walk,10,first-both,fprelu,0.1,902585496.2021786,
TD3,2layers,Walker-Walk,30,first-both,fprelu,0.1,641114047.282864,
TD3,2layers,Walker-Walk,20,first-both,fprelu,0.1,882420013.7655803,
TD3,2layers,Walker-Walk,40,first-both,fprelu,0.1,892838281.2948031,
TD3,2layers,Walker-Walk,50,first-both,fprelu,0.4,598134448.6701541,
TD3,2layers,Walker-Walk,10,first-both,fprelu,0.4,629006862.4697322,
TD3,2layers,Walker-Walk,30,first-both,fprelu,0.4,810386549.9382489,
TD3,2layers,Walker-Walk,20,first-both,fprelu,0.4,883390583.4317955,
TD3,2layers,Walker-Walk,40,first-both,fprelu,0.4,536653810.0483983,
TD3,2layers,Walker-Walk,50,first-both,fprelu,0.2,741740324.5695686,
TD3,2layers,Walker-Walk,10,first-both,fprelu,0.2,726701289.3783365,
TD3,2layers,Walker-Walk,30,first-both,fprelu,0.2,727801326.8024219,
TD3,2layers,Walker-Walk,20,first-both,fprelu,0.2,697185092.0796068,
TD3,2layers,Walker-Walk,40,first-both,fprelu,0.2,881569159.8614875,
TD3,2layers,Cheetah-Run,50,first-both,fprelu,0.3,581405675.4786627,
TD3,2layers,Cheetah-Run,10,first-both,fprelu,0.3,544028919.9750171,
TD3,2layers,Cheetah-Run,30,first-both,fprelu,0.3,426667414.5734561,
TD3,2layers,Cheetah-Run,20,first-both,fprelu,0.3,513922301.5051274,
TD3,2layers,Cheetah-Run,40,first-both,fprelu,0.3,519446142.4335473,
TD3,2layers,Cheetah-Run,50,first-both,fprelu,0.4,541699887.8099169,
TD3,2layers,Cheetah-Run,10,first-both,fprelu,0.4,469260229.5102599,
TD3,2layers,Cheetah-Run,30,first-both,fprelu,0.4,501459777.3949716,
TD3,2layers,Cheetah-Run,20,first-both,fprelu,0.4,506833078.1454068,
TD3,2layers,Cheetah-Run,40,first-both,fprelu,0.4,627568074.759159,
TD3,2layers,Cheetah-Run,50,first-both,fprelu,0.5,503948636.3394627,
TD3,2layers,Cheetah-Run,10,first-both,fprelu,0.5,495383110.3868847,
TD3,2layers,Cheetah-Run,30,first-both,fprelu,0.5,483388854.9660792,
TD3,2layers,Cheetah-Run,20,first-both,fprelu,0.5,488645018.7855181,
TD3,2layers,Cheetah-Run,40,first-both,fprelu,0.5,466579085.5761137,
TD3,2layers,Cheetah-Run,50,first-both,fprelu,0.2,485415787.7585891,
TD3,2layers,Cheetah-Run,10,first-both,fprelu,0.2,501011369.7336102,
TD3,2layers,Cheetah-Run,30,first-both,fprelu,0.2,476277078.74421984,
TD3,2layers,Cheetah-Run,20,first-both,fprelu,0.2,606800180.1969815,
TD3,2layers,Cheetah-Run,40,first-both,fprelu,0.2,496650436.362903,
TD3,2layers,Cheetah-Run,50,first-both,fprelu,0.1,523331174.677178,
TD3,2layers,Cheetah-Run,10,first-both,fprelu,0.1,599526998.2661693,
TD3,2layers,Cheetah-Run,30,first-both,fprelu,0.1,470676289.9683165,
TD3,2layers,Cheetah-Run,20,first-both,fprelu,0.1,515710096.1204397,
TD3,2layers,Cheetah-Run,40,first-both,fprelu,0.1,517980544.70312864,
TD3,2layers,Humanoid-v4,50,first-both,fprelu,0.3,3468623177.626997,
TD3,2layers,Humanoid-v4,10,first-both,fprelu,0.3,3244054325.124482,
TD3,2layers,Humanoid-v4,30,first-both,fprelu,0.3,3584554293.5569444,
TD3,2layers,Humanoid-v4,20,first-both,fprelu,0.3,3029344041.953512,
TD3,2layers,Humanoid-v4,40,first-both,fprelu,0.3,2984808955.5867186,
TD3,2layers,Humanoid-v4,50,first-both,fprelu,0.1,4164155023.102562,
TD3,2layers,Humanoid-v4,10,first-both,fprelu,0.1,4044874370.656569,
TD3,2layers,Humanoid-v4,30,first-both,fprelu,0.1,4053279356.879268,
TD3,2layers,Humanoid-v4,20,first-both,fprelu,0.1,3060548166.732472,
TD3,2layers,Humanoid-v4,40,first-both,fprelu,0.1,3734498609.838356,
TD3,2layers,Humanoid-v4,50,first-both,fprelu,0.5,2068321592.8587887,
TD3,2layers,Humanoid-v4,10,first-both,fprelu,0.5,1862611364.605256,
TD3,2layers,Humanoid-v4,30,first-both,fprelu,0.5,1061700191.7356368,
TD3,2layers,Humanoid-v4,20,first-both,fprelu,0.5,635276199.5710336,
TD3,2layers,Humanoid-v4,40,first-both,fprelu,0.5,3403892525.9182587,
TD3,2layers,Humanoid-v4,50,first-both,fprelu,0.4,2873740405.114646,
TD3,2layers,Humanoid-v4,10,first-both,fprelu,0.4,3686953426.386848,
TD3,2layers,Humanoid-v4,30,first-both,fprelu,0.4,3553915807.118295,
TD3,2layers,Humanoid-v4,20,first-both,fprelu,0.4,2641673894.2454014,
TD3,2layers,Humanoid-v4,40,first-both,fprelu,0.4,3274946912.2177825,
TD3,2layers,Humanoid-v4,50,first-both,fprelu,0.2,3754121528.304269,
TD3,2layers,Humanoid-v4,10,first-both,fprelu,0.2,3273531440.721771,
TD3,2layers,Humanoid-v4,30,first-both,fprelu,0.2,4072247108.063323,
TD3,2layers,Humanoid-v4,20,first-both,fprelu,0.2,3446227985.31866,
TD3,2layers,Humanoid-v4,40,first-both,fprelu,0.2,4386502642.986698,
TD3,2layers,Ant-v4,50,first-both,fprelu,0.4,776302868.3547596,
TD3,2layers,Ant-v4,10,first-both,fprelu,0.4,2315022431.233556,
TD3,2layers,Ant-v4,30,first-both,fprelu,0.4,1317531659.9827082,
TD3,2layers,Ant-v4,20,first-both,fprelu,0.4,1914091689.702366,
TD3,2layers,Ant-v4,40,first-both,fprelu,0.4,2254222082.553216,
TD3,2layers,Ant-v4,50,first-both,fprelu,0.2,2447916972.3750887,
TD3,2layers,Ant-v4,10,first-both,fprelu,0.2,2435101554.267489,
TD3,2layers,Ant-v4,30,first-both,fprelu,0.2,3199317355.497889,
TD3,2layers,Ant-v4,20,first-both,fprelu,0.2,2581100111.850086,
TD3,2layers,Ant-v4,40,first-both,fprelu,0.2,2359191178.606859,
TD3,2layers,Ant-v4,50,first-both,fprelu,0.1,2445564158.1319485,
TD3,2layers,Ant-v4,10,first-both,fprelu,0.1,2752865733.4185414,
TD3,2layers,Ant-v4,30,first-both,fprelu,0.1,2390137568.7220664,
TD3,2layers,Ant-v4,20,first-both,fprelu,0.1,2339334411.463788,
TD3,2layers,Ant-v4,40,first-both,fprelu,0.1,2455093428.564703,
TD3,2layers,Ant-v4,50,first-both,fprelu,0.5,1111676447.1752906,
TD3,2layers,Ant-v4,10,first-both,fprelu,0.5,1255007326.3477085,
TD3,2layers,Ant-v4,30,first-both,fprelu,0.5,881838716.0588933,
TD3,2layers,Ant-v4,20,first-both,fprelu,0.5,1326781846.3004277,
TD3,2layers,Ant-v4,40,first-both,fprelu,0.5,1315746063.1832302,
TD3,2layers,Ant-v4,50,first-both,fprelu,0.3,2715936977.7430363,
TD3,2layers,Ant-v4,10,first-both,fprelu,0.3,2179055809.4759235,
TD3,2layers,Ant-v4,30,first-both,fprelu,0.3,2337805911.2138786,
TD3,2layers,Ant-v4,20,first-both,fprelu,0.3,2402003273.1310787,
TD3,2layers,Ant-v4,40,first-both,fprelu,0.3,3087788562.3218164,
TD3,2layers,Cartpole-Swingup,50,first-both,fprelu,0.1,798614371.8782378,
TD3,2layers,Cartpole-Swingup,10,first-both,fprelu,0.1,790591549.374375,
TD3,2layers,Cartpole-Swingup,30,first-both,fprelu,0.1,749360126.1093539,
TD3,2layers,Cartpole-Swingup,20,first-both,fprelu,0.1,749238730.8252977,
TD3,2layers,Cartpole-Swingup,40,first-both,fprelu,0.1,734628523.9360472,
TD3,2layers,Cartpole-Swingup,50,first-both,fprelu,0.2,762736389.365312,
TD3,2layers,Cartpole-Swingup,10,first-both,fprelu,0.2,770306349.7178298,
TD3,2layers,Cartpole-Swingup,30,first-both,fprelu,0.2,772965779.32036,
TD3,2layers,Cartpole-Swingup,20,first-both,fprelu,0.2,790043584.5651441,
TD3,2layers,Cartpole-Swingup,40,first-both,fprelu,0.2,732977655.5856856,
TD3,2layers,Cartpole-Swingup,50,first-both,fprelu,0.4,778609063.0006136,
TD3,2layers,Cartpole-Swingup,10,first-both,fprelu,0.4,796573739.606033,
TD3,2layers,Cartpole-Swingup,30,first-both,fprelu,0.4,788942773.018431,
TD3,2layers,Cartpole-Swingup,20,first-both,fprelu,0.4,744824597.6611972,
TD3,2layers,Cartpole-Swingup,40,first-both,fprelu,0.4,733628714.7985659,
TD3,2layers,Cartpole-Swingup,50,first-both,fprelu,0.3,725664105.1429591,
TD3,2layers,Cartpole-Swingup,10,first-both,fprelu,0.3,765609516.1665909,
TD3,2layers,Cartpole-Swingup,30,first-both,fprelu,0.3,757433098.2799134,
TD3,2layers,Cartpole-Swingup,20,first-both,fprelu,0.3,740699942.8381712,
TD3,2layers,Cartpole-Swingup,40,first-both,fprelu,0.3,736786866.244755,
TD3,2layers,Cartpole-Swingup,50,first-both,fprelu,0.5,717952137.5067357,
TD3,2layers,Cartpole-Swingup,10,first-both,fprelu,0.5,757535924.8424623,
TD3,2layers,Cartpole-Swingup,30,first-both,fprelu,0.5,750137295.498555,
TD3,2layers,Cartpole-Swingup,20,first-both,fprelu,0.5,743909301.2100283,
TD3,2layers,Cartpole-Swingup,40,first-both,fprelu,0.5,777912629.8074117,
TD3,2layers,HalfCheetah-v4,50,first-both,fprelu,0.3,5567671316.891795,
TD3,2layers,HalfCheetah-v4,10,first-both,fprelu,0.3,1583359158.1547074,
TD3,2layers,HalfCheetah-v4,30,first-both,fprelu,0.3,5205157613.743969,
TD3,2layers,HalfCheetah-v4,20,first-both,fprelu,0.3,1446832353.3406348,
TD3,2layers,HalfCheetah-v4,40,first-both,fprelu,0.3,5704945187.833062,
TD3,2layers,HalfCheetah-v4,50,first-both,fprelu,0.2,5260840264.894194,
TD3,2layers,HalfCheetah-v4,10,first-both,fprelu,0.2,7188806137.639196,
TD3,2layers,HalfCheetah-v4,30,first-both,fprelu,0.2,5329967843.797479,
TD3,2layers,HalfCheetah-v4,20,first-both,fprelu,0.2,1652140074.3739693,
TD3,2layers,HalfCheetah-v4,40,first-both,fprelu,0.2,1680206031.6885054,
TD3,2layers,HalfCheetah-v4,50,first-both,fprelu,0.4,1490630285.8631444,
TD3,2layers,HalfCheetah-v4,10,first-both,fprelu,0.4,1592026602.4440086,
TD3,2layers,HalfCheetah-v4,30,first-both,fprelu,0.4,1577396897.405323,
TD3,2layers,HalfCheetah-v4,20,first-both,fprelu,0.4,1583314182.6245008,
TD3,2layers,HalfCheetah-v4,40,first-both,fprelu,0.4,1472873831.4746475,
TD3,2layers,HalfCheetah-v4,50,first-both,fprelu,0.5,1495128108.566023,
TD3,2layers,HalfCheetah-v4,10,first-both,fprelu,0.5,1376061858.6577885,
TD3,2layers,HalfCheetah-v4,30,first-both,fprelu,0.5,5933776304.798595,
TD3,2layers,HalfCheetah-v4,20,first-both,fprelu,0.5,3328655708.570171,
TD3,2layers,HalfCheetah-v4,40,first-both,fprelu,0.5,1378133976.8882613,
TD3,2layers,HalfCheetah-v4,50,first-both,fprelu,0.1,6493551738.377829,
TD3,2layers,HalfCheetah-v4,10,first-both,fprelu,0.1,7137764213.717488,
TD3,2layers,HalfCheetah-v4,30,first-both,fprelu,0.1,1361981986.5234487,
TD3,2layers,HalfCheetah-v4,20,first-both,fprelu,0.1,1525929020.290893,
TD3,2layers,HalfCheetah-v4,40,first-both,fprelu,0.1,1633806124.7838764,
TD3,2layers,Finger-Spin,50,first-both,fprelu,0.1,778985000.0,
TD3,2layers,Finger-Spin,10,first-both,fprelu,0.1,774285000.0,
TD3,2layers,Finger-Spin,30,first-both,fprelu,0.1,773365000.0,
TD3,2layers,Finger-Spin,20,first-both,fprelu,0.1,634605000.0,
TD3,2layers,Finger-Spin,40,first-both,fprelu,0.1,705350000.0,
TD3,2layers,Finger-Spin,50,first-both,fprelu,0.3,787735000.0,
TD3,2layers,Finger-Spin,10,first-both,fprelu,0.3,746940000.0,
TD3,2layers,Finger-Spin,30,first-both,fprelu,0.3,764185000.0,
TD3,2layers,Finger-Spin,20,first-both,fprelu,0.3,813790000.0,
TD3,2layers,Finger-Spin,40,first-both,fprelu,0.3,778440000.0,
TD3,2layers,Finger-Spin,50,first-both,fprelu,0.2,567090000.0,
TD3,2layers,Finger-Spin,10,first-both,fprelu,0.2,820350000.0,
TD3,2layers,Finger-Spin,30,first-both,fprelu,0.2,80000.0,
TD3,2layers,Finger-Spin,20,first-both,fprelu,0.2,785855000.0,
TD3,2layers,Finger-Spin,40,first-both,fprelu,0.2,772925000.0,
TD3,2layers,Finger-Spin,50,first-both,fprelu,0.4,790505000.0,
TD3,2layers,Finger-Spin,10,first-both,fprelu,0.4,606860000.0,
TD3,2layers,Finger-Spin,30,first-both,fprelu,0.4,675630000.0,
TD3,2layers,Finger-Spin,20,first-both,fprelu,0.4,549015000.0,
TD3,2layers,Finger-Spin,40,first-both,fprelu,0.4,799605000.0,
TD3,2layers,Finger-Spin,50,first-both,fprelu,0.5,728090000.0,
TD3,2layers,Finger-Spin,10,first-both,fprelu,0.5,608670000.0,
TD3,2layers,Finger-Spin,30,first-both,fprelu,0.5,604025000.0,
TD3,2layers,Finger-Spin,20,first-both,fprelu,0.5,535215000.0,
TD3,2layers,Finger-Spin,40,first-both,fprelu,0.5,654920000.0,
TD3,2layers,Hopper-v4,50,first-both,fprelu,0.2,2153224048.0251007,
TD3,2layers,Hopper-v4,10,first-both,fprelu,0.2,2791077293.2257,
TD3,2layers,Hopper-v4,30,first-both,fprelu,0.2,2552198658.513007,
TD3,2layers,Hopper-v4,20,first-both,fprelu,0.2,2152496588.6650457,
TD3,2layers,Hopper-v4,40,first-both,fprelu,0.2,2240280363.555745,
TD3,2layers,Hopper-v4,50,first-both,fprelu,0.3,2550021097.0955443,
TD3,2layers,Hopper-v4,10,first-both,fprelu,0.3,2090270243.8728008,
TD3,2layers,Hopper-v4,30,first-both,fprelu,0.3,2654612025.773019,
TD3,2layers,Hopper-v4,20,first-both,fprelu,0.3,2332251957.8676453,
TD3,2layers,Hopper-v4,40,first-both,fprelu,0.3,1527356121.3762207,
TD3,2layers,Hopper-v4,50,first-both,fprelu,0.4,2111822299.5247087,
TD3,2layers,Hopper-v4,10,first-both,fprelu,0.4,2509391831.210443,
TD3,2layers,Hopper-v4,30,first-both,fprelu,0.4,2386394309.962198,
TD3,2layers,Hopper-v4,20,first-both,fprelu,0.4,2831450756.4008102,
TD3,2layers,Hopper-v4,40,first-both,fprelu,0.4,2294130755.657627,
TD3,2layers,Hopper-v4,50,first-both,fprelu,0.5,1953875769.013552,
TD3,2layers,Hopper-v4,10,first-both,fprelu,0.5,2344711494.8415165,
TD3,2layers,Hopper-v4,30,first-both,fprelu,0.5,2105399225.118494,
TD3,2layers,Hopper-v4,20,first-both,fprelu,0.5,577231285.6763071,
TD3,2layers,Hopper-v4,40,first-both,fprelu,0.5,1664800124.0988026,
TD3,2layers,Hopper-v4,50,first-both,fprelu,0.1,2641177499.3169794,
TD3,2layers,Hopper-v4,10,first-both,fprelu,0.1,2665379594.9756083,
TD3,2layers,Hopper-v4,30,first-both,fprelu,0.1,2690808049.0214257,
TD3,2layers,Hopper-v4,20,first-both,fprelu,0.1,2028917335.9630325,
TD3,2layers,Hopper-v4,40,first-both,fprelu,0.1,2344397083.165261,
TD3,2layers,Walker-Walk,50,all-both,frelu,0.4,817611266.0711908,
TD3,2layers,Walker-Walk,10,all-both,frelu,0.4,835403392.9737322,
TD3,2layers,Walker-Walk,30,all-both,frelu,0.4,862218409.6169151,
TD3,2layers,Walker-Walk,20,all-both,frelu,0.4,660343707.0866823,
TD3,2layers,Walker-Walk,40,all-both,frelu,0.4,784962895.8801137,
TD3,2layers,Walker-Walk,50,all-both,frelu,0.1,859189993.1269723,
TD3,2layers,Walker-Walk,10,all-both,frelu,0.1,862336660.8492761,
TD3,2layers,Walker-Walk,30,all-both,frelu,0.1,832330043.3912225,
TD3,2layers,Walker-Walk,20,all-both,frelu,0.1,727770024.9953668,
TD3,2layers,Walker-Walk,40,all-both,frelu,0.1,526796991.8795237,
TD3,2layers,Walker-Walk,50,all-both,frelu,0.3,861475395.6583807,
TD3,2layers,Walker-Walk,10,all-both,frelu,0.3,645255829.8202671,
TD3,2layers,Walker-Walk,30,all-both,frelu,0.3,789294419.8555683,
TD3,2layers,Walker-Walk,20,all-both,frelu,0.3,831255730.414277,
TD3,2layers,Walker-Walk,40,all-both,frelu,0.3,432960765.6902552,
TD3,2layers,Walker-Walk,50,all-both,frelu,0.5,801417804.8816919,
TD3,2layers,Walker-Walk,10,all-both,frelu,0.5,712018014.6517104,
TD3,2layers,Walker-Walk,30,all-both,frelu,0.5,706587262.2439809,
TD3,2layers,Walker-Walk,20,all-both,frelu,0.5,593553255.9539615,
TD3,2layers,Walker-Walk,40,all-both,frelu,0.5,370751236.0307451,
TD3,2layers,Walker-Walk,50,all-both,frelu,0.2,839526526.7352718,
TD3,2layers,Walker-Walk,10,all-both,frelu,0.2,878606056.3056141,
TD3,2layers,Walker-Walk,30,all-both,frelu,0.2,447813951.89932495,
TD3,2layers,Walker-Walk,20,all-both,frelu,0.2,844139678.1685277,
TD3,2layers,Walker-Walk,40,all-both,frelu,0.2,569567398.1708913,
TD3,2layers,Finger-Spin,50,all-both,frelu,0.5,509250000.0,
TD3,2layers,Finger-Spin,10,all-both,frelu,0.5,581610000.0,
TD3,2layers,Finger-Spin,30,all-both,frelu,0.5,561700000.0,
TD3,2layers,Finger-Spin,20,all-both,frelu,0.5,485225000.0,
TD3,2layers,Finger-Spin,40,all-both,frelu,0.5,566470000.0,
TD3,2layers,Finger-Spin,50,all-both,frelu,0.1,710715000.0,
TD3,2layers,Finger-Spin,10,all-both,frelu,0.1,711125000.0,
TD3,2layers,Finger-Spin,30,all-both,frelu,0.1,709790000.0,
TD3,2layers,Finger-Spin,20,all-both,frelu,0.1,30000.0,
TD3,2layers,Finger-Spin,40,all-both,frelu,0.1,795815000.0,
TD3,2layers,Finger-Spin,50,all-both,frelu,0.2,818985000.0,
TD3,2layers,Finger-Spin,10,all-both,frelu,0.2,670845000.0,
TD3,2layers,Finger-Spin,30,all-both,frelu,0.2,800980000.0,
TD3,2layers,Finger-Spin,20,all-both,frelu,0.2,639050000.0,
TD3,2layers,Finger-Spin,40,all-both,frelu,0.2,805195000.0,
TD3,2layers,Finger-Spin,50,all-both,frelu,0.3,761645000.0,
TD3,2layers,Finger-Spin,10,all-both,frelu,0.3,628800000.0,
TD3,2layers,Finger-Spin,30,all-both,frelu,0.3,643600000.0,
TD3,2layers,Finger-Spin,20,all-both,frelu,0.3,672325000.0,
TD3,2layers,Finger-Spin,40,all-both,frelu,0.3,769585000.0,
TD3,2layers,Finger-Spin,50,all-both,frelu,0.4,586745000.0,
TD3,2layers,Finger-Spin,10,all-both,frelu,0.4,1110000.0,
TD3,2layers,Finger-Spin,30,all-both,frelu,0.4,689280000.0,
TD3,2layers,Finger-Spin,20,all-both,frelu,0.4,693390000.0,
TD3,2layers,Finger-Spin,40,all-both,frelu,0.4,622960000.0,
TD3,2layers,Cheetah-Run,50,all-both,frelu,0.2,497430022.8602683,
TD3,2layers,Cheetah-Run,10,all-both,frelu,0.2,464964154.21703,
TD3,2layers,Cheetah-Run,30,all-both,frelu,0.2,519522644.44905794,
TD3,2layers,Cheetah-Run,20,all-both,frelu,0.2,380389265.8780538,
TD3,2layers,Cheetah-Run,40,all-both,frelu,0.2,442642674.4579053,
TD3,2layers,Cheetah-Run,50,all-both,frelu,0.4,469750151.4222359,
TD3,2layers,Cheetah-Run,10,all-both,frelu,0.4,525762286.1505728,
TD3,2layers,Cheetah-Run,30,all-both,frelu,0.4,539783729.0775982,
TD3,2layers,Cheetah-Run,20,all-both,frelu,0.4,479673035.84943175,
TD3,2layers,Cheetah-Run,40,all-both,frelu,0.4,514612330.1743586,
TD3,2layers,Cheetah-Run,50,all-both,frelu,0.3,415852911.48562217,
TD3,2layers,Cheetah-Run,10,all-both,frelu,0.3,533911464.3827643,
TD3,2layers,Cheetah-Run,30,all-both,frelu,0.3,509191162.47970855,
TD3,2layers,Cheetah-Run,20,all-both,frelu,0.3,544122550.3263308,
TD3,2layers,Cheetah-Run,40,all-both,frelu,0.3,455582233.3164759,
TD3,2layers,Cheetah-Run,50,all-both,frelu,0.1,495647138.18840224,
TD3,2layers,Cheetah-Run,10,all-both,frelu,0.1,447830164.0723947,
TD3,2layers,Cheetah-Run,30,all-both,frelu,0.1,639389770.0278915,
TD3,2layers,Cheetah-Run,20,all-both,frelu,0.1,554953651.1294487,
TD3,2layers,Cheetah-Run,40,all-both,frelu,0.1,367076835.3766051,
TD3,2layers,Cheetah-Run,50,all-both,frelu,0.5,315959651.4124974,
TD3,2layers,Cheetah-Run,10,all-both,frelu,0.5,378465552.031284,
TD3,2layers,Cheetah-Run,30,all-both,frelu,0.5,450419754.4702326,
TD3,2layers,Cheetah-Run,20,all-both,frelu,0.5,435570154.3475502,
TD3,2layers,Cheetah-Run,40,all-both,frelu,0.5,488159937.0443576,
TD3,2layers,Humanoid-v4,50,all-both,frelu,0.4,1588483890.5220718,
TD3,2layers,Humanoid-v4,10,all-both,frelu,0.4,2270761795.2579503,
TD3,2layers,Humanoid-v4,30,all-both,frelu,0.4,2396321368.0030966,
TD3,2layers,Humanoid-v4,20,all-both,frelu,0.4,2334135183.8363585,
TD3,2layers,Humanoid-v4,40,all-both,frelu,0.4,2178205760.840617,
TD3,2layers,Humanoid-v4,50,all-both,frelu,0.5,890801819.9575107,
TD3,2layers,Humanoid-v4,10,all-both,frelu,0.5,1161438760.7353616,
TD3,2layers,Humanoid-v4,30,all-both,frelu,0.5,975573542.8876156,
TD3,2layers,Humanoid-v4,20,all-both,frelu,0.5,1187946142.556565,
TD3,2layers,Humanoid-v4,40,all-both,frelu,0.5,1687622369.7274418,
TD3,2layers,Humanoid-v4,50,all-both,frelu,0.3,2839540153.079453,
TD3,2layers,Humanoid-v4,10,all-both,frelu,0.3,3533527269.904906,
TD3,2layers,Humanoid-v4,30,all-both,frelu,0.3,2933165387.4280043,
TD3,2layers,Humanoid-v4,20,all-both,frelu,0.3,3363381835.6011643,
TD3,2layers,Humanoid-v4,40,all-both,frelu,0.3,3182075751.123851,
TD3,2layers,Humanoid-v4,50,all-both,frelu,0.1,3618376655.406784,
TD3,2layers,Humanoid-v4,10,all-both,frelu,0.1,3080281092.972273,
TD3,2layers,Humanoid-v4,30,all-both,frelu,0.1,3183361067.356578,
TD3,2layers,Humanoid-v4,20,all-both,frelu,0.1,3700703408.553758,
TD3,2layers,Humanoid-v4,40,all-both,frelu,0.1,3922748800.2240615,
TD3,2layers,Humanoid-v4,50,all-both,frelu,0.2,3889856291.458796,
TD3,2layers,Humanoid-v4,10,all-both,frelu,0.2,2710295204.947954,
TD3,2layers,Humanoid-v4,30,all-both,frelu,0.2,3861320824.75696,
TD3,2layers,Humanoid-v4,20,all-both,frelu,0.2,3922357785.040248,
TD3,2layers,Humanoid-v4,40,all-both,frelu,0.2,3880520353.6177154,
TD3,2layers,Ant-v4,50,all-both,frelu,0.2,2438072538.1892653,
TD3,2layers,Ant-v4,10,all-both,frelu,0.2,2243942764.401879,
TD3,2layers,Ant-v4,30,all-both,frelu,0.2,1285552393.3374915,
TD3,2layers,Ant-v4,20,all-both,frelu,0.2,2163776196.693959,
TD3,2layers,Ant-v4,40,all-both,frelu,0.2,1497251802.5587978,
TD3,2layers,Ant-v4,50,all-both,frelu,0.4,1260764110.8126464,
TD3,2layers,Ant-v4,10,all-both,frelu,0.4,845611403.6373096,
TD3,2layers,Ant-v4,30,all-both,frelu,0.4,1033420566.9637082,
TD3,2layers,Ant-v4,20,all-both,frelu,0.4,1373920958.744028,
TD3,2layers,Ant-v4,40,all-both,frelu,0.4,726920555.6866127,
TD3,2layers,Ant-v4,50,all-both,frelu,0.5,1470795231.6461115,
TD3,2layers,Ant-v4,10,all-both,frelu,0.5,919342511.6559052,
TD3,2layers,Ant-v4,30,all-both,frelu,0.5,877815207.0236163,
TD3,2layers,Ant-v4,20,all-both,frelu,0.5,892831272.3716493,
TD3,2layers,Ant-v4,40,all-both,frelu,0.5,668967053.3990021,
TD3,2layers,Ant-v4,50,all-both,frelu,0.1,2362314163.6074653,
TD3,2layers,Ant-v4,10,all-both,frelu,0.1,2561439903.728006,
TD3,2layers,Ant-v4,30,all-both,frelu,0.1,2320567314.327172,
TD3,2layers,Ant-v4,20,all-both,frelu,0.1,2704312036.8557167,
TD3,2layers,Ant-v4,40,all-both,frelu,0.1,2254635421.37815,
TD3,2layers,Ant-v4,50,all-both,frelu,0.3,2548467991.829264,
TD3,2layers,Ant-v4,10,all-both,frelu,0.3,2170627216.202916,
TD3,2layers,Ant-v4,30,all-both,frelu,0.3,1810398658.2638235,
TD3,2layers,Ant-v4,20,all-both,frelu,0.3,2394867839.7822213,
TD3,2layers,Ant-v4,40,all-both,frelu,0.3,2787883271.608297,
TD3,2layers,Cartpole-Swingup,50,all-both,frelu,0.3,739891294.3271502,
TD3,2layers,Cartpole-Swingup,10,all-both,frelu,0.3,769039934.1124154,
TD3,2layers,Cartpole-Swingup,30,all-both,frelu,0.3,772628070.3702722,
TD3,2layers,Cartpole-Swingup,20,all-both,frelu,0.3,749425510.5533444,
TD3,2layers,Cartpole-Swingup,40,all-both,frelu,0.3,725112556.1082325,
TD3,2layers,Cartpole-Swingup,50,all-both,frelu,0.1,781379937.048256,
TD3,2layers,Cartpole-Swingup,10,all-both,frelu,0.1,755446937.5138427,
TD3,2layers,Cartpole-Swingup,30,all-both,frelu,0.1,745421620.7721397,
TD3,2layers,Cartpole-Swingup,20,all-both,frelu,0.1,763769855.1599075,
TD3,2layers,Cartpole-Swingup,40,all-both,frelu,0.1,729293337.1256359,
TD3,2layers,Cartpole-Swingup,50,all-both,frelu,0.5,730177602.5850645,
TD3,2layers,Cartpole-Swingup,10,all-both,frelu,0.5,743470391.0491347,
TD3,2layers,Cartpole-Swingup,30,all-both,frelu,0.5,768292185.3356092,
TD3,2layers,Cartpole-Swingup,20,all-both,frelu,0.5,732930282.2009773,
TD3,2layers,Cartpole-Swingup,40,all-both,frelu,0.5,709770665.0028393,
TD3,2layers,Cartpole-Swingup,50,all-both,frelu,0.2,751327436.5708598,
TD3,2layers,Cartpole-Swingup,10,all-both,frelu,0.2,760269716.8822001,
TD3,2layers,Cartpole-Swingup,30,all-both,frelu,0.2,749971033.1195174,
TD3,2layers,Cartpole-Swingup,20,all-both,frelu,0.2,770355768.8396505,
TD3,2layers,Cartpole-Swingup,40,all-both,frelu,0.2,766254547.619695,
TD3,2layers,Cartpole-Swingup,50,all-both,frelu,0.4,777732233.8629743,
TD3,2layers,Cartpole-Swingup,10,all-both,frelu,0.4,728925358.3397123,
TD3,2layers,Cartpole-Swingup,30,all-both,frelu,0.4,766985729.5940412,
TD3,2layers,Cartpole-Swingup,20,all-both,frelu,0.4,755951828.1870979,
TD3,2layers,Cartpole-Swingup,40,all-both,frelu,0.4,742938502.7620162,
TD3,2layers,HalfCheetah-v4,50,all-both,frelu,0.3,4032586079.639264,
TD3,2layers,HalfCheetah-v4,10,all-both,frelu,0.3,1448904861.168172,
TD3,2layers,HalfCheetah-v4,30,all-both,frelu,0.3,1356368964.7915602,
TD3,2layers,HalfCheetah-v4,20,all-both,frelu,0.3,4643402459.145234,
TD3,2layers,HalfCheetah-v4,40,all-both,frelu,0.3,1437838806.2175565,
TD3,2layers,HalfCheetah-v4,50,all-both,frelu,0.5,3446004395.816323,
TD3,2layers,HalfCheetah-v4,10,all-both,frelu,0.5,1430627574.9482768,
TD3,2layers,HalfCheetah-v4,30,all-both,frelu,0.5,4125677900.298361,
TD3,2layers,HalfCheetah-v4,20,all-both,frelu,0.5,2961608053.859025,
TD3,2layers,HalfCheetah-v4,40,all-both,frelu,0.5,1252025272.3597383,
TD3,2layers,HalfCheetah-v4,50,all-both,frelu,0.1,5038891436.034908,
TD3,2layers,HalfCheetah-v4,10,all-both,frelu,0.1,1562856170.3883498,
TD3,2layers,HalfCheetah-v4,30,all-both,frelu,0.1,1363876727.4440105,
TD3,2layers,HalfCheetah-v4,20,all-both,frelu,0.1,1660856966.7171483,
TD3,2layers,HalfCheetah-v4,40,all-both,frelu,0.1,6764993357.395704,
TD3,2layers,HalfCheetah-v4,50,all-both,frelu,0.4,1462196960.6960366,
TD3,2layers,HalfCheetah-v4,10,all-both,frelu,0.4,5712113809.603844,
TD3,2layers,HalfCheetah-v4,30,all-both,frelu,0.4,4031041041.698332,
TD3,2layers,HalfCheetah-v4,20,all-both,frelu,0.4,1319179725.4783528,
TD3,2layers,HalfCheetah-v4,40,all-both,frelu,0.4,6369180277.532888,
TD3,2layers,HalfCheetah-v4,50,all-both,frelu,0.2,1536072085.0409656,
TD3,2layers,HalfCheetah-v4,10,all-both,frelu,0.2,1477105175.4827938,
TD3,2layers,HalfCheetah-v4,30,all-both,frelu,0.2,1580311055.4047985,
TD3,2layers,HalfCheetah-v4,20,all-both,frelu,0.2,4721169448.351641,
TD3,2layers,HalfCheetah-v4,40,all-both,frelu,0.2,1363959498.4920907,
TD3,2layers,Hopper-v4,50,all-both,frelu,0.3,879605077.6067535,
TD3,2layers,Hopper-v4,10,all-both,frelu,0.3,2146695816.9045768,
TD3,2layers,Hopper-v4,30,all-both,frelu,0.3,2369392371.300144,
TD3,2layers,Hopper-v4,20,all-both,frelu,0.3,1977575902.8363264,
TD3,2layers,Hopper-v4,40,all-both,frelu,0.3,1761644637.940709,
TD3,2layers,Hopper-v4,50,all-both,frelu,0.2,1338605866.510129,
TD3,2layers,Hopper-v4,10,all-both,frelu,0.2,1229952204.5965228,
TD3,2layers,Hopper-v4,30,all-both,frelu,0.2,2198342060.5984764,
TD3,2layers,Hopper-v4,20,all-both,frelu,0.2,1555426025.6018589,
TD3,2layers,Hopper-v4,40,all-both,frelu,0.2,1451908365.5180812,
TD3,2layers,Hopper-v4,50,all-both,frelu,0.1,2613059068.6513257,
TD3,2layers,Hopper-v4,10,all-both,frelu,0.1,551692223.5184202,
TD3,2layers,Hopper-v4,30,all-both,frelu,0.1,2396260371.7949147,
TD3,2layers,Hopper-v4,20,all-both,frelu,0.1,2427556707.949213,
TD3,2layers,Hopper-v4,40,all-both,frelu,0.1,1812068157.4261527,
TD3,2layers,Hopper-v4,50,all-both,frelu,0.4,2488321934.561469,
TD3,2layers,Hopper-v4,10,all-both,frelu,0.4,973271247.3846288,
TD3,2layers,Hopper-v4,30,all-both,frelu,0.4,2200175962.3135834,
TD3,2layers,Hopper-v4,20,all-both,frelu,0.4,271973302.7633067,
TD3,2layers,Hopper-v4,40,all-both,frelu,0.4,1379122819.0453973,
TD3,2layers,Hopper-v4,50,all-both,frelu,0.5,927855717.2293888,
TD3,2layers,Hopper-v4,10,all-both,frelu,0.5,1828030524.7581136,
TD3,2layers,Hopper-v4,30,all-both,frelu,0.5,1658977746.330472,
TD3,2layers,Hopper-v4,20,all-both,frelu,0.5,1499844973.0520642,
TD3,2layers,Hopper-v4,40,all-both,frelu,0.5,943390054.8520758,
TD3,2layers,Cheetah-Run,50,all-both,prelu,base,398037445.6590414,
TD3,2layers,Cheetah-Run,10,all-both,prelu,base,418962762.7825737,
TD3,2layers,Cheetah-Run,30,all-both,prelu,base,487089790.7805443,
TD3,2layers,Cheetah-Run,20,all-both,prelu,base,506017618.57032776,
TD3,2layers,Cheetah-Run,40,all-both,prelu,base,484772313.6603832,
TD3,2layers,Finger-Spin,50,all-both,prelu,base,595315000.0,
TD3,2layers,Finger-Spin,10,all-both,prelu,base,638835000.0,
TD3,2layers,Finger-Spin,30,all-both,prelu,base,673000000.0,
TD3,2layers,Finger-Spin,20,all-both,prelu,base,628000000.0,
TD3,2layers,Finger-Spin,40,all-both,prelu,base,584100000.0,
TD3,2layers,Walker-Walk,50,all-both,prelu,base,668508076.3626099,
TD3,2layers,Walker-Walk,10,all-both,prelu,base,661607743.3013916,
TD3,2layers,Walker-Walk,30,all-both,prelu,base,859602765.8462524,
TD3,2layers,Walker-Walk,20,all-both,prelu,base,638043522.4914551,
TD3,2layers,Walker-Walk,40,all-both,prelu,base,576686423.0537415,
TD3,2layers,HalfCheetah-v4,50,all-both,prelu,base,1518563576.5075684,
TD3,2layers,HalfCheetah-v4,10,all-both,prelu,base,1244403927.0019531,
TD3,2layers,HalfCheetah-v4,30,all-both,prelu,base,1421884640.5029297,
TD3,2layers,HalfCheetah-v4,20,all-both,prelu,base,2754122929.1534424,
TD3,2layers,HalfCheetah-v4,40,all-both,prelu,base,1542693596.496582,
TD3,2layers,Hopper-v4,50,all-both,prelu,base,2384791867.752075,
TD3,2layers,Hopper-v4,10,all-both,prelu,base,1087879431.4575195,
TD3,2layers,Hopper-v4,30,all-both,prelu,base,2194310905.342102,
TD3,2layers,Hopper-v4,20,all-both,prelu,base,2124185416.33606,
TD3,2layers,Hopper-v4,40,all-both,prelu,base,1138122428.894043,
TD3,2layers,Humanoid-v4,50,all-both,prelu,base,3625445144.805908,
TD3,2layers,Humanoid-v4,10,all-both,prelu,base,3347426658.0200195,
TD3,2layers,Humanoid-v4,30,all-both,prelu,base,4034952027.5878906,
TD3,2layers,Humanoid-v4,20,all-both,prelu,base,3191334823.4558105,
TD3,2layers,Humanoid-v4,40,all-both,prelu,base,3713112928.7719727,
TD3,2layers,Ant-v4,50,all-both,prelu,base,2313603895.125389,
TD3,2layers,Ant-v4,10,all-both,prelu,base,2067143193.1304927,
TD3,2layers,Ant-v4,30,all-both,prelu,base,2162681091.7663574,
TD3,2layers,Ant-v4,20,all-both,prelu,base,2286181006.164551,
TD3,2layers,Ant-v4,40,all-both,prelu,base,2551812274.7802734,
TD3,2layers,Cartpole-Swingup,50,all-both,prelu,base,729616587.4481201,
TD3,2layers,Cartpole-Swingup,10,all-both,prelu,base,730631623.840332,
TD3,2layers,Cartpole-Swingup,30,all-both,prelu,base,758199960.2508545,
TD3,2layers,Cartpole-Swingup,20,all-both,prelu,base,760933549.5758057,
TD3,2layers,Cartpole-Swingup,40,all-both,prelu,base,716361077.8045654,
TD3,2layers,Finger-Spin,50,all-both,swish,base,728010000.0,
TD3,2layers,Finger-Spin,10,all-both,swish,base,818065000.0,
TD3,2layers,Finger-Spin,30,all-both,swish,base,791820000.0,
TD3,2layers,Finger-Spin,20,all-both,swish,base,795540000.0,
TD3,2layers,Finger-Spin,40,all-both,swish,base,819980000.0,
TD3,2layers,Hopper-v4,50,all-both,swish,base,2502252156.3720703,
TD3,2layers,Hopper-v4,10,all-both,swish,base,1927259698.1811523,
TD3,2layers,Hopper-v4,30,all-both,swish,base,2440164531.860352,
TD3,2layers,Hopper-v4,20,all-both,swish,base,2630891136.0168457,
TD3,2layers,Hopper-v4,40,all-both,swish,base,1793608846.740723,
TD3,2layers,Walker-Walk,50,all-both,swish,base,895019493.2746887,
TD3,2layers,Walker-Walk,10,all-both,swish,base,864689910.1257324,
TD3,2layers,Walker-Walk,30,all-both,swish,base,787294876.2702942,
TD3,2layers,Walker-Walk,20,all-both,swish,base,902733694.5343018,
TD3,2layers,Walker-Walk,40,all-both,swish,base,848244770.3361511,
TD3,2layers,Cartpole-Swingup,50,all-both,swish,base,726071653.4423828,
TD3,2layers,Cartpole-Swingup,10,all-both,swish,base,771349347.15271,
TD3,2layers,Cartpole-Swingup,30,all-both,swish,base,755448759.765625,
TD3,2layers,Cartpole-Swingup,20,all-both,swish,base,785221849.1363525,
TD3,2layers,Cartpole-Swingup,40,all-both,swish,base,759400503.3111572,
TD3,2layers,Humanoid-v4,50,all-both,swish,base,3514337741.088867,
TD3,2layers,Humanoid-v4,10,all-both,swish,base,3256589328.0410767,
TD3,2layers,Humanoid-v4,30,all-both,swish,base,3581462283.325196,
TD3,2layers,Humanoid-v4,20,all-both,swish,base,3941306037.3687744,
TD3,2layers,Humanoid-v4,40,all-both,swish,base,3447116178.1311035,
TD3,2layers,Ant-v4,50,all-both,swish,base,2865397167.663574,
TD3,2layers,Ant-v4,10,all-both,swish,base,2470899132.671356,
TD3,2layers,Ant-v4,30,all-both,swish,base,2012224944.000244,
TD3,2layers,Ant-v4,20,all-both,swish,base,2671140268.7883377,
TD3,2layers,Ant-v4,40,all-both,swish,base,2273559322.757721,
TD3,2layers,HalfCheetah-v4,50,all-both,swish,base,1622618245.9640503,
TD3,2layers,HalfCheetah-v4,10,all-both,swish,base,5833424704.055786,
TD3,2layers,HalfCheetah-v4,30,all-both,swish,base,5943534675.90332,
TD3,2layers,HalfCheetah-v4,20,all-both,swish,base,1560784198.846817,
TD3,2layers,HalfCheetah-v4,40,all-both,swish,base,6344457145.843506,
TD3,2layers,Cheetah-Run,50,all-both,swish,base,432109722.8455544,
TD3,2layers,Cheetah-Run,10,all-both,swish,base,469508511.1820698,
TD3,2layers,Cheetah-Run,30,all-both,swish,base,449118342.4854279,
TD3,2layers,Cheetah-Run,20,all-both,swish,base,387816540.5988693,
TD3,2layers,Cheetah-Run,40,all-both,swish,base,445138229.99954224,
TD3,2layers,Walker-Walk,50,all-both,flrelu,0.4,801269507.2802101,
TD3,2layers,Walker-Walk,10,all-both,flrelu,0.4,863717841.8991884,
TD3,2layers,Walker-Walk,30,all-both,flrelu,0.4,730874461.4653172,
TD3,2layers,Walker-Walk,20,all-both,flrelu,0.4,832929525.8096744,
TD3,2layers,Walker-Walk,40,all-both,flrelu,0.4,402419977.2083784,
TD3,2layers,Walker-Walk,50,all-both,flrelu,0.5,708583879.2267971,
TD3,2layers,Walker-Walk,10,all-both,flrelu,0.5,800833408.9600214,
TD3,2layers,Walker-Walk,30,all-both,flrelu,0.5,412486873.8961725,
TD3,2layers,Walker-Walk,20,all-both,flrelu,0.5,425128902.4220322,
TD3,2layers,Walker-Walk,40,all-both,flrelu,0.5,700085480.7366965,
TD3,2layers,Walker-Walk,50,all-both,flrelu,0.3,752489646.1628425,
TD3,2layers,Walker-Walk,10,all-both,flrelu,0.3,863687502.1344033,
TD3,2layers,Walker-Walk,30,all-both,flrelu,0.3,767509492.6008554,
TD3,2layers,Walker-Walk,20,all-both,flrelu,0.3,801419658.1090162,
TD3,2layers,Walker-Walk,40,all-both,flrelu,0.3,593253500.4326437,
TD3,2layers,Walker-Walk,50,all-both,flrelu,0.1,840658258.629099,
TD3,2layers,Walker-Walk,10,all-both,flrelu,0.1,756325762.6540661,
TD3,2layers,Walker-Walk,30,all-both,flrelu,0.1,803446279.390929,
TD3,2layers,Walker-Walk,20,all-both,flrelu,0.1,821194002.406525,
TD3,2layers,Walker-Walk,40,all-both,flrelu,0.1,565437608.7411306,
TD3,2layers,Walker-Walk,50,all-both,flrelu,0.2,708013109.0858282,
TD3,2layers,Walker-Walk,10,all-both,flrelu,0.2,880697892.684069,
TD3,2layers,Walker-Walk,30,all-both,flrelu,0.2,820213970.6419417,
TD3,2layers,Walker-Walk,20,all-both,flrelu,0.2,789687312.9934623,
TD3,2layers,Walker-Walk,40,all-both,flrelu,0.2,793126755.9394299,
TD3,2layers,Finger-Spin,50,all-both,flrelu,0.4,768710000.0,
TD3,2layers,Finger-Spin,10,all-both,flrelu,0.4,273580000.0,
TD3,2layers,Finger-Spin,30,all-both,flrelu,0.4,413835000.0,
TD3,2layers,Finger-Spin,20,all-both,flrelu,0.4,678240000.0,
TD3,2layers,Finger-Spin,40,all-both,flrelu,0.4,777515000.0,
TD3,2layers,Finger-Spin,50,all-both,flrelu,0.5,623125000.0,
TD3,2layers,Finger-Spin,10,all-both,flrelu,0.5,3580000.0,
TD3,2layers,Finger-Spin,30,all-both,flrelu,0.5,564525000.0,
TD3,2layers,Finger-Spin,20,all-both,flrelu,0.5,520425000.0,
TD3,2layers,Finger-Spin,40,all-both,flrelu,0.5,479325000.0,
TD3,2layers,Finger-Spin,50,all-both,flrelu,0.2,768010000.0,
TD3,2layers,Finger-Spin,10,all-both,flrelu,0.2,710480000.0,
TD3,2layers,Finger-Spin,30,all-both,flrelu,0.2,684740000.0,
TD3,2layers,Finger-Spin,20,all-both,flrelu,0.2,777830000.0,
TD3,2layers,Finger-Spin,40,all-both,flrelu,0.2,708040000.0,
TD3,2layers,Finger-Spin,50,all-both,flrelu,0.3,783255000.0,
TD3,2layers,Finger-Spin,10,all-both,flrelu,0.3,72745000.0,
TD3,2layers,Finger-Spin,30,all-both,flrelu,0.3,455545000.0,
TD3,2layers,Finger-Spin,20,all-both,flrelu,0.3,3500000.0,
TD3,2layers,Finger-Spin,40,all-both,flrelu,0.3,744600000.0,
TD3,2layers,Finger-Spin,50,all-both,flrelu,0.1,807830000.0,
TD3,2layers,Finger-Spin,10,all-both,flrelu,0.1,676360000.0,
TD3,2layers,Finger-Spin,30,all-both,flrelu,0.1,805385000.0,
TD3,2layers,Finger-Spin,20,all-both,flrelu,0.1,757565000.0,
TD3,2layers,Finger-Spin,40,all-both,flrelu,0.1,763380000.0,
TD3,2layers,Cheetah-Run,50,all-both,flrelu,0.1,492440416.8504,
TD3,2layers,Cheetah-Run,10,all-both,flrelu,0.1,448272092.245209,
TD3,2layers,Cheetah-Run,30,all-both,flrelu,0.1,530661862.77752495,
TD3,2layers,Cheetah-Run,20,all-both,flrelu,0.1,463320386.9627568,
TD3,2layers,Cheetah-Run,40,all-both,flrelu,0.1,471609628.19290817,
TD3,2layers,Cheetah-Run,50,all-both,flrelu,0.3,437300037.4201156,
TD3,2layers,Cheetah-Run,10,all-both,flrelu,0.3,483075140.2388933,
TD3,2layers,Cheetah-Run,30,all-both,flrelu,0.3,527487535.5619007,
TD3,2layers,Cheetah-Run,20,all-both,flrelu,0.3,512837865.1953186,
TD3,2layers,Cheetah-Run,40,all-both,flrelu,0.3,451778731.3617152,
TD3,2layers,Cheetah-Run,50,all-both,flrelu,0.5,420522214.69599575,
TD3,2layers,Cheetah-Run,10,all-both,flrelu,0.5,377334582.7983836,
TD3,2layers,Cheetah-Run,30,all-both,flrelu,0.5,495040518.8152252,
TD3,2layers,Cheetah-Run,20,all-both,flrelu,0.5,382820976.1094215,
TD3,2layers,Cheetah-Run,40,all-both,flrelu,0.5,515594684.331149,
TD3,2layers,Cheetah-Run,50,all-both,flrelu,0.2,496667191.29833305,
TD3,2layers,Cheetah-Run,10,all-both,flrelu,0.2,492384738.64837646,
TD3,2layers,Cheetah-Run,30,all-both,flrelu,0.2,561592983.3428824,
TD3,2layers,Cheetah-Run,20,all-both,flrelu,0.2,539022490.7995172,
TD3,2layers,Cheetah-Run,40,all-both,flrelu,0.2,462399263.4100144,
TD3,2layers,Cheetah-Run,50,all-both,flrelu,0.4,511639514.06991535,
TD3,2layers,Cheetah-Run,10,all-both,flrelu,0.4,479703730.9963725,
TD3,2layers,Cheetah-Run,30,all-both,flrelu,0.4,379821302.839876,
TD3,2layers,Cheetah-Run,20,all-both,flrelu,0.4,435243389.5468943,
TD3,2layers,Cheetah-Run,40,all-both,flrelu,0.4,490619268.4361239,
TD3,2layers,Humanoid-v4,50,all-both,flrelu,0.2,3670359078.08025,
TD3,2layers,Humanoid-v4,10,all-both,flrelu,0.2,3420506500.185126,
TD3,2layers,Humanoid-v4,30,all-both,flrelu,0.2,2384982093.887269,
TD3,2layers,Humanoid-v4,20,all-both,flrelu,0.2,3380344201.6762915,
TD3,2layers,Humanoid-v4,40,all-both,flrelu,0.2,3507994055.9653,
TD3,2layers,Humanoid-v4,50,all-both,flrelu,0.5,2277164776.7551937,
TD3,2layers,Humanoid-v4,10,all-both,flrelu,0.5,3351929062.5279264,
TD3,2layers,Humanoid-v4,30,all-both,flrelu,0.5,2284044541.7444663,
TD3,2layers,Humanoid-v4,20,all-both,flrelu,0.5,618069063.5427703,
TD3,2layers,Humanoid-v4,40,all-both,flrelu,0.5,2870293536.0162725,
TD3,2layers,Humanoid-v4,50,all-both,flrelu,0.3,2873128029.8841166,
TD3,2layers,Humanoid-v4,10,all-both,flrelu,0.3,3331721853.4110336,
TD3,2layers,Humanoid-v4,30,all-both,flrelu,0.3,3251902588.5349045,
TD3,2layers,Humanoid-v4,20,all-both,flrelu,0.3,2626134277.9677324,
TD3,2layers,Humanoid-v4,40,all-both,flrelu,0.3,3928471672.667853,
TD3,2layers,Humanoid-v4,50,all-both,flrelu,0.1,4130030645.282599,
TD3,2layers,Humanoid-v4,10,all-both,flrelu,0.1,3789804137.315355,
TD3,2layers,Humanoid-v4,30,all-both,flrelu,0.1,3080240262.243016,
TD3,2layers,Humanoid-v4,20,all-both,flrelu,0.1,3214763138.6249223,
TD3,2layers,Humanoid-v4,40,all-both,flrelu,0.1,3922189693.049651,
TD3,2layers,Humanoid-v4,50,all-both,flrelu,0.4,3650077702.6977096,
TD3,2layers,Humanoid-v4,10,all-both,flrelu,0.4,1562516959.2429714,
TD3,2layers,Humanoid-v4,30,all-both,flrelu,0.4,3520825988.6109123,
TD3,2layers,Humanoid-v4,20,all-both,flrelu,0.4,3152102596.0147667,
TD3,2layers,Humanoid-v4,40,all-both,flrelu,0.4,3386292962.2782865,
TD3,2layers,Ant-v4,50,all-both,flrelu,0.3,2138324763.360696,
TD3,2layers,Ant-v4,10,all-both,flrelu,0.3,1481747277.9469385,
TD3,2layers,Ant-v4,30,all-both,flrelu,0.3,1615875945.7788415,
TD3,2layers,Ant-v4,20,all-both,flrelu,0.3,2138456821.88863,
TD3,2layers,Ant-v4,40,all-both,flrelu,0.3,2056320353.4524288,
TD3,2layers,Ant-v4,50,all-both,flrelu,0.1,2284876781.239828,
TD3,2layers,Ant-v4,10,all-both,flrelu,0.1,2046749595.8276348,
TD3,2layers,Ant-v4,30,all-both,flrelu,0.1,2376010779.000824,
TD3,2layers,Ant-v4,20,all-both,flrelu,0.1,3281402751.544854,
TD3,2layers,Ant-v4,40,all-both,flrelu,0.1,2597556970.948154,
TD3,2layers,Ant-v4,50,all-both,flrelu,0.2,2620275598.2372007,
TD3,2layers,Ant-v4,10,all-both,flrelu,0.2,2237221181.389466,
TD3,2layers,Ant-v4,30,all-both,flrelu,0.2,2279694957.092204,
TD3,2layers,Ant-v4,20,all-both,flrelu,0.2,2873355087.9453697,
TD3,2layers,Ant-v4,40,all-both,flrelu,0.2,2380633988.183563,
TD3,2layers,Ant-v4,50,all-both,flrelu,0.5,1309889723.3202868,
TD3,2layers,Ant-v4,10,all-both,flrelu,0.5,872676559.5252917,
TD3,2layers,Ant-v4,30,all-both,flrelu,0.5,260435182.46699345,
TD3,2layers,Ant-v4,20,all-both,flrelu,0.5,972083593.8915762,
TD3,2layers,Ant-v4,40,all-both,flrelu,0.5,720588707.1515809,
TD3,2layers,Ant-v4,50,all-both,flrelu,0.4,1173921079.042903,
TD3,2layers,Ant-v4,10,all-both,flrelu,0.4,1024863319.7959042,
TD3,2layers,Ant-v4,30,all-both,flrelu,0.4,1076060891.903965,
TD3,2layers,Ant-v4,20,all-both,flrelu,0.4,1103743690.1450882,
TD3,2layers,Ant-v4,40,all-both,flrelu,0.4,850710855.3082983,
TD3,2layers,Cartpole-Swingup,50,all-both,flrelu,0.1,771992473.2635446,
TD3,2layers,Cartpole-Swingup,10,all-both,flrelu,0.1,699112388.5206859,
TD3,2layers,Cartpole-Swingup,30,all-both,flrelu,0.1,752858288.5799094,
TD3,2layers,Cartpole-Swingup,20,all-both,flrelu,0.1,775459878.0390031,
TD3,2layers,Cartpole-Swingup,40,all-both,flrelu,0.1,725207133.8888161,
TD3,2layers,Cartpole-Swingup,50,all-both,flrelu,0.5,777889456.366216,
TD3,2layers,Cartpole-Swingup,10,all-both,flrelu,0.5,720911274.6261008,
TD3,2layers,Cartpole-Swingup,30,all-both,flrelu,0.5,762791884.6387054,
TD3,2layers,Cartpole-Swingup,20,all-both,flrelu,0.5,733642235.0404278,
TD3,2layers,Cartpole-Swingup,40,all-both,flrelu,0.5,774458224.1830995,
TD3,2layers,Cartpole-Swingup,50,all-both,flrelu,0.4,732412708.2624339,
TD3,2layers,Cartpole-Swingup,10,all-both,flrelu,0.4,755735558.1565888,
TD3,2layers,Cartpole-Swingup,30,all-both,flrelu,0.4,779308581.3994393,
TD3,2layers,Cartpole-Swingup,20,all-both,flrelu,0.4,744821687.3722998,
TD3,2layers,Cartpole-Swingup,40,all-both,flrelu,0.4,758451700.6394069,
TD3,2layers,Cartpole-Swingup,50,all-both,flrelu,0.2,737173848.5491236,
TD3,2layers,Cartpole-Swingup,10,all-both,flrelu,0.2,734443185.6156998,
TD3,2layers,Cartpole-Swingup,30,all-both,flrelu,0.2,680151274.6601306,
TD3,2layers,Cartpole-Swingup,20,all-both,flrelu,0.2,741074123.0312912,
TD3,2layers,Cartpole-Swingup,40,all-both,flrelu,0.2,726100162.5230756,
TD3,2layers,Cartpole-Swingup,50,all-both,flrelu,0.3,752316480.2319497,
TD3,2layers,Cartpole-Swingup,10,all-both,flrelu,0.3,776168289.1616509,
TD3,2layers,Cartpole-Swingup,30,all-both,flrelu,0.3,788520181.2532709,
TD3,2layers,Cartpole-Swingup,20,all-both,flrelu,0.3,767200910.1595325,
TD3,2layers,Cartpole-Swingup,40,all-both,flrelu,0.3,743972284.3580959,
TD3,2layers,HalfCheetah-v4,50,all-both,flrelu,0.3,3799932907.600828,
TD3,2layers,HalfCheetah-v4,10,all-both,flrelu,0.3,1383259474.3721092,
TD3,2layers,HalfCheetah-v4,30,all-both,flrelu,0.3,3754456742.218274,
TD3,2layers,HalfCheetah-v4,20,all-both,flrelu,0.3,1445520307.5266116,
TD3,2layers,HalfCheetah-v4,40,all-both,flrelu,0.3,4969567883.906336,
TD3,2layers,HalfCheetah-v4,50,all-both,flrelu,0.4,1101664656.645007,
TD3,2layers,HalfCheetah-v4,10,all-both,flrelu,0.4,1161678778.853669,
TD3,2layers,HalfCheetah-v4,30,all-both,flrelu,0.4,3618820820.1302094,
TD3,2layers,HalfCheetah-v4,20,all-both,flrelu,0.4,1198288348.706921,
TD3,2layers,HalfCheetah-v4,40,all-both,flrelu,0.4,1252892402.3623652,
TD3,2layers,HalfCheetah-v4,50,all-both,flrelu,0.5,1175257422.392723,
TD3,2layers,HalfCheetah-v4,10,all-both,flrelu,0.5,1147373588.1583576,
TD3,2layers,HalfCheetah-v4,30,all-both,flrelu,0.5,4475522905.280167,
TD3,2layers,HalfCheetah-v4,20,all-both,flrelu,0.5,3307242133.859601,
TD3,2layers,HalfCheetah-v4,40,all-both,flrelu,0.5,4964501434.282903,
TD3,2layers,HalfCheetah-v4,50,all-both,flrelu,0.2,1482685153.896403,
TD3,2layers,HalfCheetah-v4,10,all-both,flrelu,0.2,1562904357.7497118,
TD3,2layers,HalfCheetah-v4,30,all-both,flrelu,0.2,1345430332.7161658,
TD3,2layers,HalfCheetah-v4,20,all-both,flrelu,0.2,3810215207.10512,
TD3,2layers,HalfCheetah-v4,40,all-both,flrelu,0.2,1740591395.0478034,
TD3,2layers,HalfCheetah-v4,50,all-both,flrelu,0.1,1131819437.5228736,
TD3,2layers,HalfCheetah-v4,10,all-both,flrelu,0.1,1421380301.4588466,
TD3,2layers,HalfCheetah-v4,30,all-both,flrelu,0.1,5854313471.190682,
TD3,2layers,HalfCheetah-v4,20,all-both,flrelu,0.1,1588659151.9297514,
TD3,2layers,HalfCheetah-v4,40,all-both,flrelu,0.1,1673240002.6366112,
TD3,2layers,Hopper-v4,50,all-both,flrelu,0.2,2036071368.2677965,
TD3,2layers,Hopper-v4,10,all-both,flrelu,0.2,1730405463.7131865,
TD3,2layers,Hopper-v4,30,all-both,flrelu,0.2,2362039501.5364456,
TD3,2layers,Hopper-v4,20,all-both,flrelu,0.2,1924072831.3011365,
TD3,2layers,Hopper-v4,40,all-both,flrelu,0.2,1561962245.337418,
TD3,2layers,Hopper-v4,50,all-both,flrelu,0.4,1749125163.4590626,
TD3,2layers,Hopper-v4,10,all-both,flrelu,0.4,1026004057.9538928,
TD3,2layers,Hopper-v4,30,all-both,flrelu,0.4,2110805003.358975,
TD3,2layers,Hopper-v4,20,all-both,flrelu,0.4,2341911266.107642,
TD3,2layers,Hopper-v4,40,all-both,flrelu,0.4,2217327086.2513595,
TD3,2layers,Hopper-v4,50,all-both,flrelu,0.1,2567040068.2329946,
TD3,2layers,Hopper-v4,10,all-both,flrelu,0.1,2310199520.053476,
TD3,2layers,Hopper-v4,30,all-both,flrelu,0.1,1420189914.744119,
TD3,2layers,Hopper-v4,20,all-both,flrelu,0.1,2077645581.242367,
TD3,2layers,Hopper-v4,40,all-both,flrelu,0.1,681287466.560956,
TD3,2layers,Hopper-v4,50,all-both,flrelu,0.3,1503935494.7708845,
TD3,2layers,Hopper-v4,10,all-both,flrelu,0.3,1553915049.096791,
TD3,2layers,Hopper-v4,30,all-both,flrelu,0.3,1948531130.6281133,
TD3,2layers,Hopper-v4,20,all-both,flrelu,0.3,1732768752.4565089,
TD3,2layers,Hopper-v4,40,all-both,flrelu,0.3,1769676893.9850583,
TD3,2layers,Hopper-v4,50,all-both,flrelu,0.5,1881559878.789157,
TD3,2layers,Hopper-v4,10,all-both,flrelu,0.5,1594046751.0816658,
TD3,2layers,Hopper-v4,30,all-both,flrelu,0.5,1741775170.5373712,
TD3,2layers,Hopper-v4,20,all-both,flrelu,0.5,1755249785.4019911,
TD3,2layers,Hopper-v4,40,all-both,flrelu,0.5,1967870539.916408,
TD3,2layers,Hopper-v4,50,all-both,gelu,base,2871870706.634521,
TD3,2layers,Hopper-v4,10,all-both,gelu,base,2261325864.1815186,
TD3,2layers,Hopper-v4,30,all-both,gelu,base,2628625569.6868896,
TD3,2layers,Hopper-v4,20,all-both,gelu,base,2425658982.5439453,
TD3,2layers,Hopper-v4,40,all-both,gelu,base,2264658786.010742,
TD3,2layers,HalfCheetah-v4,50,all-both,gelu,base,1587309439.4493103,
TD3,2layers,HalfCheetah-v4,10,all-both,gelu,base,6036446150.283813,
TD3,2layers,HalfCheetah-v4,30,all-both,gelu,base,1548470000.7247925,
TD3,2layers,HalfCheetah-v4,20,all-both,gelu,base,5145030746.765137,
TD3,2layers,HalfCheetah-v4,40,all-both,gelu,base,5232356592.254639,
TD3,2layers,Ant-v4,50,all-both,gelu,base,2301928391.3326263,
TD3,2layers,Ant-v4,10,all-both,gelu,base,2829755243.9785004,
TD3,2layers,Ant-v4,30,all-both,gelu,base,1903819849.0142825,
TD3,2layers,Ant-v4,20,all-both,gelu,base,2732895343.322754,
TD3,2layers,Ant-v4,40,all-both,gelu,base,2748349625.5493164,
TD3,2layers,Finger-Spin,50,all-both,gelu,base,792420000.0,
TD3,2layers,Finger-Spin,10,all-both,gelu,base,743845000.0,
TD3,2layers,Finger-Spin,30,all-both,gelu,base,819930000.0,
TD3,2layers,Finger-Spin,20,all-both,gelu,base,833550000.0,
TD3,2layers,Finger-Spin,40,all-both,gelu,base,796090000.0,
TD3,2layers,Walker-Walk,50,all-both,gelu,base,847028033.4472656,
TD3,2layers,Walker-Walk,10,all-both,gelu,base,720403599.3003845,
TD3,2layers,Walker-Walk,30,all-both,gelu,base,840302678.9474487,
TD3,2layers,Walker-Walk,20,all-both,gelu,base,858284641.1132812,
TD3,2layers,Walker-Walk,40,all-both,gelu,base,663548227.5390625,
TD3,2layers,Cartpole-Swingup,50,all-both,gelu,base,745344856.0333252,
TD3,2layers,Cartpole-Swingup,10,all-both,gelu,base,760722117.4621582,
TD3,2layers,Cartpole-Swingup,30,all-both,gelu,base,800537829.5135498,
TD3,2layers,Cartpole-Swingup,20,all-both,gelu,base,792425150.9094238,
TD3,2layers,Cartpole-Swingup,40,all-both,gelu,base,779536130.5236816,
TD3,2layers,Cheetah-Run,50,all-both,gelu,base,472948563.785553,
TD3,2layers,Cheetah-Run,10,all-both,gelu,base,465130759.98306274,
TD3,2layers,Cheetah-Run,30,all-both,gelu,base,487479735.12649536,
TD3,2layers,Cheetah-Run,20,all-both,gelu,base,468792240.6768799,
TD3,2layers,Cheetah-Run,40,all-both,gelu,base,350389083.6799145,
TD3,2layers,Humanoid-v4,50,all-both,gelu,base,3325424876.4038086,
TD3,2layers,Humanoid-v4,10,all-both,gelu,base,3426537318.649292,
TD3,2layers,Humanoid-v4,30,all-both,gelu,base,3476450739.8986816,
TD3,2layers,Humanoid-v4,20,all-both,gelu,base,3432220915.794373,
TD3,2layers,Humanoid-v4,40,all-both,gelu,base,3709932628.631592,
TD3,2layers,Walker-Walk,50,all-both,fswish,0.1,866855026.3214111,
TD3,2layers,Walker-Walk,10,all-both,fswish,0.1,905632772.5982666,
TD3,2layers,Walker-Walk,30,all-both,fswish,0.1,866991163.5971069,
TD3,2layers,Walker-Walk,20,all-both,fswish,0.1,716705445.9762573,
TD3,2layers,Walker-Walk,40,all-both,fswish,0.1,659940259.8953247,
TD3,2layers,Walker-Walk,50,all-both,fswish,0.3,753123409.4238281,
TD3,2layers,Walker-Walk,10,all-both,fswish,0.3,621499289.4172668,
TD3,2layers,Walker-Walk,30,all-both,fswish,0.3,879212793.9414978,
TD3,2layers,Walker-Walk,20,all-both,fswish,0.3,872781300.7736206,
TD3,2layers,Walker-Walk,40,all-both,fswish,0.3,796770801.410675,
TD3,2layers,Walker-Walk,50,all-both,fswish,0.5,693415330.8963776,
TD3,2layers,Walker-Walk,10,all-both,fswish,0.5,755749302.9022217,
TD3,2layers,Walker-Walk,30,all-both,fswish,0.5,795478606.262207,
TD3,2layers,Walker-Walk,20,all-both,fswish,0.5,907936212.9974364,
TD3,2layers,Walker-Walk,40,all-both,fswish,0.5,592954392.2472,
TD3,2layers,Walker-Walk,50,all-both,fswish,0.2,800203142.0135498,
TD3,2layers,Walker-Walk,10,all-both,fswish,0.2,870086773.6244202,
TD3,2layers,Walker-Walk,30,all-both,fswish,0.2,676799816.8182373,
TD3,2layers,Walker-Walk,20,all-both,fswish,0.2,862254135.4751587,
TD3,2layers,Walker-Walk,40,all-both,fswish,0.2,877668362.0452881,
TD3,2layers,Walker-Walk,50,all-both,fswish,0.4,632543206.4056396,
TD3,2layers,Walker-Walk,10,all-both,fswish,0.4,874250465.1546478,
TD3,2layers,Walker-Walk,30,all-both,fswish,0.4,872766878.1471252,
TD3,2layers,Walker-Walk,20,all-both,fswish,0.4,883429052.0763397,
TD3,2layers,Walker-Walk,40,all-both,fswish,0.4,435563578.6628723,
TD3,2layers,Finger-Spin,50,all-both,fswish,0.2,786345000.0,
TD3,2layers,Finger-Spin,10,all-both,fswish,0.2,827300000.0,
TD3,2layers,Finger-Spin,30,all-both,fswish,0.2,809600000.0,
TD3,2layers,Finger-Spin,20,all-both,fswish,0.2,770030000.0,
TD3,2layers,Finger-Spin,40,all-both,fswish,0.2,870930000.0,
TD3,2layers,Finger-Spin,50,all-both,fswish,0.5,698330000.0,
TD3,2layers,Finger-Spin,10,all-both,fswish,0.5,753030000.0,
TD3,2layers,Finger-Spin,30,all-both,fswish,0.5,798375000.0,
TD3,2layers,Finger-Spin,20,all-both,fswish,0.5,804690000.0,
TD3,2layers,Finger-Spin,40,all-both,fswish,0.5,722295000.0,
TD3,2layers,Finger-Spin,50,all-both,fswish,0.4,805875000.0,
TD3,2layers,Finger-Spin,10,all-both,fswish,0.4,774130000.0,
TD3,2layers,Finger-Spin,30,all-both,fswish,0.4,751720000.0,
TD3,2layers,Finger-Spin,20,all-both,fswish,0.4,710355000.0,
TD3,2layers,Finger-Spin,40,all-both,fswish,0.4,825385000.0,
TD3,2layers,Finger-Spin,50,all-both,fswish,0.3,783830000.0,
TD3,2layers,Finger-Spin,10,all-both,fswish,0.3,804180000.0,
TD3,2layers,Finger-Spin,30,all-both,fswish,0.3,863250000.0,
TD3,2layers,Finger-Spin,20,all-both,fswish,0.3,798300000.0,
TD3,2layers,Finger-Spin,40,all-both,fswish,0.3,841600000.0,
TD3,2layers,Finger-Spin,50,all-both,fswish,0.1,789980000.0,
TD3,2layers,Finger-Spin,10,all-both,fswish,0.1,787995000.0,
TD3,2layers,Finger-Spin,30,all-both,fswish,0.1,842515000.0,
TD3,2layers,Finger-Spin,20,all-both,fswish,0.1,830410000.0,
TD3,2layers,Finger-Spin,40,all-both,fswish,0.1,773020000.0,
TD3,2layers,Cheetah-Run,50,all-both,fswish,0.1,501924169.86465454,
TD3,2layers,Cheetah-Run,10,all-both,fswish,0.1,567106890.6664848,
TD3,2layers,Cheetah-Run,30,all-both,fswish,0.1,551107760.5867386,
TD3,2layers,Cheetah-Run,20,all-both,fswish,0.1,374072301.1445999,
TD3,2layers,Cheetah-Run,40,all-both,fswish,0.1,477721466.7892456,
TD3,2layers,Cheetah-Run,50,all-both,fswish,0.2,464486517.829895,
TD3,2layers,Cheetah-Run,10,all-both,fswish,0.2,480536741.4426804,
TD3,2layers,Cheetah-Run,30,all-both,fswish,0.2,441158906.6886902,
TD3,2layers,Cheetah-Run,20,all-both,fswish,0.2,452338477.9763222,
TD3,2layers,Cheetah-Run,40,all-both,fswish,0.2,433774879.9419403,
TD3,2layers,Cheetah-Run,50,all-both,fswish,0.4,402814248.77524376,
TD3,2layers,Cheetah-Run,10,all-both,fswish,0.4,538246712.7382755,
TD3,2layers,Cheetah-Run,30,all-both,fswish,0.4,434422251.7299652,
TD3,2layers,Cheetah-Run,20,all-both,fswish,0.4,464058369.3122864,
TD3,2layers,Cheetah-Run,40,all-both,fswish,0.4,546017720.2820778,
TD3,2layers,Cheetah-Run,50,all-both,fswish,0.5,519068775.46310425,
TD3,2layers,Cheetah-Run,10,all-both,fswish,0.5,520934978.9071083,
TD3,2layers,Cheetah-Run,30,all-both,fswish,0.5,339604320.3449249,
TD3,2layers,Cheetah-Run,20,all-both,fswish,0.5,525009399.89209175,
TD3,2layers,Cheetah-Run,40,all-both,fswish,0.5,439208855.9913635,
TD3,2layers,Cheetah-Run,50,all-both,fswish,0.3,511356162.37282753,
TD3,2layers,Cheetah-Run,10,all-both,fswish,0.3,562479284.5094204,
TD3,2layers,Cheetah-Run,30,all-both,fswish,0.3,365864490.6830788,
TD3,2layers,Cheetah-Run,20,all-both,fswish,0.3,445693598.0701447,
TD3,2layers,Cheetah-Run,40,all-both,fswish,0.3,487129975.5048752,
TD3,2layers,Humanoid-v4,50,all-both,fswish,0.2,3606112578.9642334,
TD3,2layers,Humanoid-v4,10,all-both,fswish,0.2,3900696018.52417,
TD3,2layers,Humanoid-v4,30,all-both,fswish,0.2,3741306612.548828,
TD3,2layers,Humanoid-v4,20,all-both,fswish,0.2,3629306816.940308,
TD3,2layers,Humanoid-v4,40,all-both,fswish,0.2,3535074820.8618164,
TD3,2layers,Humanoid-v4,50,all-both,fswish,0.3,3088345995.788574,
TD3,2layers,Humanoid-v4,10,all-both,fswish,0.3,3847674757.232666,
TD3,2layers,Humanoid-v4,30,all-both,fswish,0.3,3103562852.3254395,
TD3,2layers,Humanoid-v4,20,all-both,fswish,0.3,3674625024.871826,
TD3,2layers,Humanoid-v4,40,all-both,fswish,0.3,3638826999.053955,
TD3,2layers,Humanoid-v4,50,all-both,fswish,0.1,3521965423.88916,
TD3,2layers,Humanoid-v4,10,all-both,fswish,0.1,3911859955.8258057,
TD3,2layers,Humanoid-v4,30,all-both,fswish,0.1,3426388249.206543,
TD3,2layers,Humanoid-v4,20,all-both,fswish,0.1,3917723790.855408,
TD3,2layers,Humanoid-v4,40,all-both,fswish,0.1,3782942125.0915527,
TD3,2layers,Humanoid-v4,50,all-both,fswish,0.5,4290197382.507324,
TD3,2layers,Humanoid-v4,10,all-both,fswish,0.5,3301209415.206909,
TD3,2layers,Humanoid-v4,30,all-both,fswish,0.5,3762953857.421875,
TD3,2layers,Humanoid-v4,20,all-both,fswish,0.5,3855511591.949463,
TD3,2layers,Humanoid-v4,40,all-both,fswish,0.5,4014755105.438232,
TD3,2layers,Humanoid-v4,50,all-both,fswish,0.4,3538220865.097046,
TD3,2layers,Humanoid-v4,10,all-both,fswish,0.4,4068171972.961426,
TD3,2layers,Humanoid-v4,30,all-both,fswish,0.4,3835348429.031372,
TD3,2layers,Humanoid-v4,20,all-both,fswish,0.4,3707023822.441101,
TD3,2layers,Humanoid-v4,40,all-both,fswish,0.4,3347748287.5061035,
TD3,2layers,Ant-v4,50,all-both,fswish,0.4,2077758767.1661377,
TD3,2layers,Ant-v4,10,all-both,fswish,0.4,1836275897.064209,
TD3,2layers,Ant-v4,30,all-both,fswish,0.4,1630188387.4893188,
TD3,2layers,Ant-v4,20,all-both,fswish,0.4,2228865901.184082,
TD3,2layers,Ant-v4,40,all-both,fswish,0.4,2064396291.5039065,
TD3,2layers,Ant-v4,50,all-both,fswish,0.1,2990322705.383301,
TD3,2layers,Ant-v4,10,all-both,fswish,0.1,2425433552.551269,
TD3,2layers,Ant-v4,30,all-both,fswish,0.1,2069350615.954399,
TD3,2layers,Ant-v4,20,all-both,fswish,0.1,2612265890.1381493,
TD3,2layers,Ant-v4,40,all-both,fswish,0.1,2447561917.6483154,
TD3,2layers,Ant-v4,50,all-both,fswish,0.3,2825857232.5971723,
TD3,2layers,Ant-v4,10,all-both,fswish,0.3,2021423630.065918,
TD3,2layers,Ant-v4,30,all-both,fswish,0.3,1385561875.257492,
TD3,2layers,Ant-v4,20,all-both,fswish,0.3,2259548681.488037,
TD3,2layers,Ant-v4,40,all-both,fswish,0.3,2704694197.2351074,
TD3,2layers,Ant-v4,50,all-both,fswish,0.2,2025841894.302368,
TD3,2layers,Ant-v4,10,all-both,fswish,0.2,2641180802.307129,
TD3,2layers,Ant-v4,30,all-both,fswish,0.2,1528471755.2393675,
TD3,2layers,Ant-v4,20,all-both,fswish,0.2,2250608208.9424133,
TD3,2layers,Ant-v4,40,all-both,fswish,0.2,2730099577.484131,
TD3,2layers,Ant-v4,50,all-both,fswish,0.5,1778571560.2493286,
TD3,2layers,Ant-v4,10,all-both,fswish,0.5,2118476284.046173,
TD3,2layers,Ant-v4,30,all-both,fswish,0.5,1523441797.6379397,
TD3,2layers,Ant-v4,20,all-both,fswish,0.5,1836578473.2031825,
TD3,2layers,Ant-v4,40,all-both,fswish,0.5,1010552688.369751,
TD3,2layers,Cartpole-Swingup,50,all-both,fswish,0.4,719440839.0808105,
TD3,2layers,Cartpole-Swingup,10,all-both,fswish,0.4,792998654.4036865,
TD3,2layers,Cartpole-Swingup,30,all-both,fswish,0.4,772817210.6170654,
TD3,2layers,Cartpole-Swingup,20,all-both,fswish,0.4,769729961.6241455,
TD3,2layers,Cartpole-Swingup,40,all-both,fswish,0.4,746393342.2088623,
TD3,2layers,Cartpole-Swingup,50,all-both,fswish,0.5,731347040.5197144,
TD3,2layers,Cartpole-Swingup,10,all-both,fswish,0.5,769675038.7954712,
TD3,2layers,Cartpole-Swingup,30,all-both,fswish,0.5,787334019.4702148,
TD3,2layers,Cartpole-Swingup,20,all-both,fswish,0.5,770292997.970581,
TD3,2layers,Cartpole-Swingup,40,all-both,fswish,0.5,770155663.6047363,
TD3,2layers,Cartpole-Swingup,50,all-both,fswish,0.1,753324201.1260986,
TD3,2layers,Cartpole-Swingup,10,all-both,fswish,0.1,787103781.5856934,
TD3,2layers,Cartpole-Swingup,30,all-both,fswish,0.1,764226638.7176514,
TD3,2layers,Cartpole-Swingup,20,all-both,fswish,0.1,788414460.6781006,
TD3,2layers,Cartpole-Swingup,40,all-both,fswish,0.1,750855584.7930908,
TD3,2layers,Cartpole-Swingup,50,all-both,fswish,0.3,781232440.1092529,
TD3,2layers,Cartpole-Swingup,10,all-both,fswish,0.3,781680992.6605225,
TD3,2layers,Cartpole-Swingup,30,all-both,fswish,0.3,785956139.2593384,
TD3,2layers,Cartpole-Swingup,20,all-both,fswish,0.3,772618351.05896,
TD3,2layers,Cartpole-Swingup,40,all-both,fswish,0.3,773731530.1513672,
TD3,2layers,Cartpole-Swingup,50,all-both,fswish,0.2,747358997.7264404,
TD3,2layers,Cartpole-Swingup,10,all-both,fswish,0.2,776107468.1091309,
TD3,2layers,Cartpole-Swingup,30,all-both,fswish,0.2,760987506.6375732,
TD3,2layers,Cartpole-Swingup,20,all-both,fswish,0.2,763746286.6210938,
TD3,2layers,Cartpole-Swingup,40,all-both,fswish,0.2,620486051.5594482,
TD3,2layers,HalfCheetah-v4,50,all-both,fswish,0.2,1561636926.2313845,
TD3,2layers,HalfCheetah-v4,10,all-both,fswish,0.2,1686878363.8000488,
TD3,2layers,HalfCheetah-v4,30,all-both,fswish,0.2,6580966989.364624,
TD3,2layers,HalfCheetah-v4,20,all-both,fswish,0.2,1635872281.3415527,
TD3,2layers,HalfCheetah-v4,40,all-both,fswish,0.2,1763789594.2687988,
TD3,2layers,HalfCheetah-v4,50,all-both,fswish,0.5,4342505562.095642,
TD3,2layers,HalfCheetah-v4,10,all-both,fswish,0.5,6792929988.861084,
TD3,2layers,HalfCheetah-v4,30,all-both,fswish,0.5,5478513722.229004,
TD3,2layers,HalfCheetah-v4,20,all-both,fswish,0.5,1196621640.1672363,
TD3,2layers,HalfCheetah-v4,40,all-both,fswish,0.5,1590755272.7508545,
TD3,2layers,HalfCheetah-v4,50,all-both,fswish,0.4,1774299629.9743652,
TD3,2layers,HalfCheetah-v4,10,all-both,fswish,0.4,5551117925.243378,
TD3,2layers,HalfCheetah-v4,30,all-both,fswish,0.4,4723552384.738922,
TD3,2layers,HalfCheetah-v4,20,all-both,fswish,0.4,1380900439.8345947,
TD3,2layers,HalfCheetah-v4,40,all-both,fswish,0.4,1494631066.4367676,
TD3,2layers,HalfCheetah-v4,50,all-both,fswish,0.1,1889446160.3546145,
TD3,2layers,HalfCheetah-v4,10,all-both,fswish,0.1,1541925188.9801023,
TD3,2layers,HalfCheetah-v4,30,all-both,fswish,0.1,5505217128.295898,
TD3,2layers,HalfCheetah-v4,20,all-both,fswish,0.1,1461954340.591431,
TD3,2layers,HalfCheetah-v4,40,all-both,fswish,0.1,1727838701.5151978,
TD3,2layers,HalfCheetah-v4,50,all-both,fswish,0.3,1976554556.5199847,
TD3,2layers,HalfCheetah-v4,10,all-both,fswish,0.3,1447568311.4624023,
TD3,2layers,HalfCheetah-v4,30,all-both,fswish,0.3,1662526211.5097046,
TD3,2layers,HalfCheetah-v4,20,all-both,fswish,0.3,1555633683.9294434,
TD3,2layers,HalfCheetah-v4,40,all-both,fswish,0.3,1735380005.0735474,
TD3,2layers,Hopper-v4,50,all-both,fswish,0.1,2753135951.385498,
TD3,2layers,Hopper-v4,10,all-both,fswish,0.1,2253149496.612549,
TD3,2layers,Hopper-v4,30,all-both,fswish,0.1,659528128.8146973,
TD3,2layers,Hopper-v4,20,all-both,fswish,0.1,2438171734.4665527,
TD3,2layers,Hopper-v4,40,all-both,fswish,0.1,2437974488.220215,
TD3,2layers,Hopper-v4,50,all-both,fswish,0.2,2432419210.05249,
TD3,2layers,Hopper-v4,10,all-both,fswish,0.2,2350573027.620316,
TD3,2layers,Hopper-v4,30,all-both,fswish,0.2,1507233682.5942993,
TD3,2layers,Hopper-v4,20,all-both,fswish,0.2,2640115017.3950195,
TD3,2layers,Hopper-v4,40,all-both,fswish,0.2,2348574672.9278564,
TD3,2layers,Hopper-v4,50,all-both,fswish,0.3,2609478274.154663,
TD3,2layers,Hopper-v4,10,all-both,fswish,0.3,1548642772.4838257,
TD3,2layers,Hopper-v4,30,all-both,fswish,0.3,2288286734.008789,
TD3,2layers,Hopper-v4,20,all-both,fswish,0.3,1487264279.7088623,
TD3,2layers,Hopper-v4,40,all-both,fswish,0.3,2582015751.113892,
TD3,2layers,Hopper-v4,50,all-both,fswish,0.4,1047019804.2297364,
TD3,2layers,Hopper-v4,10,all-both,fswish,0.4,2201683097.53418,
TD3,2layers,Hopper-v4,30,all-both,fswish,0.4,1728564320.2209473,
TD3,2layers,Hopper-v4,20,all-both,fswish,0.4,1231660814.743042,
TD3,2layers,Hopper-v4,40,all-both,fswish,0.4,2083943027.0385745,
TD3,2layers,Hopper-v4,50,all-both,fswish,0.5,2529574889.526367,
TD3,2layers,Hopper-v4,10,all-both,fswish,0.5,1834037464.2562864,
TD3,2layers,Hopper-v4,30,all-both,fswish,0.5,1967729962.8067017,
TD3,2layers,Hopper-v4,20,all-both,fswish,0.5,1931524349.4725227,
TD3,2layers,Hopper-v4,40,all-both,fswish,0.5,2312784108.352661,
TD3,2layers,Walker-Walk,50,all-both,fgelu,0.5,635988770.0080872,
TD3,2layers,Walker-Walk,10,all-both,fgelu,0.5,645067239.074707,
TD3,2layers,Walker-Walk,30,all-both,fgelu,0.5,750073996.6011047,
TD3,2layers,Walker-Walk,20,all-both,fgelu,0.5,842773324.3560791,
TD3,2layers,Walker-Walk,40,all-both,fgelu,0.5,651450877.3803711,
TD3,2layers,Walker-Walk,50,all-both,fgelu,0.1,898087945.8808899,
TD3,2layers,Walker-Walk,10,all-both,fgelu,0.1,606042273.7407684,
TD3,2layers,Walker-Walk,30,all-both,fgelu,0.1,750830101.776123,
TD3,2layers,Walker-Walk,20,all-both,fgelu,0.1,857330684.0515137,
TD3,2layers,Walker-Walk,40,all-both,fgelu,0.1,538659680.44281,
TD3,2layers,Walker-Walk,50,all-both,fgelu,0.3,855997929.0771484,
TD3,2layers,Walker-Walk,10,all-both,fgelu,0.3,760930946.0449219,
TD3,2layers,Walker-Walk,30,all-both,fgelu,0.3,661216111.5264893,
TD3,2layers,Walker-Walk,20,all-both,fgelu,0.3,889155753.6315918,
TD3,2layers,Walker-Walk,40,all-both,fgelu,0.3,466251241.7984009,
TD3,2layers,Walker-Walk,50,all-both,fgelu,0.4,696867656.326294,
TD3,2layers,Walker-Walk,10,all-both,fgelu,0.4,636706449.7375488,
TD3,2layers,Walker-Walk,30,all-both,fgelu,0.4,862970179.309845,
TD3,2layers,Walker-Walk,20,all-both,fgelu,0.4,841250551.4907837,
TD3,2layers,Walker-Walk,40,all-both,fgelu,0.4,780981000.7476807,
TD3,2layers,Walker-Walk,50,all-both,fgelu,0.2,791273210.2966309,
TD3,2layers,Walker-Walk,10,all-both,fgelu,0.2,878274661.026001,
TD3,2layers,Walker-Walk,30,all-both,fgelu,0.2,893432516.1743164,
TD3,2layers,Walker-Walk,20,all-both,fgelu,0.2,726791160.2401733,
TD3,2layers,Walker-Walk,40,all-both,fgelu,0.2,887930726.2039185,
TD3,2layers,Finger-Spin,50,all-both,fgelu,0.5,843060000.0,
TD3,2layers,Finger-Spin,10,all-both,fgelu,0.5,773060000.0,
TD3,2layers,Finger-Spin,30,all-both,fgelu,0.5,761410000.0,
TD3,2layers,Finger-Spin,20,all-both,fgelu,0.5,788555000.0,
TD3,2layers,Finger-Spin,40,all-both,fgelu,0.5,676290000.0,
TD3,2layers,Finger-Spin,50,all-both,fgelu,0.4,830925000.0,
TD3,2layers,Finger-Spin,10,all-both,fgelu,0.4,789005000.0,
TD3,2layers,Finger-Spin,30,all-both,fgelu,0.4,782580000.0,
TD3,2layers,Finger-Spin,20,all-both,fgelu,0.4,776295000.0,
TD3,2layers,Finger-Spin,40,all-both,fgelu,0.4,824120000.0,
TD3,2layers,Finger-Spin,50,all-both,fgelu,0.1,816245000.0,
TD3,2layers,Finger-Spin,10,all-both,fgelu,0.1,808135000.0,
TD3,2layers,Finger-Spin,30,all-both,fgelu,0.1,830855000.0,
TD3,2layers,Finger-Spin,20,all-both,fgelu,0.1,916285000.0,
TD3,2layers,Finger-Spin,40,all-both,fgelu,0.1,817660000.0,
TD3,2layers,Finger-Spin,50,all-both,fgelu,0.2,800395000.0,
TD3,2layers,Finger-Spin,10,all-both,fgelu,0.2,734585000.0,
TD3,2layers,Finger-Spin,30,all-both,fgelu,0.2,825325000.0,
TD3,2layers,Finger-Spin,20,all-both,fgelu,0.2,837370000.0,
TD3,2layers,Finger-Spin,40,all-both,fgelu,0.2,836380000.0,
TD3,2layers,Finger-Spin,50,all-both,fgelu,0.3,802190000.0,
TD3,2layers,Finger-Spin,10,all-both,fgelu,0.3,803295000.0,
TD3,2layers,Finger-Spin,30,all-both,fgelu,0.3,838995000.0,
TD3,2layers,Finger-Spin,20,all-both,fgelu,0.3,789710000.0,
TD3,2layers,Finger-Spin,40,all-both,fgelu,0.3,830355000.0,
TD3,2layers,Cheetah-Run,50,all-both,fgelu,0.4,583601522.2930908,
TD3,2layers,Cheetah-Run,10,all-both,fgelu,0.4,447068673.1052399,
TD3,2layers,Cheetah-Run,30,all-both,fgelu,0.4,449791803.0548096,
TD3,2layers,Cheetah-Run,20,all-both,fgelu,0.4,456917722.2776413,
TD3,2layers,Cheetah-Run,40,all-both,fgelu,0.4,555311218.8279629,
TD3,2layers,Cheetah-Run,50,all-both,fgelu,0.2,569379130.8116913,
TD3,2layers,Cheetah-Run,10,all-both,fgelu,0.2,529479002.854228,
TD3,2layers,Cheetah-Run,30,all-both,fgelu,0.2,446065241.4703369,
TD3,2layers,Cheetah-Run,20,all-both,fgelu,0.2,433512547.8744507,
TD3,2layers,Cheetah-Run,40,all-both,fgelu,0.2,450834458.28437805,
TD3,2layers,Cheetah-Run,50,all-both,fgelu,0.3,465915223.2933045,
TD3,2layers,Cheetah-Run,10,all-both,fgelu,0.3,608537253.7326813,
TD3,2layers,Cheetah-Run,30,all-both,fgelu,0.3,516165657.8826904,
TD3,2layers,Cheetah-Run,20,all-both,fgelu,0.3,500858429.8324585,
TD3,2layers,Cheetah-Run,40,all-both,fgelu,0.3,508436543.53141785,
TD3,2layers,Cheetah-Run,50,all-both,fgelu,0.5,375722940.21606445,
TD3,2layers,Cheetah-Run,10,all-both,fgelu,0.5,556483938.9801025,
TD3,2layers,Cheetah-Run,30,all-both,fgelu,0.5,434265428.0281067,
TD3,2layers,Cheetah-Run,20,all-both,fgelu,0.5,511391228.3349037,
TD3,2layers,Cheetah-Run,40,all-both,fgelu,0.5,520628857.9082489,
TD3,2layers,Cheetah-Run,50,all-both,fgelu,0.1,459900251.99890137,
TD3,2layers,Cheetah-Run,10,all-both,fgelu,0.1,532258723.6738205,
TD3,2layers,Cheetah-Run,30,all-both,fgelu,0.1,392262016.3345337,
TD3,2layers,Cheetah-Run,20,all-both,fgelu,0.1,429681589.37454224,
TD3,2layers,Cheetah-Run,40,all-both,fgelu,0.1,569651734.0087891,
TD3,2layers,Humanoid-v4,50,all-both,fgelu,0.4,3339477294.464112,
TD3,2layers,Humanoid-v4,10,all-both,fgelu,0.4,3567411864.6621704,
TD3,2layers,Humanoid-v4,30,all-both,fgelu,0.4,3354342756.500244,
TD3,2layers,Humanoid-v4,20,all-both,fgelu,0.4,3875061405.2963257,
TD3,2layers,Humanoid-v4,40,all-both,fgelu,0.4,4220427662.353516,
TD3,2layers,Humanoid-v4,50,all-both,fgelu,0.5,1841274456.787109,
TD3,2layers,Humanoid-v4,10,all-both,fgelu,0.5,3791779739.6850586,
TD3,2layers,Humanoid-v4,30,all-both,fgelu,0.5,2947465152.4353027,
TD3,2layers,Humanoid-v4,20,all-both,fgelu,0.5,3739074927.215576,
TD3,2layers,Humanoid-v4,40,all-both,fgelu,0.5,3950435665.512085,
TD3,2layers,Humanoid-v4,50,all-both,fgelu,0.2,3917982332.954407,
TD3,2layers,Humanoid-v4,10,all-both,fgelu,0.2,3989229353.790283,
TD3,2layers,Humanoid-v4,30,all-both,fgelu,0.2,3913172351.913452,
TD3,2layers,Humanoid-v4,20,all-both,fgelu,0.2,3734272362.861633,
TD3,2layers,Humanoid-v4,40,all-both,fgelu,0.2,3828088807.067871,
TD3,2layers,Humanoid-v4,50,all-both,fgelu,0.3,3411485658.721924,
TD3,2layers,Humanoid-v4,10,all-both,fgelu,0.3,3228840072.1740723,
TD3,2layers,Humanoid-v4,30,all-both,fgelu,0.3,3584761590.881348,
TD3,2layers,Humanoid-v4,20,all-both,fgelu,0.3,4096082756.5193176,
TD3,2layers,Humanoid-v4,40,all-both,fgelu,0.3,900572846.1456299,
TD3,2layers,Humanoid-v4,50,all-both,fgelu,0.1,3148466877.670288,
TD3,2layers,Humanoid-v4,10,all-both,fgelu,0.1,3444235132.598877,
TD3,2layers,Humanoid-v4,30,all-both,fgelu,0.1,2932497907.867432,
TD3,2layers,Humanoid-v4,20,all-both,fgelu,0.1,3879845074.5391846,
TD3,2layers,Humanoid-v4,40,all-both,fgelu,0.1,3718396403.8085938,
TD3,2layers,Ant-v4,50,all-both,fgelu,0.4,2658591309.2041016,
TD3,2layers,Ant-v4,10,all-both,fgelu,0.4,2072594293.0078504,
TD3,2layers,Ant-v4,30,all-both,fgelu,0.4,2395625151.977539,
TD3,2layers,Ant-v4,20,all-both,fgelu,0.4,2914031843.414306,
TD3,2layers,Ant-v4,40,all-both,fgelu,0.4,1975033371.276856,
TD3,2layers,Ant-v4,50,all-both,fgelu,0.3,2343148907.165528,
TD3,2layers,Ant-v4,10,all-both,fgelu,0.3,2653152983.675003,
TD3,2layers,Ant-v4,30,all-both,fgelu,0.3,2429440040.599704,
TD3,2layers,Ant-v4,20,all-both,fgelu,0.3,2454089015.5029297,
TD3,2layers,Ant-v4,40,all-both,fgelu,0.3,2306938375.7781982,
TD3,2layers,Ant-v4,50,all-both,fgelu,0.2,2182792976.665497,
TD3,2layers,Ant-v4,10,all-both,fgelu,0.2,2353618355.7128906,
TD3,2layers,Ant-v4,30,all-both,fgelu,0.2,2232668337.7075195,
TD3,2layers,Ant-v4,20,all-both,fgelu,0.2,1824867892.100811,
TD3,2layers,Ant-v4,40,all-both,fgelu,0.2,2572375138.7786865,
TD3,2layers,Ant-v4,50,all-both,fgelu,0.5,2144479092.4406047,
TD3,2layers,Ant-v4,10,all-both,fgelu,0.5,2255877294.616699,
TD3,2layers,Ant-v4,30,all-both,fgelu,0.5,2187657858.276367,
TD3,2layers,Ant-v4,20,all-both,fgelu,0.5,2448827341.613769,
TD3,2layers,Ant-v4,40,all-both,fgelu,0.5,2842177449.645996,
TD3,2layers,Ant-v4,50,all-both,fgelu,0.1,2412856405.4870605,
TD3,2layers,Ant-v4,10,all-both,fgelu,0.1,2040336760.931015,
TD3,2layers,Ant-v4,30,all-both,fgelu,0.1,2102728761.59668,
TD3,2layers,Ant-v4,20,all-both,fgelu,0.1,2869455969.9630737,
TD3,2layers,Ant-v4,40,all-both,fgelu,0.1,2369485308.275223,
TD3,2layers,Cartpole-Swingup,50,all-both,fgelu,0.2,780425282.0587158,
TD3,2layers,Cartpole-Swingup,10,all-both,fgelu,0.2,740283231.2275609,
TD3,2layers,Cartpole-Swingup,30,all-both,fgelu,0.2,787266907.5775146,
TD3,2layers,Cartpole-Swingup,20,all-both,fgelu,0.2,785161833.5723877,
TD3,2layers,Cartpole-Swingup,40,all-both,fgelu,0.2,768321662.3687744,
TD3,2layers,Cartpole-Swingup,50,all-both,fgelu,0.5,760250600.7385254,
TD3,2layers,Cartpole-Swingup,10,all-both,fgelu,0.5,783620113.2965088,
TD3,2layers,Cartpole-Swingup,30,all-both,fgelu,0.5,739750430.7556152,
TD3,2layers,Cartpole-Swingup,20,all-both,fgelu,0.5,747000031.2805176,
TD3,2layers,Cartpole-Swingup,40,all-both,fgelu,0.5,770191349.5635986,
TD3,2layers,Cartpole-Swingup,50,all-both,fgelu,0.4,775714540.8630371,
TD3,2layers,Cartpole-Swingup,10,all-both,fgelu,0.4,811448675.0793457,
TD3,2layers,Cartpole-Swingup,30,all-both,fgelu,0.4,749696403.6560059,
TD3,2layers,Cartpole-Swingup,20,all-both,fgelu,0.4,747607315.0634766,
TD3,2layers,Cartpole-Swingup,40,all-both,fgelu,0.4,772484090.1947021,
TD3,2layers,Cartpole-Swingup,50,all-both,fgelu,0.3,789276914.6728516,
TD3,2layers,Cartpole-Swingup,10,all-both,fgelu,0.3,744486387.2528076,
TD3,2layers,Cartpole-Swingup,30,all-both,fgelu,0.3,729880875.7019043,
TD3,2layers,Cartpole-Swingup,20,all-both,fgelu,0.3,757971207.8857422,
TD3,2layers,Cartpole-Swingup,40,all-both,fgelu,0.3,759493576.3549805,
TD3,2layers,Cartpole-Swingup,50,all-both,fgelu,0.1,766748255.4626465,
TD3,2layers,Cartpole-Swingup,10,all-both,fgelu,0.1,785577467.6513672,
TD3,2layers,Cartpole-Swingup,30,all-both,fgelu,0.1,758271961.9750977,
TD3,2layers,Cartpole-Swingup,20,all-both,fgelu,0.1,779550761.71875,
TD3,2layers,Cartpole-Swingup,40,all-both,fgelu,0.1,772260435.9358549,
TD3,2layers,HalfCheetah-v4,50,all-both,fgelu,0.5,1398264153.9001465,
TD3,2layers,HalfCheetah-v4,10,all-both,fgelu,0.5,5209427456.054688,
TD3,2layers,HalfCheetah-v4,30,all-both,fgelu,0.5,1510193532.485962,
TD3,2layers,HalfCheetah-v4,20,all-both,fgelu,0.5,1771447471.3134766,
TD3,2layers,HalfCheetah-v4,40,all-both,fgelu,0.5,1296789797.706604,
TD3,2layers,HalfCheetah-v4,50,all-both,fgelu,0.4,2002022812.7717967,
TD3,2layers,HalfCheetah-v4,10,all-both,fgelu,0.4,5460110992.75589,
TD3,2layers,HalfCheetah-v4,30,all-both,fgelu,0.4,1660054940.7958984,
TD3,2layers,HalfCheetah-v4,20,all-both,fgelu,0.4,1596640461.9979858,
TD3,2layers,HalfCheetah-v4,40,all-both,fgelu,0.4,1563241126.747131,
TD3,2layers,HalfCheetah-v4,50,all-both,fgelu,0.3,1982939532.3944087,
TD3,2layers,HalfCheetah-v4,10,all-both,fgelu,0.3,6983010465.240479,
TD3,2layers,HalfCheetah-v4,30,all-both,fgelu,0.3,1696879340.4388428,
TD3,2layers,HalfCheetah-v4,20,all-both,fgelu,0.3,1505337853.1646729,
TD3,2layers,HalfCheetah-v4,40,all-both,fgelu,0.3,1486494657.745361,
TD3,2layers,HalfCheetah-v4,50,all-both,fgelu,0.1,1910279097.9003904,
TD3,2layers,HalfCheetah-v4,10,all-both,fgelu,0.1,6469618324.432373,
TD3,2layers,HalfCheetah-v4,30,all-both,fgelu,0.1,5768751112.251282,
TD3,2layers,HalfCheetah-v4,20,all-both,fgelu,0.1,1390172465.1813507,
TD3,2layers,HalfCheetah-v4,40,all-both,fgelu,0.1,1517520301.7425537,
TD3,2layers,HalfCheetah-v4,50,all-both,fgelu,0.2,1900933351.898193,
TD3,2layers,HalfCheetah-v4,10,all-both,fgelu,0.2,5611152465.419769,
TD3,2layers,HalfCheetah-v4,30,all-both,fgelu,0.2,5323339359.283447,
TD3,2layers,HalfCheetah-v4,20,all-both,fgelu,0.2,1368708808.3648682,
TD3,2layers,HalfCheetah-v4,40,all-both,fgelu,0.2,1789825770.5307007,
TD3,2layers,Hopper-v4,50,all-both,fgelu,0.1,2843494367.713928,
TD3,2layers,Hopper-v4,10,all-both,fgelu,0.1,2351778551.78833,
TD3,2layers,Hopper-v4,30,all-both,fgelu,0.1,706045824.2034912,
TD3,2layers,Hopper-v4,20,all-both,fgelu,0.1,2205131874.3896484,
TD3,2layers,Hopper-v4,40,all-both,fgelu,0.1,2224494197.4639893,
TD3,2layers,Hopper-v4,50,all-both,fgelu,0.2,2995143951.87378,
TD3,2layers,Hopper-v4,10,all-both,fgelu,0.2,1929445378.2653809,
TD3,2layers,Hopper-v4,30,all-both,fgelu,0.2,2845967680.3588867,
TD3,2layers,Hopper-v4,20,all-both,fgelu,0.2,2264668057.4798584,
TD3,2layers,Hopper-v4,40,all-both,fgelu,0.2,2380845759.3536377,
TD3,2layers,Hopper-v4,50,all-both,fgelu,0.5,2277268298.8739014,
TD3,2layers,Hopper-v4,10,all-both,fgelu,0.5,1800326972.541809,
TD3,2layers,Hopper-v4,30,all-both,fgelu,0.5,2311450929.107666,
TD3,2layers,Hopper-v4,20,all-both,fgelu,0.5,1982021431.1218264,
TD3,2layers,Hopper-v4,40,all-both,fgelu,0.5,2281341273.956299,
TD3,2layers,Hopper-v4,50,all-both,fgelu,0.4,2457692221.6033936,
TD3,2layers,Hopper-v4,10,all-both,fgelu,0.4,2438262589.969635,
TD3,2layers,Hopper-v4,30,all-both,fgelu,0.4,2910988531.7993164,
TD3,2layers,Hopper-v4,20,all-both,fgelu,0.4,2521448942.41333,
TD3,2layers,Hopper-v4,40,all-both,fgelu,0.4,2139899162.2257235,
TD3,2layers,Hopper-v4,50,all-both,fgelu,0.3,2603600368.804932,
TD3,2layers,Hopper-v4,10,all-both,fgelu,0.3,582011690.0253296,
TD3,2layers,Hopper-v4,30,all-both,fgelu,0.3,1632877413.2537842,
TD3,2layers,Hopper-v4,20,all-both,fgelu,0.3,2504165947.113037,
TD3,2layers,Hopper-v4,40,all-both,fgelu,0.3,2318197579.040528,
TD3,2layers,Hopper-v4,50,all-both,lrelu,base,1526655282.745361,
TD3,2layers,Hopper-v4,10,all-both,lrelu,base,1483904217.224121,
TD3,2layers,Hopper-v4,30,all-both,lrelu,base,2182125204.772949,
TD3,2layers,Hopper-v4,20,all-both,lrelu,base,2055835954.07486,
TD3,2layers,Hopper-v4,40,all-both,lrelu,base,1604923530.5786133,
TD3,2layers,Humanoid-v4,50,all-both,lrelu,base,2805406171.722412,
TD3,2layers,Humanoid-v4,10,all-both,lrelu,base,1464798552.1697998,
TD3,2layers,Humanoid-v4,30,all-both,lrelu,base,2924242337.95166,
TD3,2layers,Humanoid-v4,20,all-both,lrelu,base,3640816015.625,
TD3,2layers,Humanoid-v4,40,all-both,lrelu,base,3269169783.782959,
TD3,2layers,HalfCheetah-v4,50,all-both,lrelu,base,3750165498.046875,
TD3,2layers,HalfCheetah-v4,10,all-both,lrelu,base,1455542555.847168,
TD3,2layers,HalfCheetah-v4,30,all-both,lrelu,base,1565827837.562561,
TD3,2layers,HalfCheetah-v4,20,all-both,lrelu,base,2755758460.388184,
TD3,2layers,HalfCheetah-v4,40,all-both,lrelu,base,4770687348.492742,
TD3,2layers,Ant-v4,50,all-both,lrelu,base,2305886815.185547,
TD3,2layers,Ant-v4,10,all-both,lrelu,base,2501942255.401612,
TD3,2layers,Ant-v4,30,all-both,lrelu,base,2120167682.1517944,
TD3,2layers,Ant-v4,20,all-both,lrelu,base,2822074201.965332,
TD3,2layers,Ant-v4,40,all-both,lrelu,base,2652613639.2211914,
TD3,2layers,Cheetah-Run,50,all-both,lrelu,base,480649131.1979294,
TD3,2layers,Cheetah-Run,10,all-both,lrelu,base,428787262.2489929,
TD3,2layers,Cheetah-Run,30,all-both,lrelu,base,517726154.3798447,
TD3,2layers,Cheetah-Run,20,all-both,lrelu,base,461821582.5462341,
TD3,2layers,Cheetah-Run,40,all-both,lrelu,base,495882264.5115853,
TD3,2layers,Finger-Spin,50,all-both,lrelu,base,741950000.0,
TD3,2layers,Finger-Spin,10,all-both,lrelu,base,563440000.0,
TD3,2layers,Finger-Spin,30,all-both,lrelu,base,584355000.0,
TD3,2layers,Finger-Spin,20,all-both,lrelu,base,699025000.0,
TD3,2layers,Finger-Spin,40,all-both,lrelu,base,638160000.0,
TD3,2layers,Walker-Walk,50,all-both,lrelu,base,860503211.4505768,
TD3,2layers,Walker-Walk,10,all-both,lrelu,base,753989981.1935425,
TD3,2layers,Walker-Walk,30,all-both,lrelu,base,463960759.05799866,
TD3,2layers,Walker-Walk,20,all-both,lrelu,base,664794067.3065186,
TD3,2layers,Walker-Walk,40,all-both,lrelu,base,583237927.3986816,
TD3,2layers,Cartpole-Swingup,50,all-both,lrelu,base,758581019.5159912,
TD3,2layers,Cartpole-Swingup,10,all-both,lrelu,base,750348029.8614502,
TD3,2layers,Cartpole-Swingup,30,all-both,lrelu,base,730318633.9569092,
TD3,2layers,Cartpole-Swingup,20,all-both,lrelu,base,748473272.3999023,
TD3,2layers,Cartpole-Swingup,40,all-both,lrelu,base,560694843.826294,
TD3,2layers,Walker-Walk,50,all-both,fprelu,0.2,639135110.6857424,
TD3,2layers,Walker-Walk,10,all-both,fprelu,0.2,859236405.5502096,
TD3,2layers,Walker-Walk,30,all-both,fprelu,0.2,890336914.2520353,
TD3,2layers,Walker-Walk,20,all-both,fprelu,0.2,890378664.6882901,
TD3,2layers,Walker-Walk,40,all-both,fprelu,0.2,795592493.6075257,
TD3,2layers,Walker-Walk,50,all-both,fprelu,0.5,795623737.7848105,
TD3,2layers,Walker-Walk,10,all-both,fprelu,0.5,806514147.6220456,
TD3,2layers,Walker-Walk,30,all-both,fprelu,0.5,644668732.0632434,
TD3,2layers,Walker-Walk,20,all-both,fprelu,0.5,608200936.3609766,
TD3,2layers,Walker-Walk,40,all-both,fprelu,0.5,484888419.091956,
TD3,2layers,Walker-Walk,50,all-both,fprelu,0.4,648482346.424318,
TD3,2layers,Walker-Walk,10,all-both,fprelu,0.4,630348885.4875329,
TD3,2layers,Walker-Walk,30,all-both,fprelu,0.4,838684293.3776705,
TD3,2layers,Walker-Walk,20,all-both,fprelu,0.4,711783886.8515552,
TD3,2layers,Walker-Walk,40,all-both,fprelu,0.4,870573092.0098934,
TD3,2layers,Walker-Walk,50,all-both,fprelu,0.3,813362209.1462104,
TD3,2layers,Walker-Walk,10,all-both,fprelu,0.3,867423146.9928005,
TD3,2layers,Walker-Walk,30,all-both,fprelu,0.3,662311577.9492465,
TD3,2layers,Walker-Walk,20,all-both,fprelu,0.3,601169031.6990889,
TD3,2layers,Walker-Walk,40,all-both,fprelu,0.3,613177165.7565336,
TD3,2layers,Walker-Walk,50,all-both,fprelu,0.1,662024491.8413498,
TD3,2layers,Walker-Walk,10,all-both,fprelu,0.1,902912225.7936226,
TD3,2layers,Walker-Walk,30,all-both,fprelu,0.1,706238959.2334968,
TD3,2layers,Walker-Walk,20,all-both,fprelu,0.1,865355822.5255188,
TD3,2layers,Walker-Walk,40,all-both,fprelu,0.1,763347943.1474819,
TD3,2layers,Finger-Spin,50,all-both,fprelu,0.2,786865000.0,
TD3,2layers,Finger-Spin,10,all-both,fprelu,0.2,569975000.0,
TD3,2layers,Finger-Spin,30,all-both,fprelu,0.2,676445000.0,
TD3,2layers,Finger-Spin,20,all-both,fprelu,0.2,668550000.0,
TD3,2layers,Finger-Spin,40,all-both,fprelu,0.2,728700000.0,
TD3,2layers,Finger-Spin,50,all-both,fprelu,0.5,364420000.0,
TD3,2layers,Finger-Spin,10,all-both,fprelu,0.5,452095000.0,
TD3,2layers,Finger-Spin,30,all-both,fprelu,0.5,551030000.0,
TD3,2layers,Finger-Spin,20,all-both,fprelu,0.5,495520000.0,
TD3,2layers,Finger-Spin,40,all-both,fprelu,0.5,443220000.0,
TD3,2layers,Finger-Spin,50,all-both,fprelu,0.3,739660000.0,
TD3,2layers,Finger-Spin,10,all-both,fprelu,0.3,524250000.0,
TD3,2layers,Finger-Spin,30,all-both,fprelu,0.3,707145000.0,
TD3,2layers,Finger-Spin,20,all-both,fprelu,0.3,515485000.0,
TD3,2layers,Finger-Spin,40,all-both,fprelu,0.3,0.0,
TD3,2layers,Finger-Spin,50,all-both,fprelu,0.4,699835000.0,
TD3,2layers,Finger-Spin,10,all-both,fprelu,0.4,671980000.0,
TD3,2layers,Finger-Spin,30,all-both,fprelu,0.4,433025000.0,
TD3,2layers,Finger-Spin,20,all-both,fprelu,0.4,636830000.0,
TD3,2layers,Finger-Spin,40,all-both,fprelu,0.4,693080000.0,
TD3,2layers,Finger-Spin,50,all-both,fprelu,0.1,789595000.0,
TD3,2layers,Finger-Spin,10,all-both,fprelu,0.1,636275000.0,
TD3,2layers,Finger-Spin,30,all-both,fprelu,0.1,595875000.0,
TD3,2layers,Finger-Spin,20,all-both,fprelu,0.1,660660000.0,
TD3,2layers,Finger-Spin,40,all-both,fprelu,0.1,501570000.0,
TD3,2layers,Cheetah-Run,50,all-both,fprelu,0.4,381877397.57048553,
TD3,2layers,Cheetah-Run,10,all-both,fprelu,0.4,416919299.3236283,
TD3,2layers,Cheetah-Run,30,all-both,fprelu,0.4,498512487.1059734,
TD3,2layers,Cheetah-Run,20,all-both,fprelu,0.4,492472063.2075766,
TD3,2layers,Cheetah-Run,40,all-both,fprelu,0.4,456270869.9744448,
TD3,2layers,Cheetah-Run,50,all-both,fprelu,0.1,458137528.1852766,
TD3,2layers,Cheetah-Run,10,all-both,fprelu,0.1,403588919.4253984,
TD3,2layers,Cheetah-Run,30,all-both,fprelu,0.1,543754269.8294748,
TD3,2layers,Cheetah-Run,20,all-both,fprelu,0.1,501971871.8588207,
TD3,2layers,Cheetah-Run,40,all-both,fprelu,0.1,460288034.1761946,
TD3,2layers,Cheetah-Run,50,all-both,fprelu,0.2,471894464.0581883,
TD3,2layers,Cheetah-Run,10,all-both,fprelu,0.2,509752304.2560463,
TD3,2layers,Cheetah-Run,30,all-both,fprelu,0.2,531736555.113448,
TD3,2layers,Cheetah-Run,20,all-both,fprelu,0.2,539469964.9519503,
TD3,2layers,Cheetah-Run,40,all-both,fprelu,0.2,456055406.9472781,
TD3,2layers,Cheetah-Run,50,all-both,fprelu,0.5,415314852.78200233,
TD3,2layers,Cheetah-Run,10,all-both,fprelu,0.5,555374473.4397842,
TD3,2layers,Cheetah-Run,30,all-both,fprelu,0.5,374301767.2548396,
TD3,2layers,Cheetah-Run,20,all-both,fprelu,0.5,393584317.68667305,
TD3,2layers,Cheetah-Run,40,all-both,fprelu,0.5,431111005.3412408,
TD3,2layers,Cheetah-Run,50,all-both,fprelu,0.3,473686926.24005634,
TD3,2layers,Cheetah-Run,10,all-both,fprelu,0.3,537781829.557187,
TD3,2layers,Cheetah-Run,30,all-both,fprelu,0.3,521379055.4651141,
TD3,2layers,Cheetah-Run,20,all-both,fprelu,0.3,488495476.000388,
TD3,2layers,Cheetah-Run,40,all-both,fprelu,0.3,424740288.7599519,
TD3,2layers,Humanoid-v4,50,all-both,fprelu,0.4,1064474942.415035,
TD3,2layers,Humanoid-v4,10,all-both,fprelu,0.4,2782390970.6069617,
TD3,2layers,Humanoid-v4,30,all-both,fprelu,0.4,3416939382.6701903,
TD3,2layers,Humanoid-v4,20,all-both,fprelu,0.4,717378269.6296906,
TD3,2layers,Humanoid-v4,40,all-both,fprelu,0.4,3287981648.9725685,
TD3,2layers,Humanoid-v4,50,all-both,fprelu,0.1,2245246705.800157,
TD3,2layers,Humanoid-v4,10,all-both,fprelu,0.1,2418544803.382846,
TD3,2layers,Humanoid-v4,30,all-both,fprelu,0.1,2505933495.1980286,
TD3,2layers,Humanoid-v4,20,all-both,fprelu,0.1,74311098.16449559,
TD3,2layers,Humanoid-v4,40,all-both,fprelu,0.1,2413336585.309666,
TD3,2layers,Humanoid-v4,50,all-both,fprelu,0.5,627357255.1141907,
TD3,2layers,Humanoid-v4,10,all-both,fprelu,0.5,1497771525.284117,
TD3,2layers,Humanoid-v4,30,all-both,fprelu,0.5,3227022367.172925,
TD3,2layers,Humanoid-v4,20,all-both,fprelu,0.5,745096969.9445342,
TD3,2layers,Humanoid-v4,40,all-both,fprelu,0.5,735505026.6047184,
TD3,2layers,Humanoid-v4,50,all-both,fprelu,0.3,894570012.0379363,
TD3,2layers,Humanoid-v4,10,all-both,fprelu,0.3,3823885226.455555,
TD3,2layers,Humanoid-v4,30,all-both,fprelu,0.3,3787292833.454732,
TD3,2layers,Humanoid-v4,20,all-both,fprelu,0.3,926502830.8329872,
TD3,2layers,Humanoid-v4,40,all-both,fprelu,0.3,335738586.4501412,
TD3,2layers,Humanoid-v4,50,all-both,fprelu,0.2,3840667811.93838,
TD3,2layers,Humanoid-v4,10,all-both,fprelu,0.2,3466911396.272495,
TD3,2layers,Humanoid-v4,30,all-both,fprelu,0.2,1735967827.9443295,
TD3,2layers,Humanoid-v4,20,all-both,fprelu,0.2,3496092645.6131105,
TD3,2layers,Humanoid-v4,40,all-both,fprelu,0.2,4008909696.466204,
TD3,2layers,Ant-v4,50,all-both,fprelu,0.5,-15281050.267002417,
TD3,2layers,Ant-v4,10,all-both,fprelu,0.5,-28144210.451612484,
TD3,2layers,Ant-v4,30,all-both,fprelu,0.5,-19803916.18308072,
TD3,2layers,Ant-v4,20,all-both,fprelu,0.5,-23891553.8260282,
TD3,2layers,Ant-v4,40,all-both,fprelu,0.5,-26606601.04816461,
TD3,2layers,Ant-v4,50,all-both,fprelu,0.4,1095631043.1196024,
TD3,2layers,Ant-v4,10,all-both,fprelu,0.4,507228561.9164749,
TD3,2layers,Ant-v4,30,all-both,fprelu,0.4,149995643.88434425,
TD3,2layers,Ant-v4,20,all-both,fprelu,0.4,-12262449.038739076,
TD3,2layers,Ant-v4,40,all-both,fprelu,0.4,66537887.369892575,
TD3,2layers,Ant-v4,50,all-both,fprelu,0.1,2567834830.7844763,
TD3,2layers,Ant-v4,10,all-both,fprelu,0.1,2321747872.414289,
TD3,2layers,Ant-v4,30,all-both,fprelu,0.1,2419471835.136232,
TD3,2layers,Ant-v4,20,all-both,fprelu,0.1,3781928426.981012,
TD3,2layers,Ant-v4,40,all-both,fprelu,0.1,2130004272.5518167,
TD3,2layers,Ant-v4,50,all-both,fprelu,0.2,2659962079.366521,
TD3,2layers,Ant-v4,10,all-both,fprelu,0.2,2100687624.4105723,
TD3,2layers,Ant-v4,30,all-both,fprelu,0.2,2246683070.635955,
TD3,2layers,Ant-v4,20,all-both,fprelu,0.2,2174006359.304997,
TD3,2layers,Ant-v4,40,all-both,fprelu,0.2,2416757155.0280976,
TD3,2layers,Ant-v4,50,all-both,fprelu,0.3,1558738126.1521573,
TD3,2layers,Ant-v4,10,all-both,fprelu,0.3,1568615483.1686428,
TD3,2layers,Ant-v4,30,all-both,fprelu,0.3,1042170639.7512404,
TD3,2layers,Ant-v4,20,all-both,fprelu,0.3,1514141361.6276214,
TD3,2layers,Ant-v4,40,all-both,fprelu,0.3,1798770935.351323,
TD3,2layers,Cartpole-Swingup,50,all-both,fprelu,0.4,772124495.2132587,
TD3,2layers,Cartpole-Swingup,10,all-both,fprelu,0.4,768532778.3031756,
TD3,2layers,Cartpole-Swingup,30,all-both,fprelu,0.4,758629816.3582425,
TD3,2layers,Cartpole-Swingup,20,all-both,fprelu,0.4,764909696.6497602,
TD3,2layers,Cartpole-Swingup,40,all-both,fprelu,0.4,743011430.3545057,
TD3,2layers,Cartpole-Swingup,50,all-both,fprelu,0.1,743375118.5768145,
TD3,2layers,Cartpole-Swingup,10,all-both,fprelu,0.1,734106626.1039559,
TD3,2layers,Cartpole-Swingup,30,all-both,fprelu,0.1,759887577.9204332,
TD3,2layers,Cartpole-Swingup,20,all-both,fprelu,0.1,694824583.289106,
TD3,2layers,Cartpole-Swingup,40,all-both,fprelu,0.1,783914159.2827538,
TD3,2layers,Cartpole-Swingup,50,all-both,fprelu,0.2,752193994.9576702,
TD3,2layers,Cartpole-Swingup,10,all-both,fprelu,0.2,755794563.8583776,
TD3,2layers,Cartpole-Swingup,30,all-both,fprelu,0.2,724691207.4995465,
TD3,2layers,Cartpole-Swingup,20,all-both,fprelu,0.2,753113459.4842023,
TD3,2layers,Cartpole-Swingup,40,all-both,fprelu,0.2,749051112.274967,
TD3,2layers,Cartpole-Swingup,50,all-both,fprelu,0.5,718308698.1286743,
TD3,2layers,Cartpole-Swingup,10,all-both,fprelu,0.5,716865992.4854394,
TD3,2layers,Cartpole-Swingup,30,all-both,fprelu,0.5,735770513.8345258,
TD3,2layers,Cartpole-Swingup,20,all-both,fprelu,0.5,751904954.8313599,
TD3,2layers,Cartpole-Swingup,40,all-both,fprelu,0.5,759206669.8781033,
TD3,2layers,Cartpole-Swingup,50,all-both,fprelu,0.3,736686398.9477588,
TD3,2layers,Cartpole-Swingup,10,all-both,fprelu,0.3,733836203.8209916,
TD3,2layers,Cartpole-Swingup,30,all-both,fprelu,0.3,756939279.0861899,
TD3,2layers,Cartpole-Swingup,20,all-both,fprelu,0.3,733563180.529327,
TD3,2layers,Cartpole-Swingup,40,all-both,fprelu,0.3,613366060.1421769,
TD3,2layers,HalfCheetah-v4,50,all-both,fprelu,0.4,3658400018.85237,
TD3,2layers,HalfCheetah-v4,10,all-both,fprelu,0.4,832690312.641463,
TD3,2layers,HalfCheetah-v4,30,all-both,fprelu,0.4,478185670.0790202,
TD3,2layers,HalfCheetah-v4,20,all-both,fprelu,0.4,3791040109.3927503,
TD3,2layers,HalfCheetah-v4,40,all-both,fprelu,0.4,5329214395.862054,
TD3,2layers,HalfCheetah-v4,50,all-both,fprelu,0.1,6820678968.124619,
TD3,2layers,HalfCheetah-v4,10,all-both,fprelu,0.1,1638852280.6382902,
TD3,2layers,HalfCheetah-v4,30,all-both,fprelu,0.1,1421266629.8431754,
TD3,2layers,HalfCheetah-v4,20,all-both,fprelu,0.1,1625457575.044074,
TD3,2layers,HalfCheetah-v4,40,all-both,fprelu,0.1,5730127392.427578,
TD3,2layers,HalfCheetah-v4,50,all-both,fprelu,0.2,1678611369.611898,
TD3,2layers,HalfCheetah-v4,10,all-both,fprelu,0.2,1454566047.2609394,
TD3,2layers,HalfCheetah-v4,30,all-both,fprelu,0.2,1647519357.157348,
TD3,2layers,HalfCheetah-v4,20,all-both,fprelu,0.2,3471004201.273302,
TD3,2layers,HalfCheetah-v4,40,all-both,fprelu,0.2,1804584872.635435,
TD3,2layers,HalfCheetah-v4,50,all-both,fprelu,0.5,2051007948.917194,
TD3,2layers,HalfCheetah-v4,10,all-both,fprelu,0.5,413926033.2758515,
TD3,2layers,HalfCheetah-v4,30,all-both,fprelu,0.5,4226225089.6623807,
TD3,2layers,HalfCheetah-v4,20,all-both,fprelu,0.5,3186677065.184653,
TD3,2layers,HalfCheetah-v4,40,all-both,fprelu,0.5,3125159728.143826,
TD3,2layers,HalfCheetah-v4,50,all-both,fprelu,0.3,4793520166.809651,
TD3,2layers,HalfCheetah-v4,10,all-both,fprelu,0.3,1546982717.1901357,
TD3,2layers,HalfCheetah-v4,30,all-both,fprelu,0.3,1767136372.4304965,
TD3,2layers,HalfCheetah-v4,20,all-both,fprelu,0.3,4551010449.848564,
TD3,2layers,HalfCheetah-v4,40,all-both,fprelu,0.3,1333810178.2045665,
TD3,2layers,Hopper-v4,50,all-both,fprelu,0.3,2411970750.5990763,
TD3,2layers,Hopper-v4,10,all-both,fprelu,0.3,2672578485.924464,
TD3,2layers,Hopper-v4,30,all-both,fprelu,0.3,2901264380.599024,
TD3,2layers,Hopper-v4,20,all-both,fprelu,0.3,2003557009.1265583,
TD3,2layers,Hopper-v4,40,all-both,fprelu,0.3,1778636144.00906,
TD3,2layers,Hopper-v4,50,all-both,fprelu,0.5,2687825187.987258,
TD3,2layers,Hopper-v4,10,all-both,fprelu,0.5,2346809850.3419223,
TD3,2layers,Hopper-v4,30,all-both,fprelu,0.5,2538197170.554072,
TD3,2layers,Hopper-v4,20,all-both,fprelu,0.5,2510657707.5726323,
TD3,2layers,Hopper-v4,40,all-both,fprelu,0.5,2367856161.2089696,
TD3,2layers,Hopper-v4,50,all-both,fprelu,0.2,2609001084.195538,
TD3,2layers,Hopper-v4,10,all-both,fprelu,0.2,2609423649.109042,
TD3,2layers,Hopper-v4,30,all-both,fprelu,0.2,2463103423.372794,
TD3,2layers,Hopper-v4,20,all-both,fprelu,0.2,2222809658.409547,
TD3,2layers,Hopper-v4,40,all-both,fprelu,0.2,2081869141.795132,
TD3,2layers,Hopper-v4,50,all-both,fprelu,0.4,2654185547.896525,
TD3,2layers,Hopper-v4,10,all-both,fprelu,0.4,2335781242.8559866,
TD3,2layers,Hopper-v4,30,all-both,fprelu,0.4,2316299431.819937,
TD3,2layers,Hopper-v4,20,all-both,fprelu,0.4,2321474443.724998,
TD3,2layers,Hopper-v4,40,all-both,fprelu,0.4,1964807486.4237373,
TD3,2layers,Hopper-v4,50,all-both,fprelu,0.1,2034621098.622336,
TD3,2layers,Hopper-v4,10,all-both,fprelu,0.1,2627600377.50024,
TD3,2layers,Hopper-v4,30,all-both,fprelu,0.1,2901873300.190604,
TD3,2layers,Hopper-v4,20,all-both,fprelu,0.1,2870408296.8394136,
TD3,2layers,Hopper-v4,40,all-both,fprelu,0.1,2659708616.7305794,
SAC,1layer,Ant-v4,50,none,frelu,0.3,919922350.5390276,1466401749.1901944
SAC,1layer,Ant-v4,10,none,frelu,0.3,938158849.998564,1278372850.5132492
SAC,1layer,Ant-v4,30,none,frelu,0.3,913724707.9850092,927854351.9100094
SAC,1layer,Ant-v4,20,none,frelu,0.3,896811258.4627177,919116280.3987684
SAC,1layer,Ant-v4,40,none,frelu,0.3,926864186.0720328,2130522957.165932
SAC,1layer,Ant-v4,50,none,frelu,0.4,915286449.6306684,1466401749.1901944
SAC,1layer,Ant-v4,10,none,frelu,0.4,917359022.5870732,1278372850.5132492
SAC,1layer,Ant-v4,30,none,frelu,0.4,908611542.89623,927854351.9100094
SAC,1layer,Ant-v4,20,none,frelu,0.4,920419455.6205648,919116280.3987684
SAC,1layer,Ant-v4,40,none,frelu,0.4,909827178.1626524,2130522957.165932
SAC,1layer,Ant-v4,50,none,frelu,0.1,938730395.079828,1466401749.1901944
SAC,1layer,Ant-v4,10,none,frelu,0.1,914891163.2248064,1278372850.5132492
SAC,1layer,Ant-v4,30,none,frelu,0.1,990551615.7817438,927854351.9100094
SAC,1layer,Ant-v4,20,none,frelu,0.1,949609236.213256,919116280.3987684
SAC,1layer,Ant-v4,40,none,frelu,0.1,938475771.8260604,2130522957.165932
SAC,1layer,Ant-v4,50,none,frelu,0.2,870177830.7046676,1466401749.1901944
SAC,1layer,Ant-v4,10,none,frelu,0.2,906164999.052694,1278372850.5132492
SAC,1layer,Ant-v4,30,none,frelu,0.2,909666897.1756952,927854351.9100094
SAC,1layer,Ant-v4,20,none,frelu,0.2,915732887.740518,919116280.3987684
SAC,1layer,Ant-v4,40,none,frelu,0.2,1964613755.35262,2130522957.165932
SAC,1layer,Ant-v4,50,none,frelu,0.5,904986968.8966074,1466401749.1901944
SAC,1layer,Ant-v4,10,none,frelu,0.5,911401159.293268,1278372850.5132492
SAC,1layer,Ant-v4,30,none,frelu,0.5,900201472.503393,927854351.9100094
SAC,1layer,Ant-v4,20,none,frelu,0.5,892081311.2885829,919116280.3987684
SAC,1layer,Ant-v4,40,none,frelu,0.5,903862337.809189,2130522957.165932
SAC,1layer,Walker-Walk,50,none,frelu,0.1,777666754.2283,740050677.7725124
SAC,1layer,Walker-Walk,10,none,frelu,0.1,494834489.3092637,529384534.1298637
SAC,1layer,Walker-Walk,30,none,frelu,0.1,517095732.1161538,527802283.7463684
SAC,1layer,Walker-Walk,20,none,frelu,0.1,537322844.3728952,531375644.6912224
SAC,1layer,Walker-Walk,40,none,frelu,0.1,631914431.9857997,534055627.7314906
SAC,1layer,Walker-Walk,50,none,frelu,0.3,555916439.2244769,740050677.7725124
SAC,1layer,Walker-Walk,10,none,frelu,0.3,553376235.385124,529384534.1298637
SAC,1layer,Walker-Walk,30,none,frelu,0.3,390000300.0415689,527802283.7463684
SAC,1layer,Walker-Walk,20,none,frelu,0.3,728368697.8993142,531375644.6912224
SAC,1layer,Walker-Walk,40,none,frelu,0.3,556118789.5542837,534055627.7314906
SAC,1layer,Walker-Walk,50,none,frelu,0.5,613055730.1836351,740050677.7725124
SAC,1layer,Walker-Walk,10,none,frelu,0.5,689442586.5157149,529384534.1298637
SAC,1layer,Walker-Walk,30,none,frelu,0.5,434410634.9433332,527802283.7463684
SAC,1layer,Walker-Walk,20,none,frelu,0.5,558525925.9393533,531375644.6912224
SAC,1layer,Walker-Walk,40,none,frelu,0.5,454162023.1576021,534055627.7314906
SAC,1layer,Walker-Walk,50,none,frelu,0.2,594816487.6888828,740050677.7725124
SAC,1layer,Walker-Walk,10,none,frelu,0.2,469907956.1034898,529384534.1298637
SAC,1layer,Walker-Walk,30,none,frelu,0.2,428942633.4841186,527802283.7463684
SAC,1layer,Walker-Walk,20,none,frelu,0.2,533332641.8760904,531375644.6912224
SAC,1layer,Walker-Walk,40,none,frelu,0.2,526164401.4610804,534055627.7314906
SAC,1layer,Walker-Walk,50,none,frelu,0.4,534286385.6478298,740050677.7725124
SAC,1layer,Walker-Walk,10,none,frelu,0.4,613121725.2786957,529384534.1298637
SAC,1layer,Walker-Walk,30,none,frelu,0.4,429186411.9062112,527802283.7463684
SAC,1layer,Walker-Walk,20,none,frelu,0.4,488921521.7389712,531375644.6912224
SAC,1layer,Walker-Walk,40,none,frelu,0.4,447641768.1876146,534055627.7314906
SAC,1layer,Cartpole-Swingup,50,none,frelu,0.2,720175561.4124072,737953715.2953646
SAC,1layer,Cartpole-Swingup,10,none,frelu,0.2,775080165.4484025,751811150.5749145
SAC,1layer,Cartpole-Swingup,30,none,frelu,0.2,775469239.9579571,713920577.3478994
SAC,1layer,Cartpole-Swingup,20,none,frelu,0.2,737343242.5670953,691343760.9853859
SAC,1layer,Cartpole-Swingup,40,none,frelu,0.2,733939587.6953807,730714477.138134
SAC,1layer,Cartpole-Swingup,50,none,frelu,0.4,727546774.9768282,737953715.2953646
SAC,1layer,Cartpole-Swingup,10,none,frelu,0.4,753858954.8716218,751811150.5749145
SAC,1layer,Cartpole-Swingup,30,none,frelu,0.4,663137238.8579717,713920577.3478994
SAC,1layer,Cartpole-Swingup,20,none,frelu,0.4,697952986.9503682,691343760.9853859
SAC,1layer,Cartpole-Swingup,40,none,frelu,0.4,642207302.6897095,730714477.138134
SAC,1layer,Cartpole-Swingup,50,none,frelu,0.1,639143918.6904522,737953715.2953646
SAC,1layer,Cartpole-Swingup,10,none,frelu,0.1,736034159.4179472,751811150.5749145
SAC,1layer,Cartpole-Swingup,30,none,frelu,0.1,744585569.9829594,713920577.3478994
SAC,1layer,Cartpole-Swingup,20,none,frelu,0.1,747003381.9692669,691343760.9853859
SAC,1layer,Cartpole-Swingup,40,none,frelu,0.1,728190170.4156314,730714477.138134
SAC,1layer,Cartpole-Swingup,50,none,frelu,0.5,714486778.2049241,737953715.2953646
SAC,1layer,Cartpole-Swingup,10,none,frelu,0.5,747328743.8376453,751811150.5749145
SAC,1layer,Cartpole-Swingup,30,none,frelu,0.5,742127109.7623163,713920577.3478994
SAC,1layer,Cartpole-Swingup,20,none,frelu,0.5,624418268.5823156,691343760.9853859
SAC,1layer,Cartpole-Swingup,40,none,frelu,0.5,688726692.9875498,730714477.138134
SAC,1layer,Cartpole-Swingup,50,none,frelu,0.3,756548779.4716457,737953715.2953646
SAC,1layer,Cartpole-Swingup,10,none,frelu,0.3,719896916.2640085,751811150.5749145
SAC,1layer,Cartpole-Swingup,30,none,frelu,0.3,737605912.9108126,713920577.3478994
SAC,1layer,Cartpole-Swingup,20,none,frelu,0.3,747894314.4078104,691343760.9853859
SAC,1layer,Cartpole-Swingup,40,none,frelu,0.3,738994448.6551208,730714477.138134
SAC,1layer,HalfCheetah-v4,50,none,frelu,0.3,5641250259.563277,4451711388.732172
SAC,1layer,HalfCheetah-v4,10,none,frelu,0.3,3807201602.798382,4765466019.8752575
SAC,1layer,HalfCheetah-v4,30,none,frelu,0.3,4309669846.089544,1355607746.3132057
SAC,1layer,HalfCheetah-v4,20,none,frelu,0.3,5330866591.235636,4538784038.402962
SAC,1layer,HalfCheetah-v4,40,none,frelu,0.3,3936141470.991743,3916072912.576706
SAC,1layer,HalfCheetah-v4,50,none,frelu,0.2,5687071455.051282,4451711388.732172
SAC,1layer,HalfCheetah-v4,10,none,frelu,0.2,4329638489.236646,4765466019.8752575
SAC,1layer,HalfCheetah-v4,30,none,frelu,0.2,4108423807.367698,1355607746.3132057
SAC,1layer,HalfCheetah-v4,20,none,frelu,0.2,4833712339.985528,4538784038.402962
SAC,1layer,HalfCheetah-v4,40,none,frelu,0.2,5499396721.128012,3916072912.576706
SAC,1layer,HalfCheetah-v4,50,none,frelu,0.1,4986092253.056903,4451711388.732172
SAC,1layer,HalfCheetah-v4,10,none,frelu,0.1,4415743242.033435,4765466019.8752575
SAC,1layer,HalfCheetah-v4,30,none,frelu,0.1,3344011731.5227275,1355607746.3132057
SAC,1layer,HalfCheetah-v4,20,none,frelu,0.1,5024236662.686452,4538784038.402962
SAC,1layer,HalfCheetah-v4,40,none,frelu,0.1,5130872166.319279,3916072912.576706
SAC,1layer,HalfCheetah-v4,50,none,frelu,0.5,5101715241.719959,4451711388.732172
SAC,1layer,HalfCheetah-v4,10,none,frelu,0.5,4587361503.471261,4765466019.8752575
SAC,1layer,HalfCheetah-v4,30,none,frelu,0.5,2002967299.6220305,1355607746.3132057
SAC,1layer,HalfCheetah-v4,20,none,frelu,0.5,4129800162.821302,4538784038.402962
SAC,1layer,HalfCheetah-v4,40,none,frelu,0.5,4132645947.195112,3916072912.576706
SAC,1layer,HalfCheetah-v4,50,none,frelu,0.4,5736501061.069079,4451711388.732172
SAC,1layer,HalfCheetah-v4,10,none,frelu,0.4,2126991627.992981,4765466019.8752575
SAC,1layer,HalfCheetah-v4,30,none,frelu,0.4,1397574533.96482,1355607746.3132057
SAC,1layer,HalfCheetah-v4,20,none,frelu,0.4,4568006417.973688,4538784038.402962
SAC,1layer,HalfCheetah-v4,40,none,frelu,0.4,5322728897.003041,3916072912.576706
SAC,1layer,Finger-Spin,50,none,frelu,0.2,625755000.0,638135000.0
SAC,1layer,Finger-Spin,10,none,frelu,0.2,664825000.0,621765000.0
SAC,1layer,Finger-Spin,30,none,frelu,0.2,548045000.0,540880000.0
SAC,1layer,Finger-Spin,20,none,frelu,0.2,584095000.0,526490000.0
SAC,1layer,Finger-Spin,40,none,frelu,0.2,545070000.0,637280000.0
SAC,1layer,Finger-Spin,50,none,frelu,0.4,543025000.0,638135000.0
SAC,1layer,Finger-Spin,10,none,frelu,0.4,614775000.0,621765000.0
SAC,1layer,Finger-Spin,30,none,frelu,0.4,651040000.0,540880000.0
SAC,1layer,Finger-Spin,20,none,frelu,0.4,548965000.0,526490000.0
SAC,1layer,Finger-Spin,40,none,frelu,0.4,663660000.0,637280000.0
SAC,1layer,Finger-Spin,50,none,frelu,0.1,610280000.0,638135000.0
SAC,1layer,Finger-Spin,10,none,frelu,0.1,608675000.0,621765000.0
SAC,1layer,Finger-Spin,30,none,frelu,0.1,612810000.0,540880000.0
SAC,1layer,Finger-Spin,20,none,frelu,0.1,536450000.0,526490000.0
SAC,1layer,Finger-Spin,40,none,frelu,0.1,538285000.0,637280000.0
SAC,1layer,Finger-Spin,50,none,frelu,0.3,703255000.0,638135000.0
SAC,1layer,Finger-Spin,10,none,frelu,0.3,690500000.0,621765000.0
SAC,1layer,Finger-Spin,30,none,frelu,0.3,571390000.0,540880000.0
SAC,1layer,Finger-Spin,20,none,frelu,0.3,595125000.0,526490000.0
SAC,1layer,Finger-Spin,40,none,frelu,0.3,603050000.0,637280000.0
SAC,1layer,Finger-Spin,50,none,frelu,0.5,539525000.0,638135000.0
SAC,1layer,Finger-Spin,10,none,frelu,0.5,573580000.0,621765000.0
SAC,1layer,Finger-Spin,30,none,frelu,0.5,583020000.0,540880000.0
SAC,1layer,Finger-Spin,20,none,frelu,0.5,531085000.0,526490000.0
SAC,1layer,Finger-Spin,40,none,frelu,0.5,625915000.0,637280000.0
SAC,1layer,Cheetah-Run,50,none,frelu,0.4,292320974.1424124,278916282.28348047
SAC,1layer,Cheetah-Run,10,none,frelu,0.4,339876456.38747483,269293697.67706084
SAC,1layer,Cheetah-Run,30,none,frelu,0.4,368980742.8980052,269156247.15888137
SAC,1layer,Cheetah-Run,20,none,frelu,0.4,315349233.70561945,256270881.5567616
SAC,1layer,Cheetah-Run,40,none,frelu,0.4,285052759.98514193,286244236.8286889
SAC,1layer,Cheetah-Run,50,none,frelu,0.1,378784363.1714808,278916282.28348047
SAC,1layer,Cheetah-Run,10,none,frelu,0.1,308486479.85599154,269293697.67706084
SAC,1layer,Cheetah-Run,30,none,frelu,0.1,337757200.6781144,269156247.15888137
SAC,1layer,Cheetah-Run,20,none,frelu,0.1,262045613.5235712,256270881.5567616
SAC,1layer,Cheetah-Run,40,none,frelu,0.1,352843871.4581759,286244236.8286889
SAC,1layer,Cheetah-Run,50,none,frelu,0.3,326605783.21620846,278916282.28348047
SAC,1layer,Cheetah-Run,10,none,frelu,0.3,355496504.42389864,269293697.67706084
SAC,1layer,Cheetah-Run,30,none,frelu,0.3,265317937.66159177,269156247.15888137
SAC,1layer,Cheetah-Run,20,none,frelu,0.3,309844369.53221923,256270881.5567616
SAC,1layer,Cheetah-Run,40,none,frelu,0.3,280517370.2760977,286244236.8286889
SAC,1layer,Cheetah-Run,50,none,frelu,0.2,347911928.8959465,278916282.28348047
SAC,1layer,Cheetah-Run,10,none,frelu,0.2,288673152.2496573,269293697.67706084
SAC,1layer,Cheetah-Run,30,none,frelu,0.2,309303713.30789053,269156247.15888137
SAC,1layer,Cheetah-Run,20,none,frelu,0.2,365629976.54939055,256270881.5567616
SAC,1layer,Cheetah-Run,40,none,frelu,0.2,287200268.344279,286244236.8286889
SAC,1layer,Cheetah-Run,50,none,frelu,0.5,349140062.8538742,278916282.28348047
SAC,1layer,Cheetah-Run,10,none,frelu,0.5,285752753.54503226,269293697.67706084
SAC,1layer,Cheetah-Run,30,none,frelu,0.5,287202923.3089988,269156247.15888137
SAC,1layer,Cheetah-Run,20,none,frelu,0.5,312102173.93053216,256270881.5567616
SAC,1layer,Cheetah-Run,40,none,frelu,0.5,274403763.7757701,286244236.8286889
SAC,1layer,Humanoid-v4,50,none,frelu,0.1,3162894867.229413,3100641570.005263
SAC,1layer,Humanoid-v4,10,none,frelu,0.1,3232934380.1640644,2990700906.128635
SAC,1layer,Humanoid-v4,30,none,frelu,0.1,3125108488.4291,3392459135.212069
SAC,1layer,Humanoid-v4,20,none,frelu,0.1,2185008287.68222,3771039362.685208
SAC,1layer,Humanoid-v4,40,none,frelu,0.1,3250597478.4236574,3491864897.6665583
SAC,1layer,Humanoid-v4,50,none,frelu,0.3,3464946934.738353,3100641570.005263
SAC,1layer,Humanoid-v4,10,none,frelu,0.3,2750665244.271426,2990700906.128635
SAC,1layer,Humanoid-v4,30,none,frelu,0.3,3297358851.7392,3392459135.212069
SAC,1layer,Humanoid-v4,20,none,frelu,0.3,2757698247.7823343,3771039362.685208
SAC,1layer,Humanoid-v4,40,none,frelu,0.3,2769610433.8639665,3491864897.6665583
SAC,1layer,Humanoid-v4,50,none,frelu,0.5,2798584095.523921,3100641570.005263
SAC,1layer,Humanoid-v4,10,none,frelu,0.5,2305887398.2979,2990700906.128635
SAC,1layer,Humanoid-v4,30,none,frelu,0.5,2088149755.3597872,3392459135.212069
SAC,1layer,Humanoid-v4,20,none,frelu,0.5,3248235051.7201133,3771039362.685208
SAC,1layer,Humanoid-v4,40,none,frelu,0.5,2716921974.54824,3491864897.6665583
SAC,1layer,Humanoid-v4,50,none,frelu,0.2,3331984555.8964314,3100641570.005263
SAC,1layer,Humanoid-v4,10,none,frelu,0.2,2831067834.13734,2990700906.128635
SAC,1layer,Humanoid-v4,30,none,frelu,0.2,2935917498.980122,3392459135.212069
SAC,1layer,Humanoid-v4,20,none,frelu,0.2,3070553410.213803,3771039362.685208
SAC,1layer,Humanoid-v4,40,none,frelu,0.2,2914176461.512151,3491864897.6665583
SAC,1layer,Humanoid-v4,50,none,frelu,0.4,2798584095.523921,3100641570.005263
SAC,1layer,Humanoid-v4,10,none,frelu,0.4,2305887398.2979,2990700906.128635
SAC,1layer,Humanoid-v4,30,none,frelu,0.4,2088149755.3597872,3392459135.212069
SAC,1layer,Humanoid-v4,20,none,frelu,0.4,3248235051.7201133,3771039362.685208
SAC,1layer,Humanoid-v4,40,none,frelu,0.4,2716921974.54824,3491864897.6665583
SAC,1layer,Hopper-v4,50,none,frelu,0.1,1138684975.9460168,912115687.706452
SAC,1layer,Hopper-v4,10,none,frelu,0.1,893297960.5219941,1519796015.4943323
SAC,1layer,Hopper-v4,30,none,frelu,0.1,2039328790.2734847,1629035363.2174027
SAC,1layer,Hopper-v4,20,none,frelu,0.1,1038000354.8690202,2306670977.453857
SAC,1layer,Hopper-v4,40,none,frelu,0.1,1489386489.5577962,1120366430.8871765
SAC,1layer,Hopper-v4,50,none,frelu,0.3,2241373799.3171563,912115687.706452
SAC,1layer,Hopper-v4,10,none,frelu,0.3,1386763760.9058683,1519796015.4943323
SAC,1layer,Hopper-v4,30,none,frelu,0.3,1671148089.0528612,1629035363.2174027
SAC,1layer,Hopper-v4,20,none,frelu,0.3,944239132.8237398,2306670977.453857
SAC,1layer,Hopper-v4,40,none,frelu,0.3,1876381454.5625703,1120366430.8871765
SAC,1layer,Hopper-v4,50,none,frelu,0.4,1247629338.3225868,912115687.706452
SAC,1layer,Hopper-v4,10,none,frelu,0.4,1407808706.2958968,1519796015.4943323
SAC,1layer,Hopper-v4,30,none,frelu,0.4,794050016.4943638,1629035363.2174027
SAC,1layer,Hopper-v4,20,none,frelu,0.4,483327613.2850076,2306670977.453857
SAC,1layer,Hopper-v4,40,none,frelu,0.4,1473741707.366243,1120366430.8871765
SAC,1layer,Hopper-v4,50,none,frelu,0.2,1315087175.0680785,912115687.706452
SAC,1layer,Hopper-v4,10,none,frelu,0.2,1864814596.604096,1519796015.4943323
SAC,1layer,Hopper-v4,30,none,frelu,0.2,1240835091.1298778,1629035363.2174027
SAC,1layer,Hopper-v4,20,none,frelu,0.2,1613040684.156263,2306670977.453857
SAC,1layer,Hopper-v4,40,none,frelu,0.2,1855023205.924209,1120366430.8871765
SAC,1layer,Hopper-v4,50,none,frelu,0.5,835028326.0931762,912115687.706452
SAC,1layer,Hopper-v4,10,none,frelu,0.5,312188886.0206358,1519796015.4943323
SAC,1layer,Hopper-v4,30,none,frelu,0.5,756083145.306355,1629035363.2174027
SAC,1layer,Hopper-v4,20,none,frelu,0.5,825292248.2620661,2306670977.453857
SAC,1layer,Hopper-v4,40,none,frelu,0.5,1127581171.093676,1120366430.8871765
SAC,1layer,Cartpole-Swingup,50,none,prelu,base,724029391.5843964,737953715.2953646
SAC,1layer,Cartpole-Swingup,10,none,prelu,base,755405588.4933472,751811150.5749145
SAC,1layer,Cartpole-Swingup,30,none,prelu,base,753357166.519165,713920577.3478994
SAC,1layer,Cartpole-Swingup,20,none,prelu,base,749856012.5732422,691343760.9853859
SAC,1layer,Cartpole-Swingup,40,none,prelu,base,735701268.6920166,730714477.138134
SAC,1layer,HalfCheetah-v4,50,none,prelu,base,1272643708.267212,4451711388.732172
SAC,1layer,HalfCheetah-v4,10,none,prelu,base,4881878485.450745,4765466019.8752575
SAC,1layer,HalfCheetah-v4,30,none,prelu,base,4643282996.482849,1355607746.3132057
SAC,1layer,HalfCheetah-v4,20,none,prelu,base,4940049321.966171,4538784038.402962
SAC,1layer,HalfCheetah-v4,40,none,prelu,base,3835360022.583008,3916072912.576706
SAC,1layer,Humanoid-v4,50,none,prelu,base,4139089181.213379,3100641570.005263
SAC,1layer,Humanoid-v4,10,none,prelu,base,3473933244.3237305,2990700906.128635
SAC,1layer,Humanoid-v4,30,none,prelu,base,3225666901.321411,3392459135.212069
SAC,1layer,Humanoid-v4,20,none,prelu,base,3512491530.075073,3771039362.685208
SAC,1layer,Humanoid-v4,40,none,prelu,base,3213465296.936035,3491864897.6665583
SAC,1layer,Cheetah-Run,50,none,prelu,base,294687676.71123147,278916282.28348047
SAC,1layer,Cheetah-Run,10,none,prelu,base,319485845.092535,269293697.67706084
SAC,1layer,Cheetah-Run,30,none,prelu,base,265543294.15224493,269156247.15888137
SAC,1layer,Cheetah-Run,20,none,prelu,base,280417901.7221928,256270881.5567616
SAC,1layer,Cheetah-Run,40,none,prelu,base,353755675.5150109,286244236.8286889
SAC,1layer,Walker-Walk,50,none,prelu,base,693086839.7331238,740050677.7725124
SAC,1layer,Walker-Walk,10,none,prelu,base,633001101.5129089,529384534.1298637
SAC,1layer,Walker-Walk,30,none,prelu,base,494830547.2373962,527802283.7463684
SAC,1layer,Walker-Walk,20,none,prelu,base,681809606.666565,531375644.6912224
SAC,1layer,Walker-Walk,40,none,prelu,base,645870303.3542633,534055627.7314906
SAC,1layer,Hopper-v4,50,none,prelu,base,2197262222.776413,912115687.706452
SAC,1layer,Hopper-v4,10,none,prelu,base,1550272045.4025269,1519796015.4943323
SAC,1layer,Hopper-v4,30,none,prelu,base,1844223780.899048,1629035363.2174027
SAC,1layer,Hopper-v4,20,none,prelu,base,1994669338.9368052,2306670977.453857
SAC,1layer,Hopper-v4,40,none,prelu,base,1314754116.783142,1120366430.8871765
SAC,1layer,Finger-Spin,50,none,prelu,base,391775000.0,638135000.0
SAC,1layer,Finger-Spin,10,none,prelu,base,639360000.0,621765000.0
SAC,1layer,Finger-Spin,30,none,prelu,base,591410000.0,540880000.0
SAC,1layer,Finger-Spin,20,none,prelu,base,611855000.0,526490000.0
SAC,1layer,Finger-Spin,40,none,prelu,base,633935000.0,637280000.0
SAC,1layer,Ant-v4,50,none,prelu,base,897215579.7100067,1466401749.1901944
SAC,1layer,Ant-v4,10,none,prelu,base,934781256.1798096,1278372850.5132492
SAC,1layer,Ant-v4,30,none,prelu,base,923237079.9523592,927854351.9100094
SAC,1layer,Ant-v4,20,none,prelu,base,884765442.5048828,919116280.3987684
SAC,1layer,Ant-v4,40,none,prelu,base,1738833425.1403809,2130522957.165932
SAC,1layer,HalfCheetah-v4,50,none,swish,base,3798564779.777527,4451711388.732172
SAC,1layer,HalfCheetah-v4,10,none,swish,base,3914876613.6550894,4765466019.8752575
SAC,1layer,HalfCheetah-v4,30,none,swish,base,1369415570.2209473,1355607746.3132057
SAC,1layer,HalfCheetah-v4,20,none,swish,base,4614459021.162987,4538784038.402962
SAC,1layer,HalfCheetah-v4,40,none,swish,base,1346265303.9360046,3916072912.576706
SAC,1layer,Humanoid-v4,50,none,swish,base,3042759113.388061,3100641570.005263
SAC,1layer,Humanoid-v4,10,none,swish,base,2996847535.7055664,2990700906.128635
SAC,1layer,Humanoid-v4,30,none,swish,base,3062331214.828491,3392459135.212069
SAC,1layer,Humanoid-v4,20,none,swish,base,2971671365.2038574,3771039362.685208
SAC,1layer,Humanoid-v4,40,none,swish,base,3445986584.701538,3491864897.6665583
SAC,1layer,Hopper-v4,50,none,swish,base,2049932507.3242188,912115687.706452
SAC,1layer,Hopper-v4,10,none,swish,base,1680549656.600952,1519796015.4943323
SAC,1layer,Hopper-v4,30,none,swish,base,2230508511.352539,1629035363.2174027
SAC,1layer,Hopper-v4,20,none,swish,base,1981041708.1451416,2306670977.453857
SAC,1layer,Hopper-v4,40,none,swish,base,2151228207.7026367,1120366430.8871765
SAC,1layer,Cartpole-Swingup,50,none,swish,base,610113350.1571994,737953715.2953646
SAC,1layer,Cartpole-Swingup,10,none,swish,base,715018720.5505371,751811150.5749145
SAC,1layer,Cartpole-Swingup,30,none,swish,base,629401685.7528687,713920577.3478994
SAC,1layer,Cartpole-Swingup,20,none,swish,base,687535352.6306152,691343760.9853859
SAC,1layer,Cartpole-Swingup,40,none,swish,base,673884186.9735718,730714477.138134
SAC,1layer,Ant-v4,50,none,swish,base,1119925067.539215,1466401749.1901944
SAC,1layer,Ant-v4,10,none,swish,base,1572523359.527588,1278372850.5132492
SAC,1layer,Ant-v4,30,none,swish,base,1455194879.3268204,927854351.9100094
SAC,1layer,Ant-v4,20,none,swish,base,1866913288.269043,919116280.3987684
SAC,1layer,Ant-v4,40,none,swish,base,2126671215.5151367,2130522957.165932
SAC,1layer,Cheetah-Run,50,none,swish,base,203169715.34729004,278916282.28348047
SAC,1layer,Cheetah-Run,10,none,swish,base,347367383.7938905,269293697.67706084
SAC,1layer,Cheetah-Run,30,none,swish,base,286573882.2245598,269156247.15888137
SAC,1layer,Cheetah-Run,20,none,swish,base,259877459.0711668,256270881.5567616
SAC,1layer,Cheetah-Run,40,none,swish,base,193216615.53688347,286244236.8286889
SAC,1layer,Walker-Walk,50,none,swish,base,589663362.3790741,740050677.7725124
SAC,1layer,Walker-Walk,10,none,swish,base,529403700.428009,529384534.1298637
SAC,1layer,Walker-Walk,30,none,swish,base,491009140.7108307,527802283.7463684
SAC,1layer,Walker-Walk,20,none,swish,base,722486314.8832321,531375644.6912224
SAC,1layer,Walker-Walk,40,none,swish,base,785015818.9487457,534055627.7314906
SAC,1layer,Finger-Spin,50,none,swish,base,359770000.0,638135000.0
SAC,1layer,Finger-Spin,10,none,swish,base,320880000.0,621765000.0
SAC,1layer,Finger-Spin,30,none,swish,base,362975000.0,540880000.0
SAC,1layer,Finger-Spin,20,none,swish,base,493045000.0,526490000.0
SAC,1layer,Finger-Spin,40,none,swish,base,422205000.0,637280000.0
SAC,1layer,Walker-Walk,50,none,flrelu,0.4,538392932.0167365,740050677.7725124
SAC,1layer,Walker-Walk,10,none,flrelu,0.4,544638417.7117696,529384534.1298637
SAC,1layer,Walker-Walk,30,none,flrelu,0.4,470355796.5058838,527802283.7463684
SAC,1layer,Walker-Walk,20,none,flrelu,0.4,529084938.4272692,531375644.6912224
SAC,1layer,Walker-Walk,40,none,flrelu,0.4,639661105.8733746,534055627.7314906
SAC,1layer,Walker-Walk,50,none,flrelu,0.1,632516031.1114405,740050677.7725124
SAC,1layer,Walker-Walk,10,none,flrelu,0.1,541073026.625117,529384534.1298637
SAC,1layer,Walker-Walk,30,none,flrelu,0.1,486093540.2846302,527802283.7463684
SAC,1layer,Walker-Walk,20,none,flrelu,0.1,615776475.0318593,531375644.6912224
SAC,1layer,Walker-Walk,40,none,flrelu,0.1,790228801.481572,534055627.7314906
SAC,1layer,Walker-Walk,50,none,flrelu,0.5,475837704.9584196,740050677.7725124
SAC,1layer,Walker-Walk,10,none,flrelu,0.5,513784011.07699335,529384534.1298637
SAC,1layer,Walker-Walk,30,none,flrelu,0.5,452708750.0843918,527802283.7463684
SAC,1layer,Walker-Walk,20,none,flrelu,0.5,393042433.91785526,531375644.6912224
SAC,1layer,Walker-Walk,40,none,flrelu,0.5,558231513.820308,534055627.7314906
SAC,1layer,Walker-Walk,50,none,flrelu,0.2,632787310.3142127,740050677.7725124
SAC,1layer,Walker-Walk,10,none,flrelu,0.2,544568542.6248746,529384534.1298637
SAC,1layer,Walker-Walk,30,none,flrelu,0.2,418891256.8759351,527802283.7463684
SAC,1layer,Walker-Walk,20,none,flrelu,0.2,400319400.2896996,531375644.6912224
SAC,1layer,Walker-Walk,40,none,flrelu,0.2,525602137.72712415,534055627.7314906
SAC,1layer,Walker-Walk,50,none,flrelu,0.3,586322077.5274488,740050677.7725124
SAC,1layer,Walker-Walk,10,none,flrelu,0.3,570881906.4714667,529384534.1298637
SAC,1layer,Walker-Walk,30,none,flrelu,0.3,614109236.5449487,527802283.7463684
SAC,1layer,Walker-Walk,20,none,flrelu,0.3,540193900.2242503,531375644.6912224
SAC,1layer,Walker-Walk,40,none,flrelu,0.3,613005497.0763382,534055627.7314906
SAC,1layer,Cheetah-Run,50,none,flrelu,0.2,330604896.34799963,278916282.28348047
SAC,1layer,Cheetah-Run,10,none,flrelu,0.2,318796309.5507802,269293697.67706084
SAC,1layer,Cheetah-Run,30,none,flrelu,0.2,287496693.7742692,269156247.15888137
SAC,1layer,Cheetah-Run,20,none,flrelu,0.2,353662068.9462931,256270881.5567616
SAC,1layer,Cheetah-Run,40,none,flrelu,0.2,275405401.3846714,286244236.8286889
SAC,1layer,Cheetah-Run,50,none,flrelu,0.5,329140237.9655631,278916282.28348047
SAC,1layer,Cheetah-Run,10,none,flrelu,0.5,337840503.2468813,269293697.67706084
SAC,1layer,Cheetah-Run,30,none,flrelu,0.5,292094383.2025475,269156247.15888137
SAC,1layer,Cheetah-Run,20,none,flrelu,0.5,257993939.1622911,256270881.5567616
SAC,1layer,Cheetah-Run,40,none,flrelu,0.5,316824880.332852,286244236.8286889
SAC,1layer,Cheetah-Run,50,none,flrelu,0.1,302860966.9606768,278916282.28348047
SAC,1layer,Cheetah-Run,10,none,flrelu,0.1,432042381.5723389,269293697.67706084
SAC,1layer,Cheetah-Run,30,none,flrelu,0.1,344167925.3872784,269156247.15888137
SAC,1layer,Cheetah-Run,20,none,flrelu,0.1,286882590.44628847,256270881.5567616
SAC,1layer,Cheetah-Run,40,none,flrelu,0.1,367010636.48216784,286244236.8286889
SAC,1layer,Cheetah-Run,50,none,flrelu,0.3,291076101.4432274,278916282.28348047
SAC,1layer,Cheetah-Run,10,none,flrelu,0.3,355936154.76674587,269293697.67706084
SAC,1layer,Cheetah-Run,30,none,flrelu,0.3,350089256.1411404,269156247.15888137
SAC,1layer,Cheetah-Run,20,none,flrelu,0.3,329267337.5515204,256270881.5567616
SAC,1layer,Cheetah-Run,40,none,flrelu,0.3,224614790.4803686,286244236.8286889
SAC,1layer,Cheetah-Run,50,none,flrelu,0.4,382060588.48060256,278916282.28348047
SAC,1layer,Cheetah-Run,10,none,flrelu,0.4,336333773.7326912,269293697.67706084
SAC,1layer,Cheetah-Run,30,none,flrelu,0.4,277129821.09099615,269156247.15888137
SAC,1layer,Cheetah-Run,20,none,flrelu,0.4,288477342.6093956,256270881.5567616
SAC,1layer,Cheetah-Run,40,none,flrelu,0.4,330857310.83083564,286244236.8286889
SAC,1layer,Humanoid-v4,50,none,flrelu,0.3,3741373168.4995,3100641570.005263
SAC,1layer,Humanoid-v4,10,none,flrelu,0.3,2805600346.7228694,2990700906.128635
SAC,1layer,Humanoid-v4,30,none,flrelu,0.3,3251702049.2364683,3392459135.212069
SAC,1layer,Humanoid-v4,20,none,flrelu,0.3,2796856796.6234417,3771039362.685208
SAC,1layer,Humanoid-v4,40,none,flrelu,0.3,3284931757.484672,3491864897.6665583
SAC,1layer,Humanoid-v4,50,none,flrelu,0.2,2963967428.0652,3100641570.005263
SAC,1layer,Humanoid-v4,10,none,flrelu,0.2,3158195671.186139,2990700906.128635
SAC,1layer,Humanoid-v4,30,none,flrelu,0.2,2719528607.0279894,3392459135.212069
SAC,1layer,Humanoid-v4,20,none,flrelu,0.2,3222021464.953892,3771039362.685208
SAC,1layer,Humanoid-v4,40,none,flrelu,0.2,3367023834.488397,3491864897.6665583
SAC,1layer,Humanoid-v4,50,none,flrelu,0.4,3584848689.38406,3100641570.005263
SAC,1layer,Humanoid-v4,10,none,flrelu,0.4,3666437648.213195,2990700906.128635
SAC,1layer,Humanoid-v4,30,none,flrelu,0.4,3134741982.55204,3392459135.212069
SAC,1layer,Humanoid-v4,20,none,flrelu,0.4,3099965906.725672,3771039362.685208
SAC,1layer,Humanoid-v4,40,none,flrelu,0.4,3452579902.91871,3491864897.6665583
SAC,1layer,Humanoid-v4,50,none,flrelu,0.5,2801795954.740262,3100641570.005263
SAC,1layer,Humanoid-v4,10,none,flrelu,0.5,2266111726.473237,2990700906.128635
SAC,1layer,Humanoid-v4,30,none,flrelu,0.5,1894852004.509594,3392459135.212069
SAC,1layer,Humanoid-v4,20,none,flrelu,0.5,2812836184.918299,3771039362.685208
SAC,1layer,Humanoid-v4,40,none,flrelu,0.5,2902103910.4256864,3491864897.6665583
SAC,1layer,Humanoid-v4,50,none,flrelu,0.1,2818803209.697889,3100641570.005263
SAC,1layer,Humanoid-v4,10,none,flrelu,0.1,3399391257.662241,2990700906.128635
SAC,1layer,Humanoid-v4,30,none,flrelu,0.1,3584848689.38406,3392459135.212069
SAC,1layer,Humanoid-v4,20,none,flrelu,0.1,3627921116.456587,3771039362.685208
SAC,1layer,Humanoid-v4,40,none,flrelu,0.1,3205632004.119009,3491864897.6665583
SAC,1layer,Ant-v4,50,none,flrelu,0.2,902465859.0881244,1466401749.1901944
SAC,1layer,Ant-v4,10,none,flrelu,0.2,899699780.1316644,1278372850.5132492
SAC,1layer,Ant-v4,30,none,flrelu,0.2,925745565.9796214,927854351.9100094
SAC,1layer,Ant-v4,20,none,flrelu,0.2,1004992515.8231786,919116280.3987684
SAC,1layer,Ant-v4,40,none,flrelu,0.2,940602630.0783688,2130522957.165932
SAC,1layer,Ant-v4,50,none,flrelu,0.1,1310039225.1388438,1466401749.1901944
SAC,1layer,Ant-v4,10,none,flrelu,0.1,889368714.8156434,1278372850.5132492
SAC,1layer,Ant-v4,30,none,flrelu,0.1,1040154750.0705938,927854351.9100094
SAC,1layer,Ant-v4,20,none,flrelu,0.1,977094845.0528536,919116280.3987684
SAC,1layer,Ant-v4,40,none,flrelu,0.1,1423550420.6788557,2130522957.165932
SAC,1layer,Ant-v4,50,none,flrelu,0.4,907578137.597014,1466401749.1901944
SAC,1layer,Ant-v4,10,none,flrelu,0.4,911382684.195225,1278372850.5132492
SAC,1layer,Ant-v4,30,none,flrelu,0.4,964158210.508024,927854351.9100094
SAC,1layer,Ant-v4,20,none,flrelu,0.4,917601853.3813802,919116280.3987684
SAC,1layer,Ant-v4,40,none,flrelu,0.4,922745600.9156076,2130522957.165932
SAC,1layer,Ant-v4,50,none,flrelu,0.5,888661409.4365953,1466401749.1901944
SAC,1layer,Ant-v4,10,none,flrelu,0.5,916330637.7338284,1278372850.5132492
SAC,1layer,Ant-v4,30,none,flrelu,0.5,910716891.2034626,927854351.9100094
SAC,1layer,Ant-v4,20,none,flrelu,0.5,910244183.8684964,919116280.3987684
SAC,1layer,Ant-v4,40,none,flrelu,0.5,918952564.3817164,2130522957.165932
SAC,1layer,Ant-v4,50,none,flrelu,0.3,941784459.7679012,1466401749.1901944
SAC,1layer,Ant-v4,10,none,flrelu,0.3,914207368.7422534,1278372850.5132492
SAC,1layer,Ant-v4,30,none,flrelu,0.3,920625389.4982566,927854351.9100094
SAC,1layer,Ant-v4,20,none,flrelu,0.3,903136973.8757735,919116280.3987684
SAC,1layer,Ant-v4,40,none,flrelu,0.3,923917871.1371828,2130522957.165932
SAC,1layer,Cartpole-Swingup,50,none,flrelu,0.2,717063521.3621719,737953715.2953646
SAC,1layer,Cartpole-Swingup,10,none,flrelu,0.2,780332845.1110141,751811150.5749145
SAC,1layer,Cartpole-Swingup,30,none,flrelu,0.2,707830766.5888231,713920577.3478994
SAC,1layer,Cartpole-Swingup,20,none,flrelu,0.2,776110254.3246895,691343760.9853859
SAC,1layer,Cartpole-Swingup,40,none,flrelu,0.2,787343215.3409399,730714477.138134
SAC,1layer,Cartpole-Swingup,50,none,flrelu,0.4,687250272.6834748,737953715.2953646
SAC,1layer,Cartpole-Swingup,10,none,flrelu,0.4,681113179.8775141,751811150.5749145
SAC,1layer,Cartpole-Swingup,30,none,flrelu,0.4,695282693.903041,713920577.3478994
SAC,1layer,Cartpole-Swingup,20,none,flrelu,0.4,745761318.7490824,691343760.9853859
SAC,1layer,Cartpole-Swingup,40,none,flrelu,0.4,713764700.2308482,730714477.138134
SAC,1layer,Cartpole-Swingup,50,none,flrelu,0.3,727017378.4597634,737953715.2953646
SAC,1layer,Cartpole-Swingup,10,none,flrelu,0.3,758321791.1180636,751811150.5749145
SAC,1layer,Cartpole-Swingup,30,none,flrelu,0.3,694975754.9627748,713920577.3478994
SAC,1layer,Cartpole-Swingup,20,none,flrelu,0.3,718751419.7392925,691343760.9853859
SAC,1layer,Cartpole-Swingup,40,none,flrelu,0.3,712346353.1257552,730714477.138134
SAC,1layer,Cartpole-Swingup,50,none,flrelu,0.1,708299840.3097824,737953715.2953646
SAC,1layer,Cartpole-Swingup,10,none,flrelu,0.1,721667390.4635713,751811150.5749145
SAC,1layer,Cartpole-Swingup,30,none,flrelu,0.1,714963238.1857239,713920577.3478994
SAC,1layer,Cartpole-Swingup,20,none,flrelu,0.1,750354195.2536267,691343760.9853859
SAC,1layer,Cartpole-Swingup,40,none,flrelu,0.1,743081256.102527,730714477.138134
SAC,1layer,Cartpole-Swingup,50,none,flrelu,0.5,726807273.8613464,737953715.2953646
SAC,1layer,Cartpole-Swingup,10,none,flrelu,0.5,643889557.8073928,751811150.5749145
SAC,1layer,Cartpole-Swingup,30,none,flrelu,0.5,692248115.5665464,713920577.3478994
SAC,1layer,Cartpole-Swingup,20,none,flrelu,0.5,657542302.3059373,691343760.9853859
SAC,1layer,Cartpole-Swingup,40,none,flrelu,0.5,628788906.2522403,730714477.138134
SAC,1layer,HalfCheetah-v4,50,none,flrelu,0.3,5033894226.003207,4451711388.732172
SAC,1layer,HalfCheetah-v4,10,none,flrelu,0.3,4747154356.595879,4765466019.8752575
SAC,1layer,HalfCheetah-v4,30,none,flrelu,0.3,4597987768.8474655,1355607746.3132057
SAC,1layer,HalfCheetah-v4,20,none,flrelu,0.3,4536550925.903349,4538784038.402962
SAC,1layer,HalfCheetah-v4,40,none,flrelu,0.3,1420875319.651291,3916072912.576706
SAC,1layer,HalfCheetah-v4,50,none,flrelu,0.4,5732153443.549734,4451711388.732172
SAC,1layer,HalfCheetah-v4,10,none,flrelu,0.4,4688223993.7438135,4765466019.8752575
SAC,1layer,HalfCheetah-v4,30,none,flrelu,0.4,5111477402.948991,1355607746.3132057
SAC,1layer,HalfCheetah-v4,20,none,flrelu,0.4,4772661806.819281,4538784038.402962
SAC,1layer,HalfCheetah-v4,40,none,flrelu,0.4,3519400865.3801847,3916072912.576706
SAC,1layer,HalfCheetah-v4,50,none,flrelu,0.2,4426546473.952283,4451711388.732172
SAC,1layer,HalfCheetah-v4,10,none,flrelu,0.2,3739170441.099832,4765466019.8752575
SAC,1layer,HalfCheetah-v4,30,none,flrelu,0.2,4765509181.865415,1355607746.3132057
SAC,1layer,HalfCheetah-v4,20,none,flrelu,0.2,1281454433.1525965,4538784038.402962
SAC,1layer,HalfCheetah-v4,40,none,flrelu,0.2,5143987493.41424,3916072912.576706
SAC,1layer,HalfCheetah-v4,50,none,flrelu,0.1,1221181252.8828266,4451711388.732172
SAC,1layer,HalfCheetah-v4,10,none,flrelu,0.1,3204221728.9889965,4765466019.8752575
SAC,1layer,HalfCheetah-v4,30,none,flrelu,0.1,1323777542.3868687,1355607746.3132057
SAC,1layer,HalfCheetah-v4,20,none,flrelu,0.1,4489774136.903433,4538784038.402962
SAC,1layer,HalfCheetah-v4,40,none,flrelu,0.1,4260067028.435992,3916072912.576706
SAC,1layer,HalfCheetah-v4,50,none,flrelu,0.5,2072094765.865857,4451711388.732172
SAC,1layer,HalfCheetah-v4,10,none,flrelu,0.5,4163934011.2144966,4765466019.8752575
SAC,1layer,HalfCheetah-v4,30,none,flrelu,0.5,3577369981.897531,1355607746.3132057
SAC,1layer,HalfCheetah-v4,20,none,flrelu,0.5,3515818740.3417883,4538784038.402962
SAC,1layer,HalfCheetah-v4,40,none,flrelu,0.5,2269000755.408281,3916072912.576706
SAC,1layer,Finger-Spin,50,none,flrelu,0.3,613480000.0,638135000.0
SAC,1layer,Finger-Spin,10,none,flrelu,0.3,610640000.0,621765000.0
SAC,1layer,Finger-Spin,30,none,flrelu,0.3,595205000.0,540880000.0
SAC,1layer,Finger-Spin,20,none,flrelu,0.3,542835000.0,526490000.0
SAC,1layer,Finger-Spin,40,none,flrelu,0.3,561790000.0,637280000.0
SAC,1layer,Finger-Spin,50,none,flrelu,0.2,555375000.0,638135000.0
SAC,1layer,Finger-Spin,10,none,flrelu,0.2,502800000.0,621765000.0
SAC,1layer,Finger-Spin,30,none,flrelu,0.2,543510000.0,540880000.0
SAC,1layer,Finger-Spin,20,none,flrelu,0.2,627435000.0,526490000.0
SAC,1layer,Finger-Spin,40,none,flrelu,0.2,642470000.0,637280000.0
SAC,1layer,Finger-Spin,50,none,flrelu,0.1,601680000.0,638135000.0
SAC,1layer,Finger-Spin,10,none,flrelu,0.1,578660000.0,621765000.0
SAC,1layer,Finger-Spin,30,none,flrelu,0.1,535515000.0,540880000.0
SAC,1layer,Finger-Spin,20,none,flrelu,0.1,487925000.0,526490000.0
SAC,1layer,Finger-Spin,40,none,flrelu,0.1,492620000.0,637280000.0
SAC,1layer,Finger-Spin,50,none,flrelu,0.4,653220000.0,638135000.0
SAC,1layer,Finger-Spin,10,none,flrelu,0.4,598025000.0,621765000.0
SAC,1layer,Finger-Spin,30,none,flrelu,0.4,659615000.0,540880000.0
SAC,1layer,Finger-Spin,20,none,flrelu,0.4,626025000.0,526490000.0
SAC,1layer,Finger-Spin,40,none,flrelu,0.4,467700000.0,637280000.0
SAC,1layer,Finger-Spin,50,none,flrelu,0.5,584605000.0,638135000.0
SAC,1layer,Finger-Spin,10,none,flrelu,0.5,648730000.0,621765000.0
SAC,1layer,Finger-Spin,30,none,flrelu,0.5,507915000.0,540880000.0
SAC,1layer,Finger-Spin,20,none,flrelu,0.5,547705000.0,526490000.0
SAC,1layer,Finger-Spin,40,none,flrelu,0.5,573395000.0,637280000.0
SAC,1layer,Hopper-v4,50,none,flrelu,0.2,1898647822.2937148,912115687.706452
SAC,1layer,Hopper-v4,10,none,flrelu,0.2,2011708669.5739105,1519796015.4943323
SAC,1layer,Hopper-v4,30,none,flrelu,0.2,1782693931.5752554,1629035363.2174027
SAC,1layer,Hopper-v4,20,none,flrelu,0.2,2327375009.112226,2306670977.453857
SAC,1layer,Hopper-v4,40,none,flrelu,0.2,2046558106.164468,1120366430.8871765
SAC,1layer,Hopper-v4,50,none,flrelu,0.5,1159647029.0088627,912115687.706452
SAC,1layer,Hopper-v4,10,none,flrelu,0.5,1678441271.394941,1519796015.4943323
SAC,1layer,Hopper-v4,30,none,flrelu,0.5,1561873291.7190838,1629035363.2174027
SAC,1layer,Hopper-v4,20,none,flrelu,0.5,959752608.8085344,2306670977.453857
SAC,1layer,Hopper-v4,40,none,flrelu,0.5,2037647110.234224,1120366430.8871765
SAC,1layer,Hopper-v4,50,none,flrelu,0.1,350286250.50616074,912115687.706452
SAC,1layer,Hopper-v4,10,none,flrelu,0.1,1605601548.812525,1519796015.4943323
SAC,1layer,Hopper-v4,30,none,flrelu,0.1,1706223216.265483,1629035363.2174027
SAC,1layer,Hopper-v4,20,none,flrelu,0.1,1964446780.177556,2306670977.453857
SAC,1layer,Hopper-v4,40,none,flrelu,0.1,1463317207.8148,1120366430.8871765
SAC,1layer,Hopper-v4,50,none,flrelu,0.3,2403498450.9414167,912115687.706452
SAC,1layer,Hopper-v4,10,none,flrelu,0.3,322413805.0795911,1519796015.4943323
SAC,1layer,Hopper-v4,30,none,flrelu,0.3,1595545349.1722212,1629035363.2174027
SAC,1layer,Hopper-v4,20,none,flrelu,0.3,1969228761.8053896,2306670977.453857
SAC,1layer,Hopper-v4,40,none,flrelu,0.3,1104111935.7152634,1120366430.8871765
SAC,1layer,Hopper-v4,50,none,flrelu,0.4,442036308.1677933,912115687.706452
SAC,1layer,Hopper-v4,10,none,flrelu,0.4,1137793152.0900664,1519796015.4943323
SAC,1layer,Hopper-v4,30,none,flrelu,0.4,1957247998.376568,1629035363.2174027
SAC,1layer,Hopper-v4,20,none,flrelu,0.4,1511434775.2562416,2306670977.453857
SAC,1layer,Hopper-v4,40,none,flrelu,0.4,1776271475.8100932,1120366430.8871765
SAC,1layer,Cheetah-Run,50,none,gelu,base,294072883.4056854,278916282.28348047
SAC,1layer,Cheetah-Run,10,none,gelu,base,313714477.9848887,269293697.67706084
SAC,1layer,Cheetah-Run,30,none,gelu,base,294326548.40514064,269156247.15888137
SAC,1layer,Cheetah-Run,20,none,gelu,base,361168924.44580793,256270881.5567616
SAC,1layer,Cheetah-Run,40,none,gelu,base,303519995.6011772,286244236.8286889
SAC,1layer,Finger-Spin,50,none,gelu,base,526245000.0,638135000.0
SAC,1layer,Finger-Spin,10,none,gelu,base,500760000.0,621765000.0
SAC,1layer,Finger-Spin,30,none,gelu,base,487835000.0,540880000.0
SAC,1layer,Finger-Spin,20,none,gelu,base,527840000.0,526490000.0
SAC,1layer,Finger-Spin,40,none,gelu,base,502140000.0,637280000.0
SAC,1layer,Ant-v4,50,none,gelu,base,2016184919.4335933,1466401749.1901944
SAC,1layer,Ant-v4,10,none,gelu,base,1113417554.0161133,1278372850.5132492
SAC,1layer,Ant-v4,30,none,gelu,base,988751434.6265792,927854351.9100094
SAC,1layer,Ant-v4,20,none,gelu,base,1524394555.7403564,919116280.3987684
SAC,1layer,Ant-v4,40,none,gelu,base,2409692736.5112305,2130522957.165932
SAC,1layer,Hopper-v4,50,none,gelu,base,2231528793.8690186,912115687.706452
SAC,1layer,Hopper-v4,10,none,gelu,base,2109779902.420044,1519796015.4943323
SAC,1layer,Hopper-v4,30,none,gelu,base,2293677032.0129395,1629035363.2174027
SAC,1layer,Hopper-v4,20,none,gelu,base,1288626162.567139,2306670977.453857
SAC,1layer,Hopper-v4,40,none,gelu,base,2191029103.6224365,1120366430.8871765
SAC,1layer,Walker-Walk,50,none,gelu,base,482895362.8826141,740050677.7725124
SAC,1layer,Walker-Walk,10,none,gelu,base,514637719.41185,529384534.1298637
SAC,1layer,Walker-Walk,30,none,gelu,base,770091029.2625427,527802283.7463684
SAC,1layer,Walker-Walk,20,none,gelu,base,561813312.9405975,531375644.6912224
SAC,1layer,Walker-Walk,40,none,gelu,base,608793322.39151,534055627.7314906
SAC,1layer,Cartpole-Swingup,50,none,gelu,base,651035015.7642365,737953715.2953646
SAC,1layer,Cartpole-Swingup,10,none,gelu,base,680048594.7418213,751811150.5749145
SAC,1layer,Cartpole-Swingup,30,none,gelu,base,681856472.2824097,713920577.3478994
SAC,1layer,Cartpole-Swingup,20,none,gelu,base,710163861.7706299,691343760.9853859
SAC,1layer,Cartpole-Swingup,40,none,gelu,base,676268639.755249,730714477.138134
SAC,1layer,HalfCheetah-v4,50,none,gelu,base,5204550891.304016,4451711388.732172
SAC,1layer,HalfCheetah-v4,10,none,gelu,base,4455940946.273804,4765466019.8752575
SAC,1layer,HalfCheetah-v4,30,none,gelu,base,4975765920.562744,1355607746.3132057
SAC,1layer,HalfCheetah-v4,20,none,gelu,base,4123041211.4429474,4538784038.402962
SAC,1layer,HalfCheetah-v4,40,none,gelu,base,4934490385.189056,3916072912.576706
SAC,1layer,Humanoid-v4,50,none,gelu,base,2815843368.2250977,3100641570.005263
SAC,1layer,Humanoid-v4,10,none,gelu,base,2555100831.604004,2990700906.128635
SAC,1layer,Humanoid-v4,30,none,gelu,base,2858472376.4038086,3392459135.212069
SAC,1layer,Humanoid-v4,20,none,gelu,base,3077157619.1711426,3771039362.685208
SAC,1layer,Humanoid-v4,40,none,gelu,base,3568425375.518799,3491864897.6665583
SAC,1layer,Walker-Walk,50,none,relu,base,740050677.7725124,740050677.7725124
SAC,1layer,Walker-Walk,10,none,relu,base,529384534.1298637,529384534.1298637
SAC,1layer,Walker-Walk,30,none,relu,base,527802283.7463684,527802283.7463684
SAC,1layer,Walker-Walk,20,none,relu,base,531375644.6912224,531375644.6912224
SAC,1layer,Walker-Walk,40,none,relu,base,534055627.7314906,534055627.7314906
SAC,1layer,Humanoid-v4,50,none,relu,base,3100641570.005263,3100641570.005263
SAC,1layer,Humanoid-v4,10,none,relu,base,2990700906.128635,2990700906.128635
SAC,1layer,Humanoid-v4,30,none,relu,base,3392459135.212069,3392459135.212069
SAC,1layer,Humanoid-v4,20,none,relu,base,3771039362.685208,3771039362.685208
SAC,1layer,Humanoid-v4,40,none,relu,base,3491864897.6665583,3491864897.6665583
SAC,1layer,Ant-v4,50,none,relu,base,1466401749.1901944,1466401749.1901944
SAC,1layer,Ant-v4,10,none,relu,base,1278372850.5132492,1278372850.5132492
SAC,1layer,Ant-v4,30,none,relu,base,927854351.9100094,927854351.9100094
SAC,1layer,Ant-v4,20,none,relu,base,919116280.3987684,919116280.3987684
SAC,1layer,Ant-v4,40,none,relu,base,2130522957.165932,2130522957.165932
SAC,1layer,Cartpole-Swingup,50,none,relu,base,737953715.2953646,737953715.2953646
SAC,1layer,Cartpole-Swingup,10,none,relu,base,751811150.5749145,751811150.5749145
SAC,1layer,Cartpole-Swingup,30,none,relu,base,713920577.3478994,713920577.3478994
SAC,1layer,Cartpole-Swingup,20,none,relu,base,691343760.9853859,691343760.9853859
SAC,1layer,Cartpole-Swingup,40,none,relu,base,730714477.138134,730714477.138134
SAC,1layer,HalfCheetah-v4,50,none,relu,base,4451711388.732172,4451711388.732172
SAC,1layer,HalfCheetah-v4,10,none,relu,base,4765466019.8752575,4765466019.8752575
SAC,1layer,HalfCheetah-v4,30,none,relu,base,1355607746.3132057,1355607746.3132057
SAC,1layer,HalfCheetah-v4,20,none,relu,base,4538784038.402962,4538784038.402962
SAC,1layer,HalfCheetah-v4,40,none,relu,base,3916072912.576706,3916072912.576706
SAC,1layer,Finger-Spin,50,none,relu,base,638135000.0,638135000.0
SAC,1layer,Finger-Spin,10,none,relu,base,621765000.0,621765000.0
SAC,1layer,Finger-Spin,30,none,relu,base,540880000.0,540880000.0
SAC,1layer,Finger-Spin,20,none,relu,base,526490000.0,526490000.0
SAC,1layer,Finger-Spin,40,none,relu,base,637280000.0,637280000.0
SAC,1layer,Cheetah-Run,50,none,relu,base,278916282.28348047,278916282.28348047
SAC,1layer,Cheetah-Run,10,none,relu,base,269293697.67706084,269293697.67706084
SAC,1layer,Cheetah-Run,30,none,relu,base,269156247.15888137,269156247.15888137
SAC,1layer,Cheetah-Run,20,none,relu,base,256270881.5567616,256270881.5567616
SAC,1layer,Cheetah-Run,40,none,relu,base,286244236.8286889,286244236.8286889
SAC,1layer,Hopper-v4,50,none,relu,base,912115687.706452,912115687.706452
SAC,1layer,Hopper-v4,10,none,relu,base,1519796015.4943323,1519796015.4943323
SAC,1layer,Hopper-v4,30,none,relu,base,1629035363.2174027,1629035363.2174027
SAC,1layer,Hopper-v4,20,none,relu,base,2306670977.453857,2306670977.453857
SAC,1layer,Hopper-v4,40,none,relu,base,1120366430.8871765,1120366430.8871765
SAC,1layer,Walker-Walk,50,none,fswish,0.4,495192631.893158,740050677.7725124
SAC,1layer,Walker-Walk,10,none,fswish,0.4,573645865.020752,529384534.1298637
SAC,1layer,Walker-Walk,30,none,fswish,0.4,617859812.7651215,527802283.7463684
SAC,1layer,Walker-Walk,20,none,fswish,0.4,772880081.5105438,531375644.6912224
SAC,1layer,Walker-Walk,40,none,fswish,0.4,584153982.1243286,534055627.7314906
SAC,1layer,Walker-Walk,50,none,fswish,0.2,649948854.8612595,740050677.7725124
SAC,1layer,Walker-Walk,10,none,fswish,0.2,545017531.4331055,529384534.1298637
SAC,1layer,Walker-Walk,30,none,fswish,0.2,465450782.89985657,527802283.7463684
SAC,1layer,Walker-Walk,20,none,fswish,0.2,794762029.9434662,531375644.6912224
SAC,1layer,Walker-Walk,40,none,fswish,0.2,740045468.7404633,534055627.7314906
SAC,1layer,Walker-Walk,50,none,fswish,0.3,642381215.6677246,740050677.7725124
SAC,1layer,Walker-Walk,10,none,fswish,0.3,571434821.6819763,529384534.1298637
SAC,1layer,Walker-Walk,30,none,fswish,0.3,502920758.4762573,527802283.7463684
SAC,1layer,Walker-Walk,20,none,fswish,0.3,556167513.3514404,531375644.6912224
SAC,1layer,Walker-Walk,40,none,fswish,0.3,428093079.25224304,534055627.7314906
SAC,1layer,Walker-Walk,50,none,fswish,0.1,441760560.14060974,740050677.7725124
SAC,1layer,Walker-Walk,10,none,fswish,0.1,442638805.3035736,529384534.1298637
SAC,1layer,Walker-Walk,30,none,fswish,0.1,502688605.0319672,527802283.7463684
SAC,1layer,Walker-Walk,20,none,fswish,0.1,623499686.9564056,531375644.6912224
SAC,1layer,Walker-Walk,40,none,fswish,0.1,754396185.7795715,534055627.7314906
SAC,1layer,Walker-Walk,50,none,fswish,0.5,530820381.4601898,740050677.7725124
SAC,1layer,Walker-Walk,10,none,fswish,0.5,538991692.6765442,529384534.1298637
SAC,1layer,Walker-Walk,30,none,fswish,0.5,454867024.679184,527802283.7463684
SAC,1layer,Walker-Walk,20,none,fswish,0.5,496427041.55921936,531375644.6912224
SAC,1layer,Walker-Walk,40,none,fswish,0.5,566340689.0106201,534055627.7314906
SAC,1layer,Cheetah-Run,50,none,fswish,0.1,326576258.7738037,278916282.28348047
SAC,1layer,Cheetah-Run,10,none,fswish,0.1,350702092.1897888,269293697.67706084
SAC,1layer,Cheetah-Run,30,none,fswish,0.1,265287614.71748352,269156247.15888137
SAC,1layer,Cheetah-Run,20,none,fswish,0.1,230890768.47791672,256270881.5567616
SAC,1layer,Cheetah-Run,40,none,fswish,0.1,364178497.3360039,286244236.8286889
SAC,1layer,Cheetah-Run,50,none,fswish,0.4,294296298.31790924,278916282.28348047
SAC,1layer,Cheetah-Run,10,none,fswish,0.4,282521191.35558605,269293697.67706084
SAC,1layer,Cheetah-Run,30,none,fswish,0.4,287975736.61237955,269156247.15888137
SAC,1layer,Cheetah-Run,20,none,fswish,0.4,278511905.46035767,256270881.5567616
SAC,1layer,Cheetah-Run,40,none,fswish,0.4,288118489.7714853,286244236.8286889
SAC,1layer,Cheetah-Run,50,none,fswish,0.2,270925402.4106264,278916282.28348047
SAC,1layer,Cheetah-Run,10,none,fswish,0.2,380062474.0147591,269293697.67706084
SAC,1layer,Cheetah-Run,30,none,fswish,0.2,386033265.4909417,269156247.15888137
SAC,1layer,Cheetah-Run,20,none,fswish,0.2,339168417.36614704,256270881.5567616
SAC,1layer,Cheetah-Run,40,none,fswish,0.2,401946502.49555707,286244236.8286889
SAC,1layer,Cheetah-Run,50,none,fswish,0.5,262114746.70171732,278916282.28348047
SAC,1layer,Cheetah-Run,10,none,fswish,0.5,315692813.8065338,269293697.67706084
SAC,1layer,Cheetah-Run,30,none,fswish,0.5,302722698.0018616,269156247.15888137
SAC,1layer,Cheetah-Run,20,none,fswish,0.5,283238414.2872691,256270881.5567616
SAC,1layer,Cheetah-Run,40,none,fswish,0.5,334572632.80034065,286244236.8286889
SAC,1layer,Cheetah-Run,50,none,fswish,0.3,393619609.6098423,278916282.28348047
SAC,1layer,Cheetah-Run,10,none,fswish,0.3,353685084.2437148,269293697.67706084
SAC,1layer,Cheetah-Run,30,none,fswish,0.3,373190164.4992829,269156247.15888137
SAC,1layer,Cheetah-Run,20,none,fswish,0.3,253128319.029212,256270881.5567616
SAC,1layer,Cheetah-Run,40,none,fswish,0.3,303272184.87501144,286244236.8286889
SAC,1layer,Humanoid-v4,50,none,fswish,0.4,3399417764.6636963,3100641570.005263
SAC,1layer,Humanoid-v4,10,none,fswish,0.4,2837708085.0219727,2990700906.128635
SAC,1layer,Humanoid-v4,30,none,fswish,0.4,3280326507.5683594,3392459135.212069
SAC,1layer,Humanoid-v4,20,none,fswish,0.4,3412627875.6713867,3771039362.685208
SAC,1layer,Humanoid-v4,40,none,fswish,0.4,2931234074.859619,3491864897.6665583
SAC,1layer,Humanoid-v4,50,none,fswish,0.2,3557432618.713379,3100641570.005263
SAC,1layer,Humanoid-v4,10,none,fswish,0.2,2854055640.8691406,2990700906.128635
SAC,1layer,Humanoid-v4,30,none,fswish,0.2,3133152727.8137207,3392459135.212069
SAC,1layer,Humanoid-v4,20,none,fswish,0.2,2635862564.239502,3771039362.685208
SAC,1layer,Humanoid-v4,40,none,fswish,0.2,3331832203.063965,3491864897.6665583
SAC,1layer,Humanoid-v4,50,none,fswish,0.1,3860866827.697754,3100641570.005263
SAC,1layer,Humanoid-v4,10,none,fswish,0.1,3628033575.134277,2990700906.128635
SAC,1layer,Humanoid-v4,30,none,fswish,0.1,3794890830.841065,3392459135.212069
SAC,1layer,Humanoid-v4,20,none,fswish,0.1,2770690408.477783,3771039362.685208
SAC,1layer,Humanoid-v4,40,none,fswish,0.1,3488134198.4558105,3491864897.6665583
SAC,1layer,Humanoid-v4,50,none,fswish,0.5,3760472031.402588,3100641570.005263
SAC,1layer,Humanoid-v4,10,none,fswish,0.5,3373667460.3271484,2990700906.128635
SAC,1layer,Humanoid-v4,30,none,fswish,0.5,3369532283.0200195,3392459135.212069
SAC,1layer,Humanoid-v4,20,none,fswish,0.5,3496176800.2319336,3771039362.685208
SAC,1layer,Humanoid-v4,40,none,fswish,0.5,2706246289.0625,3491864897.6665583
SAC,1layer,Humanoid-v4,50,none,fswish,0.3,2754945147.0947266,3100641570.005263
SAC,1layer,Humanoid-v4,10,none,fswish,0.3,3403837230.3771973,2990700906.128635
SAC,1layer,Humanoid-v4,30,none,fswish,0.3,3504244972.991944,3392459135.212069
SAC,1layer,Humanoid-v4,20,none,fswish,0.3,3232303395.53833,3771039362.685208
SAC,1layer,Humanoid-v4,40,none,fswish,0.3,3597263835.144043,3491864897.6665583
SAC,1layer,Ant-v4,50,none,fswish,0.5,898384454.9560547,1466401749.1901944
SAC,1layer,Ant-v4,10,none,fswish,0.5,918595572.1712112,1278372850.5132492
SAC,1layer,Ant-v4,30,none,fswish,0.5,885315847.0702171,927854351.9100094
SAC,1layer,Ant-v4,20,none,fswish,0.5,921629957.2753906,919116280.3987684
SAC,1layer,Ant-v4,40,none,fswish,0.5,925423955.8410645,2130522957.165932
SAC,1layer,Ant-v4,50,none,fswish,0.1,1211659461.8225098,1466401749.1901944
SAC,1layer,Ant-v4,10,none,fswish,0.1,1834337653.9611816,1278372850.5132492
SAC,1layer,Ant-v4,30,none,fswish,0.1,986770248.413086,927854351.9100094
SAC,1layer,Ant-v4,20,none,fswish,0.1,1370427528.076172,919116280.3987684
SAC,1layer,Ant-v4,40,none,fswish,0.1,1416710114.7937777,2130522957.165932
SAC,1layer,Ant-v4,50,none,fswish,0.3,896289635.6201172,1466401749.1901944
SAC,1layer,Ant-v4,10,none,fswish,0.3,912646455.078125,1278372850.5132492
SAC,1layer,Ant-v4,30,none,fswish,0.3,905266414.0319824,927854351.9100094
SAC,1layer,Ant-v4,20,none,fswish,0.3,895090391.0827637,919116280.3987684
SAC,1layer,Ant-v4,40,none,fswish,0.3,1206330874.3286133,2130522957.165932
SAC,1layer,Ant-v4,50,none,fswish,0.2,909960610.961914,1466401749.1901944
SAC,1layer,Ant-v4,10,none,fswish,0.2,930928118.2861328,1278372850.5132492
SAC,1layer,Ant-v4,30,none,fswish,0.2,1192930213.1652832,927854351.9100094
SAC,1layer,Ant-v4,20,none,fswish,0.2,936785197.4487303,919116280.3987684
SAC,1layer,Ant-v4,40,none,fswish,0.2,937739024.810791,2130522957.165932
SAC,1layer,Ant-v4,50,none,fswish,0.4,1036812831.7260742,1466401749.1901944
SAC,1layer,Ant-v4,10,none,fswish,0.4,2161230883.178711,1278372850.5132492
SAC,1layer,Ant-v4,30,none,fswish,0.4,896818260.345459,927854351.9100094
SAC,1layer,Ant-v4,20,none,fswish,0.4,906479524.230957,919116280.3987684
SAC,1layer,Ant-v4,40,none,fswish,0.4,893919070.9018707,2130522957.165932
SAC,1layer,Cartpole-Swingup,50,none,fswish,0.2,726309826.5075684,737953715.2953646
SAC,1layer,Cartpole-Swingup,10,none,fswish,0.2,662224068.9086914,751811150.5749145
SAC,1layer,Cartpole-Swingup,30,none,fswish,0.2,768060359.7259521,713920577.3478994
SAC,1layer,Cartpole-Swingup,20,none,fswish,0.2,735562858.3526611,691343760.9853859
SAC,1layer,Cartpole-Swingup,40,none,fswish,0.2,739690174.1027832,730714477.138134
SAC,1layer,Cartpole-Swingup,50,none,fswish,0.1,755819570.4269409,737953715.2953646
SAC,1layer,Cartpole-Swingup,10,none,fswish,0.1,740049709.5489502,751811150.5749145
SAC,1layer,Cartpole-Swingup,30,none,fswish,0.1,723254894.1040039,713920577.3478994
SAC,1layer,Cartpole-Swingup,20,none,fswish,0.1,730609996.9482422,691343760.9853859
SAC,1layer,Cartpole-Swingup,40,none,fswish,0.1,753926050.9490967,730714477.138134
SAC,1layer,Cartpole-Swingup,50,none,fswish,0.5,716502517.4331665,737953715.2953646
SAC,1layer,Cartpole-Swingup,10,none,fswish,0.5,733545000.161588,751811150.5749145
SAC,1layer,Cartpole-Swingup,30,none,fswish,0.5,662971231.1553955,713920577.3478994
SAC,1layer,Cartpole-Swingup,20,none,fswish,0.5,793955689.9261475,691343760.9853859
SAC,1layer,Cartpole-Swingup,40,none,fswish,0.5,700678052.6733398,730714477.138134
SAC,1layer,Cartpole-Swingup,50,none,fswish,0.3,743039638.2141113,737953715.2953646
SAC,1layer,Cartpole-Swingup,10,none,fswish,0.3,741712763.9770508,751811150.5749145
SAC,1layer,Cartpole-Swingup,30,none,fswish,0.3,718678065.8721924,713920577.3478994
SAC,1layer,Cartpole-Swingup,20,none,fswish,0.3,657412247.0855713,691343760.9853859
SAC,1layer,Cartpole-Swingup,40,none,fswish,0.3,760798768.7301636,730714477.138134
SAC,1layer,Cartpole-Swingup,50,none,fswish,0.4,761325175.1708984,737953715.2953646
SAC,1layer,Cartpole-Swingup,10,none,fswish,0.4,773107608.6425781,751811150.5749145
SAC,1layer,Cartpole-Swingup,30,none,fswish,0.4,766086000.8239746,713920577.3478994
SAC,1layer,Cartpole-Swingup,20,none,fswish,0.4,761047883.605957,691343760.9853859
SAC,1layer,Cartpole-Swingup,40,none,fswish,0.4,746684077.9876709,730714477.138134
SAC,1layer,HalfCheetah-v4,50,none,fswish,0.1,4492113857.879639,4451711388.732172
SAC,1layer,HalfCheetah-v4,10,none,fswish,0.1,4616991732.120514,4765466019.8752575
SAC,1layer,HalfCheetah-v4,30,none,fswish,0.1,3360078916.6402817,1355607746.3132057
SAC,1layer,HalfCheetah-v4,20,none,fswish,0.1,4831676042.709351,4538784038.402962
SAC,1layer,HalfCheetah-v4,40,none,fswish,0.1,4393952829.341888,3916072912.576706
SAC,1layer,HalfCheetah-v4,50,none,fswish,0.4,1258829289.3218994,4451711388.732172
SAC,1layer,HalfCheetah-v4,10,none,fswish,0.4,5074842383.5372925,4765466019.8752575
SAC,1layer,HalfCheetah-v4,30,none,fswish,0.4,4393762671.012878,1355607746.3132057
SAC,1layer,HalfCheetah-v4,20,none,fswish,0.4,5084193049.240112,4538784038.402962
SAC,1layer,HalfCheetah-v4,40,none,fswish,0.4,4457939510.307312,3916072912.576706
SAC,1layer,HalfCheetah-v4,50,none,fswish,0.5,4406805803.604126,4451711388.732172
SAC,1layer,HalfCheetah-v4,10,none,fswish,0.5,5097682926.1779785,4765466019.8752575
SAC,1layer,HalfCheetah-v4,30,none,fswish,0.5,3699542857.0234776,1355607746.3132057
SAC,1layer,HalfCheetah-v4,20,none,fswish,0.5,4218647967.87262,4538784038.402962
SAC,1layer,HalfCheetah-v4,40,none,fswish,0.5,4653795504.3029785,3916072912.576706
SAC,1layer,HalfCheetah-v4,50,none,fswish,0.2,5812358354.3396,4451711388.732172
SAC,1layer,HalfCheetah-v4,10,none,fswish,0.2,4527426841.583252,4765466019.8752575
SAC,1layer,HalfCheetah-v4,30,none,fswish,0.2,1403089827.8808594,1355607746.3132057
SAC,1layer,HalfCheetah-v4,20,none,fswish,0.2,1419291829.9865725,4538784038.402962
SAC,1layer,HalfCheetah-v4,40,none,fswish,0.2,4855948469.619751,3916072912.576706
SAC,1layer,HalfCheetah-v4,50,none,fswish,0.3,4195728938.655853,4451711388.732172
SAC,1layer,HalfCheetah-v4,10,none,fswish,0.3,5297570573.08197,4765466019.8752575
SAC,1layer,HalfCheetah-v4,30,none,fswish,0.3,1577801099.7104645,1355607746.3132057
SAC,1layer,HalfCheetah-v4,20,none,fswish,0.3,4757072023.391724,4538784038.402962
SAC,1layer,HalfCheetah-v4,40,none,fswish,0.3,4389335931.148529,3916072912.576706
SAC,1layer,Finger-Spin,50,none,fswish,0.5,585845000.0,638135000.0
SAC,1layer,Finger-Spin,10,none,fswish,0.5,677820000.0,621765000.0
SAC,1layer,Finger-Spin,30,none,fswish,0.5,581745000.0,540880000.0
SAC,1layer,Finger-Spin,20,none,fswish,0.5,603755000.0,526490000.0
SAC,1layer,Finger-Spin,40,none,fswish,0.5,608595000.0,637280000.0
SAC,1layer,Finger-Spin,50,none,fswish,0.4,537545000.0,638135000.0
SAC,1layer,Finger-Spin,10,none,fswish,0.4,673785000.0,621765000.0
SAC,1layer,Finger-Spin,30,none,fswish,0.4,558655000.0,540880000.0
SAC,1layer,Finger-Spin,20,none,fswish,0.4,713095000.0,526490000.0
SAC,1layer,Finger-Spin,40,none,fswish,0.4,667515000.0,637280000.0
SAC,1layer,Finger-Spin,50,none,fswish,0.1,591355000.0,638135000.0
SAC,1layer,Finger-Spin,10,none,fswish,0.1,626595000.0,621765000.0
SAC,1layer,Finger-Spin,30,none,fswish,0.1,611110000.0,540880000.0
SAC,1layer,Finger-Spin,20,none,fswish,0.1,564825000.0,526490000.0
SAC,1layer,Finger-Spin,40,none,fswish,0.1,569110000.0,637280000.0
SAC,1layer,Finger-Spin,50,none,fswish,0.3,588070000.0,638135000.0
SAC,1layer,Finger-Spin,10,none,fswish,0.3,600660000.0,621765000.0
SAC,1layer,Finger-Spin,30,none,fswish,0.3,479835000.0,540880000.0
SAC,1layer,Finger-Spin,20,none,fswish,0.3,535595000.0,526490000.0
SAC,1layer,Finger-Spin,40,none,fswish,0.3,687780000.0,637280000.0
SAC,1layer,Finger-Spin,50,none,fswish,0.2,567535000.0,638135000.0
SAC,1layer,Finger-Spin,10,none,fswish,0.2,597650000.0,621765000.0
SAC,1layer,Finger-Spin,30,none,fswish,0.2,452200000.0,540880000.0
SAC,1layer,Finger-Spin,20,none,fswish,0.2,442115000.0,526490000.0
SAC,1layer,Finger-Spin,40,none,fswish,0.2,614195000.0,637280000.0
SAC,1layer,Hopper-v4,50,none,fswish,0.4,1371033775.177002,912115687.706452
SAC,1layer,Hopper-v4,10,none,fswish,0.4,1623292382.659912,1519796015.4943323
SAC,1layer,Hopper-v4,30,none,fswish,0.4,1607540237.4267578,1629035363.2174027
SAC,1layer,Hopper-v4,20,none,fswish,0.4,1309777958.4693909,2306670977.453857
SAC,1layer,Hopper-v4,40,none,fswish,0.4,1007692466.430664,1120366430.8871765
SAC,1layer,Hopper-v4,50,none,fswish,0.1,1556918507.5378418,912115687.706452
SAC,1layer,Hopper-v4,10,none,fswish,0.1,2437549143.1427,1519796015.4943323
SAC,1layer,Hopper-v4,30,none,fswish,0.1,1576463143.9971924,1629035363.2174027
SAC,1layer,Hopper-v4,20,none,fswish,0.1,2153639641.418457,2306670977.453857
SAC,1layer,Hopper-v4,40,none,fswish,0.1,2297864754.257202,1120366430.8871765
SAC,1layer,Hopper-v4,50,none,fswish,0.3,1534454280.166626,912115687.706452
SAC,1layer,Hopper-v4,10,none,fswish,0.3,1370074546.737671,1519796015.4943323
SAC,1layer,Hopper-v4,30,none,fswish,0.3,1568581003.5705566,1629035363.2174027
SAC,1layer,Hopper-v4,20,none,fswish,0.3,1603385506.8588257,2306670977.453857
SAC,1layer,Hopper-v4,40,none,fswish,0.3,1161176868.5913086,1120366430.8871765
SAC,1layer,Hopper-v4,50,none,fswish,0.2,2270538491.210937,912115687.706452
SAC,1layer,Hopper-v4,10,none,fswish,0.2,1026261134.376526,1519796015.4943323
SAC,1layer,Hopper-v4,30,none,fswish,0.2,2091464813.2324216,1629035363.2174027
SAC,1layer,Hopper-v4,20,none,fswish,0.2,1853768669.7816849,2306670977.453857
SAC,1layer,Hopper-v4,40,none,fswish,0.2,1416409376.296997,1120366430.8871765
SAC,1layer,Hopper-v4,50,none,fswish,0.5,1139597674.331665,912115687.706452
SAC,1layer,Hopper-v4,10,none,fswish,0.5,670545061.1877441,1519796015.4943323
SAC,1layer,Hopper-v4,30,none,fswish,0.5,707354140.7775879,1629035363.2174027
SAC,1layer,Hopper-v4,20,none,fswish,0.5,1628461952.2857666,2306670977.453857
SAC,1layer,Hopper-v4,40,none,fswish,0.5,1042966286.468506,1120366430.8871765
SAC,1layer,Walker-Walk,50,none,fgelu,0.3,649600243.1106567,740050677.7725124
SAC,1layer,Walker-Walk,10,none,fgelu,0.3,498400630.2833557,529384534.1298637
SAC,1layer,Walker-Walk,30,none,fgelu,0.3,443041021.604538,527802283.7463684
SAC,1layer,Walker-Walk,20,none,fgelu,0.3,445661261.85417175,531375644.6912224
SAC,1layer,Walker-Walk,40,none,fgelu,0.3,382701616.2443161,534055627.7314906
SAC,1layer,Walker-Walk,50,none,fgelu,0.5,490679324.4552612,740050677.7725124
SAC,1layer,Walker-Walk,10,none,fgelu,0.5,545336630.5732727,529384534.1298637
SAC,1layer,Walker-Walk,30,none,fgelu,0.5,476542202.6920319,527802283.7463684
SAC,1layer,Walker-Walk,20,none,fgelu,0.5,322191912.6009941,531375644.6912224
SAC,1layer,Walker-Walk,40,none,fgelu,0.5,527972667.88482666,534055627.7314906
SAC,1layer,Walker-Walk,50,none,fgelu,0.2,630269811.964035,740050677.7725124
SAC,1layer,Walker-Walk,10,none,fgelu,0.2,597225839.5767212,529384534.1298637
SAC,1layer,Walker-Walk,30,none,fgelu,0.2,511760209.35058594,527802283.7463684
SAC,1layer,Walker-Walk,20,none,fgelu,0.2,721641726.5224457,531375644.6912224
SAC,1layer,Walker-Walk,40,none,fgelu,0.2,492304045.9918976,534055627.7314906
SAC,1layer,Walker-Walk,50,none,fgelu,0.1,597783320.3983307,740050677.7725124
SAC,1layer,Walker-Walk,10,none,fgelu,0.1,676234892.9023743,529384534.1298637
SAC,1layer,Walker-Walk,30,none,fgelu,0.1,619189987.5831604,527802283.7463684
SAC,1layer,Walker-Walk,20,none,fgelu,0.1,769268449.0966797,531375644.6912224
SAC,1layer,Walker-Walk,40,none,fgelu,0.1,529678642.8833008,534055627.7314906
SAC,1layer,Walker-Walk,50,none,fgelu,0.4,548274317.9702759,740050677.7725124
SAC,1layer,Walker-Walk,10,none,fgelu,0.4,435777220.7164765,529384534.1298637
SAC,1layer,Walker-Walk,30,none,fgelu,0.4,507258861.38916016,527802283.7463684
SAC,1layer,Walker-Walk,20,none,fgelu,0.4,484384859.046936,531375644.6912224
SAC,1layer,Walker-Walk,40,none,fgelu,0.4,544558433.1989288,534055627.7314906
SAC,1layer,Cheetah-Run,50,none,fgelu,0.1,295406540.78006744,278916282.28348047
SAC,1layer,Cheetah-Run,10,none,fgelu,0.1,303222552.0570576,269293697.67706084
SAC,1layer,Cheetah-Run,30,none,fgelu,0.1,270373277.5739953,269156247.15888137
SAC,1layer,Cheetah-Run,20,none,fgelu,0.1,295129189.4106567,256270881.5567616
SAC,1layer,Cheetah-Run,40,none,fgelu,0.1,257543220.27331212,286244236.8286889
SAC,1layer,Cheetah-Run,50,none,fgelu,0.5,361870886.1804009,278916282.28348047
SAC,1layer,Cheetah-Run,10,none,fgelu,0.5,337421696.472764,269293697.67706084
SAC,1layer,Cheetah-Run,30,none,fgelu,0.5,343053883.9960098,269156247.15888137
SAC,1layer,Cheetah-Run,20,none,fgelu,0.5,287828562.2966289,256270881.5567616
SAC,1layer,Cheetah-Run,40,none,fgelu,0.5,269983111.4667654,286244236.8286889
SAC,1layer,Cheetah-Run,50,none,fgelu,0.3,297980262.14301586,278916282.28348047
SAC,1layer,Cheetah-Run,10,none,fgelu,0.3,249474307.85745385,269293697.67706084
SAC,1layer,Cheetah-Run,30,none,fgelu,0.3,286492826.4629841,269156247.15888137
SAC,1layer,Cheetah-Run,20,none,fgelu,0.3,309758186.00192666,256270881.5567616
SAC,1layer,Cheetah-Run,40,none,fgelu,0.3,302306847.8477001,286244236.8286889
SAC,1layer,Cheetah-Run,50,none,fgelu,0.2,320387803.055197,278916282.28348047
SAC,1layer,Cheetah-Run,10,none,fgelu,0.2,342020498.30675125,269293697.67706084
SAC,1layer,Cheetah-Run,30,none,fgelu,0.2,265840863.3884415,269156247.15888137
SAC,1layer,Cheetah-Run,20,none,fgelu,0.2,327102728.50532085,256270881.5567616
SAC,1layer,Cheetah-Run,40,none,fgelu,0.2,383495643.8431144,286244236.8286889
SAC,1layer,Cheetah-Run,50,none,fgelu,0.4,379814999.43733215,278916282.28348047
SAC,1layer,Cheetah-Run,10,none,fgelu,0.4,269239733.5803509,269293697.67706084
SAC,1layer,Cheetah-Run,30,none,fgelu,0.4,284377794.6552634,269156247.15888137
SAC,1layer,Cheetah-Run,20,none,fgelu,0.4,284295076.01737976,256270881.5567616
SAC,1layer,Cheetah-Run,40,none,fgelu,0.4,269735838.9660716,286244236.8286889
SAC,1layer,Humanoid-v4,50,none,fgelu,0.5,3077562506.4086914,3100641570.005263
SAC,1layer,Humanoid-v4,10,none,fgelu,0.5,2398996303.253174,2990700906.128635
SAC,1layer,Humanoid-v4,30,none,fgelu,0.5,3521756768.951416,3392459135.212069
SAC,1layer,Humanoid-v4,20,none,fgelu,0.5,3480136148.376465,3771039362.685208
SAC,1layer,Humanoid-v4,40,none,fgelu,0.5,3079260360.8703613,3491864897.6665583
SAC,1layer,Humanoid-v4,50,none,fgelu,0.3,3371883404.23584,3100641570.005263
SAC,1layer,Humanoid-v4,10,none,fgelu,0.3,3803474934.539795,2990700906.128635
SAC,1layer,Humanoid-v4,30,none,fgelu,0.3,3443429810.9436035,3392459135.212069
SAC,1layer,Humanoid-v4,20,none,fgelu,0.3,3729485464.630127,3771039362.685208
SAC,1layer,Humanoid-v4,40,none,fgelu,0.3,3295292655.6396484,3491864897.6665583
SAC,1layer,Humanoid-v4,50,none,fgelu,0.1,3343952920.8374023,3100641570.005263
SAC,1layer,Humanoid-v4,10,none,fgelu,0.1,3305043592.224121,2990700906.128635
SAC,1layer,Humanoid-v4,30,none,fgelu,0.1,3434141364.135742,3392459135.212069
SAC,1layer,Humanoid-v4,20,none,fgelu,0.1,3777501086.425781,3771039362.685208
SAC,1layer,Humanoid-v4,40,none,fgelu,0.1,3799443167.114258,3491864897.6665583
SAC,1layer,Humanoid-v4,50,none,fgelu,0.4,3278441576.690674,3100641570.005263
SAC,1layer,Humanoid-v4,10,none,fgelu,0.4,3471590097.351074,2990700906.128635
SAC,1layer,Humanoid-v4,30,none,fgelu,0.4,3422590292.5109863,3392459135.212069
SAC,1layer,Humanoid-v4,20,none,fgelu,0.4,3593173240.2038574,3771039362.685208
SAC,1layer,Humanoid-v4,40,none,fgelu,0.4,3704575589.752197,3491864897.6665583
SAC,1layer,Humanoid-v4,50,none,fgelu,0.2,3528129814.605713,3100641570.005263
SAC,1layer,Humanoid-v4,10,none,fgelu,0.2,3094717845.0012207,2990700906.128635
SAC,1layer,Humanoid-v4,30,none,fgelu,0.2,3248821470.489502,3392459135.212069
SAC,1layer,Humanoid-v4,20,none,fgelu,0.2,3680999481.506348,3771039362.685208
SAC,1layer,Humanoid-v4,40,none,fgelu,0.2,3491931448.364258,3491864897.6665583
SAC,1layer,Ant-v4,50,none,fgelu,0.1,1456823098.7548828,1466401749.1901944
SAC,1layer,Ant-v4,10,none,fgelu,0.1,2195097940.3686523,1278372850.5132492
SAC,1layer,Ant-v4,30,none,fgelu,0.1,1473235508.5754397,927854351.9100094
SAC,1layer,Ant-v4,20,none,fgelu,0.1,1426943006.286621,919116280.3987684
SAC,1layer,Ant-v4,40,none,fgelu,0.1,2365372891.693115,2130522957.165932
SAC,1layer,Ant-v4,50,none,fgelu,0.3,1169158597.1069336,1466401749.1901944
SAC,1layer,Ant-v4,10,none,fgelu,0.3,945363202.8198242,1278372850.5132492
SAC,1layer,Ant-v4,30,none,fgelu,0.3,916074252.0141602,927854351.9100094
SAC,1layer,Ant-v4,20,none,fgelu,0.3,929625839.7865295,919116280.3987684
SAC,1layer,Ant-v4,40,none,fgelu,0.3,1541610040.2832031,2130522957.165932
SAC,1layer,Ant-v4,50,none,fgelu,0.4,934878820.8007812,1466401749.1901944
SAC,1layer,Ant-v4,10,none,fgelu,0.4,934934717.7124023,1278372850.5132492
SAC,1layer,Ant-v4,30,none,fgelu,0.4,936330575.2563477,927854351.9100094
SAC,1layer,Ant-v4,20,none,fgelu,0.4,929652147.2167968,919116280.3987684
SAC,1layer,Ant-v4,40,none,fgelu,0.4,977296221.0083008,2130522957.165932
SAC,1layer,Ant-v4,50,none,fgelu,0.5,1043363813.7817384,1466401749.1901944
SAC,1layer,Ant-v4,10,none,fgelu,0.5,951879835.510254,1278372850.5132492
SAC,1layer,Ant-v4,30,none,fgelu,0.5,930495304.775238,927854351.9100094
SAC,1layer,Ant-v4,20,none,fgelu,0.5,924751854.2480468,919116280.3987684
SAC,1layer,Ant-v4,40,none,fgelu,0.5,1028632414.855957,2130522957.165932
SAC,1layer,Ant-v4,50,none,fgelu,0.2,961497553.100586,1466401749.1901944
SAC,1layer,Ant-v4,10,none,fgelu,0.2,1171770416.8701172,1278372850.5132492
SAC,1layer,Ant-v4,30,none,fgelu,0.2,1169824780.2734375,927854351.9100094
SAC,1layer,Ant-v4,20,none,fgelu,0.2,1005893086.2426758,919116280.3987684
SAC,1layer,Ant-v4,40,none,fgelu,0.2,2150890354.7286987,2130522957.165932
SAC,1layer,Cartpole-Swingup,50,none,fgelu,0.1,753710976.5815735,737953715.2953646
SAC,1layer,Cartpole-Swingup,10,none,fgelu,0.1,746310975.0747681,751811150.5749145
SAC,1layer,Cartpole-Swingup,30,none,fgelu,0.1,697083157.081604,713920577.3478994
SAC,1layer,Cartpole-Swingup,20,none,fgelu,0.1,726758009.0332031,691343760.9853859
SAC,1layer,Cartpole-Swingup,40,none,fgelu,0.1,678274266.5100098,730714477.138134
SAC,1layer,Cartpole-Swingup,50,none,fgelu,0.5,658768631.7825317,737953715.2953646
SAC,1layer,Cartpole-Swingup,10,none,fgelu,0.5,717064344.5084617,751811150.5749145
SAC,1layer,Cartpole-Swingup,30,none,fgelu,0.5,741170553.7414551,713920577.3478994
SAC,1layer,Cartpole-Swingup,20,none,fgelu,0.5,735154195.9381104,691343760.9853859
SAC,1layer,Cartpole-Swingup,40,none,fgelu,0.5,731136201.9348145,730714477.138134
SAC,1layer,Cartpole-Swingup,50,none,fgelu,0.3,751699947.1664429,737953715.2953646
SAC,1layer,Cartpole-Swingup,10,none,fgelu,0.3,717622398.147583,751811150.5749145
SAC,1layer,Cartpole-Swingup,30,none,fgelu,0.3,696266492.471695,713920577.3478994
SAC,1layer,Cartpole-Swingup,20,none,fgelu,0.3,767791037.0635986,691343760.9853859
SAC,1layer,Cartpole-Swingup,40,none,fgelu,0.3,708337442.3217773,730714477.138134
SAC,1layer,Cartpole-Swingup,50,none,fgelu,0.4,732215412.4832153,737953715.2953646
SAC,1layer,Cartpole-Swingup,10,none,fgelu,0.4,783634893.5699463,751811150.5749145
SAC,1layer,Cartpole-Swingup,30,none,fgelu,0.4,703851249.036789,713920577.3478994
SAC,1layer,Cartpole-Swingup,20,none,fgelu,0.4,745818749.3133545,691343760.9853859
SAC,1layer,Cartpole-Swingup,40,none,fgelu,0.4,669296373.2147217,730714477.138134
SAC,1layer,Cartpole-Swingup,50,none,fgelu,0.2,749864533.996582,737953715.2953646
SAC,1layer,Cartpole-Swingup,10,none,fgelu,0.2,772888637.0849609,751811150.5749145
SAC,1layer,Cartpole-Swingup,30,none,fgelu,0.2,687566541.7671204,713920577.3478994
SAC,1layer,Cartpole-Swingup,20,none,fgelu,0.2,758409445.7244873,691343760.9853859
SAC,1layer,Cartpole-Swingup,40,none,fgelu,0.2,731481586.3037109,730714477.138134
SAC,1layer,HalfCheetah-v4,50,none,fgelu,0.4,5115998750.152588,4451711388.732172
SAC,1layer,HalfCheetah-v4,10,none,fgelu,0.4,5086798859.500885,4765466019.8752575
SAC,1layer,HalfCheetah-v4,30,none,fgelu,0.4,5615056489.73465,1355607746.3132057
SAC,1layer,HalfCheetah-v4,20,none,fgelu,0.4,4590684391.0217285,4538784038.402962
SAC,1layer,HalfCheetah-v4,40,none,fgelu,0.4,3283695503.1108856,3916072912.576706
SAC,1layer,HalfCheetah-v4,50,none,fgelu,0.3,4442861481.142044,4451711388.732172
SAC,1layer,HalfCheetah-v4,10,none,fgelu,0.3,5528379644.794464,4765466019.8752575
SAC,1layer,HalfCheetah-v4,30,none,fgelu,0.3,4429111796.646118,1355607746.3132057
SAC,1layer,HalfCheetah-v4,20,none,fgelu,0.3,1304144258.9950562,4538784038.402962
SAC,1layer,HalfCheetah-v4,40,none,fgelu,0.3,4549335270.385742,3916072912.576706
SAC,1layer,HalfCheetah-v4,50,none,fgelu,0.1,5880215495.39566,4451711388.732172
SAC,1layer,HalfCheetah-v4,10,none,fgelu,0.1,4411573199.176788,4765466019.8752575
SAC,1layer,HalfCheetah-v4,30,none,fgelu,0.1,4357509110.946655,1355607746.3132057
SAC,1layer,HalfCheetah-v4,20,none,fgelu,0.1,4651226919.555664,4538784038.402962
SAC,1layer,HalfCheetah-v4,40,none,fgelu,0.1,1365991943.57872,3916072912.576706
SAC,1layer,HalfCheetah-v4,50,none,fgelu,0.2,4740346126.022339,4451711388.732172
SAC,1layer,HalfCheetah-v4,10,none,fgelu,0.2,5157009526.367188,4765466019.8752575
SAC,1layer,HalfCheetah-v4,30,none,fgelu,0.2,4736286767.234802,1355607746.3132057
SAC,1layer,HalfCheetah-v4,20,none,fgelu,0.2,4552246064.64386,4538784038.402962
SAC,1layer,HalfCheetah-v4,40,none,fgelu,0.2,3115762059.290409,3916072912.576706
SAC,1layer,HalfCheetah-v4,50,none,fgelu,0.5,5340821103.820801,4451711388.732172
SAC,1layer,HalfCheetah-v4,10,none,fgelu,0.5,4673290879.554749,4765466019.8752575
SAC,1layer,HalfCheetah-v4,30,none,fgelu,0.5,4257940485.534668,1355607746.3132057
SAC,1layer,HalfCheetah-v4,20,none,fgelu,0.5,1211713014.0686035,4538784038.402962
SAC,1layer,HalfCheetah-v4,40,none,fgelu,0.5,4405892873.487473,3916072912.576706
SAC,1layer,Finger-Spin,50,none,fgelu,0.5,651010000.0,638135000.0
SAC,1layer,Finger-Spin,10,none,fgelu,0.5,647320000.0,621765000.0
SAC,1layer,Finger-Spin,30,none,fgelu,0.5,605195000.0,540880000.0
SAC,1layer,Finger-Spin,20,none,fgelu,0.5,639860000.0,526490000.0
SAC,1layer,Finger-Spin,40,none,fgelu,0.5,677470000.0,637280000.0
SAC,1layer,Finger-Spin,50,none,fgelu,0.3,662200000.0,638135000.0
SAC,1layer,Finger-Spin,10,none,fgelu,0.3,725940000.0,621765000.0
SAC,1layer,Finger-Spin,30,none,fgelu,0.3,636875000.0,540880000.0
SAC,1layer,Finger-Spin,20,none,fgelu,0.3,590320000.0,526490000.0
SAC,1layer,Finger-Spin,40,none,fgelu,0.3,558170000.0,637280000.0
SAC,1layer,Finger-Spin,50,none,fgelu,0.2,648440000.0,638135000.0
SAC,1layer,Finger-Spin,10,none,fgelu,0.2,639605000.0,621765000.0
SAC,1layer,Finger-Spin,30,none,fgelu,0.2,560390000.0,540880000.0
SAC,1layer,Finger-Spin,20,none,fgelu,0.2,561820000.0,526490000.0
SAC,1layer,Finger-Spin,40,none,fgelu,0.2,541345000.0,637280000.0
SAC,1layer,Finger-Spin,50,none,fgelu,0.1,375055000.0,638135000.0
SAC,1layer,Finger-Spin,10,none,fgelu,0.1,492385000.0,621765000.0
SAC,1layer,Finger-Spin,30,none,fgelu,0.1,482445000.0,540880000.0
SAC,1layer,Finger-Spin,20,none,fgelu,0.1,363455000.0,526490000.0
SAC,1layer,Finger-Spin,40,none,fgelu,0.1,439190000.0,637280000.0
SAC,1layer,Finger-Spin,50,none,fgelu,0.4,502085000.0,638135000.0
SAC,1layer,Finger-Spin,10,none,fgelu,0.4,614460000.0,621765000.0
SAC,1layer,Finger-Spin,30,none,fgelu,0.4,693540000.0,540880000.0
SAC,1layer,Finger-Spin,20,none,fgelu,0.4,597360000.0,526490000.0
SAC,1layer,Finger-Spin,40,none,fgelu,0.4,694235000.0,637280000.0
SAC,1layer,Hopper-v4,50,none,fgelu,0.1,2358980199.356079,912115687.706452
SAC,1layer,Hopper-v4,10,none,fgelu,0.1,2528338106.842041,1519796015.4943323
SAC,1layer,Hopper-v4,30,none,fgelu,0.1,2451150039.5965576,1629035363.2174027
SAC,1layer,Hopper-v4,20,none,fgelu,0.1,2249399639.5874023,2306670977.453857
SAC,1layer,Hopper-v4,40,none,fgelu,0.1,2260462468.8720703,1120366430.8871765
SAC,1layer,Hopper-v4,50,none,fgelu,0.2,2279796620.4833984,912115687.706452
SAC,1layer,Hopper-v4,10,none,fgelu,0.2,2235827348.251343,1519796015.4943323
SAC,1layer,Hopper-v4,30,none,fgelu,0.2,2272256419.6777344,1629035363.2174027
SAC,1layer,Hopper-v4,20,none,fgelu,0.2,2067297121.0479736,2306670977.453857
SAC,1layer,Hopper-v4,40,none,fgelu,0.2,2460266726.5319824,1120366430.8871765
SAC,1layer,Hopper-v4,50,none,fgelu,0.5,1572838335.571289,912115687.706452
SAC,1layer,Hopper-v4,10,none,fgelu,0.5,2431318813.4765625,1519796015.4943323
SAC,1layer,Hopper-v4,30,none,fgelu,0.5,1732767931.7474363,1629035363.2174027
SAC,1layer,Hopper-v4,20,none,fgelu,0.5,2734325980.606079,2306670977.453857
SAC,1layer,Hopper-v4,40,none,fgelu,0.5,707911082.0770264,1120366430.8871765
SAC,1layer,Hopper-v4,50,none,fgelu,0.4,2011556036.2243648,912115687.706452
SAC,1layer,Hopper-v4,10,none,fgelu,0.4,2491900562.8967285,1519796015.4943323
SAC,1layer,Hopper-v4,30,none,fgelu,0.4,2551543370.666504,1629035363.2174027
SAC,1layer,Hopper-v4,20,none,fgelu,0.4,2352618647.7661133,2306670977.453857
SAC,1layer,Hopper-v4,40,none,fgelu,0.4,2273810595.89386,1120366430.8871765
SAC,1layer,Hopper-v4,50,none,fgelu,0.3,1836520227.9663088,912115687.706452
SAC,1layer,Hopper-v4,10,none,fgelu,0.3,2504532201.23291,1519796015.4943323
SAC,1layer,Hopper-v4,30,none,fgelu,0.3,2235974004.8217773,1629035363.2174027
SAC,1layer,Hopper-v4,20,none,fgelu,0.3,1163426630.401611,2306670977.453857
SAC,1layer,Hopper-v4,40,none,fgelu,0.3,2376485286.3311768,1120366430.8871765
SAC,1layer,Finger-Spin,50,none,lrelu,base,593910000.0,638135000.0
SAC,1layer,Finger-Spin,10,none,lrelu,base,689305000.0,621765000.0
SAC,1layer,Finger-Spin,30,none,lrelu,base,533540000.0,540880000.0
SAC,1layer,Finger-Spin,20,none,lrelu,base,516980000.0,526490000.0
SAC,1layer,Finger-Spin,40,none,lrelu,base,580530000.0,637280000.0
SAC,1layer,Cartpole-Swingup,50,none,lrelu,base,752563393.9743042,737953715.2953646
SAC,1layer,Cartpole-Swingup,10,none,lrelu,base,754036988.2202148,751811150.5749145
SAC,1layer,Cartpole-Swingup,30,none,lrelu,base,696573207.5500488,713920577.3478994
SAC,1layer,Cartpole-Swingup,20,none,lrelu,base,739030380.4779053,691343760.9853859
SAC,1layer,Cartpole-Swingup,40,none,lrelu,base,730422300.8728027,730714477.138134
SAC,1layer,HalfCheetah-v4,50,none,lrelu,base,5444907833.175659,4451711388.732172
SAC,1layer,HalfCheetah-v4,10,none,lrelu,base,4801334647.827148,4765466019.8752575
SAC,1layer,HalfCheetah-v4,30,none,lrelu,base,4709287818.641663,1355607746.3132057
SAC,1layer,HalfCheetah-v4,20,none,lrelu,base,1272950348.4344482,4538784038.402962
SAC,1layer,HalfCheetah-v4,40,none,lrelu,base,4354023830.137253,3916072912.576706
SAC,1layer,Cheetah-Run,50,none,lrelu,base,304731301.3958931,278916282.28348047
SAC,1layer,Cheetah-Run,10,none,lrelu,base,400975221.3966847,269293697.67706084
SAC,1layer,Cheetah-Run,30,none,lrelu,base,328987129.4555068,269156247.15888137
SAC,1layer,Cheetah-Run,20,none,lrelu,base,198612618.32356453,256270881.5567616
SAC,1layer,Cheetah-Run,40,none,lrelu,base,264537139.99211788,286244236.8286889
SAC,1layer,Walker-Walk,50,none,lrelu,base,861514534.702301,740050677.7725124
SAC,1layer,Walker-Walk,10,none,lrelu,base,722750316.734314,529384534.1298637
SAC,1layer,Walker-Walk,30,none,lrelu,base,805329799.4613647,527802283.7463684
SAC,1layer,Walker-Walk,20,none,lrelu,base,497554571.390152,531375644.6912224
SAC,1layer,Walker-Walk,40,none,lrelu,base,566726363.992691,534055627.7314906
SAC,1layer,Humanoid-v4,50,none,lrelu,base,2910144575.958252,3100641570.005263
SAC,1layer,Humanoid-v4,10,none,lrelu,base,3221929531.478882,2990700906.128635
SAC,1layer,Humanoid-v4,30,none,lrelu,base,3138980936.5844727,3392459135.212069
SAC,1layer,Humanoid-v4,20,none,lrelu,base,3087601552.581787,3771039362.685208
SAC,1layer,Humanoid-v4,40,none,lrelu,base,3430975384.979248,3491864897.6665583
SAC,1layer,Ant-v4,50,none,lrelu,base,897318691.40625,1466401749.1901944
SAC,1layer,Ant-v4,10,none,lrelu,base,1118869516.6015625,1278372850.5132492
SAC,1layer,Ant-v4,30,none,lrelu,base,920416408.3862303,927854351.9100094
SAC,1layer,Ant-v4,20,none,lrelu,base,929446340.0268556,919116280.3987684
SAC,1layer,Ant-v4,40,none,lrelu,base,936764451.1413574,2130522957.165932
SAC,1layer,Hopper-v4,50,none,lrelu,base,1469173358.2305908,912115687.706452
SAC,1layer,Hopper-v4,10,none,lrelu,base,1498275928.1539917,1519796015.4943323
SAC,1layer,Hopper-v4,30,none,lrelu,base,1334709903.717041,1629035363.2174027
SAC,1layer,Hopper-v4,20,none,lrelu,base,2007200498.2757568,2306670977.453857
SAC,1layer,Hopper-v4,40,none,lrelu,base,648299310.3790283,1120366430.8871765
SAC,1layer,Walker-Walk,50,none,fprelu,0.2,433444319.35358447,740050677.7725124
SAC,1layer,Walker-Walk,10,none,fprelu,0.2,499072186.11956567,529384534.1298637
SAC,1layer,Walker-Walk,30,none,fprelu,0.2,471204273.0564722,527802283.7463684
SAC,1layer,Walker-Walk,20,none,fprelu,0.2,701134383.2064732,531375644.6912224
SAC,1layer,Walker-Walk,40,none,fprelu,0.2,630944603.3939548,534055627.7314906
SAC,1layer,Walker-Walk,50,none,fprelu,0.1,433444319.35358447,740050677.7725124
SAC,1layer,Walker-Walk,10,none,fprelu,0.1,422587807.3837019,529384534.1298637
SAC,1layer,Walker-Walk,30,none,fprelu,0.1,475932484.75816,527802283.7463684
SAC,1layer,Walker-Walk,20,none,fprelu,0.1,605199699.4423239,531375644.6912224
SAC,1layer,Walker-Walk,40,none,fprelu,0.1,716523979.4669056,534055627.7314906
SAC,1layer,Walker-Walk,50,none,fprelu,0.4,486422185.12957776,740050677.7725124
SAC,1layer,Walker-Walk,10,none,fprelu,0.4,546254967.8407916,529384534.1298637
SAC,1layer,Walker-Walk,30,none,fprelu,0.4,386162640.2875051,527802283.7463684
SAC,1layer,Walker-Walk,20,none,fprelu,0.4,465181705.4154389,531375644.6912224
SAC,1layer,Walker-Walk,40,none,fprelu,0.4,523500917.5207033,534055627.7314906
SAC,1layer,Walker-Walk,50,none,fprelu,0.5,391229661.4497539,740050677.7725124
SAC,1layer,Walker-Walk,10,none,fprelu,0.5,457491472.0949543,529384534.1298637
SAC,1layer,Walker-Walk,30,none,fprelu,0.5,384230286.5579367,527802283.7463684
SAC,1layer,Walker-Walk,20,none,fprelu,0.5,458963268.4265542,531375644.6912224
SAC,1layer,Walker-Walk,40,none,fprelu,0.5,161891098.88837975,534055627.7314906
SAC,1layer,Walker-Walk,50,none,fprelu,0.3,551018115.8606919,740050677.7725124
SAC,1layer,Walker-Walk,10,none,fprelu,0.3,478703013.64008975,529384534.1298637
SAC,1layer,Walker-Walk,30,none,fprelu,0.3,423868956.2366135,527802283.7463684
SAC,1layer,Walker-Walk,20,none,fprelu,0.3,367622740.3734231,531375644.6912224
SAC,1layer,Walker-Walk,40,none,fprelu,0.3,469459900.0950875,534055627.7314906
SAC,1layer,Cheetah-Run,50,none,fprelu,0.1,301615127.2307479,278916282.28348047
SAC,1layer,Cheetah-Run,10,none,fprelu,0.1,357080207.96144503,269293697.67706084
SAC,1layer,Cheetah-Run,30,none,fprelu,0.1,307092791.58418924,269156247.15888137
SAC,1layer,Cheetah-Run,20,none,fprelu,0.1,274407619.0992979,256270881.5567616
SAC,1layer,Cheetah-Run,40,none,fprelu,0.1,338050424.8707087,286244236.8286889
SAC,1layer,Cheetah-Run,50,none,fprelu,0.4,343082863.9201038,278916282.28348047
SAC,1layer,Cheetah-Run,10,none,fprelu,0.4,276342966.231176,269293697.67706084
SAC,1layer,Cheetah-Run,30,none,fprelu,0.4,366488346.6548005,269156247.15888137
SAC,1layer,Cheetah-Run,20,none,fprelu,0.4,271208331.8942225,256270881.5567616
SAC,1layer,Cheetah-Run,40,none,fprelu,0.4,290506654.91199285,286244236.8286889
SAC,1layer,Cheetah-Run,50,none,fprelu,0.5,245878606.4681641,278916282.28348047
SAC,1layer,Cheetah-Run,10,none,fprelu,0.5,261147450.01948172,269293697.67706084
SAC,1layer,Cheetah-Run,30,none,fprelu,0.5,261732721.67801693,269156247.15888137
SAC,1layer,Cheetah-Run,20,none,fprelu,0.5,277633895.094057,256270881.5567616
SAC,1layer,Cheetah-Run,40,none,fprelu,0.5,338773752.2548954,286244236.8286889
SAC,1layer,Cheetah-Run,50,none,fprelu,0.2,215079330.3777932,278916282.28348047
SAC,1layer,Cheetah-Run,10,none,fprelu,0.2,314342591.7896234,269293697.67706084
SAC,1layer,Cheetah-Run,30,none,fprelu,0.2,221089915.1828396,269156247.15888137
SAC,1layer,Cheetah-Run,20,none,fprelu,0.2,287903408.4979422,256270881.5567616
SAC,1layer,Cheetah-Run,40,none,fprelu,0.2,263920327.12863767,286244236.8286889
SAC,1layer,Cheetah-Run,50,none,fprelu,0.3,282132644.3133548,278916282.28348047
SAC,1layer,Cheetah-Run,10,none,fprelu,0.3,300273444.4238416,269293697.67706084
SAC,1layer,Cheetah-Run,30,none,fprelu,0.3,333413726.96785605,269156247.15888137
SAC,1layer,Cheetah-Run,20,none,fprelu,0.3,314672536.70293105,256270881.5567616
SAC,1layer,Cheetah-Run,40,none,fprelu,0.3,287207034.3220038,286244236.8286889
SAC,1layer,Humanoid-v4,50,none,fprelu,0.4,2718351328.656984,3100641570.005263
SAC,1layer,Humanoid-v4,10,none,fprelu,0.4,2164116709.2680125,2990700906.128635
SAC,1layer,Humanoid-v4,30,none,fprelu,0.4,2587297882.682873,3392459135.212069
SAC,1layer,Humanoid-v4,20,none,fprelu,0.4,1756359439.7690034,3771039362.685208
SAC,1layer,Humanoid-v4,40,none,fprelu,0.4,2989861012.502157,3491864897.6665583
SAC,1layer,Humanoid-v4,50,none,fprelu,0.1,3360730079.324637,3100641570.005263
SAC,1layer,Humanoid-v4,10,none,fprelu,0.1,2552165520.530803,2990700906.128635
SAC,1layer,Humanoid-v4,30,none,fprelu,0.1,2983738459.204809,3392459135.212069
SAC,1layer,Humanoid-v4,20,none,fprelu,0.1,3112659515.169916,3771039362.685208
SAC,1layer,Humanoid-v4,40,none,fprelu,0.1,3134011083.137279,3491864897.6665583
SAC,1layer,Humanoid-v4,50,none,fprelu,0.2,3360730079.324637,3100641570.005263
SAC,1layer,Humanoid-v4,10,none,fprelu,0.2,3247065131.295317,2990700906.128635
SAC,1layer,Humanoid-v4,30,none,fprelu,0.2,3286621472.352733,3392459135.212069
SAC,1layer,Humanoid-v4,20,none,fprelu,0.2,3771039362.685208,3771039362.685208
SAC,1layer,Humanoid-v4,40,none,fprelu,0.2,2616109763.602117,3491864897.6665583
SAC,1layer,Humanoid-v4,50,none,fprelu,0.5,3148255942.726019,3100641570.005263
SAC,1layer,Humanoid-v4,10,none,fprelu,0.5,2536973182.67533,2990700906.128635
SAC,1layer,Humanoid-v4,30,none,fprelu,0.5,2903375685.1143527,3392459135.212069
SAC,1layer,Humanoid-v4,20,none,fprelu,0.5,3124140840.3125057,3771039362.685208
SAC,1layer,Humanoid-v4,40,none,fprelu,0.5,2772519664.271992,3491864897.6665583
SAC,1layer,Humanoid-v4,50,none,fprelu,0.3,2825550595.449664,3100641570.005263
SAC,1layer,Humanoid-v4,10,none,fprelu,0.3,3408911888.146069,2990700906.128635
SAC,1layer,Humanoid-v4,30,none,fprelu,0.3,2241650537.052465,3392459135.212069
SAC,1layer,Humanoid-v4,20,none,fprelu,0.3,2166841367.510754,3771039362.685208
SAC,1layer,Humanoid-v4,40,none,fprelu,0.3,2010428646.1577945,3491864897.6665583
SAC,1layer,Ant-v4,50,none,fprelu,0.3,902803111.6845496,1466401749.1901944
SAC,1layer,Ant-v4,10,none,fprelu,0.3,909654743.9850012,1278372850.5132492
SAC,1layer,Ant-v4,30,none,fprelu,0.3,916490639.6793936,927854351.9100094
SAC,1layer,Ant-v4,20,none,fprelu,0.3,918068383.0907376,919116280.3987684
SAC,1layer,Ant-v4,40,none,fprelu,0.3,1260087690.8517342,2130522957.165932
SAC,1layer,Ant-v4,50,none,fprelu,0.1,902446977.9366746,1466401749.1901944
SAC,1layer,Ant-v4,10,none,fprelu,0.1,893024448.5282704,1278372850.5132492
SAC,1layer,Ant-v4,30,none,fprelu,0.1,913590415.3619552,927854351.9100094
SAC,1layer,Ant-v4,20,none,fprelu,0.1,911996111.97779,919116280.3987684
SAC,1layer,Ant-v4,40,none,fprelu,0.1,903420336.5891885,2130522957.165932
SAC,1layer,Ant-v4,50,none,fprelu,0.4,913336119.4907048,1466401749.1901944
SAC,1layer,Ant-v4,10,none,fprelu,0.4,896018011.1175975,1278372850.5132492
SAC,1layer,Ant-v4,30,none,fprelu,0.4,905115666.4839592,927854351.9100094
SAC,1layer,Ant-v4,20,none,fprelu,0.4,934511786.2736212,919116280.3987684
SAC,1layer,Ant-v4,40,none,fprelu,0.4,923295057.5106964,2130522957.165932
SAC,1layer,Ant-v4,50,none,fprelu,0.2,965659702.4559332,1466401749.1901944
SAC,1layer,Ant-v4,10,none,fprelu,0.2,902630931.3229214,1278372850.5132492
SAC,1layer,Ant-v4,30,none,fprelu,0.2,903556060.0501148,927854351.9100094
SAC,1layer,Ant-v4,20,none,fprelu,0.2,927741381.9691066,919116280.3987684
SAC,1layer,Ant-v4,40,none,fprelu,0.2,915189582.964884,2130522957.165932
SAC,1layer,Ant-v4,50,none,fprelu,0.5,904344473.5118886,1466401749.1901944
SAC,1layer,Ant-v4,10,none,fprelu,0.5,893389194.0154424,1278372850.5132492
SAC,1layer,Ant-v4,30,none,fprelu,0.5,895035233.6568913,927854351.9100094
SAC,1layer,Ant-v4,20,none,fprelu,0.5,915379739.5118456,919116280.3987684
SAC,1layer,Ant-v4,40,none,fprelu,0.5,913690930.471028,2130522957.165932
SAC,1layer,Cartpole-Swingup,50,none,fprelu,0.5,611835142.7341149,737953715.2953646
SAC,1layer,Cartpole-Swingup,10,none,fprelu,0.5,677906380.6976166,751811150.5749145
SAC,1layer,Cartpole-Swingup,30,none,fprelu,0.5,730111502.497282,713920577.3478994
SAC,1layer,Cartpole-Swingup,20,none,fprelu,0.5,706099640.7785033,691343760.9853859
SAC,1layer,Cartpole-Swingup,40,none,fprelu,0.5,716001314.9872918,730714477.138134
SAC,1layer,Cartpole-Swingup,50,none,fprelu,0.1,690333488.072677,737953715.2953646
SAC,1layer,Cartpole-Swingup,10,none,fprelu,0.1,739780273.6178737,751811150.5749145
SAC,1layer,Cartpole-Swingup,30,none,fprelu,0.1,705503619.414164,713920577.3478994
SAC,1layer,Cartpole-Swingup,20,none,fprelu,0.1,724436464.5492817,691343760.9853859
SAC,1layer,Cartpole-Swingup,40,none,fprelu,0.1,729242646.4692281,730714477.138134
SAC,1layer,Cartpole-Swingup,50,none,fprelu,0.2,687232637.2470958,737953715.2953646
SAC,1layer,Cartpole-Swingup,10,none,fprelu,0.2,668274500.8087554,751811150.5749145
SAC,1layer,Cartpole-Swingup,30,none,fprelu,0.2,701100659.4072099,713920577.3478994
SAC,1layer,Cartpole-Swingup,20,none,fprelu,0.2,724131930.0828516,691343760.9853859
SAC,1layer,Cartpole-Swingup,40,none,fprelu,0.2,706726738.4613527,730714477.138134
SAC,1layer,Cartpole-Swingup,50,none,fprelu,0.3,740392755.731841,737953715.2953646
SAC,1layer,Cartpole-Swingup,10,none,fprelu,0.3,742926063.4520894,751811150.5749145
SAC,1layer,Cartpole-Swingup,30,none,fprelu,0.3,734581920.5582715,713920577.3478994
SAC,1layer,Cartpole-Swingup,20,none,fprelu,0.3,714109578.3083386,691343760.9853859
SAC,1layer,Cartpole-Swingup,40,none,fprelu,0.3,739731742.5352423,730714477.138134
SAC,1layer,Cartpole-Swingup,50,none,fprelu,0.4,718574999.170242,737953715.2953646
SAC,1layer,Cartpole-Swingup,10,none,fprelu,0.4,697948254.7190211,751811150.5749145
SAC,1layer,Cartpole-Swingup,30,none,fprelu,0.4,749306759.1624103,713920577.3478994
SAC,1layer,Cartpole-Swingup,20,none,fprelu,0.4,710851830.4680986,691343760.9853859
SAC,1layer,Cartpole-Swingup,40,none,fprelu,0.4,725248322.3321779,730714477.138134
SAC,1layer,HalfCheetah-v4,50,none,fprelu,0.1,4461369794.840616,4451711388.732172
SAC,1layer,HalfCheetah-v4,10,none,fprelu,0.1,4104013918.1121,4765466019.8752575
SAC,1layer,HalfCheetah-v4,30,none,fprelu,0.1,4439378229.425735,1355607746.3132057
SAC,1layer,HalfCheetah-v4,20,none,fprelu,0.1,4532212391.594847,4538784038.402962
SAC,1layer,HalfCheetah-v4,40,none,fprelu,0.1,4588582980.54654,3916072912.576706
SAC,1layer,HalfCheetah-v4,50,none,fprelu,0.2,1234758459.9119442,4451711388.732172
SAC,1layer,HalfCheetah-v4,10,none,fprelu,0.2,4219315072.138488,4765466019.8752575
SAC,1layer,HalfCheetah-v4,30,none,fprelu,0.2,4461999133.120086,1355607746.3132057
SAC,1layer,HalfCheetah-v4,20,none,fprelu,0.2,5270779826.083724,4538784038.402962
SAC,1layer,HalfCheetah-v4,40,none,fprelu,0.2,5277515793.618634,3916072912.576706
SAC,1layer,HalfCheetah-v4,50,none,fprelu,0.3,4051259642.65626,4451711388.732172
SAC,1layer,HalfCheetah-v4,10,none,fprelu,0.3,4517168800.091955,4765466019.8752575
SAC,1layer,HalfCheetah-v4,30,none,fprelu,0.3,4629614341.092765,1355607746.3132057
SAC,1layer,HalfCheetah-v4,20,none,fprelu,0.3,4731215975.932731,4538784038.402962
SAC,1layer,HalfCheetah-v4,40,none,fprelu,0.3,2992545076.057904,3916072912.576706
SAC,1layer,HalfCheetah-v4,50,none,fprelu,0.5,3740131712.128329,4451711388.732172
SAC,1layer,HalfCheetah-v4,10,none,fprelu,0.5,4755313345.2836685,4765466019.8752575
SAC,1layer,HalfCheetah-v4,30,none,fprelu,0.5,3722951292.057804,1355607746.3132057
SAC,1layer,HalfCheetah-v4,20,none,fprelu,0.5,3415660969.493341,4538784038.402962
SAC,1layer,HalfCheetah-v4,40,none,fprelu,0.5,1299408755.4410005,3916072912.576706
SAC,1layer,HalfCheetah-v4,50,none,fprelu,0.4,4071551864.176258,4451711388.732172
SAC,1layer,HalfCheetah-v4,10,none,fprelu,0.4,4242759158.0962777,4765466019.8752575
SAC,1layer,HalfCheetah-v4,30,none,fprelu,0.4,4619156174.794396,1355607746.3132057
SAC,1layer,HalfCheetah-v4,20,none,fprelu,0.4,4640358552.062447,4538784038.402962
SAC,1layer,HalfCheetah-v4,40,none,fprelu,0.4,2007948485.062615,3916072912.576706
SAC,1layer,Finger-Spin,50,none,fprelu,0.2,531920000.0,638135000.0
SAC,1layer,Finger-Spin,10,none,fprelu,0.2,327525000.0,621765000.0
SAC,1layer,Finger-Spin,30,none,fprelu,0.2,539880000.0,540880000.0
SAC,1layer,Finger-Spin,20,none,fprelu,0.2,584655000.0,526490000.0
SAC,1layer,Finger-Spin,40,none,fprelu,0.2,522485000.0,637280000.0
SAC,1layer,Finger-Spin,50,none,fprelu,0.3,585020000.0,638135000.0
SAC,1layer,Finger-Spin,10,none,fprelu,0.3,532505000.0,621765000.0
SAC,1layer,Finger-Spin,30,none,fprelu,0.3,374705000.0,540880000.0
SAC,1layer,Finger-Spin,20,none,fprelu,0.3,557540000.0,526490000.0
SAC,1layer,Finger-Spin,40,none,fprelu,0.3,654975000.0,637280000.0
SAC,1layer,Finger-Spin,50,none,fprelu,0.1,579130000.0,638135000.0
SAC,1layer,Finger-Spin,10,none,fprelu,0.1,582900000.0,621765000.0
SAC,1layer,Finger-Spin,30,none,fprelu,0.1,444230000.0,540880000.0
SAC,1layer,Finger-Spin,20,none,fprelu,0.1,551320000.0,526490000.0
SAC,1layer,Finger-Spin,40,none,fprelu,0.1,570625000.0,637280000.0
SAC,1layer,Finger-Spin,50,none,fprelu,0.5,537815000.0,638135000.0
SAC,1layer,Finger-Spin,10,none,fprelu,0.5,560835000.0,621765000.0
SAC,1layer,Finger-Spin,30,none,fprelu,0.5,548085000.0,540880000.0
SAC,1layer,Finger-Spin,20,none,fprelu,0.5,499340000.0,526490000.0
SAC,1layer,Finger-Spin,40,none,fprelu,0.5,608095000.0,637280000.0
SAC,1layer,Finger-Spin,50,none,fprelu,0.4,559965000.0,638135000.0
SAC,1layer,Finger-Spin,10,none,fprelu,0.4,539240000.0,621765000.0
SAC,1layer,Finger-Spin,30,none,fprelu,0.4,528475000.0,540880000.0
SAC,1layer,Finger-Spin,20,none,fprelu,0.4,516500000.0,526490000.0
SAC,1layer,Finger-Spin,40,none,fprelu,0.4,511920000.0,637280000.0
SAC,1layer,Hopper-v4,50,none,fprelu,0.4,2402155337.322316,912115687.706452
SAC,1layer,Hopper-v4,10,none,fprelu,0.4,1395798147.370627,1519796015.4943323
SAC,1layer,Hopper-v4,30,none,fprelu,0.4,2079332438.4288888,1629035363.2174027
SAC,1layer,Hopper-v4,20,none,fprelu,0.4,2023902595.2711327,2306670977.453857
SAC,1layer,Hopper-v4,40,none,fprelu,0.4,1858130711.4138336,1120366430.8871765
SAC,1layer,Hopper-v4,50,none,fprelu,0.1,2052433347.8262925,912115687.706452
SAC,1layer,Hopper-v4,10,none,fprelu,0.1,1962815111.4964583,1519796015.4943323
SAC,1layer,Hopper-v4,30,none,fprelu,0.1,2478715311.7478824,1629035363.2174027
SAC,1layer,Hopper-v4,20,none,fprelu,0.1,2220341837.857528,2306670977.453857
SAC,1layer,Hopper-v4,40,none,fprelu,0.1,2031875374.825845,1120366430.8871765
SAC,1layer,Hopper-v4,50,none,fprelu,0.3,2457209162.7835298,912115687.706452
SAC,1layer,Hopper-v4,10,none,fprelu,0.3,1483621763.86088,1519796015.4943323
SAC,1layer,Hopper-v4,30,none,fprelu,0.3,1717250559.144972,1629035363.2174027
SAC,1layer,Hopper-v4,20,none,fprelu,0.3,1135872124.648549,2306670977.453857
SAC,1layer,Hopper-v4,40,none,fprelu,0.3,1820865561.4909968,1120366430.8871765
SAC,1layer,Hopper-v4,50,none,fprelu,0.5,1983808249.024003,912115687.706452
SAC,1layer,Hopper-v4,10,none,fprelu,0.5,1644655958.643942,1519796015.4943323
SAC,1layer,Hopper-v4,30,none,fprelu,0.5,1473013480.912816,1629035363.2174027
SAC,1layer,Hopper-v4,20,none,fprelu,0.5,1253105586.3139212,2306670977.453857
SAC,1layer,Hopper-v4,40,none,fprelu,0.5,1269313188.072982,1120366430.8871765
SAC,1layer,Hopper-v4,50,none,fprelu,0.2,409691469.7744266,912115687.706452
SAC,1layer,Hopper-v4,10,none,fprelu,0.2,2300518842.0100126,1519796015.4943323
SAC,1layer,Hopper-v4,30,none,fprelu,0.2,2416071489.336688,1629035363.2174027
SAC,1layer,Hopper-v4,20,none,fprelu,0.2,1251427507.0222678,2306670977.453857
SAC,1layer,Hopper-v4,40,none,fprelu,0.2,1846859824.4871645,1120366430.8871765
SAC,2layers,Walker-Walk,50,all-critic,frelu,0.2,658617673.0121988,
SAC,2layers,Walker-Walk,10,all-critic,frelu,0.2,837795029.0156127,
SAC,2layers,Walker-Walk,30,all-critic,frelu,0.2,729368707.224056,
SAC,2layers,Walker-Walk,20,all-critic,frelu,0.2,830568571.7553778,
SAC,2layers,Walker-Walk,40,all-critic,frelu,0.2,612828298.5794631,
SAC,2layers,Walker-Walk,50,all-critic,frelu,0.1,850421803.2667791,
SAC,2layers,Walker-Walk,10,all-critic,frelu,0.1,810747953.7864027,
SAC,2layers,Walker-Walk,30,all-critic,frelu,0.1,637972822.2519463,
SAC,2layers,Walker-Walk,20,all-critic,frelu,0.1,811080510.2534221,
SAC,2layers,Walker-Walk,40,all-critic,frelu,0.1,641898123.1803039,
SAC,2layers,Walker-Walk,50,all-critic,frelu,0.5,586936327.69212,
SAC,2layers,Walker-Walk,10,all-critic,frelu,0.5,750299394.0991098,
SAC,2layers,Walker-Walk,30,all-critic,frelu,0.5,659570639.3126346,
SAC,2layers,Walker-Walk,20,all-critic,frelu,0.5,691082562.2742288,
SAC,2layers,Walker-Walk,40,all-critic,frelu,0.5,704670445.3521662,
SAC,2layers,Walker-Walk,50,all-critic,frelu,0.3,779948288.215449,
SAC,2layers,Walker-Walk,10,all-critic,frelu,0.3,576183380.289192,
SAC,2layers,Walker-Walk,30,all-critic,frelu,0.3,792307038.2997603,
SAC,2layers,Walker-Walk,20,all-critic,frelu,0.3,711256861.3076571,
SAC,2layers,Walker-Walk,40,all-critic,frelu,0.3,697981332.8924191,
SAC,2layers,Walker-Walk,50,all-critic,frelu,0.4,445814993.50083566,
SAC,2layers,Walker-Walk,10,all-critic,frelu,0.4,570615449.1912234,
SAC,2layers,Walker-Walk,30,all-critic,frelu,0.4,567943760.612781,
SAC,2layers,Walker-Walk,20,all-critic,frelu,0.4,882996215.7795193,
SAC,2layers,Walker-Walk,40,all-critic,frelu,0.4,487906958.2307178,
SAC,2layers,Finger-Spin,50,all-critic,frelu,0.3,736585000.0,
SAC,2layers,Finger-Spin,10,all-critic,frelu,0.3,751675000.0,
SAC,2layers,Finger-Spin,30,all-critic,frelu,0.3,714345000.0,
SAC,2layers,Finger-Spin,20,all-critic,frelu,0.3,777165000.0,
SAC,2layers,Finger-Spin,40,all-critic,frelu,0.3,715110000.0,
SAC,2layers,Finger-Spin,50,all-critic,frelu,0.4,788530000.0,
SAC,2layers,Finger-Spin,10,all-critic,frelu,0.4,545390000.0,
SAC,2layers,Finger-Spin,30,all-critic,frelu,0.4,787415000.0,
SAC,2layers,Finger-Spin,20,all-critic,frelu,0.4,706065000.0,
SAC,2layers,Finger-Spin,40,all-critic,frelu,0.4,716300000.0,
SAC,2layers,Finger-Spin,50,all-critic,frelu,0.5,657135000.0,
SAC,2layers,Finger-Spin,10,all-critic,frelu,0.5,408175000.0,
SAC,2layers,Finger-Spin,30,all-critic,frelu,0.5,687510000.0,
SAC,2layers,Finger-Spin,20,all-critic,frelu,0.5,722560000.0,
SAC,2layers,Finger-Spin,40,all-critic,frelu,0.5,763405000.0,
SAC,2layers,Finger-Spin,50,all-critic,frelu,0.2,794450000.0,
SAC,2layers,Finger-Spin,10,all-critic,frelu,0.2,793550000.0,
SAC,2layers,Finger-Spin,30,all-critic,frelu,0.2,739570000.0,
SAC,2layers,Finger-Spin,20,all-critic,frelu,0.2,788835000.0,
SAC,2layers,Finger-Spin,40,all-critic,frelu,0.2,789140000.0,
SAC,2layers,Finger-Spin,50,all-critic,frelu,0.1,791305000.0,
SAC,2layers,Finger-Spin,10,all-critic,frelu,0.1,761775000.0,
SAC,2layers,Finger-Spin,30,all-critic,frelu,0.1,780165000.0,
SAC,2layers,Finger-Spin,20,all-critic,frelu,0.1,791710000.0,
SAC,2layers,Finger-Spin,40,all-critic,frelu,0.1,711195000.0,
SAC,2layers,Cheetah-Run,50,all-critic,frelu,0.5,460807495.3664911,
SAC,2layers,Cheetah-Run,10,all-critic,frelu,0.5,441029372.6830012,
SAC,2layers,Cheetah-Run,30,all-critic,frelu,0.5,362102070.5252803,
SAC,2layers,Cheetah-Run,20,all-critic,frelu,0.5,327382237.0769516,
SAC,2layers,Cheetah-Run,40,all-critic,frelu,0.5,296024509.0831783,
SAC,2layers,Cheetah-Run,50,all-critic,frelu,0.4,388554738.1466645,
SAC,2layers,Cheetah-Run,10,all-critic,frelu,0.4,453335451.4683533,
SAC,2layers,Cheetah-Run,30,all-critic,frelu,0.4,382358398.5047464,
SAC,2layers,Cheetah-Run,20,all-critic,frelu,0.4,346991454.87797827,
SAC,2layers,Cheetah-Run,40,all-critic,frelu,0.4,346543636.5563981,
SAC,2layers,Cheetah-Run,50,all-critic,frelu,0.3,422630055.7078094,
SAC,2layers,Cheetah-Run,10,all-critic,frelu,0.3,404243082.7488661,
SAC,2layers,Cheetah-Run,30,all-critic,frelu,0.3,447976606.8834121,
SAC,2layers,Cheetah-Run,20,all-critic,frelu,0.3,388819181.81464726,
SAC,2layers,Cheetah-Run,40,all-critic,frelu,0.3,410914978.73744565,
SAC,2layers,Cheetah-Run,50,all-critic,frelu,0.1,516029071.8363295,
SAC,2layers,Cheetah-Run,10,all-critic,frelu,0.1,466079136.6032745,
SAC,2layers,Cheetah-Run,30,all-critic,frelu,0.1,444655008.9999534,
SAC,2layers,Cheetah-Run,20,all-critic,frelu,0.1,478024736.2879406,
SAC,2layers,Cheetah-Run,40,all-critic,frelu,0.1,390795333.941932,
SAC,2layers,Cheetah-Run,50,all-critic,frelu,0.2,493899313.0632331,
SAC,2layers,Cheetah-Run,10,all-critic,frelu,0.2,401844500.3970021,
SAC,2layers,Cheetah-Run,30,all-critic,frelu,0.2,497172727.5967308,
SAC,2layers,Cheetah-Run,20,all-critic,frelu,0.2,391995730.0577092,
SAC,2layers,Cheetah-Run,40,all-critic,frelu,0.2,353263914.3148419,
SAC,2layers,Humanoid-v4,50,all-critic,frelu,0.1,3668749314.724835,
SAC,2layers,Humanoid-v4,10,all-critic,frelu,0.1,3524653370.173043,
SAC,2layers,Humanoid-v4,30,all-critic,frelu,0.1,3289624067.8962283,
SAC,2layers,Humanoid-v4,20,all-critic,frelu,0.1,3424366887.588219,
SAC,2layers,Humanoid-v4,40,all-critic,frelu,0.1,3565337658.521629,
SAC,2layers,Humanoid-v4,50,all-critic,frelu,0.5,3313563446.157879,
SAC,2layers,Humanoid-v4,10,all-critic,frelu,0.5,3280710710.241744,
SAC,2layers,Humanoid-v4,30,all-critic,frelu,0.5,3566621144.916372,
SAC,2layers,Humanoid-v4,20,all-critic,frelu,0.5,3973127493.93504,
SAC,2layers,Humanoid-v4,40,all-critic,frelu,0.5,3631510975.48426,
SAC,2layers,Humanoid-v4,50,all-critic,frelu,0.3,3665956296.200142,
SAC,2layers,Humanoid-v4,10,all-critic,frelu,0.3,3055147380.6310086,
SAC,2layers,Humanoid-v4,30,all-critic,frelu,0.3,3648648346.2696166,
SAC,2layers,Humanoid-v4,20,all-critic,frelu,0.3,3350430795.1258864,
SAC,2layers,Humanoid-v4,40,all-critic,frelu,0.3,3180745851.171523,
SAC,2layers,Humanoid-v4,50,all-critic,frelu,0.4,3670988076.290234,
SAC,2layers,Humanoid-v4,10,all-critic,frelu,0.4,3587157979.4702024,
SAC,2layers,Humanoid-v4,30,all-critic,frelu,0.4,3951627544.387867,
SAC,2layers,Humanoid-v4,20,all-critic,frelu,0.4,3039619391.5327506,
SAC,2layers,Humanoid-v4,40,all-critic,frelu,0.4,3527749773.0527163,
SAC,2layers,Humanoid-v4,50,all-critic,frelu,0.2,3499570730.036933,
SAC,2layers,Humanoid-v4,10,all-critic,frelu,0.2,3572617411.965466,
SAC,2layers,Humanoid-v4,30,all-critic,frelu,0.2,3785098525.571216,
SAC,2layers,Humanoid-v4,20,all-critic,frelu,0.2,3524201491.7832274,
SAC,2layers,Humanoid-v4,40,all-critic,frelu,0.2,3005045829.6342235,
SAC,2layers,Ant-v4,50,all-critic,frelu,0.4,1822293806.298485,
SAC,2layers,Ant-v4,10,all-critic,frelu,0.4,1383938614.3542714,
SAC,2layers,Ant-v4,30,all-critic,frelu,0.4,2226402027.572075,
SAC,2layers,Ant-v4,20,all-critic,frelu,0.4,1219007840.80274,
SAC,2layers,Ant-v4,40,all-critic,frelu,0.4,2138932439.9612567,
SAC,2layers,Ant-v4,50,all-critic,frelu,0.2,1593881371.2306352,
SAC,2layers,Ant-v4,10,all-critic,frelu,0.2,1423656722.8354657,
SAC,2layers,Ant-v4,30,all-critic,frelu,0.2,3141108994.60098,
SAC,2layers,Ant-v4,20,all-critic,frelu,0.2,3347023865.1265574,
SAC,2layers,Ant-v4,40,all-critic,frelu,0.2,2443904196.253556,
SAC,2layers,Ant-v4,50,all-critic,frelu,0.5,1195561504.8001566,
SAC,2layers,Ant-v4,10,all-critic,frelu,0.5,945924771.4372205,
SAC,2layers,Ant-v4,30,all-critic,frelu,0.5,1183281029.3359125,
SAC,2layers,Ant-v4,20,all-critic,frelu,0.5,1651504294.0762632,
SAC,2layers,Ant-v4,40,all-critic,frelu,0.5,1227003748.4594972,
SAC,2layers,Ant-v4,50,all-critic,frelu,0.3,2951954549.3393564,
SAC,2layers,Ant-v4,10,all-critic,frelu,0.3,1516043141.0654843,
SAC,2layers,Ant-v4,30,all-critic,frelu,0.3,2042224850.9285247,
SAC,2layers,Ant-v4,20,all-critic,frelu,0.3,1433937565.2996027,
SAC,2layers,Ant-v4,40,all-critic,frelu,0.3,2861132789.299608,
SAC,2layers,Ant-v4,50,all-critic,frelu,0.1,3559812025.9520745,
SAC,2layers,Ant-v4,10,all-critic,frelu,0.1,2134299460.476376,
SAC,2layers,Ant-v4,30,all-critic,frelu,0.1,2793488889.0621223,
SAC,2layers,Ant-v4,20,all-critic,frelu,0.1,3579097257.677092,
SAC,2layers,Ant-v4,40,all-critic,frelu,0.1,3143240112.9649086,
SAC,2layers,Cartpole-Swingup,50,all-critic,frelu,0.5,779874157.0776612,
SAC,2layers,Cartpole-Swingup,10,all-critic,frelu,0.5,785535505.5120689,
SAC,2layers,Cartpole-Swingup,30,all-critic,frelu,0.5,770964685.2038105,
SAC,2layers,Cartpole-Swingup,20,all-critic,frelu,0.5,721827406.7236968,
SAC,2layers,Cartpole-Swingup,40,all-critic,frelu,0.5,788605895.6002885,
SAC,2layers,Cartpole-Swingup,50,all-critic,frelu,0.3,770121657.5594652,
SAC,2layers,Cartpole-Swingup,10,all-critic,frelu,0.3,796157054.1427903,
SAC,2layers,Cartpole-Swingup,30,all-critic,frelu,0.3,762370339.8044862,
SAC,2layers,Cartpole-Swingup,20,all-critic,frelu,0.3,740030010.4089432,
SAC,2layers,Cartpole-Swingup,40,all-critic,frelu,0.3,800376994.5240617,
SAC,2layers,Cartpole-Swingup,50,all-critic,frelu,0.1,771233028.6115469,
SAC,2layers,Cartpole-Swingup,10,all-critic,frelu,0.1,766642187.3309017,
SAC,2layers,Cartpole-Swingup,30,all-critic,frelu,0.1,732159136.659908,
SAC,2layers,Cartpole-Swingup,20,all-critic,frelu,0.1,777139800.9549292,
SAC,2layers,Cartpole-Swingup,40,all-critic,frelu,0.1,771424067.556377,
SAC,2layers,Cartpole-Swingup,50,all-critic,frelu,0.2,750523033.1567124,
SAC,2layers,Cartpole-Swingup,10,all-critic,frelu,0.2,779779340.6774824,
SAC,2layers,Cartpole-Swingup,30,all-critic,frelu,0.2,695388899.9822968,
SAC,2layers,Cartpole-Swingup,20,all-critic,frelu,0.2,808367282.0132062,
SAC,2layers,Cartpole-Swingup,40,all-critic,frelu,0.2,791922071.5322845,
SAC,2layers,Cartpole-Swingup,50,all-critic,frelu,0.4,779105434.7661017,
SAC,2layers,Cartpole-Swingup,10,all-critic,frelu,0.4,747477872.185784,
SAC,2layers,Cartpole-Swingup,30,all-critic,frelu,0.4,789569816.3092695,
SAC,2layers,Cartpole-Swingup,20,all-critic,frelu,0.4,770543342.6676667,
SAC,2layers,Cartpole-Swingup,40,all-critic,frelu,0.4,787232397.0385689,
SAC,2layers,HalfCheetah-v4,50,all-critic,frelu,0.5,6934405779.048696,
SAC,2layers,HalfCheetah-v4,10,all-critic,frelu,0.5,5761589085.706705,
SAC,2layers,HalfCheetah-v4,30,all-critic,frelu,0.5,7699739685.222742,
SAC,2layers,HalfCheetah-v4,20,all-critic,frelu,0.5,7677090620.433286,
SAC,2layers,HalfCheetah-v4,40,all-critic,frelu,0.5,5369224995.070099,
SAC,2layers,HalfCheetah-v4,50,all-critic,frelu,0.4,6583333065.68638,
SAC,2layers,HalfCheetah-v4,10,all-critic,frelu,0.4,6867218937.913199,
SAC,2layers,HalfCheetah-v4,30,all-critic,frelu,0.4,8032176377.182418,
SAC,2layers,HalfCheetah-v4,20,all-critic,frelu,0.4,5067675836.86815,
SAC,2layers,HalfCheetah-v4,40,all-critic,frelu,0.4,7575010626.665517,
SAC,2layers,HalfCheetah-v4,50,all-critic,frelu,0.3,5473832033.650621,
SAC,2layers,HalfCheetah-v4,10,all-critic,frelu,0.3,5916327937.343708,
SAC,2layers,HalfCheetah-v4,30,all-critic,frelu,0.3,7089854375.765109,
SAC,2layers,HalfCheetah-v4,20,all-critic,frelu,0.3,5966062406.718471,
SAC,2layers,HalfCheetah-v4,40,all-critic,frelu,0.3,6447173859.0242,
SAC,2layers,HalfCheetah-v4,50,all-critic,frelu,0.1,6920860627.622245,
SAC,2layers,HalfCheetah-v4,10,all-critic,frelu,0.1,8005179794.225951,
SAC,2layers,HalfCheetah-v4,30,all-critic,frelu,0.1,6470805666.424118,
SAC,2layers,HalfCheetah-v4,20,all-critic,frelu,0.1,5232304415.130792,
SAC,2layers,HalfCheetah-v4,40,all-critic,frelu,0.1,8309556654.995129,
SAC,2layers,HalfCheetah-v4,50,all-critic,frelu,0.2,6962277837.441332,
SAC,2layers,HalfCheetah-v4,10,all-critic,frelu,0.2,7360759867.107096,
SAC,2layers,HalfCheetah-v4,30,all-critic,frelu,0.2,7592142187.574327,
SAC,2layers,HalfCheetah-v4,20,all-critic,frelu,0.2,8580950531.625731,
SAC,2layers,HalfCheetah-v4,40,all-critic,frelu,0.2,6174710014.394107,
SAC,2layers,Hopper-v4,50,all-critic,frelu,0.1,3008732730.769431,
SAC,2layers,Hopper-v4,10,all-critic,frelu,0.1,1778315054.8064475,
SAC,2layers,Hopper-v4,30,all-critic,frelu,0.1,2909983793.6452417,
SAC,2layers,Hopper-v4,20,all-critic,frelu,0.1,2619985025.77996,
SAC,2layers,Hopper-v4,40,all-critic,frelu,0.1,2764125203.5566955,
SAC,2layers,Hopper-v4,50,all-critic,frelu,0.5,2773199107.9713526,
SAC,2layers,Hopper-v4,10,all-critic,frelu,0.5,1246087705.822923,
SAC,2layers,Hopper-v4,30,all-critic,frelu,0.5,2166812116.083606,
SAC,2layers,Hopper-v4,20,all-critic,frelu,0.5,2451912748.8854704,
SAC,2layers,Hopper-v4,40,all-critic,frelu,0.5,2176294978.533356,
SAC,2layers,Hopper-v4,50,all-critic,frelu,0.2,2524014175.1570644,
SAC,2layers,Hopper-v4,10,all-critic,frelu,0.2,2450729460.744879,
SAC,2layers,Hopper-v4,30,all-critic,frelu,0.2,2652083463.512696,
SAC,2layers,Hopper-v4,20,all-critic,frelu,0.2,2745817276.145275,
SAC,2layers,Hopper-v4,40,all-critic,frelu,0.2,2842299075.648112,
SAC,2layers,Hopper-v4,50,all-critic,frelu,0.4,2787628603.4177628,
SAC,2layers,Hopper-v4,10,all-critic,frelu,0.4,2681821210.202164,
SAC,2layers,Hopper-v4,30,all-critic,frelu,0.4,1550706786.9888563,
SAC,2layers,Hopper-v4,20,all-critic,frelu,0.4,1808371335.6749232,
SAC,2layers,Hopper-v4,40,all-critic,frelu,0.4,2130378444.7793567,
SAC,2layers,Hopper-v4,50,all-critic,frelu,0.3,2709313871.1746907,
SAC,2layers,Hopper-v4,10,all-critic,frelu,0.3,2381113164.1542144,
SAC,2layers,Hopper-v4,30,all-critic,frelu,0.3,2467296072.8192444,
SAC,2layers,Hopper-v4,20,all-critic,frelu,0.3,2757971126.6556463,
SAC,2layers,Hopper-v4,40,all-critic,frelu,0.3,2346209357.6338663,
SAC,2layers,Humanoid-v4,50,all-critic,prelu,base,3974909574.737549,
SAC,2layers,Humanoid-v4,10,all-critic,prelu,base,4319682788.391113,
SAC,2layers,Humanoid-v4,30,all-critic,prelu,base,3786456469.421386,
SAC,2layers,Humanoid-v4,20,all-critic,prelu,base,3789179921.875,
SAC,2layers,Humanoid-v4,40,all-critic,prelu,base,3436153575.1342773,
SAC,2layers,Ant-v4,50,all-critic,prelu,base,2341141124.9923706,
SAC,2layers,Ant-v4,10,all-critic,prelu,base,2925234071.650505,
SAC,2layers,Ant-v4,30,all-critic,prelu,base,3051581913.020611,
SAC,2layers,Ant-v4,20,all-critic,prelu,base,2048162305.2835464,
SAC,2layers,Ant-v4,40,all-critic,prelu,base,2188095352.3635864,
SAC,2layers,Hopper-v4,50,all-critic,prelu,base,1967461676.4068604,
SAC,2layers,Hopper-v4,10,all-critic,prelu,base,2624557456.626892,
SAC,2layers,Hopper-v4,30,all-critic,prelu,base,1914564972.248077,
SAC,2layers,Hopper-v4,20,all-critic,prelu,base,2210097686.0046387,
SAC,2layers,Hopper-v4,40,all-critic,prelu,base,2027691998.138428,
SAC,2layers,Cartpole-Swingup,50,all-critic,prelu,base,798158072.2045898,
SAC,2layers,Cartpole-Swingup,10,all-critic,prelu,base,787787151.4129639,
SAC,2layers,Cartpole-Swingup,30,all-critic,prelu,base,633020662.4603271,
SAC,2layers,Cartpole-Swingup,20,all-critic,prelu,base,785921455.3833008,
SAC,2layers,Cartpole-Swingup,40,all-critic,prelu,base,788804698.7915039,
SAC,2layers,Walker-Walk,50,all-critic,prelu,base,785582230.7872772,
SAC,2layers,Walker-Walk,10,all-critic,prelu,base,865037866.6114807,
SAC,2layers,Walker-Walk,30,all-critic,prelu,base,669534084.444046,
SAC,2layers,Walker-Walk,20,all-critic,prelu,base,854759343.9102173,
SAC,2layers,Walker-Walk,40,all-critic,prelu,base,751056627.0256042,
SAC,2layers,Finger-Spin,50,all-critic,prelu,base,783710000.0,
SAC,2layers,Finger-Spin,10,all-critic,prelu,base,780590000.0,
SAC,2layers,Finger-Spin,30,all-critic,prelu,base,775140000.0,
SAC,2layers,Finger-Spin,20,all-critic,prelu,base,705385000.0,
SAC,2layers,Finger-Spin,40,all-critic,prelu,base,771350000.0,
SAC,2layers,Cheetah-Run,50,all-critic,prelu,base,459502008.9706406,
SAC,2layers,Cheetah-Run,10,all-critic,prelu,base,456445330.8415413,
SAC,2layers,Cheetah-Run,30,all-critic,prelu,base,310042081.8477869,
SAC,2layers,Cheetah-Run,20,all-critic,prelu,base,402292143.10482144,
SAC,2layers,Cheetah-Run,40,all-critic,prelu,base,531988976.5012264,
SAC,2layers,HalfCheetah-v4,50,all-critic,prelu,base,8016875889.930725,
SAC,2layers,HalfCheetah-v4,10,all-critic,prelu,base,8306161794.052124,
SAC,2layers,HalfCheetah-v4,30,all-critic,prelu,base,7613958522.529602,
SAC,2layers,HalfCheetah-v4,20,all-critic,prelu,base,7344545810.623169,
SAC,2layers,HalfCheetah-v4,40,all-critic,prelu,base,8162962119.235992,
SAC,2layers,Ant-v4,50,all-critic,swish,base,3308494292.141199,
SAC,2layers,Ant-v4,10,all-critic,swish,base,2652734330.1582336,
SAC,2layers,Ant-v4,30,all-critic,swish,base,4035524382.6293945,
SAC,2layers,Ant-v4,20,all-critic,swish,base,4201467516.212464,
SAC,2layers,Ant-v4,40,all-critic,swish,base,4123849460.449218,
SAC,2layers,Hopper-v4,50,all-critic,swish,base,2340363569.459915,
SAC,2layers,Hopper-v4,10,all-critic,swish,base,2477866691.017151,
SAC,2layers,Hopper-v4,30,all-critic,swish,base,2152413425.2929688,
SAC,2layers,Hopper-v4,20,all-critic,swish,base,2140711766.5100093,
SAC,2layers,Hopper-v4,40,all-critic,swish,base,2608759790.3442383,
SAC,2layers,Finger-Spin,50,all-critic,swish,base,746290000.0,
SAC,2layers,Finger-Spin,10,all-critic,swish,base,767385000.0,
SAC,2layers,Finger-Spin,30,all-critic,swish,base,805685000.0,
SAC,2layers,Finger-Spin,20,all-critic,swish,base,744160000.0,
SAC,2layers,Finger-Spin,40,all-critic,swish,base,752015000.0,
SAC,2layers,Cartpole-Swingup,50,all-critic,swish,base,775335737.953186,
SAC,2layers,Cartpole-Swingup,10,all-critic,swish,base,744028124.5422363,
SAC,2layers,Cartpole-Swingup,30,all-critic,swish,base,757611113.1286621,
SAC,2layers,Cartpole-Swingup,20,all-critic,swish,base,785199386.5203857,
SAC,2layers,Cartpole-Swingup,40,all-critic,swish,base,726449904.7851562,
SAC,2layers,Cheetah-Run,50,all-critic,swish,base,461361443.8843727,
SAC,2layers,Cheetah-Run,10,all-critic,swish,base,485924852.38075256,
SAC,2layers,Cheetah-Run,30,all-critic,swish,base,489165021.2454796,
SAC,2layers,Cheetah-Run,20,all-critic,swish,base,406044398.7846375,
SAC,2layers,Cheetah-Run,40,all-critic,swish,base,494288549.1725802,
SAC,2layers,Walker-Walk,50,all-critic,swish,base,860904272.3274231,
SAC,2layers,Walker-Walk,10,all-critic,swish,base,835736589.4889832,
SAC,2layers,Walker-Walk,30,all-critic,swish,base,815179311.8953705,
SAC,2layers,Walker-Walk,20,all-critic,swish,base,865937300.7392883,
SAC,2layers,Walker-Walk,40,all-critic,swish,base,609153383.2263947,
SAC,2layers,Humanoid-v4,50,all-critic,swish,base,3543054931.488037,
SAC,2layers,Humanoid-v4,10,all-critic,swish,base,3647086398.6206055,
SAC,2layers,Humanoid-v4,30,all-critic,swish,base,3527440462.4938965,
SAC,2layers,Humanoid-v4,20,all-critic,swish,base,3810608408.355713,
SAC,2layers,Humanoid-v4,40,all-critic,swish,base,3960575381.92749,
SAC,2layers,HalfCheetah-v4,50,all-critic,swish,base,8767225482.063293,
SAC,2layers,HalfCheetah-v4,10,all-critic,swish,base,8267033706.269711,
SAC,2layers,HalfCheetah-v4,30,all-critic,swish,base,7507482674.34597,
SAC,2layers,HalfCheetah-v4,20,all-critic,swish,base,7589326878.108978,
SAC,2layers,HalfCheetah-v4,40,all-critic,swish,base,7700286451.797485,
SAC,2layers,Walker-Walk,50,all-critic,flrelu,0.5,819273665.9051929,
SAC,2layers,Walker-Walk,10,all-critic,flrelu,0.5,645068406.2746223,
SAC,2layers,Walker-Walk,30,all-critic,flrelu,0.5,618329638.1418293,
SAC,2layers,Walker-Walk,20,all-critic,flrelu,0.5,814876178.1697707,
SAC,2layers,Walker-Walk,40,all-critic,flrelu,0.5,616184635.677415,
SAC,2layers,Walker-Walk,50,all-critic,flrelu,0.2,789687598.181385,
SAC,2layers,Walker-Walk,10,all-critic,flrelu,0.2,833288636.3750664,
SAC,2layers,Walker-Walk,30,all-critic,flrelu,0.2,805904398.5389928,
SAC,2layers,Walker-Walk,20,all-critic,flrelu,0.2,572665896.3286862,
SAC,2layers,Walker-Walk,40,all-critic,flrelu,0.2,585626462.4331238,
SAC,2layers,Walker-Walk,50,all-critic,flrelu,0.4,746111807.7737844,
SAC,2layers,Walker-Walk,10,all-critic,flrelu,0.4,607377068.7189491,
SAC,2layers,Walker-Walk,30,all-critic,flrelu,0.4,753010683.1616195,
SAC,2layers,Walker-Walk,20,all-critic,flrelu,0.4,819124783.1962328,
SAC,2layers,Walker-Walk,40,all-critic,flrelu,0.4,634199467.2767584,
SAC,2layers,Walker-Walk,50,all-critic,flrelu,0.1,827951231.707863,
SAC,2layers,Walker-Walk,10,all-critic,flrelu,0.1,830644555.9710141,
SAC,2layers,Walker-Walk,30,all-critic,flrelu,0.1,801515513.7886906,
SAC,2layers,Walker-Walk,20,all-critic,flrelu,0.1,723942981.2401758,
SAC,2layers,Walker-Walk,40,all-critic,flrelu,0.1,563225644.0273726,
SAC,2layers,Walker-Walk,50,all-critic,flrelu,0.3,847669386.3812141,
SAC,2layers,Walker-Walk,10,all-critic,flrelu,0.3,581851074.5457045,
SAC,2layers,Walker-Walk,30,all-critic,flrelu,0.3,813269193.5706091,
SAC,2layers,Walker-Walk,20,all-critic,flrelu,0.3,873875805.3366694,
SAC,2layers,Walker-Walk,40,all-critic,flrelu,0.3,838423561.1042444,
SAC,2layers,Finger-Spin,50,all-critic,flrelu,0.4,767415000.0,
SAC,2layers,Finger-Spin,10,all-critic,flrelu,0.4,734855000.0,
SAC,2layers,Finger-Spin,30,all-critic,flrelu,0.4,717145000.0,
SAC,2layers,Finger-Spin,20,all-critic,flrelu,0.4,692895000.0,
SAC,2layers,Finger-Spin,40,all-critic,flrelu,0.4,727665000.0,
SAC,2layers,Finger-Spin,50,all-critic,flrelu,0.2,792225000.0,
SAC,2layers,Finger-Spin,10,all-critic,flrelu,0.2,772655000.0,
SAC,2layers,Finger-Spin,30,all-critic,flrelu,0.2,730440000.0,
SAC,2layers,Finger-Spin,20,all-critic,flrelu,0.2,716285000.0,
SAC,2layers,Finger-Spin,40,all-critic,flrelu,0.2,763905000.0,
SAC,2layers,Finger-Spin,50,all-critic,flrelu,0.3,765680000.0,
SAC,2layers,Finger-Spin,10,all-critic,flrelu,0.3,797495000.0,
SAC,2layers,Finger-Spin,30,all-critic,flrelu,0.3,792975000.0,
SAC,2layers,Finger-Spin,20,all-critic,flrelu,0.3,781940000.0,
SAC,2layers,Finger-Spin,40,all-critic,flrelu,0.3,795965000.0,
SAC,2layers,Finger-Spin,50,all-critic,flrelu,0.1,789430000.0,
SAC,2layers,Finger-Spin,10,all-critic,flrelu,0.1,787805000.0,
SAC,2layers,Finger-Spin,30,all-critic,flrelu,0.1,714135000.0,
SAC,2layers,Finger-Spin,20,all-critic,flrelu,0.1,717820000.0,
SAC,2layers,Finger-Spin,40,all-critic,flrelu,0.1,786005000.0,
SAC,2layers,Finger-Spin,50,all-critic,flrelu,0.5,757810000.0,
SAC,2layers,Finger-Spin,10,all-critic,flrelu,0.5,757000000.0,
SAC,2layers,Finger-Spin,30,all-critic,flrelu,0.5,668755000.0,
SAC,2layers,Finger-Spin,20,all-critic,flrelu,0.5,766125000.0,
SAC,2layers,Finger-Spin,40,all-critic,flrelu,0.5,717485000.0,
SAC,2layers,Cheetah-Run,50,all-critic,flrelu,0.4,395745729.4650202,
SAC,2layers,Cheetah-Run,10,all-critic,flrelu,0.4,344409160.69011444,
SAC,2layers,Cheetah-Run,30,all-critic,flrelu,0.4,406510686.5510037,
SAC,2layers,Cheetah-Run,20,all-critic,flrelu,0.4,347322755.34264183,
SAC,2layers,Cheetah-Run,40,all-critic,flrelu,0.4,436127760.13849735,
SAC,2layers,Cheetah-Run,50,all-critic,flrelu,0.5,428859401.5798519,
SAC,2layers,Cheetah-Run,10,all-critic,flrelu,0.5,385531625.8074123,
SAC,2layers,Cheetah-Run,30,all-critic,flrelu,0.5,412993592.7599678,
SAC,2layers,Cheetah-Run,20,all-critic,flrelu,0.5,322828172.543473,
SAC,2layers,Cheetah-Run,40,all-critic,flrelu,0.5,327418688.2302132,
SAC,2layers,Cheetah-Run,50,all-critic,flrelu,0.2,416153109.8148699,
SAC,2layers,Cheetah-Run,10,all-critic,flrelu,0.2,390091458.9975202,
SAC,2layers,Cheetah-Run,30,all-critic,flrelu,0.2,455716697.57017344,
SAC,2layers,Cheetah-Run,20,all-critic,flrelu,0.2,446150520.6042557,
SAC,2layers,Cheetah-Run,40,all-critic,flrelu,0.2,467324897.74031454,
SAC,2layers,Cheetah-Run,50,all-critic,flrelu,0.3,426826879.77372944,
SAC,2layers,Cheetah-Run,10,all-critic,flrelu,0.3,494706856.5765439,
SAC,2layers,Cheetah-Run,30,all-critic,flrelu,0.3,417021522.6939029,
SAC,2layers,Cheetah-Run,20,all-critic,flrelu,0.3,403574637.0081593,
SAC,2layers,Cheetah-Run,40,all-critic,flrelu,0.3,364448406.9269604,
SAC,2layers,Cheetah-Run,50,all-critic,flrelu,0.1,415710010.38210726,
SAC,2layers,Cheetah-Run,10,all-critic,flrelu,0.1,449309375.1172428,
SAC,2layers,Cheetah-Run,30,all-critic,flrelu,0.1,486601588.17286736,
SAC,2layers,Cheetah-Run,20,all-critic,flrelu,0.1,484013865.17660654,
SAC,2layers,Cheetah-Run,40,all-critic,flrelu,0.1,395593122.1184156,
SAC,2layers,Humanoid-v4,50,all-critic,flrelu,0.5,3924116435.7140007,
SAC,2layers,Humanoid-v4,10,all-critic,flrelu,0.5,3583222046.841824,
SAC,2layers,Humanoid-v4,30,all-critic,flrelu,0.5,3462049599.170894,
SAC,2layers,Humanoid-v4,20,all-critic,flrelu,0.5,3772193862.399496,
SAC,2layers,Humanoid-v4,40,all-critic,flrelu,0.5,4021572268.62585,
SAC,2layers,Humanoid-v4,50,all-critic,flrelu,0.2,3952906926.161052,
SAC,2layers,Humanoid-v4,10,all-critic,flrelu,0.2,3455659930.865237,
SAC,2layers,Humanoid-v4,30,all-critic,flrelu,0.2,3718672123.245576,
SAC,2layers,Humanoid-v4,20,all-critic,flrelu,0.2,3356959525.079354,
SAC,2layers,Humanoid-v4,40,all-critic,flrelu,0.2,3427836539.2081885,
SAC,2layers,Humanoid-v4,50,all-critic,flrelu,0.1,3114199473.549475,
SAC,2layers,Humanoid-v4,10,all-critic,flrelu,0.1,3861604895.547138,
SAC,2layers,Humanoid-v4,30,all-critic,flrelu,0.1,3565290345.861085,
SAC,2layers,Humanoid-v4,20,all-critic,flrelu,0.1,3369850213.10007,
SAC,2layers,Humanoid-v4,40,all-critic,flrelu,0.1,3410904128.4407,
SAC,2layers,Humanoid-v4,50,all-critic,flrelu,0.3,3057332679.542713,
SAC,2layers,Humanoid-v4,10,all-critic,flrelu,0.3,3289391983.167457,
SAC,2layers,Humanoid-v4,30,all-critic,flrelu,0.3,3657314259.937271,
SAC,2layers,Humanoid-v4,20,all-critic,flrelu,0.3,3931621588.322592,
SAC,2layers,Humanoid-v4,40,all-critic,flrelu,0.3,3756668516.6197577,
SAC,2layers,Humanoid-v4,50,all-critic,flrelu,0.4,3686422464.78396,
SAC,2layers,Humanoid-v4,10,all-critic,flrelu,0.4,2793050051.134481,
SAC,2layers,Humanoid-v4,30,all-critic,flrelu,0.4,4088008165.0912666,
SAC,2layers,Humanoid-v4,20,all-critic,flrelu,0.4,3337104685.022416,
SAC,2layers,Humanoid-v4,40,all-critic,flrelu,0.4,3544102501.48852,
SAC,2layers,Ant-v4,50,all-critic,flrelu,0.1,3492267415.9590063,
SAC,2layers,Ant-v4,10,all-critic,flrelu,0.1,1939968163.6754577,
SAC,2layers,Ant-v4,30,all-critic,flrelu,0.1,2205907539.6541805,
SAC,2layers,Ant-v4,20,all-critic,flrelu,0.1,2359494072.346779,
SAC,2layers,Ant-v4,40,all-critic,flrelu,0.1,2562254044.461488,
SAC,2layers,Ant-v4,50,all-critic,flrelu,0.5,1398385590.7164493,
SAC,2layers,Ant-v4,10,all-critic,flrelu,0.5,959542236.175658,
SAC,2layers,Ant-v4,30,all-critic,flrelu,0.5,973489629.3994496,
SAC,2layers,Ant-v4,20,all-critic,flrelu,0.5,2347908428.379922,
SAC,2layers,Ant-v4,40,all-critic,flrelu,0.5,1450507586.2862968,
SAC,2layers,Ant-v4,50,all-critic,flrelu,0.4,1052483586.8892878,
SAC,2layers,Ant-v4,10,all-critic,flrelu,0.4,1026590198.4503756,
SAC,2layers,Ant-v4,30,all-critic,flrelu,0.4,1507290381.127204,
SAC,2layers,Ant-v4,20,all-critic,flrelu,0.4,1116861360.073285,
SAC,2layers,Ant-v4,40,all-critic,flrelu,0.4,1190149989.5044544,
SAC,2layers,Ant-v4,50,all-critic,flrelu,0.2,3177523502.27188,
SAC,2layers,Ant-v4,10,all-critic,flrelu,0.2,1730835155.371582,
SAC,2layers,Ant-v4,30,all-critic,flrelu,0.2,2405696973.88037,
SAC,2layers,Ant-v4,20,all-critic,flrelu,0.2,2062967996.172848,
SAC,2layers,Ant-v4,40,all-critic,flrelu,0.2,1174644912.2723038,
SAC,2layers,Ant-v4,50,all-critic,flrelu,0.3,3106756424.1351266,
SAC,2layers,Ant-v4,10,all-critic,flrelu,0.3,1591181168.3571837,
SAC,2layers,Ant-v4,30,all-critic,flrelu,0.3,1619737465.6222055,
SAC,2layers,Ant-v4,20,all-critic,flrelu,0.3,2914697528.7643323,
SAC,2layers,Ant-v4,40,all-critic,flrelu,0.3,951584729.0740298,
SAC,2layers,Cartpole-Swingup,50,all-critic,flrelu,0.3,745443218.0529296,
SAC,2layers,Cartpole-Swingup,10,all-critic,flrelu,0.3,781302158.7139921,
SAC,2layers,Cartpole-Swingup,30,all-critic,flrelu,0.3,747712398.8843205,
SAC,2layers,Cartpole-Swingup,20,all-critic,flrelu,0.3,727656603.5360614,
SAC,2layers,Cartpole-Swingup,40,all-critic,flrelu,0.3,785346564.8367786,
SAC,2layers,Cartpole-Swingup,50,all-critic,flrelu,0.2,765829554.9437158,
SAC,2layers,Cartpole-Swingup,10,all-critic,flrelu,0.2,794597161.5028368,
SAC,2layers,Cartpole-Swingup,30,all-critic,flrelu,0.2,727512787.1120181,
SAC,2layers,Cartpole-Swingup,20,all-critic,flrelu,0.2,788974060.1956602,
SAC,2layers,Cartpole-Swingup,40,all-critic,flrelu,0.2,775497062.0149361,
SAC,2layers,Cartpole-Swingup,50,all-critic,flrelu,0.1,774415270.1307901,
SAC,2layers,Cartpole-Swingup,10,all-critic,flrelu,0.1,763880982.2997807,
SAC,2layers,Cartpole-Swingup,30,all-critic,flrelu,0.1,747181401.3384538,
SAC,2layers,Cartpole-Swingup,20,all-critic,flrelu,0.1,811310821.9885864,
SAC,2layers,Cartpole-Swingup,40,all-critic,flrelu,0.1,799310293.41158,
SAC,2layers,Cartpole-Swingup,50,all-critic,flrelu,0.5,789153872.6768007,
SAC,2layers,Cartpole-Swingup,10,all-critic,flrelu,0.5,760493180.6622113,
SAC,2layers,Cartpole-Swingup,30,all-critic,flrelu,0.5,798320734.2137209,
SAC,2layers,Cartpole-Swingup,20,all-critic,flrelu,0.5,759898285.2512883,
SAC,2layers,Cartpole-Swingup,40,all-critic,flrelu,0.5,769477576.098168,
SAC,2layers,Cartpole-Swingup,50,all-critic,flrelu,0.4,745850500.2090112,
SAC,2layers,Cartpole-Swingup,10,all-critic,flrelu,0.4,790306918.5049722,
SAC,2layers,Cartpole-Swingup,30,all-critic,flrelu,0.4,795191816.7797055,
SAC,2layers,Cartpole-Swingup,20,all-critic,flrelu,0.4,774134104.298176,
SAC,2layers,Cartpole-Swingup,40,all-critic,flrelu,0.4,788765351.3926812,
SAC,2layers,HalfCheetah-v4,50,all-critic,flrelu,0.5,7165751240.175602,
SAC,2layers,HalfCheetah-v4,10,all-critic,flrelu,0.5,5556712778.110521,
SAC,2layers,HalfCheetah-v4,30,all-critic,flrelu,0.5,7177254765.9401045,
SAC,2layers,HalfCheetah-v4,20,all-critic,flrelu,0.5,4746346696.396822,
SAC,2layers,HalfCheetah-v4,40,all-critic,flrelu,0.5,5018208253.920934,
SAC,2layers,HalfCheetah-v4,50,all-critic,flrelu,0.3,6987623577.676269,
SAC,2layers,HalfCheetah-v4,10,all-critic,flrelu,0.3,8305004051.310043,
SAC,2layers,HalfCheetah-v4,30,all-critic,flrelu,0.3,7892042637.16184,
SAC,2layers,HalfCheetah-v4,20,all-critic,flrelu,0.3,5848830170.807206,
SAC,2layers,HalfCheetah-v4,40,all-critic,flrelu,0.3,5821611957.122693,
SAC,2layers,HalfCheetah-v4,50,all-critic,flrelu,0.4,6759857608.781584,
SAC,2layers,HalfCheetah-v4,10,all-critic,flrelu,0.4,6844715925.145902,
SAC,2layers,HalfCheetah-v4,30,all-critic,flrelu,0.4,1550838014.9675093,
SAC,2layers,HalfCheetah-v4,20,all-critic,flrelu,0.4,5915622153.010811,
SAC,2layers,HalfCheetah-v4,40,all-critic,flrelu,0.4,6707514049.956012,
SAC,2layers,HalfCheetah-v4,50,all-critic,flrelu,0.1,7863701603.286172,
SAC,2layers,HalfCheetah-v4,10,all-critic,flrelu,0.1,8268289108.500275,
SAC,2layers,HalfCheetah-v4,30,all-critic,flrelu,0.1,7247974506.97041,
SAC,2layers,HalfCheetah-v4,20,all-critic,flrelu,0.1,5669133101.6498375,
SAC,2layers,HalfCheetah-v4,40,all-critic,flrelu,0.1,7068256947.806855,
SAC,2layers,HalfCheetah-v4,50,all-critic,flrelu,0.2,7055239338.96437,
SAC,2layers,HalfCheetah-v4,10,all-critic,flrelu,0.2,8159170731.746159,
SAC,2layers,HalfCheetah-v4,30,all-critic,flrelu,0.2,6190411242.377531,
SAC,2layers,HalfCheetah-v4,20,all-critic,flrelu,0.2,8457774044.777151,
SAC,2layers,HalfCheetah-v4,40,all-critic,flrelu,0.2,7807424684.913089,
SAC,2layers,Hopper-v4,50,all-critic,flrelu,0.3,2821989369.988404,
SAC,2layers,Hopper-v4,10,all-critic,flrelu,0.3,2633511381.3699613,
SAC,2layers,Hopper-v4,30,all-critic,flrelu,0.3,2491878062.506221,
SAC,2layers,Hopper-v4,20,all-critic,flrelu,0.3,1754576832.299596,
SAC,2layers,Hopper-v4,40,all-critic,flrelu,0.3,1940074905.272204,
SAC,2layers,Hopper-v4,50,all-critic,flrelu,0.1,3127960867.625016,
SAC,2layers,Hopper-v4,10,all-critic,flrelu,0.1,2476665852.667141,
SAC,2layers,Hopper-v4,30,all-critic,flrelu,0.1,2623878725.9037223,
SAC,2layers,Hopper-v4,20,all-critic,flrelu,0.1,1954908424.9002285,
SAC,2layers,Hopper-v4,40,all-critic,flrelu,0.1,2065670603.4178395,
SAC,2layers,Hopper-v4,50,all-critic,flrelu,0.5,2175304858.6724205,
SAC,2layers,Hopper-v4,10,all-critic,flrelu,0.5,1723624544.1727953,
SAC,2layers,Hopper-v4,30,all-critic,flrelu,0.5,2363182660.487131,
SAC,2layers,Hopper-v4,20,all-critic,flrelu,0.5,2512631528.043535,
SAC,2layers,Hopper-v4,40,all-critic,flrelu,0.5,2949617968.61316,
SAC,2layers,Hopper-v4,50,all-critic,flrelu,0.2,2341602005.6402035,
SAC,2layers,Hopper-v4,10,all-critic,flrelu,0.2,2573109277.59242,
SAC,2layers,Hopper-v4,30,all-critic,flrelu,0.2,2787624842.8904366,
SAC,2layers,Hopper-v4,20,all-critic,flrelu,0.2,2691158242.8895235,
SAC,2layers,Hopper-v4,40,all-critic,flrelu,0.2,2373249712.1943035,
SAC,2layers,Hopper-v4,50,all-critic,flrelu,0.4,2272547746.571691,
SAC,2layers,Hopper-v4,10,all-critic,flrelu,0.4,2344379377.757483,
SAC,2layers,Hopper-v4,30,all-critic,flrelu,0.4,2211226561.0127563,
SAC,2layers,Hopper-v4,20,all-critic,flrelu,0.4,2783483448.311346,
SAC,2layers,Hopper-v4,40,all-critic,flrelu,0.4,2511803077.271104,
SAC,2layers,Ant-v4,50,all-critic,gelu,base,3096677008.3618164,
SAC,2layers,Ant-v4,10,all-critic,gelu,base,3997689849.9298096,
SAC,2layers,Ant-v4,30,all-critic,gelu,base,3794695691.5950775,
SAC,2layers,Ant-v4,20,all-critic,gelu,base,3317978011.455536,
SAC,2layers,Ant-v4,40,all-critic,gelu,base,2502662125.220299,
SAC,2layers,Cheetah-Run,50,all-critic,gelu,base,398023045.3968048,
SAC,2layers,Cheetah-Run,10,all-critic,gelu,base,399208878.6137104,
SAC,2layers,Cheetah-Run,30,all-critic,gelu,base,408914614.6774292,
SAC,2layers,Cheetah-Run,20,all-critic,gelu,base,409157003.6387444,
SAC,2layers,Cheetah-Run,40,all-critic,gelu,base,423480734.2338562,
SAC,2layers,Walker-Walk,50,all-critic,gelu,base,856093085.2890015,
SAC,2layers,Walker-Walk,10,all-critic,gelu,base,865186275.4440308,
SAC,2layers,Walker-Walk,30,all-critic,gelu,base,818247415.1515961,
SAC,2layers,Walker-Walk,20,all-critic,gelu,base,793632402.3628235,
SAC,2layers,Walker-Walk,40,all-critic,gelu,base,837368269.4721222,
SAC,2layers,HalfCheetah-v4,50,all-critic,gelu,base,8749828733.978271,
SAC,2layers,HalfCheetah-v4,10,all-critic,gelu,base,7252086004.867554,
SAC,2layers,HalfCheetah-v4,30,all-critic,gelu,base,7684495467.338562,
SAC,2layers,HalfCheetah-v4,20,all-critic,gelu,base,5995861684.932709,
SAC,2layers,HalfCheetah-v4,40,all-critic,gelu,base,6595329283.065796,
SAC,2layers,Humanoid-v4,50,all-critic,gelu,base,3995012545.013428,
SAC,2layers,Humanoid-v4,10,all-critic,gelu,base,3497967243.9575195,
SAC,2layers,Humanoid-v4,30,all-critic,gelu,base,3788171210.174561,
SAC,2layers,Humanoid-v4,20,all-critic,gelu,base,3763349953.613281,
SAC,2layers,Humanoid-v4,40,all-critic,gelu,base,3819564582.214356,
SAC,2layers,Finger-Spin,50,all-critic,gelu,base,756330000.0,
SAC,2layers,Finger-Spin,10,all-critic,gelu,base,805585000.0,
SAC,2layers,Finger-Spin,30,all-critic,gelu,base,735600000.0,
SAC,2layers,Finger-Spin,20,all-critic,gelu,base,819955000.0,
SAC,2layers,Finger-Spin,40,all-critic,gelu,base,756900000.0,
SAC,2layers,Hopper-v4,50,all-critic,gelu,base,2356561475.439072,
SAC,2layers,Hopper-v4,10,all-critic,gelu,base,2180224578.371048,
SAC,2layers,Hopper-v4,30,all-critic,gelu,base,1427877759.0942383,
SAC,2layers,Hopper-v4,20,all-critic,gelu,base,2718967128.686905,
SAC,2layers,Hopper-v4,40,all-critic,gelu,base,2560677978.4584045,
SAC,2layers,Cartpole-Swingup,50,all-critic,gelu,base,774467969.9707031,
SAC,2layers,Cartpole-Swingup,10,all-critic,gelu,base,768525196.9909668,
SAC,2layers,Cartpole-Swingup,30,all-critic,gelu,base,794626579.3609619,
SAC,2layers,Cartpole-Swingup,20,all-critic,gelu,base,607572221.9848633,
SAC,2layers,Cartpole-Swingup,40,all-critic,gelu,base,784143223.8006592,
SAC,2layers,Walker-Walk,50,all-critic,fswish,0.5,786711236.5484238,
SAC,2layers,Walker-Walk,10,all-critic,fswish,0.5,858751288.3019447,
SAC,2layers,Walker-Walk,30,all-critic,fswish,0.5,694028607.9597473,
SAC,2layers,Walker-Walk,20,all-critic,fswish,0.5,875554952.6691437,
SAC,2layers,Walker-Walk,40,all-critic,fswish,0.5,842554910.8982086,
SAC,2layers,Walker-Walk,50,all-critic,fswish,0.4,824750932.6553345,
SAC,2layers,Walker-Walk,10,all-critic,fswish,0.4,744448594.7799683,
SAC,2layers,Walker-Walk,30,all-critic,fswish,0.4,753584894.7715759,
SAC,2layers,Walker-Walk,20,all-critic,fswish,0.4,820689487.8196716,
SAC,2layers,Walker-Walk,40,all-critic,fswish,0.4,584488837.7571106,
SAC,2layers,Walker-Walk,50,all-critic,fswish,0.2,805605471.4393616,
SAC,2layers,Walker-Walk,10,all-critic,fswish,0.2,796034929.9907684,
SAC,2layers,Walker-Walk,30,all-critic,fswish,0.2,539159454.9655914,
SAC,2layers,Walker-Walk,20,all-critic,fswish,0.2,600900272.5791931,
SAC,2layers,Walker-Walk,40,all-critic,fswish,0.2,712330245.8953857,
SAC,2layers,Walker-Walk,50,all-critic,fswish,0.3,872328876.3046265,
SAC,2layers,Walker-Walk,10,all-critic,fswish,0.3,719408464.2505646,
SAC,2layers,Walker-Walk,30,all-critic,fswish,0.3,734519019.908905,
SAC,2layers,Walker-Walk,20,all-critic,fswish,0.3,697702569.8375702,
SAC,2layers,Walker-Walk,40,all-critic,fswish,0.3,565874129.4765472,
SAC,2layers,Walker-Walk,50,all-critic,fswish,0.1,866189554.7294617,
SAC,2layers,Walker-Walk,10,all-critic,fswish,0.1,852095818.4623718,
SAC,2layers,Walker-Walk,30,all-critic,fswish,0.1,839909188.7569427,
SAC,2layers,Walker-Walk,20,all-critic,fswish,0.1,837754481.9736481,
SAC,2layers,Walker-Walk,40,all-critic,fswish,0.1,810550499.6871948,
SAC,2layers,Finger-Spin,50,all-critic,fswish,0.2,816455000.0,
SAC,2layers,Finger-Spin,10,all-critic,fswish,0.2,819770000.0,
SAC,2layers,Finger-Spin,30,all-critic,fswish,0.2,731975000.0,
SAC,2layers,Finger-Spin,20,all-critic,fswish,0.2,797185000.0,
SAC,2layers,Finger-Spin,40,all-critic,fswish,0.2,821480000.0,
SAC,2layers,Finger-Spin,50,all-critic,fswish,0.5,764605000.0,
SAC,2layers,Finger-Spin,10,all-critic,fswish,0.5,810125000.0,
SAC,2layers,Finger-Spin,30,all-critic,fswish,0.5,698635000.0,
SAC,2layers,Finger-Spin,20,all-critic,fswish,0.5,753435000.0,
SAC,2layers,Finger-Spin,40,all-critic,fswish,0.5,751350000.0,
SAC,2layers,Finger-Spin,50,all-critic,fswish,0.4,711890000.0,
SAC,2layers,Finger-Spin,10,all-critic,fswish,0.4,792565000.0,
SAC,2layers,Finger-Spin,30,all-critic,fswish,0.4,748400000.0,
SAC,2layers,Finger-Spin,20,all-critic,fswish,0.4,718385000.0,
SAC,2layers,Finger-Spin,40,all-critic,fswish,0.4,812490000.0,
SAC,2layers,Finger-Spin,50,all-critic,fswish,0.1,669525000.0,
SAC,2layers,Finger-Spin,10,all-critic,fswish,0.1,708470000.0,
SAC,2layers,Finger-Spin,30,all-critic,fswish,0.1,708700000.0,
SAC,2layers,Finger-Spin,20,all-critic,fswish,0.1,666725000.0,
SAC,2layers,Finger-Spin,40,all-critic,fswish,0.1,708035000.0,
SAC,2layers,Finger-Spin,50,all-critic,fswish,0.3,796045000.0,
SAC,2layers,Finger-Spin,10,all-critic,fswish,0.3,884075000.0,
SAC,2layers,Finger-Spin,30,all-critic,fswish,0.3,812095000.0,
SAC,2layers,Finger-Spin,20,all-critic,fswish,0.3,805410000.0,
SAC,2layers,Finger-Spin,40,all-critic,fswish,0.3,795490000.0,
SAC,2layers,Cheetah-Run,50,all-critic,fswish,0.3,421153897.1209526,
SAC,2layers,Cheetah-Run,10,all-critic,fswish,0.3,498501468.69421005,
SAC,2layers,Cheetah-Run,30,all-critic,fswish,0.3,526834166.2693024,
SAC,2layers,Cheetah-Run,20,all-critic,fswish,0.3,476491371.1553812,
SAC,2layers,Cheetah-Run,40,all-critic,fswish,0.3,423897255.99884987,
SAC,2layers,Cheetah-Run,50,all-critic,fswish,0.5,415365175.2817631,
SAC,2layers,Cheetah-Run,10,all-critic,fswish,0.5,495486131.0631037,
SAC,2layers,Cheetah-Run,30,all-critic,fswish,0.5,446542499.0308285,
SAC,2layers,Cheetah-Run,20,all-critic,fswish,0.5,464447966.0463333,
SAC,2layers,Cheetah-Run,40,all-critic,fswish,0.5,439231300.6636501,
SAC,2layers,Cheetah-Run,50,all-critic,fswish,0.2,442988331.155777,
SAC,2layers,Cheetah-Run,10,all-critic,fswish,0.2,514683005.1994324,
SAC,2layers,Cheetah-Run,30,all-critic,fswish,0.2,546587565.0215149,
SAC,2layers,Cheetah-Run,20,all-critic,fswish,0.2,400130322.8676319,
SAC,2layers,Cheetah-Run,40,all-critic,fswish,0.2,462895442.1710968,
SAC,2layers,Cheetah-Run,50,all-critic,fswish,0.1,308881035.6345773,
SAC,2layers,Cheetah-Run,10,all-critic,fswish,0.1,443817643.7699795,
SAC,2layers,Cheetah-Run,30,all-critic,fswish,0.1,487312568.1972504,
SAC,2layers,Cheetah-Run,20,all-critic,fswish,0.1,482702071.4735985,
SAC,2layers,Cheetah-Run,40,all-critic,fswish,0.1,510001480.1049233,
SAC,2layers,Cheetah-Run,50,all-critic,fswish,0.4,471436993.7902689,
SAC,2layers,Cheetah-Run,10,all-critic,fswish,0.4,428913192.4761087,
SAC,2layers,Cheetah-Run,30,all-critic,fswish,0.4,332771597.1660614,
SAC,2layers,Cheetah-Run,20,all-critic,fswish,0.4,432327102.11753845,
SAC,2layers,Cheetah-Run,40,all-critic,fswish,0.4,481928382.0003271,
SAC,2layers,Humanoid-v4,50,all-critic,fswish,0.1,3658254140.777588,
SAC,2layers,Humanoid-v4,10,all-critic,fswish,0.1,3890013613.357544,
SAC,2layers,Humanoid-v4,30,all-critic,fswish,0.1,3725392846.679688,
SAC,2layers,Humanoid-v4,20,all-critic,fswish,0.1,3608655958.709717,
SAC,2layers,Humanoid-v4,40,all-critic,fswish,0.1,4115770425.1098633,
SAC,2layers,Humanoid-v4,50,all-critic,fswish,0.5,3439615825.958252,
SAC,2layers,Humanoid-v4,10,all-critic,fswish,0.5,3943735862.121582,
SAC,2layers,Humanoid-v4,30,all-critic,fswish,0.5,3967488397.979736,
SAC,2layers,Humanoid-v4,20,all-critic,fswish,0.5,3614897566.52832,
SAC,2layers,Humanoid-v4,40,all-critic,fswish,0.5,3737851770.782471,
SAC,2layers,Humanoid-v4,50,all-critic,fswish,0.2,3985898081.817627,
SAC,2layers,Humanoid-v4,10,all-critic,fswish,0.2,3800459015.960693,
SAC,2layers,Humanoid-v4,30,all-critic,fswish,0.2,3938950740.509033,
SAC,2layers,Humanoid-v4,20,all-critic,fswish,0.2,3681400108.947754,
SAC,2layers,Humanoid-v4,40,all-critic,fswish,0.2,4197681850.738525,
SAC,2layers,Humanoid-v4,50,all-critic,fswish,0.3,3861352197.418213,
SAC,2layers,Humanoid-v4,10,all-critic,fswish,0.3,4026566783.4472656,
SAC,2layers,Humanoid-v4,30,all-critic,fswish,0.3,3616237035.064697,
SAC,2layers,Humanoid-v4,20,all-critic,fswish,0.3,3752535028.076172,
SAC,2layers,Humanoid-v4,40,all-critic,fswish,0.3,3659589333.9538574,
SAC,2layers,Humanoid-v4,50,all-critic,fswish,0.4,3899355661.010742,
SAC,2layers,Humanoid-v4,10,all-critic,fswish,0.4,3577164188.8427734,
SAC,2layers,Humanoid-v4,30,all-critic,fswish,0.4,4110127622.98584,
SAC,2layers,Humanoid-v4,20,all-critic,fswish,0.4,3748304865.417481,
SAC,2layers,Humanoid-v4,40,all-critic,fswish,0.4,3498909616.851806,
SAC,2layers,Ant-v4,50,all-critic,fswish,0.4,3818278742.0654297,
SAC,2layers,Ant-v4,10,all-critic,fswish,0.4,2882454458.3129883,
SAC,2layers,Ant-v4,30,all-critic,fswish,0.4,3717397366.94336,
SAC,2layers,Ant-v4,20,all-critic,fswish,0.4,4255416597.752571,
SAC,2layers,Ant-v4,40,all-critic,fswish,0.4,3771373789.9780273,
SAC,2layers,Ant-v4,50,all-critic,fswish,0.5,2653670651.245117,
SAC,2layers,Ant-v4,10,all-critic,fswish,0.5,3911193979.604244,
SAC,2layers,Ant-v4,30,all-critic,fswish,0.5,2401833296.928406,
SAC,2layers,Ant-v4,20,all-critic,fswish,0.5,2550547370.185852,
SAC,2layers,Ant-v4,40,all-critic,fswish,0.5,3318851156.616211,
SAC,2layers,Ant-v4,50,all-critic,fswish,0.1,3821073136.329651,
SAC,2layers,Ant-v4,10,all-critic,fswish,0.1,3176114644.393921,
SAC,2layers,Ant-v4,30,all-critic,fswish,0.1,2977568789.286613,
SAC,2layers,Ant-v4,20,all-critic,fswish,0.1,4003766415.939331,
SAC,2layers,Ant-v4,40,all-critic,fswish,0.1,3994227119.9798574,
SAC,2layers,Ant-v4,50,all-critic,fswish,0.3,3582889648.923874,
SAC,2layers,Ant-v4,10,all-critic,fswish,0.3,2702334308.09021,
SAC,2layers,Ant-v4,30,all-critic,fswish,0.3,2484124812.817573,
SAC,2layers,Ant-v4,20,all-critic,fswish,0.3,3618898693.3898926,
SAC,2layers,Ant-v4,40,all-critic,fswish,0.3,2870841877.555847,
SAC,2layers,Ant-v4,50,all-critic,fswish,0.2,3438462382.187844,
SAC,2layers,Ant-v4,10,all-critic,fswish,0.2,2299476187.8204346,
SAC,2layers,Ant-v4,30,all-critic,fswish,0.2,3684108914.651871,
SAC,2layers,Ant-v4,20,all-critic,fswish,0.2,4557301324.043274,
SAC,2layers,Ant-v4,40,all-critic,fswish,0.2,3230239300.5371094,
SAC,2layers,Cartpole-Swingup,50,all-critic,fswish,0.1,798350649.1851807,
SAC,2layers,Cartpole-Swingup,10,all-critic,fswish,0.1,789822555.3894043,
SAC,2layers,Cartpole-Swingup,30,all-critic,fswish,0.1,653991306.1141968,
SAC,2layers,Cartpole-Swingup,20,all-critic,fswish,0.1,799811148.4527588,
SAC,2layers,Cartpole-Swingup,40,all-critic,fswish,0.1,760192790.6036377,
SAC,2layers,Cartpole-Swingup,50,all-critic,fswish,0.2,790221083.9271545,
SAC,2layers,Cartpole-Swingup,10,all-critic,fswish,0.2,767211512.8707886,
SAC,2layers,Cartpole-Swingup,30,all-critic,fswish,0.2,756026860.5804443,
SAC,2layers,Cartpole-Swingup,20,all-critic,fswish,0.2,811054232.7880859,
SAC,2layers,Cartpole-Swingup,40,all-critic,fswish,0.2,790906559.2193604,
SAC,2layers,Cartpole-Swingup,50,all-critic,fswish,0.5,796246691.7419434,
SAC,2layers,Cartpole-Swingup,10,all-critic,fswish,0.5,755274002.6855469,
SAC,2layers,Cartpole-Swingup,30,all-critic,fswish,0.5,776190972.5189209,
SAC,2layers,Cartpole-Swingup,20,all-critic,fswish,0.5,765378317.3179626,
SAC,2layers,Cartpole-Swingup,40,all-critic,fswish,0.5,789294464.9505615,
SAC,2layers,Cartpole-Swingup,50,all-critic,fswish,0.4,801275776.3671875,
SAC,2layers,Cartpole-Swingup,10,all-critic,fswish,0.4,730707579.3075562,
SAC,2layers,Cartpole-Swingup,30,all-critic,fswish,0.4,775703817.3675537,
SAC,2layers,Cartpole-Swingup,20,all-critic,fswish,0.4,771676347.2747803,
SAC,2layers,Cartpole-Swingup,40,all-critic,fswish,0.4,778033292.7703857,
SAC,2layers,Cartpole-Swingup,50,all-critic,fswish,0.3,812350953.6743164,
SAC,2layers,Cartpole-Swingup,10,all-critic,fswish,0.3,555049379.9591064,
SAC,2layers,Cartpole-Swingup,30,all-critic,fswish,0.3,781315969.657898,
SAC,2layers,Cartpole-Swingup,20,all-critic,fswish,0.3,760819186.4013672,
SAC,2layers,Cartpole-Swingup,40,all-critic,fswish,0.3,772754337.6922607,
SAC,2layers,HalfCheetah-v4,50,all-critic,fswish,0.3,9109155262.98523,
SAC,2layers,HalfCheetah-v4,10,all-critic,fswish,0.3,8964353806.533813,
SAC,2layers,HalfCheetah-v4,30,all-critic,fswish,0.3,8227117055.501938,
SAC,2layers,HalfCheetah-v4,20,all-critic,fswish,0.3,5957299719.390869,
SAC,2layers,HalfCheetah-v4,40,all-critic,fswish,0.3,8181872551.040649,
SAC,2layers,HalfCheetah-v4,50,all-critic,fswish,0.4,8542611842.346191,
SAC,2layers,HalfCheetah-v4,10,all-critic,fswish,0.4,8760690699.977875,
SAC,2layers,HalfCheetah-v4,30,all-critic,fswish,0.4,8573696509.094238,
SAC,2layers,HalfCheetah-v4,20,all-critic,fswish,0.4,8113618634.45282,
SAC,2layers,HalfCheetah-v4,40,all-critic,fswish,0.4,8375833175.735474,
SAC,2layers,HalfCheetah-v4,50,all-critic,fswish,0.5,6514323349.914551,
SAC,2layers,HalfCheetah-v4,10,all-critic,fswish,0.5,8885365855.10254,
SAC,2layers,HalfCheetah-v4,30,all-critic,fswish,0.5,8505951662.392616,
SAC,2layers,HalfCheetah-v4,20,all-critic,fswish,0.5,8856168050.551414,
SAC,2layers,HalfCheetah-v4,40,all-critic,fswish,0.5,8982268947.601318,
SAC,2layers,HalfCheetah-v4,50,all-critic,fswish,0.2,8562766845.169067,
SAC,2layers,HalfCheetah-v4,10,all-critic,fswish,0.2,8030438993.339539,
SAC,2layers,HalfCheetah-v4,30,all-critic,fswish,0.2,7481990231.389999,
SAC,2layers,HalfCheetah-v4,20,all-critic,fswish,0.2,8551966577.758789,
SAC,2layers,HalfCheetah-v4,40,all-critic,fswish,0.2,7776315666.427612,
SAC,2layers,HalfCheetah-v4,50,all-critic,fswish,0.1,9000129515.714645,
SAC,2layers,HalfCheetah-v4,10,all-critic,fswish,0.1,9753353661.899569,
SAC,2layers,HalfCheetah-v4,30,all-critic,fswish,0.1,7340200728.07312,
SAC,2layers,HalfCheetah-v4,20,all-critic,fswish,0.1,8917762800.559998,
SAC,2layers,HalfCheetah-v4,40,all-critic,fswish,0.1,8407014747.848511,
SAC,2layers,Hopper-v4,50,all-critic,fswish,0.4,1954003430.8624268,
SAC,2layers,Hopper-v4,10,all-critic,fswish,0.4,2330274476.776123,
SAC,2layers,Hopper-v4,30,all-critic,fswish,0.4,2013724660.03418,
SAC,2layers,Hopper-v4,20,all-critic,fswish,0.4,1840049266.433716,
SAC,2layers,Hopper-v4,40,all-critic,fswish,0.4,2763422051.010132,
SAC,2layers,Hopper-v4,50,all-critic,fswish,0.5,2692278410.491944,
SAC,2layers,Hopper-v4,10,all-critic,fswish,0.5,1803790221.939087,
SAC,2layers,Hopper-v4,30,all-critic,fswish,0.5,2248632388.916016,
SAC,2layers,Hopper-v4,20,all-critic,fswish,0.5,2653413365.020752,
SAC,2layers,Hopper-v4,40,all-critic,fswish,0.5,1620366736.4501953,
SAC,2layers,Hopper-v4,50,all-critic,fswish,0.3,1209149646.2249756,
SAC,2layers,Hopper-v4,10,all-critic,fswish,0.3,2429764205.1696777,
SAC,2layers,Hopper-v4,30,all-critic,fswish,0.3,2554495473.213196,
SAC,2layers,Hopper-v4,20,all-critic,fswish,0.3,1527293934.020996,
SAC,2layers,Hopper-v4,40,all-critic,fswish,0.3,2657317565.765381,
SAC,2layers,Hopper-v4,50,all-critic,fswish,0.1,2674150289.4592285,
SAC,2layers,Hopper-v4,10,all-critic,fswish,0.1,2517987284.6221924,
SAC,2layers,Hopper-v4,30,all-critic,fswish,0.1,1690642072.4487305,
SAC,2layers,Hopper-v4,20,all-critic,fswish,0.1,2450487064.3234253,
SAC,2layers,Hopper-v4,40,all-critic,fswish,0.1,2110214887.2375488,
SAC,2layers,Hopper-v4,50,all-critic,fswish,0.2,2896157618.484497,
SAC,2layers,Hopper-v4,10,all-critic,fswish,0.2,2449786311.798096,
SAC,2layers,Hopper-v4,30,all-critic,fswish,0.2,2615937756.2713623,
SAC,2layers,Hopper-v4,20,all-critic,fswish,0.2,2601990279.541016,
SAC,2layers,Hopper-v4,40,all-critic,fswish,0.2,1925928283.8058472,
SAC,2layers,Walker-Walk,50,all-critic,fgelu,0.3,875509520.816803,
SAC,2layers,Walker-Walk,10,all-critic,fgelu,0.3,659865178.8043976,
SAC,2layers,Walker-Walk,30,all-critic,fgelu,0.3,750871441.5931702,
SAC,2layers,Walker-Walk,20,all-critic,fgelu,0.3,851403666.4390564,
SAC,2layers,Walker-Walk,40,all-critic,fgelu,0.3,571816317.9969788,
SAC,2layers,Walker-Walk,50,all-critic,fgelu,0.2,820823425.8556366,
SAC,2layers,Walker-Walk,10,all-critic,fgelu,0.2,729408133.8691711,
SAC,2layers,Walker-Walk,30,all-critic,fgelu,0.2,658819194.3645477,
SAC,2layers,Walker-Walk,20,all-critic,fgelu,0.2,870136232.2711945,
SAC,2layers,Walker-Walk,40,all-critic,fgelu,0.2,770268410.8924866,
SAC,2layers,Walker-Walk,50,all-critic,fgelu,0.1,796795451.3120651,
SAC,2layers,Walker-Walk,10,all-critic,fgelu,0.1,821279367.1321869,
SAC,2layers,Walker-Walk,30,all-critic,fgelu,0.1,828025596.1990356,
SAC,2layers,Walker-Walk,20,all-critic,fgelu,0.1,785721610.1789474,
SAC,2layers,Walker-Walk,40,all-critic,fgelu,0.1,768095854.9118042,
SAC,2layers,Walker-Walk,50,all-critic,fgelu,0.4,812611902.9521942,
SAC,2layers,Walker-Walk,10,all-critic,fgelu,0.4,735673324.6707916,
SAC,2layers,Walker-Walk,30,all-critic,fgelu,0.4,816881388.9122009,
SAC,2layers,Walker-Walk,20,all-critic,fgelu,0.4,870005524.3587494,
SAC,2layers,Walker-Walk,40,all-critic,fgelu,0.4,662409820.0321198,
SAC,2layers,Walker-Walk,50,all-critic,fgelu,0.5,700680860.1760864,
SAC,2layers,Walker-Walk,10,all-critic,fgelu,0.5,722355793.2853699,
SAC,2layers,Walker-Walk,30,all-critic,fgelu,0.5,843947128.6392212,
SAC,2layers,Walker-Walk,20,all-critic,fgelu,0.5,569214150.5050659,
SAC,2layers,Walker-Walk,40,all-critic,fgelu,0.5,866015651.5789032,
SAC,2layers,Finger-Spin,50,all-critic,fgelu,0.4,809895000.0,
SAC,2layers,Finger-Spin,10,all-critic,fgelu,0.4,829520000.0,
SAC,2layers,Finger-Spin,30,all-critic,fgelu,0.4,743490000.0,
SAC,2layers,Finger-Spin,20,all-critic,fgelu,0.4,751775000.0,
SAC,2layers,Finger-Spin,40,all-critic,fgelu,0.4,796945000.0,
SAC,2layers,Finger-Spin,50,all-critic,fgelu,0.3,750920000.0,
SAC,2layers,Finger-Spin,10,all-critic,fgelu,0.3,822040000.0,
SAC,2layers,Finger-Spin,30,all-critic,fgelu,0.3,682480000.0,
SAC,2layers,Finger-Spin,20,all-critic,fgelu,0.3,767730000.0,
SAC,2layers,Finger-Spin,40,all-critic,fgelu,0.3,751080000.0,
SAC,2layers,Finger-Spin,50,all-critic,fgelu,0.2,781970000.0,
SAC,2layers,Finger-Spin,10,all-critic,fgelu,0.2,810725000.0,
SAC,2layers,Finger-Spin,30,all-critic,fgelu,0.2,734150000.0,
SAC,2layers,Finger-Spin,20,all-critic,fgelu,0.2,809040000.0,
SAC,2layers,Finger-Spin,40,all-critic,fgelu,0.2,757575000.0,
SAC,2layers,Finger-Spin,50,all-critic,fgelu,0.1,795320000.0,
SAC,2layers,Finger-Spin,10,all-critic,fgelu,0.1,812670000.0,
SAC,2layers,Finger-Spin,30,all-critic,fgelu,0.1,801165000.0,
SAC,2layers,Finger-Spin,20,all-critic,fgelu,0.1,745880000.0,
SAC,2layers,Finger-Spin,40,all-critic,fgelu,0.1,796905000.0,
SAC,2layers,Finger-Spin,50,all-critic,fgelu,0.5,789710000.0,
SAC,2layers,Finger-Spin,10,all-critic,fgelu,0.5,812590000.0,
SAC,2layers,Finger-Spin,30,all-critic,fgelu,0.5,760530000.0,
SAC,2layers,Finger-Spin,20,all-critic,fgelu,0.5,773910000.0,
SAC,2layers,Finger-Spin,40,all-critic,fgelu,0.5,772415000.0,
SAC,2layers,Cheetah-Run,50,all-critic,fgelu,0.5,394776773.91171455,
SAC,2layers,Cheetah-Run,10,all-critic,fgelu,0.5,496734488.0771637,
SAC,2layers,Cheetah-Run,30,all-critic,fgelu,0.5,428929722.6989269,
SAC,2layers,Cheetah-Run,20,all-critic,fgelu,0.5,476769116.2633896,
SAC,2layers,Cheetah-Run,40,all-critic,fgelu,0.5,445876948.2254982,
SAC,2layers,Cheetah-Run,50,all-critic,fgelu,0.1,456984751.9207001,
SAC,2layers,Cheetah-Run,10,all-critic,fgelu,0.1,452332595.01457214,
SAC,2layers,Cheetah-Run,30,all-critic,fgelu,0.1,487476791.1911011,
SAC,2layers,Cheetah-Run,20,all-critic,fgelu,0.1,521418022.4919319,
SAC,2layers,Cheetah-Run,40,all-critic,fgelu,0.1,476833292.44732857,
SAC,2layers,Cheetah-Run,50,all-critic,fgelu,0.4,474000057.34324455,
SAC,2layers,Cheetah-Run,10,all-critic,fgelu,0.4,401252472.7201462,
SAC,2layers,Cheetah-Run,30,all-critic,fgelu,0.4,439564699.0418434,
SAC,2layers,Cheetah-Run,20,all-critic,fgelu,0.4,393976338.1564617,
SAC,2layers,Cheetah-Run,40,all-critic,fgelu,0.4,483369521.5153694,
SAC,2layers,Cheetah-Run,50,all-critic,fgelu,0.2,362093859.9669933,
SAC,2layers,Cheetah-Run,10,all-critic,fgelu,0.2,477314157.333374,
SAC,2layers,Cheetah-Run,30,all-critic,fgelu,0.2,481488052.1607399,
SAC,2layers,Cheetah-Run,20,all-critic,fgelu,0.2,467571882.8779459,
SAC,2layers,Cheetah-Run,40,all-critic,fgelu,0.2,422413997.0827103,
SAC,2layers,Cheetah-Run,50,all-critic,fgelu,0.3,423631770.3723908,
SAC,2layers,Cheetah-Run,10,all-critic,fgelu,0.3,418681682.7726364,
SAC,2layers,Cheetah-Run,30,all-critic,fgelu,0.3,496472048.9430428,
SAC,2layers,Cheetah-Run,20,all-critic,fgelu,0.3,465423662.7244949,
SAC,2layers,Cheetah-Run,40,all-critic,fgelu,0.3,424692093.7538147,
SAC,2layers,Humanoid-v4,50,all-critic,fgelu,0.2,3886131259.1552734,
SAC,2layers,Humanoid-v4,10,all-critic,fgelu,0.2,4015703449.5544434,
SAC,2layers,Humanoid-v4,30,all-critic,fgelu,0.2,3774517292.022705,
SAC,2layers,Humanoid-v4,20,all-critic,fgelu,0.2,3739248088.989258,
SAC,2layers,Humanoid-v4,40,all-critic,fgelu,0.2,3671411520.385742,
SAC,2layers,Humanoid-v4,50,all-critic,fgelu,0.3,3797765758.81958,
SAC,2layers,Humanoid-v4,10,all-critic,fgelu,0.3,3655570802.307129,
SAC,2layers,Humanoid-v4,30,all-critic,fgelu,0.3,3696437788.391113,
SAC,2layers,Humanoid-v4,20,all-critic,fgelu,0.3,3911827380.8288574,
SAC,2layers,Humanoid-v4,40,all-critic,fgelu,0.3,3446300462.7990723,
SAC,2layers,Humanoid-v4,50,all-critic,fgelu,0.1,3654746556.549072,
SAC,2layers,Humanoid-v4,10,all-critic,fgelu,0.1,4252350339.202881,
SAC,2layers,Humanoid-v4,30,all-critic,fgelu,0.1,4039879736.633301,
SAC,2layers,Humanoid-v4,20,all-critic,fgelu,0.1,3928631710.8154297,
SAC,2layers,Humanoid-v4,40,all-critic,fgelu,0.1,3762806572.113037,
SAC,2layers,Humanoid-v4,50,all-critic,fgelu,0.5,3955127159.576416,
SAC,2layers,Humanoid-v4,10,all-critic,fgelu,0.5,3696062140.197754,
SAC,2layers,Humanoid-v4,30,all-critic,fgelu,0.5,4091559568.634033,
SAC,2layers,Humanoid-v4,20,all-critic,fgelu,0.5,3730590191.650391,
SAC,2layers,Humanoid-v4,40,all-critic,fgelu,0.5,3905702407.684326,
SAC,2layers,Humanoid-v4,50,all-critic,fgelu,0.4,4083152958.2977295,
SAC,2layers,Humanoid-v4,10,all-critic,fgelu,0.4,3605742073.21167,
SAC,2layers,Humanoid-v4,30,all-critic,fgelu,0.4,4003272230.682373,
SAC,2layers,Humanoid-v4,20,all-critic,fgelu,0.4,3834149260.253906,
SAC,2layers,Humanoid-v4,40,all-critic,fgelu,0.4,3751235214.2333984,
SAC,2layers,Ant-v4,50,all-critic,fgelu,0.5,3091279520.568848,
SAC,2layers,Ant-v4,10,all-critic,fgelu,0.5,2376447832.765579,
SAC,2layers,Ant-v4,30,all-critic,fgelu,0.5,3506074004.7073364,
SAC,2layers,Ant-v4,20,all-critic,fgelu,0.5,2772982683.24852,
SAC,2layers,Ant-v4,40,all-critic,fgelu,0.5,2590218883.2092285,
SAC,2layers,Ant-v4,50,all-critic,fgelu,0.1,2748162954.325676,
SAC,2layers,Ant-v4,10,all-critic,fgelu,0.1,3007038168.7927246,
SAC,2layers,Ant-v4,30,all-critic,fgelu,0.1,3369520579.872132,
SAC,2layers,Ant-v4,20,all-critic,fgelu,0.1,4277940771.274567,
SAC,2layers,Ant-v4,40,all-critic,fgelu,0.1,3983782858.982086,
SAC,2layers,Ant-v4,50,all-critic,fgelu,0.3,4008754575.147629,
SAC,2layers,Ant-v4,10,all-critic,fgelu,0.3,3485135410.8810425,
SAC,2layers,Ant-v4,30,all-critic,fgelu,0.3,2649587548.675537,
SAC,2layers,Ant-v4,20,all-critic,fgelu,0.3,3777645282.592773,
SAC,2layers,Ant-v4,40,all-critic,fgelu,0.3,3044468797.3332405,
SAC,2layers,Ant-v4,50,all-critic,fgelu,0.2,2661674215.3167725,
SAC,2layers,Ant-v4,10,all-critic,fgelu,0.2,2619444670.410156,
SAC,2layers,Ant-v4,30,all-critic,fgelu,0.2,1677552928.0853271,
SAC,2layers,Ant-v4,20,all-critic,fgelu,0.2,3932610189.368725,
SAC,2layers,Ant-v4,40,all-critic,fgelu,0.2,3278956396.7990875,
SAC,2layers,Ant-v4,50,all-critic,fgelu,0.4,4130981510.033608,
SAC,2layers,Ant-v4,10,all-critic,fgelu,0.4,4528617356.848717,
SAC,2layers,Ant-v4,30,all-critic,fgelu,0.4,3382916192.655564,
SAC,2layers,Ant-v4,20,all-critic,fgelu,0.4,3232337950.744629,
SAC,2layers,Ant-v4,40,all-critic,fgelu,0.4,2170141276.125908,
SAC,2layers,Cartpole-Swingup,50,all-critic,fgelu,0.3,751570561.5997314,
SAC,2layers,Cartpole-Swingup,10,all-critic,fgelu,0.3,779326328.7734985,
SAC,2layers,Cartpole-Swingup,30,all-critic,fgelu,0.3,543918767.3950195,
SAC,2layers,Cartpole-Swingup,20,all-critic,fgelu,0.3,764219802.0172119,
SAC,2layers,Cartpole-Swingup,40,all-critic,fgelu,0.3,729088389.7399902,
SAC,2layers,Cartpole-Swingup,50,all-critic,fgelu,0.1,757755777.9312134,
SAC,2layers,Cartpole-Swingup,10,all-critic,fgelu,0.1,779521401.9966125,
SAC,2layers,Cartpole-Swingup,30,all-critic,fgelu,0.1,565339589.2333984,
SAC,2layers,Cartpole-Swingup,20,all-critic,fgelu,0.1,767632208.3282471,
SAC,2layers,Cartpole-Swingup,40,all-critic,fgelu,0.1,794435866.2414551,
SAC,2layers,Cartpole-Swingup,50,all-critic,fgelu,0.2,726642117.767334,
SAC,2layers,Cartpole-Swingup,10,all-critic,fgelu,0.2,796293100.9674072,
SAC,2layers,Cartpole-Swingup,30,all-critic,fgelu,0.2,760629010.4675293,
SAC,2layers,Cartpole-Swingup,20,all-critic,fgelu,0.2,715828038.55896,
SAC,2layers,Cartpole-Swingup,40,all-critic,fgelu,0.2,791036194.3817139,
SAC,2layers,Cartpole-Swingup,50,all-critic,fgelu,0.5,771373960.723877,
SAC,2layers,Cartpole-Swingup,10,all-critic,fgelu,0.5,667946148.147583,
SAC,2layers,Cartpole-Swingup,30,all-critic,fgelu,0.5,729443071.5179443,
SAC,2layers,Cartpole-Swingup,20,all-critic,fgelu,0.5,751086034.2407227,
SAC,2layers,Cartpole-Swingup,40,all-critic,fgelu,0.5,621008438.949585,
SAC,2layers,Cartpole-Swingup,50,all-critic,fgelu,0.4,786739756.2789917,
SAC,2layers,Cartpole-Swingup,10,all-critic,fgelu,0.4,791779946.8231201,
SAC,2layers,Cartpole-Swingup,30,all-critic,fgelu,0.4,572389266.12854,
SAC,2layers,Cartpole-Swingup,20,all-critic,fgelu,0.4,790766852.7984619,
SAC,2layers,Cartpole-Swingup,40,all-critic,fgelu,0.4,727518382.9116821,
SAC,2layers,HalfCheetah-v4,50,all-critic,fgelu,0.1,6787663360.595703,
SAC,2layers,HalfCheetah-v4,10,all-critic,fgelu,0.1,8283834968.183041,
SAC,2layers,HalfCheetah-v4,30,all-critic,fgelu,0.1,7674486485.290527,
SAC,2layers,HalfCheetah-v4,20,all-critic,fgelu,0.1,7987585394.439697,
SAC,2layers,HalfCheetah-v4,40,all-critic,fgelu,0.1,8154567468.6050415,
SAC,2layers,HalfCheetah-v4,50,all-critic,fgelu,0.4,5830964424.209595,
SAC,2layers,HalfCheetah-v4,10,all-critic,fgelu,0.4,7975806317.539215,
SAC,2layers,HalfCheetah-v4,30,all-critic,fgelu,0.4,7747648267.974853,
SAC,2layers,HalfCheetah-v4,20,all-critic,fgelu,0.4,8129377593.49823,
SAC,2layers,HalfCheetah-v4,40,all-critic,fgelu,0.4,6529562474.28894,
SAC,2layers,HalfCheetah-v4,50,all-critic,fgelu,0.5,6697277157.745361,
SAC,2layers,HalfCheetah-v4,10,all-critic,fgelu,0.5,6095232833.633423,
SAC,2layers,HalfCheetah-v4,30,all-critic,fgelu,0.5,5962749594.116211,
SAC,2layers,HalfCheetah-v4,20,all-critic,fgelu,0.5,8714133573.226929,
SAC,2layers,HalfCheetah-v4,40,all-critic,fgelu,0.5,6204916644.020081,
SAC,2layers,HalfCheetah-v4,50,all-critic,fgelu,0.2,8524858619.46106,
SAC,2layers,HalfCheetah-v4,10,all-critic,fgelu,0.2,8781648225.4982,
SAC,2layers,HalfCheetah-v4,30,all-critic,fgelu,0.2,7526356842.269897,
SAC,2layers,HalfCheetah-v4,20,all-critic,fgelu,0.2,8394014764.842987,
SAC,2layers,HalfCheetah-v4,40,all-critic,fgelu,0.2,5848155105.667114,
SAC,2layers,HalfCheetah-v4,50,all-critic,fgelu,0.3,6303863144.540787,
SAC,2layers,HalfCheetah-v4,10,all-critic,fgelu,0.3,6779053727.874756,
SAC,2layers,HalfCheetah-v4,30,all-critic,fgelu,0.3,8066223648.529053,
SAC,2layers,HalfCheetah-v4,20,all-critic,fgelu,0.3,7551455433.998108,
SAC,2layers,HalfCheetah-v4,40,all-critic,fgelu,0.3,6750255633.087158,
SAC,2layers,Hopper-v4,50,all-critic,fgelu,0.2,2647164967.689514,
SAC,2layers,Hopper-v4,10,all-critic,fgelu,0.2,2394213716.888428,
SAC,2layers,Hopper-v4,30,all-critic,fgelu,0.2,2840403858.909607,
SAC,2layers,Hopper-v4,20,all-critic,fgelu,0.2,1719567471.923828,
SAC,2layers,Hopper-v4,40,all-critic,fgelu,0.2,2493142247.772217,
SAC,2layers,Hopper-v4,50,all-critic,fgelu,0.1,2731258242.492676,
SAC,2layers,Hopper-v4,10,all-critic,fgelu,0.1,2264800409.1644287,
SAC,2layers,Hopper-v4,30,all-critic,fgelu,0.1,2212796424.341202,
SAC,2layers,Hopper-v4,20,all-critic,fgelu,0.1,2634570660.715103,
SAC,2layers,Hopper-v4,40,all-critic,fgelu,0.1,1778009828.224182,
SAC,2layers,Hopper-v4,50,all-critic,fgelu,0.4,2386912295.150757,
SAC,2layers,Hopper-v4,10,all-critic,fgelu,0.4,2765430786.743164,
SAC,2layers,Hopper-v4,30,all-critic,fgelu,0.4,2741651252.670288,
SAC,2layers,Hopper-v4,20,all-critic,fgelu,0.4,2248126981.6589355,
SAC,2layers,Hopper-v4,40,all-critic,fgelu,0.4,2124540092.4682617,
SAC,2layers,Hopper-v4,50,all-critic,fgelu,0.5,2728634297.790528,
SAC,2layers,Hopper-v4,10,all-critic,fgelu,0.5,1841120851.2878416,
SAC,2layers,Hopper-v4,30,all-critic,fgelu,0.5,2645909575.3479004,
SAC,2layers,Hopper-v4,20,all-critic,fgelu,0.5,2144625067.5964355,
SAC,2layers,Hopper-v4,40,all-critic,fgelu,0.5,2117270721.282959,
SAC,2layers,Hopper-v4,50,all-critic,fgelu,0.3,2911390018.6920166,
SAC,2layers,Hopper-v4,10,all-critic,fgelu,0.3,1562741210.9375,
SAC,2layers,Hopper-v4,30,all-critic,fgelu,0.3,2817733416.900635,
SAC,2layers,Hopper-v4,20,all-critic,fgelu,0.3,2204449065.093994,
SAC,2layers,Hopper-v4,40,all-critic,fgelu,0.3,2931923776.540756,
SAC,2layers,Cartpole-Swingup,50,all-critic,lrelu,base,778557872.3907471,
SAC,2layers,Cartpole-Swingup,10,all-critic,lrelu,base,781694090.1184082,
SAC,2layers,Cartpole-Swingup,30,all-critic,lrelu,base,736484704.8950195,
SAC,2layers,Cartpole-Swingup,20,all-critic,lrelu,base,767208160.8581543,
SAC,2layers,Cartpole-Swingup,40,all-critic,lrelu,base,801015804.2907715,
SAC,2layers,HalfCheetah-v4,50,all-critic,lrelu,base,8687163639.879227,
SAC,2layers,HalfCheetah-v4,10,all-critic,lrelu,base,6589181585.655212,
SAC,2layers,HalfCheetah-v4,30,all-critic,lrelu,base,6331031934.432983,
SAC,2layers,HalfCheetah-v4,20,all-critic,lrelu,base,7182909410.858154,
SAC,2layers,HalfCheetah-v4,40,all-critic,lrelu,base,6504627381.820679,
SAC,2layers,Cheetah-Run,50,all-critic,lrelu,base,485324799.8142242,
SAC,2layers,Cheetah-Run,10,all-critic,lrelu,base,459802545.8711386,
SAC,2layers,Cheetah-Run,30,all-critic,lrelu,base,449562594.165802,
SAC,2layers,Cheetah-Run,20,all-critic,lrelu,base,436901447.64781,
SAC,2layers,Cheetah-Run,40,all-critic,lrelu,base,389122159.9245072,
SAC,2layers,Walker-Walk,50,all-critic,lrelu,base,814240023.0789185,
SAC,2layers,Walker-Walk,10,all-critic,lrelu,base,853519213.6001587,
SAC,2layers,Walker-Walk,30,all-critic,lrelu,base,523371462.9268646,
SAC,2layers,Walker-Walk,20,all-critic,lrelu,base,837387852.7259827,
SAC,2layers,Walker-Walk,40,all-critic,lrelu,base,618108217.6208496,
SAC,2layers,Humanoid-v4,50,all-critic,lrelu,base,3661263929.44336,
SAC,2layers,Humanoid-v4,10,all-critic,lrelu,base,3633107022.857666,
SAC,2layers,Humanoid-v4,30,all-critic,lrelu,base,3593844939.727783,
SAC,2layers,Humanoid-v4,20,all-critic,lrelu,base,3727968981.323242,
SAC,2layers,Humanoid-v4,40,all-critic,lrelu,base,3607118556.9763184,
SAC,2layers,Finger-Spin,50,all-critic,lrelu,base,794650000.0,
SAC,2layers,Finger-Spin,10,all-critic,lrelu,base,821685000.0,
SAC,2layers,Finger-Spin,30,all-critic,lrelu,base,763615000.0,
SAC,2layers,Finger-Spin,20,all-critic,lrelu,base,721885000.0,
SAC,2layers,Finger-Spin,40,all-critic,lrelu,base,810735000.0,
SAC,2layers,Hopper-v4,50,all-critic,lrelu,base,2555421904.9072266,
SAC,2layers,Hopper-v4,10,all-critic,lrelu,base,2424687283.4968567,
SAC,2layers,Hopper-v4,30,all-critic,lrelu,base,2267891852.607727,
SAC,2layers,Hopper-v4,20,all-critic,lrelu,base,2599825400.695801,
SAC,2layers,Hopper-v4,40,all-critic,lrelu,base,2572363881.454468,
SAC,2layers,Ant-v4,50,all-critic,lrelu,base,4036170657.920837,
SAC,2layers,Ant-v4,10,all-critic,lrelu,base,2643659965.286255,
SAC,2layers,Ant-v4,30,all-critic,lrelu,base,2847975778.479576,
SAC,2layers,Ant-v4,20,all-critic,lrelu,base,3068709367.642402,
SAC,2layers,Ant-v4,40,all-critic,lrelu,base,3719883300.075531,
SAC,2layers,Walker-Walk,50,all-critic,fprelu,0.3,658830767.7298719,
SAC,2layers,Walker-Walk,10,all-critic,fprelu,0.3,619870357.3626522,
SAC,2layers,Walker-Walk,30,all-critic,fprelu,0.3,527083365.93441015,
SAC,2layers,Walker-Walk,20,all-critic,fprelu,0.3,745269077.0132078,
SAC,2layers,Walker-Walk,40,all-critic,fprelu,0.3,811666893.6273474,
SAC,2layers,Walker-Walk,50,all-critic,fprelu,0.1,712058888.1238258,
SAC,2layers,Walker-Walk,10,all-critic,fprelu,0.1,554546292.9190297,
SAC,2layers,Walker-Walk,30,all-critic,fprelu,0.1,600296627.4004409,
SAC,2layers,Walker-Walk,20,all-critic,fprelu,0.1,691304399.8083919,
SAC,2layers,Walker-Walk,40,all-critic,fprelu,0.1,528768916.4328146,
SAC,2layers,Walker-Walk,50,all-critic,fprelu,0.2,658700931.0488508,
SAC,2layers,Walker-Walk,10,all-critic,fprelu,0.2,631922618.6640471,
SAC,2layers,Walker-Walk,30,all-critic,fprelu,0.2,764696987.3766786,
SAC,2layers,Walker-Walk,20,all-critic,fprelu,0.2,747828674.7462405,
SAC,2layers,Walker-Walk,40,all-critic,fprelu,0.2,723168866.4878631,
SAC,2layers,Walker-Walk,50,all-critic,fprelu,0.5,866579907.7867438,
SAC,2layers,Walker-Walk,10,all-critic,fprelu,0.5,628958942.2958272,
SAC,2layers,Walker-Walk,30,all-critic,fprelu,0.5,590869120.4110522,
SAC,2layers,Walker-Walk,20,all-critic,fprelu,0.5,533737669.52915895,
SAC,2layers,Walker-Walk,40,all-critic,fprelu,0.5,659089593.1912317,
SAC,2layers,Walker-Walk,50,all-critic,fprelu,0.4,813147473.7121685,
SAC,2layers,Walker-Walk,10,all-critic,fprelu,0.4,522751314.10695416,
SAC,2layers,Walker-Walk,30,all-critic,fprelu,0.4,601192962.3707771,
SAC,2layers,Walker-Walk,20,all-critic,fprelu,0.4,792902298.7598281,
SAC,2layers,Walker-Walk,40,all-critic,fprelu,0.4,647549681.1413132,
SAC,2layers,Finger-Spin,50,all-critic,fprelu,0.4,783940000.0,
SAC,2layers,Finger-Spin,10,all-critic,fprelu,0.4,771495000.0,
SAC,2layers,Finger-Spin,30,all-critic,fprelu,0.4,691680000.0,
SAC,2layers,Finger-Spin,20,all-critic,fprelu,0.4,719135000.0,
SAC,2layers,Finger-Spin,40,all-critic,fprelu,0.4,775885000.0,
SAC,2layers,Finger-Spin,50,all-critic,fprelu,0.3,753755000.0,
SAC,2layers,Finger-Spin,10,all-critic,fprelu,0.3,778245000.0,
SAC,2layers,Finger-Spin,30,all-critic,fprelu,0.3,724360000.0,
SAC,2layers,Finger-Spin,20,all-critic,fprelu,0.3,739275000.0,
SAC,2layers,Finger-Spin,40,all-critic,fprelu,0.3,772015000.0,
SAC,2layers,Finger-Spin,50,all-critic,fprelu,0.5,693560000.0,
SAC,2layers,Finger-Spin,10,all-critic,fprelu,0.5,740035000.0,
SAC,2layers,Finger-Spin,30,all-critic,fprelu,0.5,682475000.0,
SAC,2layers,Finger-Spin,20,all-critic,fprelu,0.5,753525000.0,
SAC,2layers,Finger-Spin,40,all-critic,fprelu,0.5,775420000.0,
SAC,2layers,Finger-Spin,50,all-critic,fprelu,0.2,748630000.0,
SAC,2layers,Finger-Spin,10,all-critic,fprelu,0.2,739125000.0,
SAC,2layers,Finger-Spin,30,all-critic,fprelu,0.2,700370000.0,
SAC,2layers,Finger-Spin,20,all-critic,fprelu,0.2,675380000.0,
SAC,2layers,Finger-Spin,40,all-critic,fprelu,0.2,741195000.0,
SAC,2layers,Finger-Spin,50,all-critic,fprelu,0.1,722170000.0,
SAC,2layers,Finger-Spin,10,all-critic,fprelu,0.1,681475000.0,
SAC,2layers,Finger-Spin,30,all-critic,fprelu,0.1,682575000.0,
SAC,2layers,Finger-Spin,20,all-critic,fprelu,0.1,693760000.0,
SAC,2layers,Finger-Spin,40,all-critic,fprelu,0.1,749840000.0,
SAC,2layers,Cheetah-Run,50,all-critic,fprelu,0.2,445695961.0728009,
SAC,2layers,Cheetah-Run,10,all-critic,fprelu,0.2,426285289.5111425,
SAC,2layers,Cheetah-Run,30,all-critic,fprelu,0.2,438807975.65115845,
SAC,2layers,Cheetah-Run,20,all-critic,fprelu,0.2,342807285.189696,
SAC,2layers,Cheetah-Run,40,all-critic,fprelu,0.2,387297590.29923695,
SAC,2layers,Cheetah-Run,50,all-critic,fprelu,0.5,356693069.54914224,
SAC,2layers,Cheetah-Run,10,all-critic,fprelu,0.5,318757601.9061989,
SAC,2layers,Cheetah-Run,30,all-critic,fprelu,0.5,374242039.344358,
SAC,2layers,Cheetah-Run,20,all-critic,fprelu,0.5,345747049.6126192,
SAC,2layers,Cheetah-Run,40,all-critic,fprelu,0.5,431849315.1675619,
SAC,2layers,Cheetah-Run,50,all-critic,fprelu,0.3,379549968.886604,
SAC,2layers,Cheetah-Run,10,all-critic,fprelu,0.3,316619564.0332083,
SAC,2layers,Cheetah-Run,30,all-critic,fprelu,0.3,385632917.7901639,
SAC,2layers,Cheetah-Run,20,all-critic,fprelu,0.3,393880354.9128544,
SAC,2layers,Cheetah-Run,40,all-critic,fprelu,0.3,396580667.929011,
SAC,2layers,Cheetah-Run,50,all-critic,fprelu,0.1,402732076.3583585,
SAC,2layers,Cheetah-Run,10,all-critic,fprelu,0.1,432427855.94943655,
SAC,2layers,Cheetah-Run,30,all-critic,fprelu,0.1,311785272.32296854,
SAC,2layers,Cheetah-Run,20,all-critic,fprelu,0.1,364237226.6299253,
SAC,2layers,Cheetah-Run,40,all-critic,fprelu,0.1,390515306.7108656,
SAC,2layers,Cheetah-Run,50,all-critic,fprelu,0.4,426723873.8811432,
SAC,2layers,Cheetah-Run,10,all-critic,fprelu,0.4,374232744.9594807,
SAC,2layers,Cheetah-Run,30,all-critic,fprelu,0.4,384167318.1814735,
SAC,2layers,Cheetah-Run,20,all-critic,fprelu,0.4,389063164.3702361,
SAC,2layers,Cheetah-Run,40,all-critic,fprelu,0.4,330989562.9885914,
SAC,2layers,Humanoid-v4,50,all-critic,fprelu,0.1,4213788053.537973,
SAC,2layers,Humanoid-v4,10,all-critic,fprelu,0.1,4028609170.490181,
SAC,2layers,Humanoid-v4,30,all-critic,fprelu,0.1,3801849919.466652,
SAC,2layers,Humanoid-v4,20,all-critic,fprelu,0.1,3967003711.206371,
SAC,2layers,Humanoid-v4,40,all-critic,fprelu,0.1,3903744641.646852,
SAC,2layers,Humanoid-v4,50,all-critic,fprelu,0.4,4092793283.016697,
SAC,2layers,Humanoid-v4,10,all-critic,fprelu,0.4,3766197142.587672,
SAC,2layers,Humanoid-v4,30,all-critic,fprelu,0.4,3520460344.507462,
SAC,2layers,Humanoid-v4,20,all-critic,fprelu,0.4,3877200683.216071,
SAC,2layers,Humanoid-v4,40,all-critic,fprelu,0.4,3755497807.8426814,
SAC,2layers,Humanoid-v4,50,all-critic,fprelu,0.3,4059506163.9615498,
SAC,2layers,Humanoid-v4,10,all-critic,fprelu,0.3,4129457897.971096,
SAC,2layers,Humanoid-v4,30,all-critic,fprelu,0.3,3994568783.542495,
SAC,2layers,Humanoid-v4,20,all-critic,fprelu,0.3,4055214794.869975,
SAC,2layers,Humanoid-v4,40,all-critic,fprelu,0.3,3689617231.971992,
SAC,2layers,Humanoid-v4,50,all-critic,fprelu,0.2,4009412408.810368,
SAC,2layers,Humanoid-v4,10,all-critic,fprelu,0.2,3635120809.6192727,
SAC,2layers,Humanoid-v4,30,all-critic,fprelu,0.2,4244881061.595133,
SAC,2layers,Humanoid-v4,20,all-critic,fprelu,0.2,3588436264.1557474,
SAC,2layers,Humanoid-v4,40,all-critic,fprelu,0.2,4104925355.4320817,
SAC,2layers,Humanoid-v4,50,all-critic,fprelu,0.5,3676856802.6000633,
SAC,2layers,Humanoid-v4,10,all-critic,fprelu,0.5,4162897153.7058177,
SAC,2layers,Humanoid-v4,30,all-critic,fprelu,0.5,4250145474.91636,
SAC,2layers,Humanoid-v4,20,all-critic,fprelu,0.5,4081008988.819652,
SAC,2layers,Humanoid-v4,40,all-critic,fprelu,0.5,4057560638.0676894,
SAC,2layers,Ant-v4,50,all-critic,fprelu,0.5,953201668.9890982,
SAC,2layers,Ant-v4,10,all-critic,fprelu,0.5,1129548457.44637,
SAC,2layers,Ant-v4,30,all-critic,fprelu,0.5,1461814201.6309495,
SAC,2layers,Ant-v4,20,all-critic,fprelu,0.5,996981622.161595,
SAC,2layers,Ant-v4,40,all-critic,fprelu,0.5,1888154588.1829147,
SAC,2layers,Ant-v4,50,all-critic,fprelu,0.3,3984179476.417435,
SAC,2layers,Ant-v4,10,all-critic,fprelu,0.3,3333895813.39278,
SAC,2layers,Ant-v4,30,all-critic,fprelu,0.3,1775799258.8012466,
SAC,2layers,Ant-v4,20,all-critic,fprelu,0.3,3137525510.5080805,
SAC,2layers,Ant-v4,40,all-critic,fprelu,0.3,3876434650.900845,
SAC,2layers,Ant-v4,50,all-critic,fprelu,0.1,3559812025.9520745,
SAC,2layers,Ant-v4,10,all-critic,fprelu,0.1,2134299460.476376,
SAC,2layers,Ant-v4,30,all-critic,fprelu,0.1,2793488889.0621223,
SAC,2layers,Ant-v4,20,all-critic,fprelu,0.1,3579097257.677092,
SAC,2layers,Ant-v4,40,all-critic,fprelu,0.1,3143240112.9649086,
SAC,2layers,Ant-v4,50,all-critic,fprelu,0.2,3942129552.340353,
SAC,2layers,Ant-v4,10,all-critic,fprelu,0.2,1846959775.99954,
SAC,2layers,Ant-v4,30,all-critic,fprelu,0.2,4517488371.165805,
SAC,2layers,Ant-v4,20,all-critic,fprelu,0.2,3351692447.9842987,
SAC,2layers,Ant-v4,40,all-critic,fprelu,0.2,3984695195.5766783,
SAC,2layers,Ant-v4,50,all-critic,fprelu,0.4,1082901227.609481,
SAC,2layers,Ant-v4,10,all-critic,fprelu,0.4,1134909293.1076667,
SAC,2layers,Ant-v4,30,all-critic,fprelu,0.4,1699335191.691816,
SAC,2layers,Ant-v4,20,all-critic,fprelu,0.4,1256098236.9346726,
SAC,2layers,Ant-v4,40,all-critic,fprelu,0.4,3026663831.063542,
SAC,2layers,Cartpole-Swingup,50,all-critic,fprelu,0.3,799408901.6532812,
SAC,2layers,Cartpole-Swingup,10,all-critic,fprelu,0.3,774993354.6882555,
SAC,2layers,Cartpole-Swingup,30,all-critic,fprelu,0.3,783867306.6722442,
SAC,2layers,Cartpole-Swingup,20,all-critic,fprelu,0.3,748350079.720418,
SAC,2layers,Cartpole-Swingup,40,all-critic,fprelu,0.3,738171772.4276308,
SAC,2layers,Cartpole-Swingup,50,all-critic,fprelu,0.5,786700866.9461684,
SAC,2layers,Cartpole-Swingup,10,all-critic,fprelu,0.5,759916961.2324363,
SAC,2layers,Cartpole-Swingup,30,all-critic,fprelu,0.5,791595171.7882465,
SAC,2layers,Cartpole-Swingup,20,all-critic,fprelu,0.5,781411331.4773395,
SAC,2layers,Cartpole-Swingup,40,all-critic,fprelu,0.5,755546088.3833005,
SAC,2layers,Cartpole-Swingup,50,all-critic,fprelu,0.2,734406815.9671282,
SAC,2layers,Cartpole-Swingup,10,all-critic,fprelu,0.2,772542363.3358085,
SAC,2layers,Cartpole-Swingup,30,all-critic,fprelu,0.2,777055866.6206409,
SAC,2layers,Cartpole-Swingup,20,all-critic,fprelu,0.2,738268414.7738861,
SAC,2layers,Cartpole-Swingup,40,all-critic,fprelu,0.2,772579077.5488019,
SAC,2layers,Cartpole-Swingup,50,all-critic,fprelu,0.1,741735713.9007287,
SAC,2layers,Cartpole-Swingup,10,all-critic,fprelu,0.1,768308011.4269834,
SAC,2layers,Cartpole-Swingup,30,all-critic,fprelu,0.1,698257699.3640901,
SAC,2layers,Cartpole-Swingup,20,all-critic,fprelu,0.1,706853423.1740587,
SAC,2layers,Cartpole-Swingup,40,all-critic,fprelu,0.1,788617937.260538,
SAC,2layers,Cartpole-Swingup,50,all-critic,fprelu,0.4,801292062.1247697,
SAC,2layers,Cartpole-Swingup,10,all-critic,fprelu,0.4,789633321.6912148,
SAC,2layers,Cartpole-Swingup,30,all-critic,fprelu,0.4,775614073.9721105,
SAC,2layers,Cartpole-Swingup,20,all-critic,fprelu,0.4,774233502.5003277,
SAC,2layers,Cartpole-Swingup,40,all-critic,fprelu,0.4,768440900.0096452,
SAC,2layers,HalfCheetah-v4,50,all-critic,fprelu,0.3,7057901903.256615,
SAC,2layers,HalfCheetah-v4,10,all-critic,fprelu,0.3,8100079035.564647,
SAC,2layers,HalfCheetah-v4,30,all-critic,fprelu,0.3,5797396635.580157,
SAC,2layers,HalfCheetah-v4,20,all-critic,fprelu,0.3,4837179555.38689,
SAC,2layers,HalfCheetah-v4,40,all-critic,fprelu,0.3,5294026660.625131,
SAC,2layers,HalfCheetah-v4,50,all-critic,fprelu,0.2,5951886970.665225,
SAC,2layers,HalfCheetah-v4,10,all-critic,fprelu,0.2,5340375127.158086,
SAC,2layers,HalfCheetah-v4,30,all-critic,fprelu,0.2,5999365229.95216,
SAC,2layers,HalfCheetah-v4,20,all-critic,fprelu,0.2,6121941049.817395,
SAC,2layers,HalfCheetah-v4,40,all-critic,fprelu,0.2,4769166799.547948,
SAC,2layers,HalfCheetah-v4,50,all-critic,fprelu,0.1,6530988101.287972,
SAC,2layers,HalfCheetah-v4,10,all-critic,fprelu,0.1,6337066421.29394,
SAC,2layers,HalfCheetah-v4,30,all-critic,fprelu,0.1,7180282033.983572,
SAC,2layers,HalfCheetah-v4,20,all-critic,fprelu,0.1,6082325109.43127,
SAC,2layers,HalfCheetah-v4,40,all-critic,fprelu,0.1,6476124687.821508,
SAC,2layers,HalfCheetah-v4,50,all-critic,fprelu,0.4,1839248860.0293908,
SAC,2layers,HalfCheetah-v4,10,all-critic,fprelu,0.4,7600179545.793032,
SAC,2layers,HalfCheetah-v4,30,all-critic,fprelu,0.4,4917662913.15638,
SAC,2layers,HalfCheetah-v4,20,all-critic,fprelu,0.4,1936465791.720925,
SAC,2layers,HalfCheetah-v4,40,all-critic,fprelu,0.4,4490316251.432598,
SAC,2layers,HalfCheetah-v4,50,all-critic,fprelu,0.5,5410334204.330256,
SAC,2layers,HalfCheetah-v4,10,all-critic,fprelu,0.5,7638101414.356671,
SAC,2layers,HalfCheetah-v4,30,all-critic,fprelu,0.5,5052119146.461073,
SAC,2layers,HalfCheetah-v4,20,all-critic,fprelu,0.5,5985574294.065831,
SAC,2layers,HalfCheetah-v4,40,all-critic,fprelu,0.5,4646967393.252606,
SAC,2layers,Hopper-v4,50,all-critic,fprelu,0.5,2643311406.1493044,
SAC,2layers,Hopper-v4,10,all-critic,fprelu,0.5,2571050276.761446,
SAC,2layers,Hopper-v4,30,all-critic,fprelu,0.5,2697797407.718879,
SAC,2layers,Hopper-v4,20,all-critic,fprelu,0.5,2732934996.5566688,
SAC,2layers,Hopper-v4,40,all-critic,fprelu,0.5,2696756506.167161,
SAC,2layers,Hopper-v4,50,all-critic,fprelu,0.3,2671652721.097158,
SAC,2layers,Hopper-v4,10,all-critic,fprelu,0.3,2167565912.7709174,
SAC,2layers,Hopper-v4,30,all-critic,fprelu,0.3,2551601213.6988454,
SAC,2layers,Hopper-v4,20,all-critic,fprelu,0.3,2540320874.1705666,
SAC,2layers,Hopper-v4,40,all-critic,fprelu,0.3,2194330559.581504,
SAC,2layers,Hopper-v4,50,all-critic,fprelu,0.1,3008732730.769431,
SAC,2layers,Hopper-v4,10,all-critic,fprelu,0.1,1778315054.8064475,
SAC,2layers,Hopper-v4,30,all-critic,fprelu,0.1,2909983793.6452417,
SAC,2layers,Hopper-v4,20,all-critic,fprelu,0.1,2619985025.77996,
SAC,2layers,Hopper-v4,40,all-critic,fprelu,0.1,2764125203.5566955,
SAC,2layers,Hopper-v4,50,all-critic,fprelu,0.4,2470185139.850398,
SAC,2layers,Hopper-v4,10,all-critic,fprelu,0.4,2625206788.358948,
SAC,2layers,Hopper-v4,30,all-critic,fprelu,0.4,2754826040.929466,
SAC,2layers,Hopper-v4,20,all-critic,fprelu,0.4,1997432206.2826784,
SAC,2layers,Hopper-v4,40,all-critic,fprelu,0.4,1980293396.5165305,
SAC,2layers,Hopper-v4,50,all-critic,fprelu,0.2,2692873323.047804,
SAC,2layers,Hopper-v4,10,all-critic,fprelu,0.2,1912408361.1534128,
SAC,2layers,Hopper-v4,30,all-critic,fprelu,0.2,2777729987.907224,
SAC,2layers,Hopper-v4,20,all-critic,fprelu,0.2,2871606373.4496613,
SAC,2layers,Hopper-v4,40,all-critic,fprelu,0.2,2773450930.3995104,
SAC,2layers,Walker-Walk,50,first-actor,frelu,0.4,811763179.5423343,
SAC,2layers,Walker-Walk,10,first-actor,frelu,0.4,860911221.3250619,
SAC,2layers,Walker-Walk,30,first-actor,frelu,0.4,704491375.7482038,
SAC,2layers,Walker-Walk,20,first-actor,frelu,0.4,811253939.808949,
SAC,2layers,Walker-Walk,40,first-actor,frelu,0.4,864321188.8535402,
SAC,2layers,Walker-Walk,50,first-actor,frelu,0.5,745823589.8271887,
SAC,2layers,Walker-Walk,10,first-actor,frelu,0.5,855649187.5206966,
SAC,2layers,Walker-Walk,30,first-actor,frelu,0.5,810801933.0310199,
SAC,2layers,Walker-Walk,20,first-actor,frelu,0.5,861979273.8803668,
SAC,2layers,Walker-Walk,40,first-actor,frelu,0.5,841098433.4309905,
SAC,2layers,Walker-Walk,50,first-actor,frelu,0.3,695986730.4207777,
SAC,2layers,Walker-Walk,10,first-actor,frelu,0.3,724930790.6135654,
SAC,2layers,Walker-Walk,30,first-actor,frelu,0.3,594966947.2351999,
SAC,2layers,Walker-Walk,20,first-actor,frelu,0.3,864887280.0535843,
SAC,2layers,Walker-Walk,40,first-actor,frelu,0.3,786610917.8346395,
SAC,2layers,Walker-Walk,50,first-actor,frelu,0.2,823599407.5478721,
SAC,2layers,Walker-Walk,10,first-actor,frelu,0.2,867029751.1036924,
SAC,2layers,Walker-Walk,30,first-actor,frelu,0.2,734286574.5333319,
SAC,2layers,Walker-Walk,20,first-actor,frelu,0.2,779745918.9456397,
SAC,2layers,Walker-Walk,40,first-actor,frelu,0.2,840972566.3254001,
SAC,2layers,Walker-Walk,50,first-actor,frelu,0.1,860062514.094417,
SAC,2layers,Walker-Walk,10,first-actor,frelu,0.1,869524747.0942547,
SAC,2layers,Walker-Walk,30,first-actor,frelu,0.1,712379869.8668716,
SAC,2layers,Walker-Walk,20,first-actor,frelu,0.1,814681689.1916544,
SAC,2layers,Walker-Walk,40,first-actor,frelu,0.1,878736768.0986592,
SAC,2layers,Finger-Spin,50,first-actor,frelu,0.3,814800000.0,
SAC,2layers,Finger-Spin,10,first-actor,frelu,0.3,694530000.0,
SAC,2layers,Finger-Spin,30,first-actor,frelu,0.3,729120000.0,
SAC,2layers,Finger-Spin,20,first-actor,frelu,0.3,785820000.0,
SAC,2layers,Finger-Spin,40,first-actor,frelu,0.3,772695000.0,
SAC,2layers,Finger-Spin,50,first-actor,frelu,0.1,736075000.0,
SAC,2layers,Finger-Spin,10,first-actor,frelu,0.1,816050000.0,
SAC,2layers,Finger-Spin,30,first-actor,frelu,0.1,754075000.0,
SAC,2layers,Finger-Spin,20,first-actor,frelu,0.1,719720000.0,
SAC,2layers,Finger-Spin,40,first-actor,frelu,0.1,793550000.0,
SAC,2layers,Finger-Spin,50,first-actor,frelu,0.2,795275000.0,
SAC,2layers,Finger-Spin,10,first-actor,frelu,0.2,725040000.0,
SAC,2layers,Finger-Spin,30,first-actor,frelu,0.2,742860000.0,
SAC,2layers,Finger-Spin,20,first-actor,frelu,0.2,737505000.0,
SAC,2layers,Finger-Spin,40,first-actor,frelu,0.2,806650000.0,
SAC,2layers,Finger-Spin,50,first-actor,frelu,0.4,747225000.0,
SAC,2layers,Finger-Spin,10,first-actor,frelu,0.4,793960000.0,
SAC,2layers,Finger-Spin,30,first-actor,frelu,0.4,701065000.0,
SAC,2layers,Finger-Spin,20,first-actor,frelu,0.4,703195000.0,
SAC,2layers,Finger-Spin,40,first-actor,frelu,0.4,708160000.0,
SAC,2layers,Finger-Spin,50,first-actor,frelu,0.5,791475000.0,
SAC,2layers,Finger-Spin,10,first-actor,frelu,0.5,795295000.0,
SAC,2layers,Finger-Spin,30,first-actor,frelu,0.5,704370000.0,
SAC,2layers,Finger-Spin,20,first-actor,frelu,0.5,777950000.0,
SAC,2layers,Finger-Spin,40,first-actor,frelu,0.5,777415000.0,
SAC,2layers,Cheetah-Run,50,first-actor,frelu,0.4,488092514.96987295,
SAC,2layers,Cheetah-Run,10,first-actor,frelu,0.4,525155306.5725575,
SAC,2layers,Cheetah-Run,30,first-actor,frelu,0.4,516694671.4486232,
SAC,2layers,Cheetah-Run,20,first-actor,frelu,0.4,486578354.40586376,
SAC,2layers,Cheetah-Run,40,first-actor,frelu,0.4,419083768.2497657,
SAC,2layers,Cheetah-Run,50,first-actor,frelu,0.3,500200394.0769365,
SAC,2layers,Cheetah-Run,10,first-actor,frelu,0.3,497469846.0167947,
SAC,2layers,Cheetah-Run,30,first-actor,frelu,0.3,482120468.0149168,
SAC,2layers,Cheetah-Run,20,first-actor,frelu,0.3,531445802.50961095,
SAC,2layers,Cheetah-Run,40,first-actor,frelu,0.3,462470449.28558767,
SAC,2layers,Cheetah-Run,50,first-actor,frelu,0.1,502842143.0984737,
SAC,2layers,Cheetah-Run,10,first-actor,frelu,0.1,550656737.4323578,
SAC,2layers,Cheetah-Run,30,first-actor,frelu,0.1,436006168.593157,
SAC,2layers,Cheetah-Run,20,first-actor,frelu,0.1,531055172.9080897,
SAC,2layers,Cheetah-Run,40,first-actor,frelu,0.1,523072988.2915029,
SAC,2layers,Cheetah-Run,50,first-actor,frelu,0.2,444977712.2006939,
SAC,2layers,Cheetah-Run,10,first-actor,frelu,0.2,522557094.8186951,
SAC,2layers,Cheetah-Run,30,first-actor,frelu,0.2,415606376.3590018,
SAC,2layers,Cheetah-Run,20,first-actor,frelu,0.2,525076708.20715904,
SAC,2layers,Cheetah-Run,40,first-actor,frelu,0.2,504937157.5878124,
SAC,2layers,Cheetah-Run,50,first-actor,frelu,0.5,509644094.3807312,
SAC,2layers,Cheetah-Run,10,first-actor,frelu,0.5,484150497.2735846,
SAC,2layers,Cheetah-Run,30,first-actor,frelu,0.5,490179495.7973933,
SAC,2layers,Cheetah-Run,20,first-actor,frelu,0.5,458492224.1600566,
SAC,2layers,Cheetah-Run,40,first-actor,frelu,0.5,536469234.9660713,
SAC,2layers,Humanoid-v4,50,first-actor,frelu,0.3,4072563710.216253,
SAC,2layers,Humanoid-v4,10,first-actor,frelu,0.3,3758504546.291544,
SAC,2layers,Humanoid-v4,30,first-actor,frelu,0.3,3507246202.213116,
SAC,2layers,Humanoid-v4,20,first-actor,frelu,0.3,3433878817.906689,
SAC,2layers,Humanoid-v4,40,first-actor,frelu,0.3,3444927402.9173827,
SAC,2layers,Humanoid-v4,50,first-actor,frelu,0.4,3621651008.531613,
SAC,2layers,Humanoid-v4,10,first-actor,frelu,0.4,4166799544.4460654,
SAC,2layers,Humanoid-v4,30,first-actor,frelu,0.4,3598641332.785161,
SAC,2layers,Humanoid-v4,20,first-actor,frelu,0.4,3415013237.003228,
SAC,2layers,Humanoid-v4,40,first-actor,frelu,0.4,3587967861.696417,
SAC,2layers,Humanoid-v4,50,first-actor,frelu,0.2,3749368798.974327,
SAC,2layers,Humanoid-v4,10,first-actor,frelu,0.2,3896522018.744336,
SAC,2layers,Humanoid-v4,30,first-actor,frelu,0.2,4051398553.988269,
SAC,2layers,Humanoid-v4,20,first-actor,frelu,0.2,3809164309.034104,
SAC,2layers,Humanoid-v4,40,first-actor,frelu,0.2,3759467546.732667,
SAC,2layers,Humanoid-v4,50,first-actor,frelu,0.5,3580704324.384639,
SAC,2layers,Humanoid-v4,10,first-actor,frelu,0.5,3829898733.878781,
SAC,2layers,Humanoid-v4,30,first-actor,frelu,0.5,3639850979.047351,
SAC,2layers,Humanoid-v4,20,first-actor,frelu,0.5,3368582881.711793,
SAC,2layers,Humanoid-v4,40,first-actor,frelu,0.5,4088247225.384739,
SAC,2layers,Humanoid-v4,50,first-actor,frelu,0.1,3556044731.212382,
SAC,2layers,Humanoid-v4,10,first-actor,frelu,0.1,3644974419.021016,
SAC,2layers,Humanoid-v4,30,first-actor,frelu,0.1,3646127987.391214,
SAC,2layers,Humanoid-v4,20,first-actor,frelu,0.1,3287061102.050326,
SAC,2layers,Humanoid-v4,40,first-actor,frelu,0.1,3856067991.277602,
SAC,2layers,Ant-v4,50,first-actor,frelu,0.4,3246982763.8143425,
SAC,2layers,Ant-v4,10,first-actor,frelu,0.4,2714830540.3578463,
SAC,2layers,Ant-v4,30,first-actor,frelu,0.4,3314937641.306511,
SAC,2layers,Ant-v4,20,first-actor,frelu,0.4,3020745747.084948,
SAC,2layers,Ant-v4,40,first-actor,frelu,0.4,2600462508.049625,
SAC,2layers,Ant-v4,50,first-actor,frelu,0.2,3250155235.835402,
SAC,2layers,Ant-v4,10,first-actor,frelu,0.2,4044421816.807437,
SAC,2layers,Ant-v4,30,first-actor,frelu,0.2,3749756022.570761,
SAC,2layers,Ant-v4,20,first-actor,frelu,0.2,3430009264.968764,
SAC,2layers,Ant-v4,40,first-actor,frelu,0.2,2499581110.776928,
SAC,2layers,Ant-v4,50,first-actor,frelu,0.3,3063959953.2677,
SAC,2layers,Ant-v4,10,first-actor,frelu,0.3,3560032205.922825,
SAC,2layers,Ant-v4,30,first-actor,frelu,0.3,3916947658.0569615,
SAC,2layers,Ant-v4,20,first-actor,frelu,0.3,3822982250.487224,
SAC,2layers,Ant-v4,40,first-actor,frelu,0.3,2298693560.3276525,
SAC,2layers,Ant-v4,50,first-actor,frelu,0.5,1757244539.9500177,
SAC,2layers,Ant-v4,10,first-actor,frelu,0.5,2104291016.262408,
SAC,2layers,Ant-v4,30,first-actor,frelu,0.5,2630259168.8460703,
SAC,2layers,Ant-v4,20,first-actor,frelu,0.5,2995706503.0405526,
SAC,2layers,Ant-v4,40,first-actor,frelu,0.5,4151206545.640077,
SAC,2layers,Ant-v4,50,first-actor,frelu,0.1,2400983060.45446,
SAC,2layers,Ant-v4,10,first-actor,frelu,0.1,1269246110.7833543,
SAC,2layers,Ant-v4,30,first-actor,frelu,0.1,3363612511.410149,
SAC,2layers,Ant-v4,20,first-actor,frelu,0.1,3689998365.482108,
SAC,2layers,Ant-v4,40,first-actor,frelu,0.1,3756553182.272582,
SAC,2layers,Cartpole-Swingup,50,first-actor,frelu,0.2,788302283.4396336,
SAC,2layers,Cartpole-Swingup,10,first-actor,frelu,0.2,794918103.290248,
SAC,2layers,Cartpole-Swingup,30,first-actor,frelu,0.2,790767400.2160834,
SAC,2layers,Cartpole-Swingup,20,first-actor,frelu,0.2,774493106.7160978,
SAC,2layers,Cartpole-Swingup,40,first-actor,frelu,0.2,763428154.9649476,
SAC,2layers,Cartpole-Swingup,50,first-actor,frelu,0.4,766698739.1753422,
SAC,2layers,Cartpole-Swingup,10,first-actor,frelu,0.4,808494884.7834852,
SAC,2layers,Cartpole-Swingup,30,first-actor,frelu,0.4,791653191.9159582,
SAC,2layers,Cartpole-Swingup,20,first-actor,frelu,0.4,796233080.0253104,
SAC,2layers,Cartpole-Swingup,40,first-actor,frelu,0.4,779270403.8777964,
SAC,2layers,Cartpole-Swingup,50,first-actor,frelu,0.5,799741795.7587464,
SAC,2layers,Cartpole-Swingup,10,first-actor,frelu,0.5,779591474.215704,
SAC,2layers,Cartpole-Swingup,30,first-actor,frelu,0.5,785765032.7238055,
SAC,2layers,Cartpole-Swingup,20,first-actor,frelu,0.5,794760595.7933767,
SAC,2layers,Cartpole-Swingup,40,first-actor,frelu,0.5,805523476.2671458,
SAC,2layers,Cartpole-Swingup,50,first-actor,frelu,0.1,757881522.151562,
SAC,2layers,Cartpole-Swingup,10,first-actor,frelu,0.1,786304421.2094164,
SAC,2layers,Cartpole-Swingup,30,first-actor,frelu,0.1,760501381.4898145,
SAC,2layers,Cartpole-Swingup,20,first-actor,frelu,0.1,777744499.6238142,
SAC,2layers,Cartpole-Swingup,40,first-actor,frelu,0.1,792206438.0526725,
SAC,2layers,Cartpole-Swingup,50,first-actor,frelu,0.3,711868018.2651502,
SAC,2layers,Cartpole-Swingup,10,first-actor,frelu,0.3,724319067.8886726,
SAC,2layers,Cartpole-Swingup,30,first-actor,frelu,0.3,777833052.2907418,
SAC,2layers,Cartpole-Swingup,20,first-actor,frelu,0.3,756205138.7674356,
SAC,2layers,Cartpole-Swingup,40,first-actor,frelu,0.3,787444539.0277205,
SAC,2layers,HalfCheetah-v4,50,first-actor,frelu,0.4,6335220533.461153,
SAC,2layers,HalfCheetah-v4,10,first-actor,frelu,0.4,7818207242.93187,
SAC,2layers,HalfCheetah-v4,30,first-actor,frelu,0.4,1743924180.8947792,
SAC,2layers,HalfCheetah-v4,20,first-actor,frelu,0.4,7790201691.338782,
SAC,2layers,HalfCheetah-v4,40,first-actor,frelu,0.4,6764975414.82163,
SAC,2layers,HalfCheetah-v4,50,first-actor,frelu,0.1,6940048778.808188,
SAC,2layers,HalfCheetah-v4,10,first-actor,frelu,0.1,7609992240.450235,
SAC,2layers,HalfCheetah-v4,30,first-actor,frelu,0.1,8141342001.395091,
SAC,2layers,HalfCheetah-v4,20,first-actor,frelu,0.1,8885785824.758434,
SAC,2layers,HalfCheetah-v4,40,first-actor,frelu,0.1,1717853461.9219196,
SAC,2layers,HalfCheetah-v4,50,first-actor,frelu,0.5,8118499332.061953,
SAC,2layers,HalfCheetah-v4,10,first-actor,frelu,0.5,8451520475.413673,
SAC,2layers,HalfCheetah-v4,30,first-actor,frelu,0.5,8002446942.047085,
SAC,2layers,HalfCheetah-v4,20,first-actor,frelu,0.5,5717958392.061922,
SAC,2layers,HalfCheetah-v4,40,first-actor,frelu,0.5,1716870835.4383,
SAC,2layers,HalfCheetah-v4,50,first-actor,frelu,0.2,6255732577.053113,
SAC,2layers,HalfCheetah-v4,10,first-actor,frelu,0.2,8589112187.66701,
SAC,2layers,HalfCheetah-v4,30,first-actor,frelu,0.2,8086471091.642001,
SAC,2layers,HalfCheetah-v4,20,first-actor,frelu,0.2,8098586639.198081,
SAC,2layers,HalfCheetah-v4,40,first-actor,frelu,0.2,8131710175.412274,
SAC,2layers,HalfCheetah-v4,50,first-actor,frelu,0.3,6313107204.475155,
SAC,2layers,HalfCheetah-v4,10,first-actor,frelu,0.3,8237277330.349769,
SAC,2layers,HalfCheetah-v4,30,first-actor,frelu,0.3,8021071585.838148,
SAC,2layers,HalfCheetah-v4,20,first-actor,frelu,0.3,6374260028.490651,
SAC,2layers,HalfCheetah-v4,40,first-actor,frelu,0.3,1772182458.7551367,
SAC,2layers,Hopper-v4,50,first-actor,frelu,0.3,2380176021.7952123,
SAC,2layers,Hopper-v4,10,first-actor,frelu,0.3,2351776987.6393666,
SAC,2layers,Hopper-v4,30,first-actor,frelu,0.3,1957292279.0489168,
SAC,2layers,Hopper-v4,20,first-actor,frelu,0.3,2560990671.648196,
SAC,2layers,Hopper-v4,40,first-actor,frelu,0.3,2396266864.4210687,
SAC,2layers,Hopper-v4,50,first-actor,frelu,0.2,2998699114.0903444,
SAC,2layers,Hopper-v4,10,first-actor,frelu,0.2,2563923018.464405,
SAC,2layers,Hopper-v4,30,first-actor,frelu,0.2,2327028559.5067167,
SAC,2layers,Hopper-v4,20,first-actor,frelu,0.2,2340200326.7224493,
SAC,2layers,Hopper-v4,40,first-actor,frelu,0.2,2213872754.6191287,
SAC,2layers,Hopper-v4,50,first-actor,frelu,0.5,2957527396.35248,
SAC,2layers,Hopper-v4,10,first-actor,frelu,0.5,2392219757.0827856,
SAC,2layers,Hopper-v4,30,first-actor,frelu,0.5,2518644706.555472,
SAC,2layers,Hopper-v4,20,first-actor,frelu,0.5,2544325776.431395,
SAC,2layers,Hopper-v4,40,first-actor,frelu,0.5,2241967722.8223944,
SAC,2layers,Hopper-v4,50,first-actor,frelu,0.4,2807983965.9211707,
SAC,2layers,Hopper-v4,10,first-actor,frelu,0.4,2534488123.500421,
SAC,2layers,Hopper-v4,30,first-actor,frelu,0.4,2845670068.816406,
SAC,2layers,Hopper-v4,20,first-actor,frelu,0.4,2555976246.8521404,
SAC,2layers,Hopper-v4,40,first-actor,frelu,0.4,2906115903.788553,
SAC,2layers,Hopper-v4,50,first-actor,frelu,0.1,2125283334.6526527,
SAC,2layers,Hopper-v4,10,first-actor,frelu,0.1,2639641618.28196,
SAC,2layers,Hopper-v4,30,first-actor,frelu,0.1,2583679025.7459188,
SAC,2layers,Hopper-v4,20,first-actor,frelu,0.1,2891956310.350721,
SAC,2layers,Hopper-v4,40,first-actor,frelu,0.1,2521093431.0008698,
SAC,2layers,Cheetah-Run,50,first-actor,prelu,base,405861963.6678696,
SAC,2layers,Cheetah-Run,10,first-actor,prelu,base,338104125.58436394,
SAC,2layers,Cheetah-Run,30,first-actor,prelu,base,529083055.4556847,
SAC,2layers,Cheetah-Run,20,first-actor,prelu,base,509665093.70327,
SAC,2layers,Cheetah-Run,40,first-actor,prelu,base,484362038.1832123,
SAC,2layers,HalfCheetah-v4,50,first-actor,prelu,base,8708187001.113892,
SAC,2layers,HalfCheetah-v4,10,first-actor,prelu,base,8239999326.000214,
SAC,2layers,HalfCheetah-v4,30,first-actor,prelu,base,5910001987.609863,
SAC,2layers,HalfCheetah-v4,20,first-actor,prelu,base,6857216779.785156,
SAC,2layers,HalfCheetah-v4,40,first-actor,prelu,base,7187154196.434021,
SAC,2layers,Ant-v4,50,first-actor,prelu,base,3315957617.545128,
SAC,2layers,Ant-v4,10,first-actor,prelu,base,3691172126.556635,
SAC,2layers,Ant-v4,30,first-actor,prelu,base,3420662252.6931763,
SAC,2layers,Ant-v4,20,first-actor,prelu,base,3155949439.6305084,
SAC,2layers,Ant-v4,40,first-actor,prelu,base,3300919720.3445435,
SAC,2layers,Walker-Walk,50,first-actor,prelu,base,812325119.8577881,
SAC,2layers,Walker-Walk,10,first-actor,prelu,base,739464260.2920532,
SAC,2layers,Walker-Walk,30,first-actor,prelu,base,577809315.9484863,
SAC,2layers,Walker-Walk,20,first-actor,prelu,base,863691421.918869,
SAC,2layers,Walker-Walk,40,first-actor,prelu,base,444998943.37654114,
SAC,2layers,Finger-Spin,50,first-actor,prelu,base,809720000.0,
SAC,2layers,Finger-Spin,10,first-actor,prelu,base,792230000.0,
SAC,2layers,Finger-Spin,30,first-actor,prelu,base,621815000.0,
SAC,2layers,Finger-Spin,20,first-actor,prelu,base,737470000.0,
SAC,2layers,Finger-Spin,40,first-actor,prelu,base,825275000.0,
SAC,2layers,Humanoid-v4,50,first-actor,prelu,base,4205379409.4848633,
SAC,2layers,Humanoid-v4,10,first-actor,prelu,base,3530616592.2546387,
SAC,2layers,Humanoid-v4,30,first-actor,prelu,base,3804362216.3391113,
SAC,2layers,Humanoid-v4,20,first-actor,prelu,base,3972117131.652832,
SAC,2layers,Humanoid-v4,40,first-actor,prelu,base,3631365490.1123047,
SAC,2layers,Cartpole-Swingup,50,first-actor,prelu,base,746172108.2305908,
SAC,2layers,Cartpole-Swingup,10,first-actor,prelu,base,794387385.9405518,
SAC,2layers,Cartpole-Swingup,30,first-actor,prelu,base,757201858.5586548,
SAC,2layers,Cartpole-Swingup,20,first-actor,prelu,base,761874081.8786621,
SAC,2layers,Cartpole-Swingup,40,first-actor,prelu,base,774552803.4973145,
SAC,2layers,Hopper-v4,50,first-actor,prelu,base,2339844431.304932,
SAC,2layers,Hopper-v4,10,first-actor,prelu,base,2066573693.0847168,
SAC,2layers,Hopper-v4,30,first-actor,prelu,base,2891849936.8286133,
SAC,2layers,Hopper-v4,20,first-actor,prelu,base,2943016076.3549805,
SAC,2layers,Hopper-v4,40,first-actor,prelu,base,2587000301.19896,
SAC,2layers,Cheetah-Run,50,first-actor,swish,base,486311165.86625576,
SAC,2layers,Cheetah-Run,10,first-actor,swish,base,467218216.7315483,
SAC,2layers,Cheetah-Run,30,first-actor,swish,base,483744451.9901276,
SAC,2layers,Cheetah-Run,20,first-actor,swish,base,389361107.3255539,
SAC,2layers,Cheetah-Run,40,first-actor,swish,base,387299410.9916687,
SAC,2layers,Finger-Spin,50,first-actor,swish,base,794850000.0,
SAC,2layers,Finger-Spin,10,first-actor,swish,base,796460000.0,
SAC,2layers,Finger-Spin,30,first-actor,swish,base,761005000.0,
SAC,2layers,Finger-Spin,20,first-actor,swish,base,766435000.0,
SAC,2layers,Finger-Spin,40,first-actor,swish,base,812175000.0,
SAC,2layers,HalfCheetah-v4,50,first-actor,swish,base,7969619216.461182,
SAC,2layers,HalfCheetah-v4,10,first-actor,swish,base,7616293918.924332,
SAC,2layers,HalfCheetah-v4,30,first-actor,swish,base,5968601788.330078,
SAC,2layers,HalfCheetah-v4,20,first-actor,swish,base,8508856811.86676,
SAC,2layers,HalfCheetah-v4,40,first-actor,swish,base,8648546800.222397,
SAC,2layers,Walker-Walk,50,first-actor,swish,base,863123262.9108429,
SAC,2layers,Walker-Walk,10,first-actor,swish,base,748194779.0908813,
SAC,2layers,Walker-Walk,30,first-actor,swish,base,846548179.3308258,
SAC,2layers,Walker-Walk,20,first-actor,swish,base,713214161.8347168,
SAC,2layers,Walker-Walk,40,first-actor,swish,base,826265214.2381668,
SAC,2layers,Ant-v4,50,first-actor,swish,base,2790156698.7991333,
SAC,2layers,Ant-v4,10,first-actor,swish,base,2797750599.603653,
SAC,2layers,Ant-v4,30,first-actor,swish,base,3007267418.0316925,
SAC,2layers,Ant-v4,20,first-actor,swish,base,4444412198.638916,
SAC,2layers,Ant-v4,40,first-actor,swish,base,2246389688.825608,
SAC,2layers,Cartpole-Swingup,50,first-actor,swish,base,740777814.1784668,
SAC,2layers,Cartpole-Swingup,10,first-actor,swish,base,772529146.270752,
SAC,2layers,Cartpole-Swingup,30,first-actor,swish,base,786860031.6619873,
SAC,2layers,Cartpole-Swingup,20,first-actor,swish,base,792651151.5808105,
SAC,2layers,Cartpole-Swingup,40,first-actor,swish,base,807205046.005249,
SAC,2layers,Hopper-v4,50,first-actor,swish,base,2179979769.744873,
SAC,2layers,Hopper-v4,10,first-actor,swish,base,2121339644.317627,
SAC,2layers,Hopper-v4,30,first-actor,swish,base,2270011970.6726074,
SAC,2layers,Hopper-v4,20,first-actor,swish,base,2432492678.985596,
SAC,2layers,Hopper-v4,40,first-actor,swish,base,1700432876.586914,
SAC,2layers,Humanoid-v4,50,first-actor,swish,base,3667513782.806397,
SAC,2layers,Humanoid-v4,10,first-actor,swish,base,3864426314.239502,
SAC,2layers,Humanoid-v4,30,first-actor,swish,base,3562043048.248291,
SAC,2layers,Humanoid-v4,20,first-actor,swish,base,3947736910.7055664,
SAC,2layers,Humanoid-v4,40,first-actor,swish,base,3091622374.11499,
SAC,2layers,Walker-Walk,50,first-actor,flrelu,0.3,874460018.9898859,
SAC,2layers,Walker-Walk,10,first-actor,flrelu,0.3,824611717.2429522,
SAC,2layers,Walker-Walk,30,first-actor,flrelu,0.3,832898154.9687972,
SAC,2layers,Walker-Walk,20,first-actor,flrelu,0.3,865496581.4960822,
SAC,2layers,Walker-Walk,40,first-actor,flrelu,0.3,647725917.8245523,
SAC,2layers,Walker-Walk,50,first-actor,flrelu,0.5,870945093.0856845,
SAC,2layers,Walker-Walk,10,first-actor,flrelu,0.5,573443724.4149368,
SAC,2layers,Walker-Walk,30,first-actor,flrelu,0.5,648728827.9202399,
SAC,2layers,Walker-Walk,20,first-actor,flrelu,0.5,837009009.0893291,
SAC,2layers,Walker-Walk,40,first-actor,flrelu,0.5,599899004.0328825,
SAC,2layers,Walker-Walk,50,first-actor,flrelu,0.1,842289867.4528387,
SAC,2layers,Walker-Walk,10,first-actor,flrelu,0.1,825832714.6350856,
SAC,2layers,Walker-Walk,30,first-actor,flrelu,0.1,739761548.5864388,
SAC,2layers,Walker-Walk,20,first-actor,flrelu,0.1,816011293.3933191,
SAC,2layers,Walker-Walk,40,first-actor,flrelu,0.1,878346885.3994842,
SAC,2layers,Walker-Walk,50,first-actor,flrelu,0.4,778725381.9657291,
SAC,2layers,Walker-Walk,10,first-actor,flrelu,0.4,713520577.2820225,
SAC,2layers,Walker-Walk,30,first-actor,flrelu,0.4,633923476.2983847,
SAC,2layers,Walker-Walk,20,first-actor,flrelu,0.4,849624307.2825816,
SAC,2layers,Walker-Walk,40,first-actor,flrelu,0.4,845487978.0203187,
SAC,2layers,Walker-Walk,50,first-actor,flrelu,0.2,802392610.8205553,
SAC,2layers,Walker-Walk,10,first-actor,flrelu,0.2,865428935.5489755,
SAC,2layers,Walker-Walk,30,first-actor,flrelu,0.2,721469484.7659761,
SAC,2layers,Walker-Walk,20,first-actor,flrelu,0.2,864776125.0257134,
SAC,2layers,Walker-Walk,40,first-actor,flrelu,0.2,714232421.7240582,
SAC,2layers,Finger-Spin,50,first-actor,flrelu,0.1,876300000.0,
SAC,2layers,Finger-Spin,10,first-actor,flrelu,0.1,728780000.0,
SAC,2layers,Finger-Spin,30,first-actor,flrelu,0.1,848235000.0,
SAC,2layers,Finger-Spin,20,first-actor,flrelu,0.1,720730000.0,
SAC,2layers,Finger-Spin,40,first-actor,flrelu,0.1,562095000.0,
SAC,2layers,Finger-Spin,50,first-actor,flrelu,0.2,757325000.0,
SAC,2layers,Finger-Spin,10,first-actor,flrelu,0.2,797900000.0,
SAC,2layers,Finger-Spin,30,first-actor,flrelu,0.2,764005000.0,
SAC,2layers,Finger-Spin,20,first-actor,flrelu,0.2,719730000.0,
SAC,2layers,Finger-Spin,40,first-actor,flrelu,0.2,760145000.0,
SAC,2layers,Finger-Spin,50,first-actor,flrelu,0.3,759265000.0,
SAC,2layers,Finger-Spin,10,first-actor,flrelu,0.3,794390000.0,
SAC,2layers,Finger-Spin,30,first-actor,flrelu,0.3,687220000.0,
SAC,2layers,Finger-Spin,20,first-actor,flrelu,0.3,797825000.0,
SAC,2layers,Finger-Spin,40,first-actor,flrelu,0.3,725125000.0,
SAC,2layers,Finger-Spin,50,first-actor,flrelu,0.5,766115000.0,
SAC,2layers,Finger-Spin,10,first-actor,flrelu,0.5,798205000.0,
SAC,2layers,Finger-Spin,30,first-actor,flrelu,0.5,782220000.0,
SAC,2layers,Finger-Spin,20,first-actor,flrelu,0.5,707305000.0,
SAC,2layers,Finger-Spin,40,first-actor,flrelu,0.5,703500000.0,
SAC,2layers,Finger-Spin,50,first-actor,flrelu,0.4,770310000.0,
SAC,2layers,Finger-Spin,10,first-actor,flrelu,0.4,779505000.0,
SAC,2layers,Finger-Spin,30,first-actor,flrelu,0.4,722670000.0,
SAC,2layers,Finger-Spin,20,first-actor,flrelu,0.4,745840000.0,
SAC,2layers,Finger-Spin,40,first-actor,flrelu,0.4,738770000.0,
SAC,2layers,Cheetah-Run,50,first-actor,flrelu,0.5,458852351.6091605,
SAC,2layers,Cheetah-Run,10,first-actor,flrelu,0.5,557217196.8947297,
SAC,2layers,Cheetah-Run,30,first-actor,flrelu,0.5,537636192.457794,
SAC,2layers,Cheetah-Run,20,first-actor,flrelu,0.5,507582277.22900265,
SAC,2layers,Cheetah-Run,40,first-actor,flrelu,0.5,458754237.9372352,
SAC,2layers,Cheetah-Run,50,first-actor,flrelu,0.2,488977655.2070332,
SAC,2layers,Cheetah-Run,10,first-actor,flrelu,0.2,486649483.8914824,
SAC,2layers,Cheetah-Run,30,first-actor,flrelu,0.2,469010948.7194189,
SAC,2layers,Cheetah-Run,20,first-actor,flrelu,0.2,458057308.956398,
SAC,2layers,Cheetah-Run,40,first-actor,flrelu,0.2,504644710.32541895,
SAC,2layers,Cheetah-Run,50,first-actor,flrelu,0.3,451307113.5964117,
SAC,2layers,Cheetah-Run,10,first-actor,flrelu,0.3,342916378.6959161,
SAC,2layers,Cheetah-Run,30,first-actor,flrelu,0.3,447047261.0176847,
SAC,2layers,Cheetah-Run,20,first-actor,flrelu,0.3,526423154.99385065,
SAC,2layers,Cheetah-Run,40,first-actor,flrelu,0.3,510437319.4643653,
SAC,2layers,Cheetah-Run,50,first-actor,flrelu,0.1,425007505.894349,
SAC,2layers,Cheetah-Run,10,first-actor,flrelu,0.1,496191305.82553977,
SAC,2layers,Cheetah-Run,30,first-actor,flrelu,0.1,418042993.3478052,
SAC,2layers,Cheetah-Run,20,first-actor,flrelu,0.1,545177091.7933518,
SAC,2layers,Cheetah-Run,40,first-actor,flrelu,0.1,519906263.93001056,
SAC,2layers,Cheetah-Run,50,first-actor,flrelu,0.4,474368837.7770911,
SAC,2layers,Cheetah-Run,10,first-actor,flrelu,0.4,328601676.2171417,
SAC,2layers,Cheetah-Run,30,first-actor,flrelu,0.4,488677848.1007961,
SAC,2layers,Cheetah-Run,20,first-actor,flrelu,0.4,546461422.668685,
SAC,2layers,Cheetah-Run,40,first-actor,flrelu,0.4,521861829.3636671,
SAC,2layers,Humanoid-v4,50,first-actor,flrelu,0.3,3340635880.525924,
SAC,2layers,Humanoid-v4,10,first-actor,flrelu,0.3,3647366914.02604,
SAC,2layers,Humanoid-v4,30,first-actor,flrelu,0.3,3773495233.485024,
SAC,2layers,Humanoid-v4,20,first-actor,flrelu,0.3,3887149897.524416,
SAC,2layers,Humanoid-v4,40,first-actor,flrelu,0.3,3565871116.216333,
SAC,2layers,Humanoid-v4,50,first-actor,flrelu,0.4,3567294935.586468,
SAC,2layers,Humanoid-v4,10,first-actor,flrelu,0.4,3728025273.616027,
SAC,2layers,Humanoid-v4,30,first-actor,flrelu,0.4,3198351708.0058966,
SAC,2layers,Humanoid-v4,20,first-actor,flrelu,0.4,3582447741.3165884,
SAC,2layers,Humanoid-v4,40,first-actor,flrelu,0.4,3731947765.675573,
SAC,2layers,Humanoid-v4,50,first-actor,flrelu,0.1,3761303850.002477,
SAC,2layers,Humanoid-v4,10,first-actor,flrelu,0.1,3775708086.7687097,
SAC,2layers,Humanoid-v4,30,first-actor,flrelu,0.1,3440411037.6892657,
SAC,2layers,Humanoid-v4,20,first-actor,flrelu,0.1,3500931263.70229,
SAC,2layers,Humanoid-v4,40,first-actor,flrelu,0.1,3520499161.5755105,
SAC,2layers,Humanoid-v4,50,first-actor,flrelu,0.5,3302945463.775123,
SAC,2layers,Humanoid-v4,10,first-actor,flrelu,0.5,3603505327.662546,
SAC,2layers,Humanoid-v4,30,first-actor,flrelu,0.5,3338759467.9310045,
SAC,2layers,Humanoid-v4,20,first-actor,flrelu,0.5,3596063933.266879,
SAC,2layers,Humanoid-v4,40,first-actor,flrelu,0.5,3783332165.312721,
SAC,2layers,Humanoid-v4,50,first-actor,flrelu,0.2,3481298870.1255674,
SAC,2layers,Humanoid-v4,10,first-actor,flrelu,0.2,3629376219.249998,
SAC,2layers,Humanoid-v4,30,first-actor,flrelu,0.2,3539117902.30382,
SAC,2layers,Humanoid-v4,20,first-actor,flrelu,0.2,3662938693.836117,
SAC,2layers,Humanoid-v4,40,first-actor,flrelu,0.2,3604243431.338992,
SAC,2layers,Ant-v4,50,first-actor,flrelu,0.5,2688395482.719434,
SAC,2layers,Ant-v4,10,first-actor,flrelu,0.5,2474484768.615776,
SAC,2layers,Ant-v4,30,first-actor,flrelu,0.5,3235518844.9176416,
SAC,2layers,Ant-v4,20,first-actor,flrelu,0.5,3753026974.226486,
SAC,2layers,Ant-v4,40,first-actor,flrelu,0.5,3748772604.248246,
SAC,2layers,Ant-v4,50,first-actor,flrelu,0.3,2779028001.5960026,
SAC,2layers,Ant-v4,10,first-actor,flrelu,0.3,2898863780.9213767,
SAC,2layers,Ant-v4,30,first-actor,flrelu,0.3,2291161441.656125,
SAC,2layers,Ant-v4,20,first-actor,flrelu,0.3,2225203039.771352,
SAC,2layers,Ant-v4,40,first-actor,flrelu,0.3,2619491393.486286,
SAC,2layers,Ant-v4,50,first-actor,flrelu,0.2,3596102069.9053607,
SAC,2layers,Ant-v4,10,first-actor,flrelu,0.2,2304161527.6485486,
SAC,2layers,Ant-v4,30,first-actor,flrelu,0.2,2695437321.4004464,
SAC,2layers,Ant-v4,20,first-actor,flrelu,0.2,3057460695.6959944,
SAC,2layers,Ant-v4,40,first-actor,flrelu,0.2,3613546458.634326,
SAC,2layers,Ant-v4,50,first-actor,flrelu,0.4,2957453125.1517205,
SAC,2layers,Ant-v4,10,first-actor,flrelu,0.4,2719530726.318471,
SAC,2layers,Ant-v4,30,first-actor,flrelu,0.4,3637679764.0116014,
SAC,2layers,Ant-v4,20,first-actor,flrelu,0.4,3339483230.0746083,
SAC,2layers,Ant-v4,40,first-actor,flrelu,0.4,3252921201.6525965,
SAC,2layers,Ant-v4,50,first-actor,flrelu,0.1,2086876617.5749464,
SAC,2layers,Ant-v4,10,first-actor,flrelu,0.1,2552159913.626612,
SAC,2layers,Ant-v4,30,first-actor,flrelu,0.1,2569810558.1951737,
SAC,2layers,Ant-v4,20,first-actor,flrelu,0.1,2254257747.032433,
SAC,2layers,Ant-v4,40,first-actor,flrelu,0.1,2246623006.3282266,
SAC,2layers,Cartpole-Swingup,50,first-actor,flrelu,0.4,800671506.9908996,
SAC,2layers,Cartpole-Swingup,10,first-actor,flrelu,0.4,793718669.8042679,
SAC,2layers,Cartpole-Swingup,30,first-actor,flrelu,0.4,797656549.0442827,
SAC,2layers,Cartpole-Swingup,20,first-actor,flrelu,0.4,765430588.801828,
SAC,2layers,Cartpole-Swingup,40,first-actor,flrelu,0.4,804429673.8086581,
SAC,2layers,Cartpole-Swingup,50,first-actor,flrelu,0.3,796060058.9727807,
SAC,2layers,Cartpole-Swingup,10,first-actor,flrelu,0.3,706922983.3599747,
SAC,2layers,Cartpole-Swingup,30,first-actor,flrelu,0.3,770916802.7747681,
SAC,2layers,Cartpole-Swingup,20,first-actor,flrelu,0.3,794813594.3309964,
SAC,2layers,Cartpole-Swingup,40,first-actor,flrelu,0.3,789235773.6029322,
SAC,2layers,Cartpole-Swingup,50,first-actor,flrelu,0.5,728456832.7937907,
SAC,2layers,Cartpole-Swingup,10,first-actor,flrelu,0.5,795221672.9803245,
SAC,2layers,Cartpole-Swingup,30,first-actor,flrelu,0.5,803890567.4554728,
SAC,2layers,Cartpole-Swingup,20,first-actor,flrelu,0.5,770217950.1653357,
SAC,2layers,Cartpole-Swingup,40,first-actor,flrelu,0.5,779111096.0806044,
SAC,2layers,Cartpole-Swingup,50,first-actor,flrelu,0.2,785829123.2925407,
SAC,2layers,Cartpole-Swingup,10,first-actor,flrelu,0.2,753433270.1184075,
SAC,2layers,Cartpole-Swingup,30,first-actor,flrelu,0.2,800280657.4529822,
SAC,2layers,Cartpole-Swingup,20,first-actor,flrelu,0.2,772954386.7620089,
SAC,2layers,Cartpole-Swingup,40,first-actor,flrelu,0.2,779473459.0058932,
SAC,2layers,Cartpole-Swingup,50,first-actor,flrelu,0.1,777240694.0191298,
SAC,2layers,Cartpole-Swingup,10,first-actor,flrelu,0.1,768029442.576092,
SAC,2layers,Cartpole-Swingup,30,first-actor,flrelu,0.1,762249736.1702727,
SAC,2layers,Cartpole-Swingup,20,first-actor,flrelu,0.1,771834076.3340119,
SAC,2layers,Cartpole-Swingup,40,first-actor,flrelu,0.1,777980647.1042705,
SAC,2layers,HalfCheetah-v4,50,first-actor,flrelu,0.3,7170987672.8115225,
SAC,2layers,HalfCheetah-v4,10,first-actor,flrelu,0.3,8408694421.177119,
SAC,2layers,HalfCheetah-v4,30,first-actor,flrelu,0.3,7662719094.668449,
SAC,2layers,HalfCheetah-v4,20,first-actor,flrelu,0.3,6805359108.769361,
SAC,2layers,HalfCheetah-v4,40,first-actor,flrelu,0.3,6937626309.061884,
SAC,2layers,HalfCheetah-v4,50,first-actor,flrelu,0.5,8122804477.725641,
SAC,2layers,HalfCheetah-v4,10,first-actor,flrelu,0.5,6138385844.164878,
SAC,2layers,HalfCheetah-v4,30,first-actor,flrelu,0.5,1963109503.751258,
SAC,2layers,HalfCheetah-v4,20,first-actor,flrelu,0.5,8631296522.336658,
SAC,2layers,HalfCheetah-v4,40,first-actor,flrelu,0.5,7319538501.045604,
SAC,2layers,HalfCheetah-v4,50,first-actor,flrelu,0.1,6825326272.894726,
SAC,2layers,HalfCheetah-v4,10,first-actor,flrelu,0.1,8835862385.987255,
SAC,2layers,HalfCheetah-v4,30,first-actor,flrelu,0.1,8063379357.563223,
SAC,2layers,HalfCheetah-v4,20,first-actor,flrelu,0.1,6837343583.341087,
SAC,2layers,HalfCheetah-v4,40,first-actor,flrelu,0.1,1996440082.30046,
SAC,2layers,HalfCheetah-v4,50,first-actor,flrelu,0.4,8257295792.4250145,
SAC,2layers,HalfCheetah-v4,10,first-actor,flrelu,0.4,6768651791.175469,
SAC,2layers,HalfCheetah-v4,30,first-actor,flrelu,0.4,5951034533.971942,
SAC,2layers,HalfCheetah-v4,20,first-actor,flrelu,0.4,6818883259.48851,
SAC,2layers,HalfCheetah-v4,40,first-actor,flrelu,0.4,7645281197.45271,
SAC,2layers,HalfCheetah-v4,50,first-actor,flrelu,0.2,6611641644.877467,
SAC,2layers,HalfCheetah-v4,10,first-actor,flrelu,0.2,5385455171.990845,
SAC,2layers,HalfCheetah-v4,30,first-actor,flrelu,0.2,8036978918.42568,
SAC,2layers,HalfCheetah-v4,20,first-actor,flrelu,0.2,6739290892.692273,
SAC,2layers,HalfCheetah-v4,40,first-actor,flrelu,0.2,8561073054.886075,
SAC,2layers,Hopper-v4,50,first-actor,flrelu,0.2,2416155236.815852,
SAC,2layers,Hopper-v4,10,first-actor,flrelu,0.2,2360303970.6265936,
SAC,2layers,Hopper-v4,30,first-actor,flrelu,0.2,2594882604.627464,
SAC,2layers,Hopper-v4,20,first-actor,flrelu,0.2,2448894102.734556,
SAC,2layers,Hopper-v4,40,first-actor,flrelu,0.2,2598278346.130534,
SAC,2layers,Hopper-v4,50,first-actor,flrelu,0.3,2793013632.500182,
SAC,2layers,Hopper-v4,10,first-actor,flrelu,0.3,2731704913.104013,
SAC,2layers,Hopper-v4,30,first-actor,flrelu,0.3,1617353859.474394,
SAC,2layers,Hopper-v4,20,first-actor,flrelu,0.3,2005920708.270508,
SAC,2layers,Hopper-v4,40,first-actor,flrelu,0.3,2835200240.628246,
SAC,2layers,Hopper-v4,50,first-actor,flrelu,0.1,1888355943.6550896,
SAC,2layers,Hopper-v4,10,first-actor,flrelu,0.1,2732576399.116429,
SAC,2layers,Hopper-v4,30,first-actor,flrelu,0.1,2536005849.874584,
SAC,2layers,Hopper-v4,20,first-actor,flrelu,0.1,2136806975.0453143,
SAC,2layers,Hopper-v4,40,first-actor,flrelu,0.1,2177778703.1728187,
SAC,2layers,Hopper-v4,50,first-actor,flrelu,0.4,2627305239.651462,
SAC,2layers,Hopper-v4,10,first-actor,flrelu,0.4,2728130584.97671,
SAC,2layers,Hopper-v4,30,first-actor,flrelu,0.4,2328119844.8501024,
SAC,2layers,Hopper-v4,20,first-actor,flrelu,0.4,2155762058.452763,
SAC,2layers,Hopper-v4,40,first-actor,flrelu,0.4,2676956419.183829,
SAC,2layers,Hopper-v4,50,first-actor,flrelu,0.5,2455231026.887465,
SAC,2layers,Hopper-v4,10,first-actor,flrelu,0.5,2339119534.2654886,
SAC,2layers,Hopper-v4,30,first-actor,flrelu,0.5,2272176850.9311166,
SAC,2layers,Hopper-v4,20,first-actor,flrelu,0.5,2256784651.253093,
SAC,2layers,Hopper-v4,40,first-actor,flrelu,0.5,2558666261.6975584,
SAC,2layers,Finger-Spin,50,first-actor,gelu,base,776155000.0,
SAC,2layers,Finger-Spin,10,first-actor,gelu,base,788550000.0,
SAC,2layers,Finger-Spin,30,first-actor,gelu,base,681980000.0,
SAC,2layers,Finger-Spin,20,first-actor,gelu,base,741370000.0,
SAC,2layers,Finger-Spin,40,first-actor,gelu,base,807740000.0,
SAC,2layers,Humanoid-v4,50,first-actor,gelu,base,3824343870.08667,
SAC,2layers,Humanoid-v4,10,first-actor,gelu,base,3782824894.866944,
SAC,2layers,Humanoid-v4,30,first-actor,gelu,base,3872103143.463135,
SAC,2layers,Humanoid-v4,20,first-actor,gelu,base,3459849670.86792,
SAC,2layers,Humanoid-v4,40,first-actor,gelu,base,3264704355.9265137,
SAC,2layers,Cartpole-Swingup,50,first-actor,gelu,base,781305858.7646484,
SAC,2layers,Cartpole-Swingup,10,first-actor,gelu,base,690040079.7271729,
SAC,2layers,Cartpole-Swingup,30,first-actor,gelu,base,743738103.8665771,
SAC,2layers,Cartpole-Swingup,20,first-actor,gelu,base,766888601.1505127,
SAC,2layers,Cartpole-Swingup,40,first-actor,gelu,base,776736933.4411621,
SAC,2layers,Walker-Walk,50,first-actor,gelu,base,877189547.5006104,
SAC,2layers,Walker-Walk,10,first-actor,gelu,base,821108727.6363373,
SAC,2layers,Walker-Walk,30,first-actor,gelu,base,866786005.5541992,
SAC,2layers,Walker-Walk,20,first-actor,gelu,base,685455892.2576904,
SAC,2layers,Walker-Walk,40,first-actor,gelu,base,832636883.0299377,
SAC,2layers,Hopper-v4,50,first-actor,gelu,base,2398926957.550049,
SAC,2layers,Hopper-v4,10,first-actor,gelu,base,2750868929.595948,
SAC,2layers,Hopper-v4,30,first-actor,gelu,base,1624734178.771973,
SAC,2layers,Hopper-v4,20,first-actor,gelu,base,2415701197.9293823,
SAC,2layers,Hopper-v4,40,first-actor,gelu,base,1787514115.371704,
SAC,2layers,Ant-v4,50,first-actor,gelu,base,4333022190.39917,
SAC,2layers,Ant-v4,10,first-actor,gelu,base,3489754035.980701,
SAC,2layers,Ant-v4,30,first-actor,gelu,base,3489175345.141888,
SAC,2layers,Ant-v4,20,first-actor,gelu,base,3166168965.630532,
SAC,2layers,Ant-v4,40,first-actor,gelu,base,2121471944.1223145,
SAC,2layers,HalfCheetah-v4,50,first-actor,gelu,base,8493862674.846649,
SAC,2layers,HalfCheetah-v4,10,first-actor,gelu,base,8203038617.916107,
SAC,2layers,HalfCheetah-v4,30,first-actor,gelu,base,5704428905.801773,
SAC,2layers,HalfCheetah-v4,20,first-actor,gelu,base,5808931529.808044,
SAC,2layers,HalfCheetah-v4,40,first-actor,gelu,base,6251787503.356934,
SAC,2layers,Cheetah-Run,50,first-actor,gelu,base,430262067.8770542,
SAC,2layers,Cheetah-Run,10,first-actor,gelu,base,511796649.25575256,
SAC,2layers,Cheetah-Run,30,first-actor,gelu,base,471335950.10757446,
SAC,2layers,Cheetah-Run,20,first-actor,gelu,base,449138472.08976746,
SAC,2layers,Cheetah-Run,40,first-actor,gelu,base,452334664.75248337,
SAC,2layers,Walker-Walk,50,first-actor,fswish,0.1,858516300.6782532,
SAC,2layers,Walker-Walk,10,first-actor,fswish,0.1,846206589.0789032,
SAC,2layers,Walker-Walk,30,first-actor,fswish,0.1,838257045.6838608,
SAC,2layers,Walker-Walk,20,first-actor,fswish,0.1,880902616.1956787,
SAC,2layers,Walker-Walk,40,first-actor,fswish,0.1,594861263.0271912,
SAC,2layers,Walker-Walk,50,first-actor,fswish,0.3,852955168.762207,
SAC,2layers,Walker-Walk,10,first-actor,fswish,0.3,820400164.5278931,
SAC,2layers,Walker-Walk,30,first-actor,fswish,0.3,809766541.147232,
SAC,2layers,Walker-Walk,20,first-actor,fswish,0.3,862913015.4323578,
SAC,2layers,Walker-Walk,40,first-actor,fswish,0.3,757282213.7832642,
SAC,2layers,Walker-Walk,50,first-actor,fswish,0.2,688722990.6749725,
SAC,2layers,Walker-Walk,10,first-actor,fswish,0.2,863853079.738617,
SAC,2layers,Walker-Walk,30,first-actor,fswish,0.2,839176591.9685364,
SAC,2layers,Walker-Walk,20,first-actor,fswish,0.2,578010995.2926636,
SAC,2layers,Walker-Walk,40,first-actor,fswish,0.2,694785657.4440002,
SAC,2layers,Walker-Walk,50,first-actor,fswish,0.4,863586151.7238617,
SAC,2layers,Walker-Walk,10,first-actor,fswish,0.4,867738904.3307304,
SAC,2layers,Walker-Walk,30,first-actor,fswish,0.4,704513973.5126495,
SAC,2layers,Walker-Walk,20,first-actor,fswish,0.4,814807949.180603,
SAC,2layers,Walker-Walk,40,first-actor,fswish,0.4,469707664.4897461,
SAC,2layers,Walker-Walk,50,first-actor,fswish,0.5,868965421.1616516,
SAC,2layers,Walker-Walk,10,first-actor,fswish,0.5,817781581.4876556,
SAC,2layers,Walker-Walk,30,first-actor,fswish,0.5,831208594.5129395,
SAC,2layers,Walker-Walk,20,first-actor,fswish,0.5,867901092.7772522,
SAC,2layers,Walker-Walk,40,first-actor,fswish,0.5,632180727.8203964,
SAC,2layers,Finger-Spin,50,first-actor,fswish,0.1,769555000.0,
SAC,2layers,Finger-Spin,10,first-actor,fswish,0.1,863595000.0,
SAC,2layers,Finger-Spin,30,first-actor,fswish,0.1,813205000.0,
SAC,2layers,Finger-Spin,20,first-actor,fswish,0.1,722025000.0,
SAC,2layers,Finger-Spin,40,first-actor,fswish,0.1,731615000.0,
SAC,2layers,Finger-Spin,50,first-actor,fswish,0.5,757815000.0,
SAC,2layers,Finger-Spin,10,first-actor,fswish,0.5,861005000.0,
SAC,2layers,Finger-Spin,30,first-actor,fswish,0.5,734420000.0,
SAC,2layers,Finger-Spin,20,first-actor,fswish,0.5,761675000.0,
SAC,2layers,Finger-Spin,40,first-actor,fswish,0.5,794620000.0,
SAC,2layers,Finger-Spin,50,first-actor,fswish,0.2,789110000.0,
SAC,2layers,Finger-Spin,10,first-actor,fswish,0.2,777485000.0,
SAC,2layers,Finger-Spin,30,first-actor,fswish,0.2,878205000.0,
SAC,2layers,Finger-Spin,20,first-actor,fswish,0.2,753930000.0,
SAC,2layers,Finger-Spin,40,first-actor,fswish,0.2,800465000.0,
SAC,2layers,Finger-Spin,50,first-actor,fswish,0.4,745430000.0,
SAC,2layers,Finger-Spin,10,first-actor,fswish,0.4,793225000.0,
SAC,2layers,Finger-Spin,30,first-actor,fswish,0.4,795570000.0,
SAC,2layers,Finger-Spin,20,first-actor,fswish,0.4,802385000.0,
SAC,2layers,Finger-Spin,40,first-actor,fswish,0.4,769945000.0,
SAC,2layers,Finger-Spin,50,first-actor,fswish,0.3,796895000.0,
SAC,2layers,Finger-Spin,10,first-actor,fswish,0.3,762170000.0,
SAC,2layers,Finger-Spin,30,first-actor,fswish,0.3,741940000.0,
SAC,2layers,Finger-Spin,20,first-actor,fswish,0.3,711320000.0,
SAC,2layers,Finger-Spin,40,first-actor,fswish,0.3,799715000.0,
SAC,2layers,Cheetah-Run,50,first-actor,fswish,0.3,442725874.6314049,
SAC,2layers,Cheetah-Run,10,first-actor,fswish,0.3,469092602.8597355,
SAC,2layers,Cheetah-Run,30,first-actor,fswish,0.3,490775708.8470459,
SAC,2layers,Cheetah-Run,20,first-actor,fswish,0.3,482929711.34126186,
SAC,2layers,Cheetah-Run,40,first-actor,fswish,0.3,505576334.4478607,
SAC,2layers,Cheetah-Run,50,first-actor,fswish,0.2,479348698.066473,
SAC,2layers,Cheetah-Run,10,first-actor,fswish,0.2,542084934.7829819,
SAC,2layers,Cheetah-Run,30,first-actor,fswish,0.2,409593246.34552,
SAC,2layers,Cheetah-Run,20,first-actor,fswish,0.2,407910883.5458756,
SAC,2layers,Cheetah-Run,40,first-actor,fswish,0.2,482002143.3401108,
SAC,2layers,Cheetah-Run,50,first-actor,fswish,0.1,524656395.8311081,
SAC,2layers,Cheetah-Run,10,first-actor,fswish,0.1,471435955.3527832,
SAC,2layers,Cheetah-Run,30,first-actor,fswish,0.1,400872637.2718811,
SAC,2layers,Cheetah-Run,20,first-actor,fswish,0.1,435679338.2191658,
SAC,2layers,Cheetah-Run,40,first-actor,fswish,0.1,443420993.0706024,
SAC,2layers,Cheetah-Run,50,first-actor,fswish,0.4,411557640.516758,
SAC,2layers,Cheetah-Run,10,first-actor,fswish,0.4,486408223.323822,
SAC,2layers,Cheetah-Run,30,first-actor,fswish,0.4,470704737.6823425,
SAC,2layers,Cheetah-Run,20,first-actor,fswish,0.4,490646463.5705948,
SAC,2layers,Cheetah-Run,40,first-actor,fswish,0.4,527010282.1826935,
SAC,2layers,Cheetah-Run,50,first-actor,fswish,0.5,441866130.10406494,
SAC,2layers,Cheetah-Run,10,first-actor,fswish,0.5,540013777.5421143,
SAC,2layers,Cheetah-Run,30,first-actor,fswish,0.5,524933958.1394196,
SAC,2layers,Cheetah-Run,20,first-actor,fswish,0.5,390330387.4206543,
SAC,2layers,Cheetah-Run,40,first-actor,fswish,0.5,454633814.6114349,
SAC,2layers,Humanoid-v4,50,first-actor,fswish,0.1,4118932294.921875,
SAC,2layers,Humanoid-v4,10,first-actor,fswish,0.1,4190689260.559082,
SAC,2layers,Humanoid-v4,30,first-actor,fswish,0.1,3434325585.3271484,
SAC,2layers,Humanoid-v4,20,first-actor,fswish,0.1,3958149300.689697,
SAC,2layers,Humanoid-v4,40,first-actor,fswish,0.1,4487798372.6501465,
SAC,2layers,Humanoid-v4,50,first-actor,fswish,0.5,3993464697.418213,
SAC,2layers,Humanoid-v4,10,first-actor,fswish,0.5,3621168277.130127,
SAC,2layers,Humanoid-v4,30,first-actor,fswish,0.5,3763752495.4223633,
SAC,2layers,Humanoid-v4,20,first-actor,fswish,0.5,3752725334.320069,
SAC,2layers,Humanoid-v4,40,first-actor,fswish,0.5,3733366033.782959,
SAC,2layers,Humanoid-v4,50,first-actor,fswish,0.2,4060941427.917481,
SAC,2layers,Humanoid-v4,10,first-actor,fswish,0.2,3584066661.834717,
SAC,2layers,Humanoid-v4,30,first-actor,fswish,0.2,3926253040.618897,
SAC,2layers,Humanoid-v4,20,first-actor,fswish,0.2,3544312212.371826,
SAC,2layers,Humanoid-v4,40,first-actor,fswish,0.2,4242459437.2558594,
SAC,2layers,Humanoid-v4,50,first-actor,fswish,0.3,3864786326.904297,
SAC,2layers,Humanoid-v4,10,first-actor,fswish,0.3,3843862181.243897,
SAC,2layers,Humanoid-v4,30,first-actor,fswish,0.3,3396891868.8964844,
SAC,2layers,Humanoid-v4,20,first-actor,fswish,0.3,4196549208.068848,
SAC,2layers,Humanoid-v4,40,first-actor,fswish,0.3,4023525564.422608,
SAC,2layers,Humanoid-v4,50,first-actor,fswish,0.4,4047229831.6955566,
SAC,2layers,Humanoid-v4,10,first-actor,fswish,0.4,4022270100.708008,
SAC,2layers,Humanoid-v4,30,first-actor,fswish,0.4,3824563219.75708,
SAC,2layers,Humanoid-v4,20,first-actor,fswish,0.4,4135099075.46997,
SAC,2layers,Humanoid-v4,40,first-actor,fswish,0.4,3851688492.736816,
SAC,2layers,Ant-v4,50,first-actor,fswish,0.2,1991029008.3360672,
SAC,2layers,Ant-v4,10,first-actor,fswish,0.2,1521004817.9844022,
SAC,2layers,Ant-v4,30,first-actor,fswish,0.2,1803377761.9612217,
SAC,2layers,Ant-v4,20,first-actor,fswish,0.2,3169836085.7248306,
SAC,2layers,Ant-v4,40,first-actor,fswish,0.2,2347603119.9646,
SAC,2layers,Ant-v4,50,first-actor,fswish,0.4,8674217.90599823,
SAC,2layers,Ant-v4,10,first-actor,fswish,0.4,35235210.19935608,
SAC,2layers,Ant-v4,30,first-actor,fswish,0.4,15352853.593826294,
SAC,2layers,Ant-v4,20,first-actor,fswish,0.4,38589525.75683594,
SAC,2layers,Ant-v4,40,first-actor,fswish,0.4,33097100.982666016,
SAC,2layers,Ant-v4,50,first-actor,fswish,0.5,2009225396.1873047,
SAC,2layers,Ant-v4,10,first-actor,fswish,0.5,3221670993.919373,
SAC,2layers,Ant-v4,30,first-actor,fswish,0.5,2095424350.5394456,
SAC,2layers,Ant-v4,20,first-actor,fswish,0.5,2132896512.1221545,
SAC,2layers,Ant-v4,40,first-actor,fswish,0.5,2301729804.878235,
SAC,2layers,Ant-v4,50,first-actor,fswish,0.1,2786670041.9569016,
SAC,2layers,Ant-v4,10,first-actor,fswish,0.1,2494782048.6164093,
SAC,2layers,Ant-v4,30,first-actor,fswish,0.1,3528729440.369606,
SAC,2layers,Ant-v4,20,first-actor,fswish,0.1,3522847764.038444,
SAC,2layers,Ant-v4,40,first-actor,fswish,0.1,1726653776.58844,
SAC,2layers,Ant-v4,50,first-actor,fswish,0.3,3269793360.314369,
SAC,2layers,Ant-v4,10,first-actor,fswish,0.3,2581970355.710984,
SAC,2layers,Ant-v4,30,first-actor,fswish,0.3,2043182387.4139783,
SAC,2layers,Ant-v4,20,first-actor,fswish,0.3,3571592291.183472,
SAC,2layers,Ant-v4,40,first-actor,fswish,0.3,2248875664.8159027,
SAC,2layers,Cartpole-Swingup,50,first-actor,fswish,0.1,788262952.4230957,
SAC,2layers,Cartpole-Swingup,10,first-actor,fswish,0.1,780926340.3320312,
SAC,2layers,Cartpole-Swingup,30,first-actor,fswish,0.1,776268079.7576904,
SAC,2layers,Cartpole-Swingup,20,first-actor,fswish,0.1,810163820.3430176,
SAC,2layers,Cartpole-Swingup,40,first-actor,fswish,0.1,792117289.4287109,
SAC,2layers,Cartpole-Swingup,50,first-actor,fswish,0.4,771750879.3640137,
SAC,2layers,Cartpole-Swingup,10,first-actor,fswish,0.4,798491674.8809814,
SAC,2layers,Cartpole-Swingup,30,first-actor,fswish,0.4,780172535.5148315,
SAC,2layers,Cartpole-Swingup,20,first-actor,fswish,0.4,787287523.9562988,
SAC,2layers,Cartpole-Swingup,40,first-actor,fswish,0.4,782204331.4361572,
SAC,2layers,Cartpole-Swingup,50,first-actor,fswish,0.2,794997881.5460205,
SAC,2layers,Cartpole-Swingup,10,first-actor,fswish,0.2,780331855.0872803,
SAC,2layers,Cartpole-Swingup,30,first-actor,fswish,0.2,760343303.8711548,
SAC,2layers,Cartpole-Swingup,20,first-actor,fswish,0.2,782731290.8172607,
SAC,2layers,Cartpole-Swingup,40,first-actor,fswish,0.2,792235499.8779297,
SAC,2layers,Cartpole-Swingup,50,first-actor,fswish,0.5,789848903.465271,
SAC,2layers,Cartpole-Swingup,10,first-actor,fswish,0.5,800977015.3045654,
SAC,2layers,Cartpole-Swingup,30,first-actor,fswish,0.5,793054486.1030579,
SAC,2layers,Cartpole-Swingup,20,first-actor,fswish,0.5,770585237.8845215,
SAC,2layers,Cartpole-Swingup,40,first-actor,fswish,0.5,798384050.2166748,
SAC,2layers,Cartpole-Swingup,50,first-actor,fswish,0.3,784902800.6744385,
SAC,2layers,Cartpole-Swingup,10,first-actor,fswish,0.3,756829206.161499,
SAC,2layers,Cartpole-Swingup,30,first-actor,fswish,0.3,746638330.3451538,
SAC,2layers,Cartpole-Swingup,20,first-actor,fswish,0.3,779818464.8132324,
SAC,2layers,Cartpole-Swingup,40,first-actor,fswish,0.3,777243907.1655273,
SAC,2layers,HalfCheetah-v4,50,first-actor,fswish,0.4,8829321663.742065,
SAC,2layers,HalfCheetah-v4,10,first-actor,fswish,0.4,7037426357.469559,
SAC,2layers,HalfCheetah-v4,30,first-actor,fswish,0.4,7311621775.188446,
SAC,2layers,HalfCheetah-v4,20,first-actor,fswish,0.4,1973170598.3924863,
SAC,2layers,HalfCheetah-v4,40,first-actor,fswish,0.4,8315550499.687195,
SAC,2layers,HalfCheetah-v4,50,first-actor,fswish,0.2,7035853860.626221,
SAC,2layers,HalfCheetah-v4,10,first-actor,fswish,0.2,8222281018.104553,
SAC,2layers,HalfCheetah-v4,30,first-actor,fswish,0.2,7178496472.091675,
SAC,2layers,HalfCheetah-v4,20,first-actor,fswish,0.2,8112265985.507965,
SAC,2layers,HalfCheetah-v4,40,first-actor,fswish,0.2,8064184296.455383,
SAC,2layers,HalfCheetah-v4,50,first-actor,fswish,0.5,8917946464.691162,
SAC,2layers,HalfCheetah-v4,10,first-actor,fswish,0.5,8647216455.955505,
SAC,2layers,HalfCheetah-v4,30,first-actor,fswish,0.5,7643335393.066406,
SAC,2layers,HalfCheetah-v4,20,first-actor,fswish,0.5,7429456107.330322,
SAC,2layers,HalfCheetah-v4,40,first-actor,fswish,0.5,7151238207.511902,
SAC,2layers,HalfCheetah-v4,50,first-actor,fswish,0.1,7740250021.209717,
SAC,2layers,HalfCheetah-v4,10,first-actor,fswish,0.1,6441919445.915222,
SAC,2layers,HalfCheetah-v4,30,first-actor,fswish,0.1,7500114410.591125,
SAC,2layers,HalfCheetah-v4,20,first-actor,fswish,0.1,9118628321.342468,
SAC,2layers,HalfCheetah-v4,40,first-actor,fswish,0.1,1772104237.2512815,
SAC,2layers,HalfCheetah-v4,50,first-actor,fswish,0.3,8467187178.80249,
SAC,2layers,HalfCheetah-v4,10,first-actor,fswish,0.3,7723407630.691528,
SAC,2layers,HalfCheetah-v4,30,first-actor,fswish,0.3,2052692369.9951167,
SAC,2layers,HalfCheetah-v4,20,first-actor,fswish,0.3,6833678172.225952,
SAC,2layers,HalfCheetah-v4,40,first-actor,fswish,0.3,9221571191.101074,
SAC,2layers,Hopper-v4,50,first-actor,fswish,0.4,2328730349.349976,
SAC,2layers,Hopper-v4,10,first-actor,fswish,0.4,2485306707.2296143,
SAC,2layers,Hopper-v4,30,first-actor,fswish,0.4,2274220670.928955,
SAC,2layers,Hopper-v4,20,first-actor,fswish,0.4,2259030830.4595947,
SAC,2layers,Hopper-v4,40,first-actor,fswish,0.4,2612556479.873657,
SAC,2layers,Hopper-v4,50,first-actor,fswish,0.3,2704941706.161499,
SAC,2layers,Hopper-v4,10,first-actor,fswish,0.3,2064285972.9003904,
SAC,2layers,Hopper-v4,30,first-actor,fswish,0.3,2406870880.765915,
SAC,2layers,Hopper-v4,20,first-actor,fswish,0.3,2514587851.333618,
SAC,2layers,Hopper-v4,40,first-actor,fswish,0.3,2469290145.263672,
SAC,2layers,Hopper-v4,50,first-actor,fswish,0.5,2577574658.39386,
SAC,2layers,Hopper-v4,10,first-actor,fswish,0.5,1881354877.729416,
SAC,2layers,Hopper-v4,30,first-actor,fswish,0.5,2846520094.718933,
SAC,2layers,Hopper-v4,20,first-actor,fswish,0.5,2514318056.697845,
SAC,2layers,Hopper-v4,40,first-actor,fswish,0.5,2563985065.536499,
SAC,2layers,Hopper-v4,50,first-actor,fswish,0.2,2617449761.352539,
SAC,2layers,Hopper-v4,10,first-actor,fswish,0.2,2378357923.2788086,
SAC,2layers,Hopper-v4,30,first-actor,fswish,0.2,2474444718.7805176,
SAC,2layers,Hopper-v4,20,first-actor,fswish,0.2,2386898932.4188232,
SAC,2layers,Hopper-v4,40,first-actor,fswish,0.2,2201113102.0736694,
SAC,2layers,Hopper-v4,50,first-actor,fswish,0.1,1963384809.2651367,
SAC,2layers,Hopper-v4,10,first-actor,fswish,0.1,2429254582.8437805,
SAC,2layers,Hopper-v4,30,first-actor,fswish,0.1,2644535949.2111206,
SAC,2layers,Hopper-v4,20,first-actor,fswish,0.1,2323735328.8269043,
SAC,2layers,Hopper-v4,40,first-actor,fswish,0.1,2634266016.7121887,
SAC,2layers,Walker-Walk,50,first-actor,fgelu,0.3,816183408.7657928,
SAC,2layers,Walker-Walk,10,first-actor,fgelu,0.3,884889305.5534363,
SAC,2layers,Walker-Walk,30,first-actor,fgelu,0.3,640124802.0648956,
SAC,2layers,Walker-Walk,20,first-actor,fgelu,0.3,856322016.4489746,
SAC,2layers,Walker-Walk,40,first-actor,fgelu,0.3,838966099.5292664,
SAC,2layers,Walker-Walk,50,first-actor,fgelu,0.4,778428390.6555176,
SAC,2layers,Walker-Walk,10,first-actor,fgelu,0.4,878660537.7388,
SAC,2layers,Walker-Walk,30,first-actor,fgelu,0.4,854376580.1048279,
SAC,2layers,Walker-Walk,20,first-actor,fgelu,0.4,824615448.7037659,
SAC,2layers,Walker-Walk,40,first-actor,fgelu,0.4,781748585.5293274,
SAC,2layers,Walker-Walk,50,first-actor,fgelu,0.1,848099397.2682953,
SAC,2layers,Walker-Walk,10,first-actor,fgelu,0.1,889426602.640152,
SAC,2layers,Walker-Walk,30,first-actor,fgelu,0.1,823579814.376831,
SAC,2layers,Walker-Walk,20,first-actor,fgelu,0.1,866423212.7380371,
SAC,2layers,Walker-Walk,40,first-actor,fgelu,0.1,841476307.8117371,
SAC,2layers,Walker-Walk,50,first-actor,fgelu,0.2,772678400.9742737,
SAC,2layers,Walker-Walk,10,first-actor,fgelu,0.2,830383130.1307678,
SAC,2layers,Walker-Walk,30,first-actor,fgelu,0.2,770679665.2030945,
SAC,2layers,Walker-Walk,20,first-actor,fgelu,0.2,858765948.5054016,
SAC,2layers,Walker-Walk,40,first-actor,fgelu,0.2,738395465.1451111,
SAC,2layers,Walker-Walk,50,first-actor,fgelu,0.5,773838328.5140991,
SAC,2layers,Walker-Walk,10,first-actor,fgelu,0.5,882633947.634697,
SAC,2layers,Walker-Walk,30,first-actor,fgelu,0.5,751846719.9420929,
SAC,2layers,Walker-Walk,20,first-actor,fgelu,0.5,739861069.7698593,
SAC,2layers,Walker-Walk,40,first-actor,fgelu,0.5,667667768.573761,
SAC,2layers,Finger-Spin,50,first-actor,fgelu,0.2,699575000.0,
SAC,2layers,Finger-Spin,10,first-actor,fgelu,0.2,602620000.0,
SAC,2layers,Finger-Spin,30,first-actor,fgelu,0.2,772970000.0,
SAC,2layers,Finger-Spin,20,first-actor,fgelu,0.2,723140000.0,
SAC,2layers,Finger-Spin,40,first-actor,fgelu,0.2,803280000.0,
SAC,2layers,Finger-Spin,50,first-actor,fgelu,0.3,770415000.0,
SAC,2layers,Finger-Spin,10,first-actor,fgelu,0.3,679605000.0,
SAC,2layers,Finger-Spin,30,first-actor,fgelu,0.3,775935000.0,
SAC,2layers,Finger-Spin,20,first-actor,fgelu,0.3,727850000.0,
SAC,2layers,Finger-Spin,40,first-actor,fgelu,0.3,741000000.0,
SAC,2layers,Finger-Spin,50,first-actor,fgelu,0.4,770500000.0,
SAC,2layers,Finger-Spin,10,first-actor,fgelu,0.4,784015000.0,
SAC,2layers,Finger-Spin,30,first-actor,fgelu,0.4,720780000.0,
SAC,2layers,Finger-Spin,20,first-actor,fgelu,0.4,731455000.0,
SAC,2layers,Finger-Spin,40,first-actor,fgelu,0.4,801855000.0,
SAC,2layers,Finger-Spin,50,first-actor,fgelu,0.1,785680000.0,
SAC,2layers,Finger-Spin,10,first-actor,fgelu,0.1,793940000.0,
SAC,2layers,Finger-Spin,30,first-actor,fgelu,0.1,613585000.0,
SAC,2layers,Finger-Spin,20,first-actor,fgelu,0.1,740635000.0,
SAC,2layers,Finger-Spin,40,first-actor,fgelu,0.1,812815000.0,
SAC,2layers,Finger-Spin,50,first-actor,fgelu,0.5,690060000.0,
SAC,2layers,Finger-Spin,10,first-actor,fgelu,0.5,783945000.0,
SAC,2layers,Finger-Spin,30,first-actor,fgelu,0.5,742785000.0,
SAC,2layers,Finger-Spin,20,first-actor,fgelu,0.5,743490000.0,
SAC,2layers,Finger-Spin,40,first-actor,fgelu,0.5,768500000.0,
SAC,2layers,Cheetah-Run,50,first-actor,fgelu,0.1,488557819.0255165,
SAC,2layers,Cheetah-Run,10,first-actor,fgelu,0.1,465230175.27639866,
SAC,2layers,Cheetah-Run,30,first-actor,fgelu,0.1,524287304.9736023,
SAC,2layers,Cheetah-Run,20,first-actor,fgelu,0.1,399986961.1644745,
SAC,2layers,Cheetah-Run,40,first-actor,fgelu,0.1,549660750.1792908,
SAC,2layers,Cheetah-Run,50,first-actor,fgelu,0.4,412490975.7852554,
SAC,2layers,Cheetah-Run,10,first-actor,fgelu,0.4,508679778.4519196,
SAC,2layers,Cheetah-Run,30,first-actor,fgelu,0.4,455477298.412323,
SAC,2layers,Cheetah-Run,20,first-actor,fgelu,0.4,430574187.297821,
SAC,2layers,Cheetah-Run,40,first-actor,fgelu,0.4,452202664.7377014,
SAC,2layers,Cheetah-Run,50,first-actor,fgelu,0.2,515720690.9704208,
SAC,2layers,Cheetah-Run,10,first-actor,fgelu,0.2,501226313.4098053,
SAC,2layers,Cheetah-Run,30,first-actor,fgelu,0.2,488671245.8491325,
SAC,2layers,Cheetah-Run,20,first-actor,fgelu,0.2,532920514.1878128,
SAC,2layers,Cheetah-Run,40,first-actor,fgelu,0.2,475343462.87846565,
SAC,2layers,Cheetah-Run,50,first-actor,fgelu,0.3,488737931.9763184,
SAC,2layers,Cheetah-Run,10,first-actor,fgelu,0.3,435759329.7219277,
SAC,2layers,Cheetah-Run,30,first-actor,fgelu,0.3,369505010.4093552,
SAC,2layers,Cheetah-Run,20,first-actor,fgelu,0.3,441869464.02549744,
SAC,2layers,Cheetah-Run,40,first-actor,fgelu,0.3,456250809.9079132,
SAC,2layers,Cheetah-Run,50,first-actor,fgelu,0.5,421826366.5533066,
SAC,2layers,Cheetah-Run,10,first-actor,fgelu,0.5,481500916.04709625,
SAC,2layers,Cheetah-Run,30,first-actor,fgelu,0.5,510574379.00066376,
SAC,2layers,Cheetah-Run,20,first-actor,fgelu,0.5,431720160.9635353,
SAC,2layers,Cheetah-Run,40,first-actor,fgelu,0.5,454363932.99102783,
SAC,2layers,Humanoid-v4,50,first-actor,fgelu,0.1,3965231272.277832,
SAC,2layers,Humanoid-v4,10,first-actor,fgelu,0.1,4182919972.686768,
SAC,2layers,Humanoid-v4,30,first-actor,fgelu,0.1,4085024543.914795,
SAC,2layers,Humanoid-v4,20,first-actor,fgelu,0.1,3880025215.759277,
SAC,2layers,Humanoid-v4,40,first-actor,fgelu,0.1,3986674810.180664,
SAC,2layers,Humanoid-v4,50,first-actor,fgelu,0.4,4461188458.862305,
SAC,2layers,Humanoid-v4,10,first-actor,fgelu,0.4,4011834302.368164,
SAC,2layers,Humanoid-v4,30,first-actor,fgelu,0.4,3739330497.131348,
SAC,2layers,Humanoid-v4,20,first-actor,fgelu,0.4,3975108265.5334473,
SAC,2layers,Humanoid-v4,40,first-actor,fgelu,0.4,3938865099.792481,
SAC,2layers,Humanoid-v4,50,first-actor,fgelu,0.2,3878275874.786377,
SAC,2layers,Humanoid-v4,10,first-actor,fgelu,0.2,3776568830.718994,
SAC,2layers,Humanoid-v4,30,first-actor,fgelu,0.2,3610066327.2094727,
SAC,2layers,Humanoid-v4,20,first-actor,fgelu,0.2,3902262254.638672,
SAC,2layers,Humanoid-v4,40,first-actor,fgelu,0.2,4017473961.486816,
SAC,2layers,Humanoid-v4,50,first-actor,fgelu,0.3,3675558988.571167,
SAC,2layers,Humanoid-v4,10,first-actor,fgelu,0.3,3917068700.408936,
SAC,2layers,Humanoid-v4,30,first-actor,fgelu,0.3,4115802389.678955,
SAC,2layers,Humanoid-v4,20,first-actor,fgelu,0.3,3867852980.499268,
SAC,2layers,Humanoid-v4,40,first-actor,fgelu,0.3,4282132691.345215,
SAC,2layers,Humanoid-v4,50,first-actor,fgelu,0.5,3993464697.418213,
SAC,2layers,Humanoid-v4,10,first-actor,fgelu,0.5,3621168277.130127,
SAC,2layers,Humanoid-v4,30,first-actor,fgelu,0.5,3763752495.4223633,
SAC,2layers,Humanoid-v4,20,first-actor,fgelu,0.5,3752725334.320069,
SAC,2layers,Humanoid-v4,40,first-actor,fgelu,0.5,3733366033.782959,
SAC,2layers,Ant-v4,50,first-actor,fgelu,0.4,3453081268.30101,
SAC,2layers,Ant-v4,10,first-actor,fgelu,0.4,2581283393.201828,
SAC,2layers,Ant-v4,30,first-actor,fgelu,0.4,3134594334.802628,
SAC,2layers,Ant-v4,20,first-actor,fgelu,0.4,2421209788.4893417,
SAC,2layers,Ant-v4,40,first-actor,fgelu,0.4,2743273504.600525,
SAC,2layers,Ant-v4,50,first-actor,fgelu,0.1,1649302273.50235,
SAC,2layers,Ant-v4,10,first-actor,fgelu,0.1,3465342477.1881104,
SAC,2layers,Ant-v4,30,first-actor,fgelu,0.1,1706052013.5116577,
SAC,2layers,Ant-v4,20,first-actor,fgelu,0.1,3261483690.674305,
SAC,2layers,Ant-v4,40,first-actor,fgelu,0.1,2788683362.5793457,
SAC,2layers,Ant-v4,50,first-actor,fgelu,0.3,3119385958.8623047,
SAC,2layers,Ant-v4,10,first-actor,fgelu,0.3,1618957149.3053436,
SAC,2layers,Ant-v4,30,first-actor,fgelu,0.3,2373058233.258724,
SAC,2layers,Ant-v4,20,first-actor,fgelu,0.3,3126478700.10376,
SAC,2layers,Ant-v4,40,first-actor,fgelu,0.3,1255014583.0059052,
SAC,2layers,Ant-v4,50,first-actor,fgelu,0.5,2149671762.213707,
SAC,2layers,Ant-v4,10,first-actor,fgelu,0.5,3230288802.170753,
SAC,2layers,Ant-v4,30,first-actor,fgelu,0.5,2430793609.712124,
SAC,2layers,Ant-v4,20,first-actor,fgelu,0.5,2044551907.2246552,
SAC,2layers,Ant-v4,40,first-actor,fgelu,0.5,3266210105.0567627,
SAC,2layers,Ant-v4,50,first-actor,fgelu,0.2,3209902237.725258,
SAC,2layers,Ant-v4,10,first-actor,fgelu,0.2,3243833019.552231,
SAC,2layers,Ant-v4,30,first-actor,fgelu,0.2,2681214419.6748734,
SAC,2layers,Ant-v4,20,first-actor,fgelu,0.2,2591340638.542176,
SAC,2layers,Ant-v4,40,first-actor,fgelu,0.2,3690446577.3773193,
SAC,2layers,Cartpole-Swingup,50,first-actor,fgelu,0.3,768052801.8188477,
SAC,2layers,Cartpole-Swingup,10,first-actor,fgelu,0.3,810888894.7296143,
SAC,2layers,Cartpole-Swingup,30,first-actor,fgelu,0.3,770999217.7200317,
SAC,2layers,Cartpole-Swingup,20,first-actor,fgelu,0.3,776964238.8916016,
SAC,2layers,Cartpole-Swingup,40,first-actor,fgelu,0.3,756318687.7441406,
SAC,2layers,Cartpole-Swingup,50,first-actor,fgelu,0.2,788169498.3673096,
SAC,2layers,Cartpole-Swingup,10,first-actor,fgelu,0.2,778345608.997345,
SAC,2layers,Cartpole-Swingup,30,first-actor,fgelu,0.2,763585534.0576172,
SAC,2layers,Cartpole-Swingup,20,first-actor,fgelu,0.2,764053738.9373779,
SAC,2layers,Cartpole-Swingup,40,first-actor,fgelu,0.2,768625786.1328125,
SAC,2layers,Cartpole-Swingup,50,first-actor,fgelu,0.5,668907492.7139282,
SAC,2layers,Cartpole-Swingup,10,first-actor,fgelu,0.5,785368342.7429199,
SAC,2layers,Cartpole-Swingup,30,first-actor,fgelu,0.5,767362353.3630371,
SAC,2layers,Cartpole-Swingup,20,first-actor,fgelu,0.5,774599968.7957764,
SAC,2layers,Cartpole-Swingup,40,first-actor,fgelu,0.5,792898623.9624023,
SAC,2layers,Cartpole-Swingup,50,first-actor,fgelu,0.1,767389249.3438721,
SAC,2layers,Cartpole-Swingup,10,first-actor,fgelu,0.1,780580990.2954102,
SAC,2layers,Cartpole-Swingup,30,first-actor,fgelu,0.1,791719846.3821411,
SAC,2layers,Cartpole-Swingup,20,first-actor,fgelu,0.1,794232383.4228516,
SAC,2layers,Cartpole-Swingup,40,first-actor,fgelu,0.1,783548236.2365723,
SAC,2layers,Cartpole-Swingup,50,first-actor,fgelu,0.4,794864475.1358032,
SAC,2layers,Cartpole-Swingup,10,first-actor,fgelu,0.4,763450392.5323486,
SAC,2layers,Cartpole-Swingup,30,first-actor,fgelu,0.4,696380305.0994873,
SAC,2layers,Cartpole-Swingup,20,first-actor,fgelu,0.4,801362890.0527954,
SAC,2layers,Cartpole-Swingup,40,first-actor,fgelu,0.4,786719531.326294,
SAC,2layers,HalfCheetah-v4,50,first-actor,fgelu,0.2,8977295210.533142,
SAC,2layers,HalfCheetah-v4,10,first-actor,fgelu,0.2,8151471284.790039,
SAC,2layers,HalfCheetah-v4,30,first-actor,fgelu,0.2,6769255829.091072,
SAC,2layers,HalfCheetah-v4,20,first-actor,fgelu,0.2,6157605226.52626,
SAC,2layers,HalfCheetah-v4,40,first-actor,fgelu,0.2,6724898845.920563,
SAC,2layers,HalfCheetah-v4,50,first-actor,fgelu,0.5,8134567738.838196,
SAC,2layers,HalfCheetah-v4,10,first-actor,fgelu,0.5,5673241671.524048,
SAC,2layers,HalfCheetah-v4,30,first-actor,fgelu,0.5,7030672865.524292,
SAC,2layers,HalfCheetah-v4,20,first-actor,fgelu,0.5,6443682751.38855,
SAC,2layers,HalfCheetah-v4,40,first-actor,fgelu,0.5,6889460984.039307,
SAC,2layers,HalfCheetah-v4,50,first-actor,fgelu,0.4,8582528093.719482,
SAC,2layers,HalfCheetah-v4,10,first-actor,fgelu,0.4,6179966282.663345,
SAC,2layers,HalfCheetah-v4,30,first-actor,fgelu,0.4,4610095425.567627,
SAC,2layers,HalfCheetah-v4,20,first-actor,fgelu,0.4,1954885752.6397705,
SAC,2layers,HalfCheetah-v4,40,first-actor,fgelu,0.4,7743189813.346863,
SAC,2layers,HalfCheetah-v4,50,first-actor,fgelu,0.1,7480074823.522568,
SAC,2layers,HalfCheetah-v4,10,first-actor,fgelu,0.1,8222445645.647049,
SAC,2layers,HalfCheetah-v4,30,first-actor,fgelu,0.1,7344958155.479431,
SAC,2layers,HalfCheetah-v4,20,first-actor,fgelu,0.1,7538486554.489136,
SAC,2layers,HalfCheetah-v4,40,first-actor,fgelu,0.1,8042006673.674583,
SAC,2layers,HalfCheetah-v4,50,first-actor,fgelu,0.3,6088559087.371826,
SAC,2layers,HalfCheetah-v4,10,first-actor,fgelu,0.3,7467097723.15979,
SAC,2layers,HalfCheetah-v4,30,first-actor,fgelu,0.3,6481963377.685547,
SAC,2layers,HalfCheetah-v4,20,first-actor,fgelu,0.3,8369609861.330986,
SAC,2layers,HalfCheetah-v4,40,first-actor,fgelu,0.3,6961397070.512772,
SAC,2layers,Hopper-v4,50,first-actor,fgelu,0.2,1947768079.1473389,
SAC,2layers,Hopper-v4,10,first-actor,fgelu,0.2,2572463225.55542,
SAC,2layers,Hopper-v4,30,first-actor,fgelu,0.2,2353037196.216584,
SAC,2layers,Hopper-v4,20,first-actor,fgelu,0.2,2758599655.380249,
SAC,2layers,Hopper-v4,40,first-actor,fgelu,0.2,2144996435.2416992,
SAC,2layers,Hopper-v4,50,first-actor,fgelu,0.5,2624139628.4484863,
SAC,2layers,Hopper-v4,10,first-actor,fgelu,0.5,2584337858.810425,
SAC,2layers,Hopper-v4,30,first-actor,fgelu,0.5,2526506442.117691,
SAC,2layers,Hopper-v4,20,first-actor,fgelu,0.5,2750906316.766739,
SAC,2layers,Hopper-v4,40,first-actor,fgelu,0.5,2973945867.614746,
SAC,2layers,Hopper-v4,50,first-actor,fgelu,0.4,2419052490.80658,
SAC,2layers,Hopper-v4,10,first-actor,fgelu,0.4,2909079061.6607666,
SAC,2layers,Hopper-v4,30,first-actor,fgelu,0.4,2530378235.015869,
SAC,2layers,Hopper-v4,20,first-actor,fgelu,0.4,2761018833.017349,
SAC,2layers,Hopper-v4,40,first-actor,fgelu,0.4,2608656669.921875,
SAC,2layers,Hopper-v4,50,first-actor,fgelu,0.1,2521642433.7768555,
SAC,2layers,Hopper-v4,10,first-actor,fgelu,0.1,1823215660.7055664,
SAC,2layers,Hopper-v4,30,first-actor,fgelu,0.1,2777400361.404419,
SAC,2layers,Hopper-v4,20,first-actor,fgelu,0.1,2603636131.8969727,
SAC,2layers,Hopper-v4,40,first-actor,fgelu,0.1,1918033320.770264,
SAC,2layers,Hopper-v4,50,first-actor,fgelu,0.3,2589004106.1401367,
SAC,2layers,Hopper-v4,10,first-actor,fgelu,0.3,2856970118.255615,
SAC,2layers,Hopper-v4,30,first-actor,fgelu,0.3,2463682541.0461426,
SAC,2layers,Hopper-v4,20,first-actor,fgelu,0.3,1992186669.464112,
SAC,2layers,Hopper-v4,40,first-actor,fgelu,0.3,2431955574.798584,
SAC,2layers,HalfCheetah-v4,50,first-actor,lrelu,base,8335939750.938416,
SAC,2layers,HalfCheetah-v4,10,first-actor,lrelu,base,6633501605.358124,
SAC,2layers,HalfCheetah-v4,30,first-actor,lrelu,base,1732334758.0718994,
SAC,2layers,HalfCheetah-v4,20,first-actor,lrelu,base,8006997643.229961,
SAC,2layers,HalfCheetah-v4,40,first-actor,lrelu,base,8099732210.559845,
SAC,2layers,Humanoid-v4,50,first-actor,lrelu,base,3559470613.2507324,
SAC,2layers,Humanoid-v4,10,first-actor,lrelu,base,3840792063.140869,
SAC,2layers,Humanoid-v4,30,first-actor,lrelu,base,3472767676.2390137,
SAC,2layers,Humanoid-v4,20,first-actor,lrelu,base,3644132381.8969727,
SAC,2layers,Humanoid-v4,40,first-actor,lrelu,base,3389767534.0271,
SAC,2layers,Hopper-v4,50,first-actor,lrelu,base,2429355339.8895264,
SAC,2layers,Hopper-v4,10,first-actor,lrelu,base,2723514580.5358887,
SAC,2layers,Hopper-v4,30,first-actor,lrelu,base,2275863963.012696,
SAC,2layers,Hopper-v4,20,first-actor,lrelu,base,2676234827.423096,
SAC,2layers,Hopper-v4,40,first-actor,lrelu,base,2289858129.501343,
SAC,2layers,Walker-Walk,50,first-actor,lrelu,base,852979123.0773926,
SAC,2layers,Walker-Walk,10,first-actor,lrelu,base,582241030.6739807,
SAC,2layers,Walker-Walk,30,first-actor,lrelu,base,838679667.224884,
SAC,2layers,Walker-Walk,20,first-actor,lrelu,base,616640884.7522736,
SAC,2layers,Walker-Walk,40,first-actor,lrelu,base,532115798.6545563,
SAC,2layers,Cartpole-Swingup,50,first-actor,lrelu,base,746784627.7236938,
SAC,2layers,Cartpole-Swingup,10,first-actor,lrelu,base,708696988.3346558,
SAC,2layers,Cartpole-Swingup,30,first-actor,lrelu,base,721634603.1951904,
SAC,2layers,Cartpole-Swingup,20,first-actor,lrelu,base,721498130.569458,
SAC,2layers,Cartpole-Swingup,40,first-actor,lrelu,base,796865032.5012207,
SAC,2layers,Finger-Spin,50,first-actor,lrelu,base,711980000.0,
SAC,2layers,Finger-Spin,10,first-actor,lrelu,base,801845000.0,
SAC,2layers,Finger-Spin,30,first-actor,lrelu,base,719185000.0,
SAC,2layers,Finger-Spin,20,first-actor,lrelu,base,738730000.0,
SAC,2layers,Finger-Spin,40,first-actor,lrelu,base,787485000.0,
SAC,2layers,Ant-v4,50,first-actor,lrelu,base,2965593873.023987,
SAC,2layers,Ant-v4,10,first-actor,lrelu,base,2623879593.3532715,
SAC,2layers,Ant-v4,30,first-actor,lrelu,base,2126871582.41272,
SAC,2layers,Ant-v4,20,first-actor,lrelu,base,3026769795.0935364,
SAC,2layers,Ant-v4,40,first-actor,lrelu,base,2638355812.649727,
SAC,2layers,Cheetah-Run,50,first-actor,lrelu,base,414636169.462204,
SAC,2layers,Cheetah-Run,10,first-actor,lrelu,base,498185887.4505758,
SAC,2layers,Cheetah-Run,30,first-actor,lrelu,base,508689857.3064804,
SAC,2layers,Cheetah-Run,20,first-actor,lrelu,base,462942770.2665329,
SAC,2layers,Cheetah-Run,40,first-actor,lrelu,base,414466495.3303337,
SAC,2layers,Walker-Walk,50,first-actor,fprelu,0.1,865770093.7648187,
SAC,2layers,Walker-Walk,10,first-actor,fprelu,0.1,703542628.0303874,
SAC,2layers,Walker-Walk,30,first-actor,fprelu,0.1,750093060.657735,
SAC,2layers,Walker-Walk,20,first-actor,fprelu,0.1,875690870.534328,
SAC,2layers,Walker-Walk,40,first-actor,fprelu,0.1,788719586.3316603,
SAC,2layers,Walker-Walk,50,first-actor,fprelu,0.2,865652632.814079,
SAC,2layers,Walker-Walk,10,first-actor,fprelu,0.2,629711629.8688266,
SAC,2layers,Walker-Walk,30,first-actor,fprelu,0.2,649207190.8170593,
SAC,2layers,Walker-Walk,20,first-actor,fprelu,0.2,775962693.8385249,
SAC,2layers,Walker-Walk,40,first-actor,fprelu,0.2,711401323.2066061,
SAC,2layers,Walker-Walk,50,first-actor,fprelu,0.5,875219748.8254905,
SAC,2layers,Walker-Walk,10,first-actor,fprelu,0.5,851087680.3141733,
SAC,2layers,Walker-Walk,30,first-actor,fprelu,0.5,817552855.4347612,
SAC,2layers,Walker-Walk,20,first-actor,fprelu,0.5,879795677.3131846,
SAC,2layers,Walker-Walk,40,first-actor,fprelu,0.5,832101775.8859341,
SAC,2layers,Walker-Walk,50,first-actor,fprelu,0.4,757836322.1753579,
SAC,2layers,Walker-Walk,10,first-actor,fprelu,0.4,744531631.1732302,
SAC,2layers,Walker-Walk,30,first-actor,fprelu,0.4,851181261.4794399,
SAC,2layers,Walker-Walk,20,first-actor,fprelu,0.4,884649164.6823983,
SAC,2layers,Walker-Walk,40,first-actor,fprelu,0.4,826584291.242433,
SAC,2layers,Walker-Walk,50,first-actor,fprelu,0.3,846085540.7332795,
SAC,2layers,Walker-Walk,10,first-actor,fprelu,0.3,819920383.6735847,
SAC,2layers,Walker-Walk,30,first-actor,fprelu,0.3,765744545.694448,
SAC,2layers,Walker-Walk,20,first-actor,fprelu,0.3,861626004.388218,
SAC,2layers,Walker-Walk,40,first-actor,fprelu,0.3,621102278.1024262,
SAC,2layers,Finger-Spin,50,first-actor,fprelu,0.3,876250000.0,
SAC,2layers,Finger-Spin,10,first-actor,fprelu,0.3,873605000.0,
SAC,2layers,Finger-Spin,30,first-actor,fprelu,0.3,757360000.0,
SAC,2layers,Finger-Spin,20,first-actor,fprelu,0.3,779600000.0,
SAC,2layers,Finger-Spin,40,first-actor,fprelu,0.3,866830000.0,
SAC,2layers,Finger-Spin,50,first-actor,fprelu,0.4,793845000.0,
SAC,2layers,Finger-Spin,10,first-actor,fprelu,0.4,702325000.0,
SAC,2layers,Finger-Spin,30,first-actor,fprelu,0.4,780785000.0,
SAC,2layers,Finger-Spin,20,first-actor,fprelu,0.4,810055000.0,
SAC,2layers,Finger-Spin,40,first-actor,fprelu,0.4,781040000.0,
SAC,2layers,Finger-Spin,50,first-actor,fprelu,0.1,703185000.0,
SAC,2layers,Finger-Spin,10,first-actor,fprelu,0.1,784210000.0,
SAC,2layers,Finger-Spin,30,first-actor,fprelu,0.1,719060000.0,
SAC,2layers,Finger-Spin,20,first-actor,fprelu,0.1,671570000.0,
SAC,2layers,Finger-Spin,40,first-actor,fprelu,0.1,799175000.0,
SAC,2layers,Finger-Spin,50,first-actor,fprelu,0.2,798845000.0,
SAC,2layers,Finger-Spin,10,first-actor,fprelu,0.2,765300000.0,
SAC,2layers,Finger-Spin,30,first-actor,fprelu,0.2,759205000.0,
SAC,2layers,Finger-Spin,20,first-actor,fprelu,0.2,676545000.0,
SAC,2layers,Finger-Spin,40,first-actor,fprelu,0.2,721950000.0,
SAC,2layers,Finger-Spin,50,first-actor,fprelu,0.5,760255000.0,
SAC,2layers,Finger-Spin,10,first-actor,fprelu,0.5,784225000.0,
SAC,2layers,Finger-Spin,30,first-actor,fprelu,0.5,790905000.0,
SAC,2layers,Finger-Spin,20,first-actor,fprelu,0.5,714950000.0,
SAC,2layers,Finger-Spin,40,first-actor,fprelu,0.5,782905000.0,
SAC,2layers,Cheetah-Run,50,first-actor,fprelu,0.5,469752733.60754025,
SAC,2layers,Cheetah-Run,10,first-actor,fprelu,0.5,515715210.9631348,
SAC,2layers,Cheetah-Run,30,first-actor,fprelu,0.5,476703824.91155046,
SAC,2layers,Cheetah-Run,20,first-actor,fprelu,0.5,495279334.078467,
SAC,2layers,Cheetah-Run,40,first-actor,fprelu,0.5,449361980.4930431,
SAC,2layers,Cheetah-Run,50,first-actor,fprelu,0.4,498539836.65710825,
SAC,2layers,Cheetah-Run,10,first-actor,fprelu,0.4,431507373.88196605,
SAC,2layers,Cheetah-Run,30,first-actor,fprelu,0.4,495873091.7534286,
SAC,2layers,Cheetah-Run,20,first-actor,fprelu,0.4,493885325.0756962,
SAC,2layers,Cheetah-Run,40,first-actor,fprelu,0.4,571300881.9096587,
SAC,2layers,Cheetah-Run,50,first-actor,fprelu,0.3,482524413.10945886,
SAC,2layers,Cheetah-Run,10,first-actor,fprelu,0.3,482064032.5902733,
SAC,2layers,Cheetah-Run,30,first-actor,fprelu,0.3,529417305.4127585,
SAC,2layers,Cheetah-Run,20,first-actor,fprelu,0.3,421372552.42789936,
SAC,2layers,Cheetah-Run,40,first-actor,fprelu,0.3,487372045.8877811,
SAC,2layers,Cheetah-Run,50,first-actor,fprelu,0.2,514426668.9480537,
SAC,2layers,Cheetah-Run,10,first-actor,fprelu,0.2,478356550.4260729,
SAC,2layers,Cheetah-Run,30,first-actor,fprelu,0.2,464684857.811308,
SAC,2layers,Cheetah-Run,20,first-actor,fprelu,0.2,445448125.5128549,
SAC,2layers,Cheetah-Run,40,first-actor,fprelu,0.2,483263080.6566253,
SAC,2layers,Cheetah-Run,50,first-actor,fprelu,0.1,439007976.2356703,
SAC,2layers,Cheetah-Run,10,first-actor,fprelu,0.1,404358725.1904794,
SAC,2layers,Cheetah-Run,30,first-actor,fprelu,0.1,351461433.9924388,
SAC,2layers,Cheetah-Run,20,first-actor,fprelu,0.1,494625859.7740212,
SAC,2layers,Cheetah-Run,40,first-actor,fprelu,0.1,458992444.865876,
SAC,2layers,Humanoid-v4,50,first-actor,fprelu,0.3,3381160399.7975183,
SAC,2layers,Humanoid-v4,10,first-actor,fprelu,0.3,3635595999.749051,
SAC,2layers,Humanoid-v4,30,first-actor,fprelu,0.3,3681241110.2761946,
SAC,2layers,Humanoid-v4,20,first-actor,fprelu,0.3,4086683683.2707353,
SAC,2layers,Humanoid-v4,40,first-actor,fprelu,0.3,3867184815.151948,
SAC,2layers,Humanoid-v4,50,first-actor,fprelu,0.1,3858562204.82339,
SAC,2layers,Humanoid-v4,10,first-actor,fprelu,0.1,3831722633.952299,
SAC,2layers,Humanoid-v4,30,first-actor,fprelu,0.1,3596184156.366324,
SAC,2layers,Humanoid-v4,20,first-actor,fprelu,0.1,3538621963.0940137,
SAC,2layers,Humanoid-v4,40,first-actor,fprelu,0.1,3430776287.8135524,
SAC,2layers,Humanoid-v4,50,first-actor,fprelu,0.5,3959769129.452956,
SAC,2layers,Humanoid-v4,10,first-actor,fprelu,0.5,4150803384.605958,
SAC,2layers,Humanoid-v4,30,first-actor,fprelu,0.5,3792232721.997338,
SAC,2layers,Humanoid-v4,20,first-actor,fprelu,0.5,3864549956.9774,
SAC,2layers,Humanoid-v4,40,first-actor,fprelu,0.5,3526917058.1328754,
SAC,2layers,Humanoid-v4,50,first-actor,fprelu,0.2,3945016006.038885,
SAC,2layers,Humanoid-v4,10,first-actor,fprelu,0.2,3755705413.799463,
SAC,2layers,Humanoid-v4,30,first-actor,fprelu,0.2,3662931758.5731583,
SAC,2layers,Humanoid-v4,20,first-actor,fprelu,0.2,3483548951.421795,
SAC,2layers,Humanoid-v4,40,first-actor,fprelu,0.2,3631531654.662606,
SAC,2layers,Humanoid-v4,50,first-actor,fprelu,0.4,3621579771.094709,
SAC,2layers,Humanoid-v4,10,first-actor,fprelu,0.4,4011537259.178948,
SAC,2layers,Humanoid-v4,30,first-actor,fprelu,0.4,3550135846.1794763,
SAC,2layers,Humanoid-v4,20,first-actor,fprelu,0.4,3534417645.137723,
SAC,2layers,Humanoid-v4,40,first-actor,fprelu,0.4,3533510336.121354,
SAC,2layers,Ant-v4,50,first-actor,fprelu,0.5,2255415363.7637143,
SAC,2layers,Ant-v4,10,first-actor,fprelu,0.5,3522342804.61116,
SAC,2layers,Ant-v4,30,first-actor,fprelu,0.5,2778714475.8452115,
SAC,2layers,Ant-v4,20,first-actor,fprelu,0.5,3479282518.642721,
SAC,2layers,Ant-v4,40,first-actor,fprelu,0.5,4160558049.52048,
SAC,2layers,Ant-v4,50,first-actor,fprelu,0.1,1914743091.750681,
SAC,2layers,Ant-v4,10,first-actor,fprelu,0.1,2007748260.314187,
SAC,2layers,Ant-v4,30,first-actor,fprelu,0.1,2122004450.1108112,
SAC,2layers,Ant-v4,20,first-actor,fprelu,0.1,2922008387.1653986,
SAC,2layers,Ant-v4,40,first-actor,fprelu,0.1,2352763287.5034146,
SAC,2layers,Ant-v4,50,first-actor,fprelu,0.4,1503922743.4728673,
SAC,2layers,Ant-v4,10,first-actor,fprelu,0.4,3639690469.414271,
SAC,2layers,Ant-v4,30,first-actor,fprelu,0.4,2283149363.669971,
SAC,2layers,Ant-v4,20,first-actor,fprelu,0.4,2928352510.752505,
SAC,2layers,Ant-v4,40,first-actor,fprelu,0.4,2486963836.6587315,
SAC,2layers,Ant-v4,50,first-actor,fprelu,0.2,2241427669.181531,
SAC,2layers,Ant-v4,10,first-actor,fprelu,0.2,2840180911.7716446,
SAC,2layers,Ant-v4,30,first-actor,fprelu,0.2,3664864664.005504,
SAC,2layers,Ant-v4,20,first-actor,fprelu,0.2,3608708672.497831,
SAC,2layers,Ant-v4,40,first-actor,fprelu,0.2,4088772612.031964,
SAC,2layers,Ant-v4,50,first-actor,fprelu,0.3,2589576306.189249,
SAC,2layers,Ant-v4,10,first-actor,fprelu,0.3,2349617890.3649955,
SAC,2layers,Ant-v4,30,first-actor,fprelu,0.3,3244548965.312881,
SAC,2layers,Ant-v4,20,first-actor,fprelu,0.3,4391914527.957137,
SAC,2layers,Ant-v4,40,first-actor,fprelu,0.3,2422316062.0972857,
SAC,2layers,Cartpole-Swingup,50,first-actor,fprelu,0.2,808961678.8873982,
SAC,2layers,Cartpole-Swingup,10,first-actor,fprelu,0.2,777251826.4827353,
SAC,2layers,Cartpole-Swingup,30,first-actor,fprelu,0.2,769488822.0289603,
SAC,2layers,Cartpole-Swingup,20,first-actor,fprelu,0.2,776210148.669046,
SAC,2layers,Cartpole-Swingup,40,first-actor,fprelu,0.2,786262924.9597577,
SAC,2layers,Cartpole-Swingup,50,first-actor,fprelu,0.4,789479161.5540955,
SAC,2layers,Cartpole-Swingup,10,first-actor,fprelu,0.4,792063977.7833084,
SAC,2layers,Cartpole-Swingup,30,first-actor,fprelu,0.4,777653245.6116244,
SAC,2layers,Cartpole-Swingup,20,first-actor,fprelu,0.4,800523966.6508453,
SAC,2layers,Cartpole-Swingup,40,first-actor,fprelu,0.4,651500237.2959443,
SAC,2layers,Cartpole-Swingup,50,first-actor,fprelu,0.5,789323082.5620066,
SAC,2layers,Cartpole-Swingup,10,first-actor,fprelu,0.5,733227260.1261444,
SAC,2layers,Cartpole-Swingup,30,first-actor,fprelu,0.5,791268186.4889239,
SAC,2layers,Cartpole-Swingup,20,first-actor,fprelu,0.5,776764419.3680874,
SAC,2layers,Cartpole-Swingup,40,first-actor,fprelu,0.5,742652419.8470424,
SAC,2layers,Cartpole-Swingup,50,first-actor,fprelu,0.3,521662743.3204503,
SAC,2layers,Cartpole-Swingup,10,first-actor,fprelu,0.3,784497869.7946309,
SAC,2layers,Cartpole-Swingup,30,first-actor,fprelu,0.3,757249631.8269717,
SAC,2layers,Cartpole-Swingup,20,first-actor,fprelu,0.3,786271952.3410126,
SAC,2layers,Cartpole-Swingup,40,first-actor,fprelu,0.3,804496436.1491088,
SAC,2layers,Cartpole-Swingup,50,first-actor,fprelu,0.1,791778391.266308,
SAC,2layers,Cartpole-Swingup,10,first-actor,fprelu,0.1,793291913.5548832,
SAC,2layers,Cartpole-Swingup,30,first-actor,fprelu,0.1,769511063.4589032,
SAC,2layers,Cartpole-Swingup,20,first-actor,fprelu,0.1,781908666.9097264,
SAC,2layers,Cartpole-Swingup,40,first-actor,fprelu,0.1,731694243.6019943,
SAC,2layers,HalfCheetah-v4,50,first-actor,fprelu,0.2,7364630856.66133,
SAC,2layers,HalfCheetah-v4,10,first-actor,fprelu,0.2,7465564107.55316,
SAC,2layers,HalfCheetah-v4,30,first-actor,fprelu,0.2,8082006975.26715,
SAC,2layers,HalfCheetah-v4,20,first-actor,fprelu,0.2,7232465612.342321,
SAC,2layers,HalfCheetah-v4,40,first-actor,fprelu,0.2,1932791513.8900087,
SAC,2layers,HalfCheetah-v4,50,first-actor,fprelu,0.5,7031538316.32268,
SAC,2layers,HalfCheetah-v4,10,first-actor,fprelu,0.5,7141329565.790462,
SAC,2layers,HalfCheetah-v4,30,first-actor,fprelu,0.5,6595874573.507672,
SAC,2layers,HalfCheetah-v4,20,first-actor,fprelu,0.5,6338367125.168362,
SAC,2layers,HalfCheetah-v4,40,first-actor,fprelu,0.5,6862806035.561358,
SAC,2layers,HalfCheetah-v4,50,first-actor,fprelu,0.1,8224871923.57286,
SAC,2layers,HalfCheetah-v4,10,first-actor,fprelu,0.1,7486434001.01445,
SAC,2layers,HalfCheetah-v4,30,first-actor,fprelu,0.1,7129747788.424122,
SAC,2layers,HalfCheetah-v4,20,first-actor,fprelu,0.1,7251711705.8197155,
SAC,2layers,HalfCheetah-v4,40,first-actor,fprelu,0.1,7269428446.621229,
SAC,2layers,HalfCheetah-v4,50,first-actor,fprelu,0.3,8066327079.298942,
SAC,2layers,HalfCheetah-v4,10,first-actor,fprelu,0.3,8395424461.828989,
SAC,2layers,HalfCheetah-v4,30,first-actor,fprelu,0.3,7800940318.535797,
SAC,2layers,HalfCheetah-v4,20,first-actor,fprelu,0.3,6430534930.936657,
SAC,2layers,HalfCheetah-v4,40,first-actor,fprelu,0.3,6872207745.207612,
SAC,2layers,HalfCheetah-v4,50,first-actor,fprelu,0.4,7958909186.383318,
SAC,2layers,HalfCheetah-v4,10,first-actor,fprelu,0.4,6902261909.06602,
SAC,2layers,HalfCheetah-v4,30,first-actor,fprelu,0.4,7983124899.286409,
SAC,2layers,HalfCheetah-v4,20,first-actor,fprelu,0.4,7162497579.761905,
SAC,2layers,HalfCheetah-v4,40,first-actor,fprelu,0.4,7016893952.079935,
SAC,2layers,Hopper-v4,50,first-actor,fprelu,0.1,2396344521.3952737,
SAC,2layers,Hopper-v4,10,first-actor,fprelu,0.1,1629328351.9040024,
SAC,2layers,Hopper-v4,30,first-actor,fprelu,0.1,2568447062.886112,
SAC,2layers,Hopper-v4,20,first-actor,fprelu,0.1,2752499738.6290927,
SAC,2layers,Hopper-v4,40,first-actor,fprelu,0.1,2658795230.256732,
SAC,2layers,Hopper-v4,50,first-actor,fprelu,0.4,2517097205.9058456,
SAC,2layers,Hopper-v4,10,first-actor,fprelu,0.4,2284196980.994441,
SAC,2layers,Hopper-v4,30,first-actor,fprelu,0.4,2655680867.3511453,
SAC,2layers,Hopper-v4,20,first-actor,fprelu,0.4,2360079058.408908,
SAC,2layers,Hopper-v4,40,first-actor,fprelu,0.4,2910619715.0701456,
SAC,2layers,Hopper-v4,50,first-actor,fprelu,0.2,2686937750.1684628,
SAC,2layers,Hopper-v4,10,first-actor,fprelu,0.2,1988881165.4105644,
SAC,2layers,Hopper-v4,30,first-actor,fprelu,0.2,3030663666.889172,
SAC,2layers,Hopper-v4,20,first-actor,fprelu,0.2,2858400907.101776,
SAC,2layers,Hopper-v4,40,first-actor,fprelu,0.2,2293146905.517481,
SAC,2layers,Hopper-v4,50,first-actor,fprelu,0.3,2197535318.3394604,
SAC,2layers,Hopper-v4,10,first-actor,fprelu,0.3,2497530205.521866,
SAC,2layers,Hopper-v4,30,first-actor,fprelu,0.3,2645699067.906555,
SAC,2layers,Hopper-v4,20,first-actor,fprelu,0.3,2538963741.443992,
SAC,2layers,Hopper-v4,40,first-actor,fprelu,0.3,2811151610.1145067,
SAC,2layers,Hopper-v4,50,first-actor,fprelu,0.5,2243831401.8197746,
SAC,2layers,Hopper-v4,10,first-actor,fprelu,0.5,2635940328.3711424,
SAC,2layers,Hopper-v4,30,first-actor,fprelu,0.5,2799950699.780828,
SAC,2layers,Hopper-v4,20,first-actor,fprelu,0.5,2583771613.6669345,
SAC,2layers,Hopper-v4,40,first-actor,fprelu,0.5,2618310628.6610203,
SAC,2layers,Cheetah-Run,50,r,relu,base,328384598.23889416,328384598.23889416
SAC,2layers,Cheetah-Run,10,r,relu,base,445260163.5120485,445260163.5120485
SAC,2layers,Cheetah-Run,30,r,relu,base,438034867.06369406,438034867.06369406
SAC,2layers,Cheetah-Run,20,r,relu,base,445601242.6038648,445601242.6038648
SAC,2layers,Cheetah-Run,40,r,relu,base,434779537.30444825,434779537.30444825
SAC,2layers,Finger-Spin,50,r,relu,base,761195000.0,761195000.0
SAC,2layers,Finger-Spin,10,r,relu,base,686040000.0,686040000.0
SAC,2layers,Finger-Spin,30,r,relu,base,503420000.0,503420000.0
SAC,2layers,Finger-Spin,20,r,relu,base,747505000.0,747505000.0
SAC,2layers,Finger-Spin,40,r,relu,base,807320000.0,807320000.0
SAC,2layers,Humanoid-v4,50,r,relu,base,3449016652.672395,3449016652.672395
SAC,2layers,Humanoid-v4,10,r,relu,base,3806953874.7753353,3806953874.7753353
SAC,2layers,Humanoid-v4,30,r,relu,base,3992490911.331421,3992490911.331421
SAC,2layers,Humanoid-v4,20,r,relu,base,4148411072.002456,4148411072.002456
SAC,2layers,Humanoid-v4,40,r,relu,base,3700875161.954232,3700875161.954232
SAC,2layers,Hopper-v4,50,r,relu,base,2515608064.6817403,2515608064.6817403
SAC,2layers,Hopper-v4,10,r,relu,base,2037961125.851356,2037961125.851356
SAC,2layers,Hopper-v4,30,r,relu,base,2585655844.932464,2585655844.932464
SAC,2layers,Hopper-v4,20,r,relu,base,2078260917.452968,2078260917.452968
SAC,2layers,Hopper-v4,40,r,relu,base,2449595511.319903,2449595511.319903
SAC,2layers,Ant-v4,50,r,relu,base,2294461273.270237,2294461273.270237
SAC,2layers,Ant-v4,10,r,relu,base,1380707106.751527,1380707106.751527
SAC,2layers,Ant-v4,30,r,relu,base,2437298801.985153,2437298801.985153
SAC,2layers,Ant-v4,20,r,relu,base,3369097757.131433,3369097757.131433
SAC,2layers,Ant-v4,40,r,relu,base,2381548884.6577287,2381548884.6577287
SAC,2layers,Walker-Walk,50,r,relu,base,845482700.1065564,845482700.1065564
SAC,2layers,Walker-Walk,10,r,relu,base,645395937.5405675,645395937.5405675
SAC,2layers,Walker-Walk,30,r,relu,base,816032805.9604473,816032805.9604473
SAC,2layers,Walker-Walk,20,r,relu,base,857885238.8704151,857885238.8704151
SAC,2layers,Walker-Walk,40,r,relu,base,672910339.9697014,672910339.9697014
SAC,2layers,HalfCheetah-v4,50,r,relu,base,6510866599.164081,6510866599.164081
SAC,2layers,HalfCheetah-v4,10,r,relu,base,7659146493.519172,7659146493.519172
SAC,2layers,HalfCheetah-v4,30,r,relu,base,6171446514.553885,6171446514.553885
SAC,2layers,HalfCheetah-v4,20,r,relu,base,6510866599.164081,6510866599.164081
SAC,2layers,HalfCheetah-v4,40,r,relu,base,7401046241.867152,7401046241.867152
SAC,2layers,Cartpole-Swingup,50,r,relu,base,740230861.9430355,740230861.9430355
SAC,2layers,Cartpole-Swingup,10,r,relu,base,778790833.2085719,778790833.2085719
SAC,2layers,Cartpole-Swingup,30,r,relu,base,807255325.0069916,807255325.0069916
SAC,2layers,Cartpole-Swingup,20,r,relu,base,723958720.8950835,723958720.8950835
SAC,2layers,Cartpole-Swingup,40,r,relu,base,777968151.1174688,777968151.1174688
SAC,2layers,Ant-v4,50,all-actor,frelu,0.2,2616070578.017264,
SAC,2layers,Ant-v4,10,all-actor,frelu,0.2,2592972255.559722,
SAC,2layers,Ant-v4,30,all-actor,frelu,0.2,3567054365.1662617,
SAC,2layers,Ant-v4,20,all-actor,frelu,0.2,3018022335.003278,
SAC,2layers,Ant-v4,40,all-actor,frelu,0.2,3136115763.0599427,
SAC,2layers,Ant-v4,50,all-actor,frelu,0.5,1898471528.147312,
SAC,2layers,Ant-v4,10,all-actor,frelu,0.5,3930209604.147506,
SAC,2layers,Ant-v4,30,all-actor,frelu,0.5,1403129881.0087633,
SAC,2layers,Ant-v4,20,all-actor,frelu,0.5,4246872832.264427,
SAC,2layers,Ant-v4,40,all-actor,frelu,0.5,1733367734.5481,
SAC,2layers,Ant-v4,50,all-actor,frelu,0.3,3266821399.625639,
SAC,2layers,Ant-v4,10,all-actor,frelu,0.3,1612119319.6109736,
SAC,2layers,Ant-v4,30,all-actor,frelu,0.3,1757182279.5485802,
SAC,2layers,Ant-v4,20,all-actor,frelu,0.3,3321476220.083708,
SAC,2layers,Ant-v4,40,all-actor,frelu,0.3,2481833197.1763043,
SAC,2layers,Ant-v4,50,all-actor,frelu,0.4,3943084696.461229,
SAC,2layers,Ant-v4,10,all-actor,frelu,0.4,2450526653.4805965,
SAC,2layers,Ant-v4,30,all-actor,frelu,0.4,2332032017.3623195,
SAC,2layers,Ant-v4,20,all-actor,frelu,0.4,3489008995.0016217,
SAC,2layers,Ant-v4,40,all-actor,frelu,0.4,2579990190.299006,
SAC,2layers,Ant-v4,50,all-actor,frelu,0.1,2984923668.514991,
SAC,2layers,Ant-v4,10,all-actor,frelu,0.1,2882944296.0169315,
SAC,2layers,Ant-v4,30,all-actor,frelu,0.1,2737804780.3720374,
SAC,2layers,Ant-v4,20,all-actor,frelu,0.1,2446884857.354668,
SAC,2layers,Ant-v4,40,all-actor,frelu,0.1,2288441558.486784,
SAC,2layers,Walker-Walk,50,all-actor,frelu,0.1,858894855.1130825,
SAC,2layers,Walker-Walk,10,all-actor,frelu,0.1,581956843.4606951,
SAC,2layers,Walker-Walk,30,all-actor,frelu,0.1,825667772.1283255,
SAC,2layers,Walker-Walk,20,all-actor,frelu,0.1,817744395.3641907,
SAC,2layers,Walker-Walk,40,all-actor,frelu,0.1,727888563.7714598,
SAC,2layers,Walker-Walk,50,all-actor,frelu,0.5,725097170.7947327,
SAC,2layers,Walker-Walk,10,all-actor,frelu,0.5,704786307.5445824,
SAC,2layers,Walker-Walk,30,all-actor,frelu,0.5,564827644.2051369,
SAC,2layers,Walker-Walk,20,all-actor,frelu,0.5,798987009.6615713,
SAC,2layers,Walker-Walk,40,all-actor,frelu,0.5,679383501.3544911,
SAC,2layers,Walker-Walk,50,all-actor,frelu,0.4,719168342.0929219,
SAC,2layers,Walker-Walk,10,all-actor,frelu,0.4,742027611.1061667,
SAC,2layers,Walker-Walk,30,all-actor,frelu,0.4,725288629.1621097,
SAC,2layers,Walker-Walk,20,all-actor,frelu,0.4,868580310.2911093,
SAC,2layers,Walker-Walk,40,all-actor,frelu,0.4,880849400.562101,
SAC,2layers,Walker-Walk,50,all-actor,frelu,0.3,819856887.3962944,
SAC,2layers,Walker-Walk,10,all-actor,frelu,0.3,815266026.7550056,
SAC,2layers,Walker-Walk,30,all-actor,frelu,0.3,642727998.0166765,
SAC,2layers,Walker-Walk,20,all-actor,frelu,0.3,863000056.9931076,
SAC,2layers,Walker-Walk,40,all-actor,frelu,0.3,797273298.8845165,
SAC,2layers,Walker-Walk,50,all-actor,frelu,0.2,841109994.6055827,
SAC,2layers,Walker-Walk,10,all-actor,frelu,0.2,674763032.8229185,
SAC,2layers,Walker-Walk,30,all-actor,frelu,0.2,723732870.0963575,
SAC,2layers,Walker-Walk,20,all-actor,frelu,0.2,782392919.6179484,
SAC,2layers,Walker-Walk,40,all-actor,frelu,0.2,763391785.0195512,
SAC,2layers,Finger-Spin,50,all-actor,frelu,0.3,784425000.0,
SAC,2layers,Finger-Spin,10,all-actor,frelu,0.3,795460000.0,
SAC,2layers,Finger-Spin,30,all-actor,frelu,0.3,684830000.0,
SAC,2layers,Finger-Spin,20,all-actor,frelu,0.3,727140000.0,
SAC,2layers,Finger-Spin,40,all-actor,frelu,0.3,720165000.0,
SAC,2layers,Finger-Spin,50,all-actor,frelu,0.4,790935000.0,
SAC,2layers,Finger-Spin,10,all-actor,frelu,0.4,807780000.0,
SAC,2layers,Finger-Spin,30,all-actor,frelu,0.4,749120000.0,
SAC,2layers,Finger-Spin,20,all-actor,frelu,0.4,712985000.0,
SAC,2layers,Finger-Spin,40,all-actor,frelu,0.4,712965000.0,
SAC,2layers,Finger-Spin,50,all-actor,frelu,0.2,760145000.0,
SAC,2layers,Finger-Spin,10,all-actor,frelu,0.2,794145000.0,
SAC,2layers,Finger-Spin,30,all-actor,frelu,0.2,666585000.0,
SAC,2layers,Finger-Spin,20,all-actor,frelu,0.2,503710000.0,
SAC,2layers,Finger-Spin,40,all-actor,frelu,0.2,868875000.0,
SAC,2layers,Finger-Spin,50,all-actor,frelu,0.1,800555000.0,
SAC,2layers,Finger-Spin,10,all-actor,frelu,0.1,799785000.0,
SAC,2layers,Finger-Spin,30,all-actor,frelu,0.1,723450000.0,
SAC,2layers,Finger-Spin,20,all-actor,frelu,0.1,736330000.0,
SAC,2layers,Finger-Spin,40,all-actor,frelu,0.1,768185000.0,
SAC,2layers,Finger-Spin,50,all-actor,frelu,0.5,784965000.0,
SAC,2layers,Finger-Spin,10,all-actor,frelu,0.5,803795000.0,
SAC,2layers,Finger-Spin,30,all-actor,frelu,0.5,736315000.0,
SAC,2layers,Finger-Spin,20,all-actor,frelu,0.5,798715000.0,
SAC,2layers,Finger-Spin,40,all-actor,frelu,0.5,797155000.0,
SAC,2layers,Cheetah-Run,50,all-actor,frelu,0.4,415122275.9469976,
SAC,2layers,Cheetah-Run,10,all-actor,frelu,0.4,519071092.2883743,
SAC,2layers,Cheetah-Run,30,all-actor,frelu,0.4,487875953.7687236,
SAC,2layers,Cheetah-Run,20,all-actor,frelu,0.4,485157313.618557,
SAC,2layers,Cheetah-Run,40,all-actor,frelu,0.4,411513699.1493545,
SAC,2layers,Cheetah-Run,50,all-actor,frelu,0.1,437182977.8486654,
SAC,2layers,Cheetah-Run,10,all-actor,frelu,0.1,442010834.25893337,
SAC,2layers,Cheetah-Run,30,all-actor,frelu,0.1,421112325.46749926,
SAC,2layers,Cheetah-Run,20,all-actor,frelu,0.1,459848452.17516285,
SAC,2layers,Cheetah-Run,40,all-actor,frelu,0.1,465659353.5377636,
SAC,2layers,Cheetah-Run,50,all-actor,frelu,0.5,504297280.5380361,
SAC,2layers,Cheetah-Run,10,all-actor,frelu,0.5,495316195.8756226,
SAC,2layers,Cheetah-Run,30,all-actor,frelu,0.5,517050980.8112162,
SAC,2layers,Cheetah-Run,20,all-actor,frelu,0.5,473907748.57998925,
SAC,2layers,Cheetah-Run,40,all-actor,frelu,0.5,485748128.7824875,
SAC,2layers,Cheetah-Run,50,all-actor,frelu,0.3,449686852.72462815,
SAC,2layers,Cheetah-Run,10,all-actor,frelu,0.3,384900231.002419,
SAC,2layers,Cheetah-Run,30,all-actor,frelu,0.3,522802996.93178827,
SAC,2layers,Cheetah-Run,20,all-actor,frelu,0.3,411695826.56352687,
SAC,2layers,Cheetah-Run,40,all-actor,frelu,0.3,538006601.550637,
SAC,2layers,Cheetah-Run,50,all-actor,frelu,0.2,553348596.3004612,
SAC,2layers,Cheetah-Run,10,all-actor,frelu,0.2,467401677.1313409,
SAC,2layers,Cheetah-Run,30,all-actor,frelu,0.2,501072409.5279075,
SAC,2layers,Cheetah-Run,20,all-actor,frelu,0.2,399194179.0164174,
SAC,2layers,Cheetah-Run,40,all-actor,frelu,0.2,482411292.9499121,
SAC,2layers,Humanoid-v4,50,all-actor,frelu,0.4,4039994577.6645417,
SAC,2layers,Humanoid-v4,10,all-actor,frelu,0.4,3610522574.848346,
SAC,2layers,Humanoid-v4,30,all-actor,frelu,0.4,3680391018.246841,
SAC,2layers,Humanoid-v4,20,all-actor,frelu,0.4,3619105494.5467553,
SAC,2layers,Humanoid-v4,40,all-actor,frelu,0.4,3667782341.861595,
SAC,2layers,Humanoid-v4,50,all-actor,frelu,0.1,4019726342.21448,
SAC,2layers,Humanoid-v4,10,all-actor,frelu,0.1,3428210100.076831,
SAC,2layers,Humanoid-v4,30,all-actor,frelu,0.1,3504986453.586387,
SAC,2layers,Humanoid-v4,20,all-actor,frelu,0.1,3651873279.5408144,
SAC,2layers,Humanoid-v4,40,all-actor,frelu,0.1,3544752777.960284,
SAC,2layers,Humanoid-v4,50,all-actor,frelu,0.2,3753840188.496989,
SAC,2layers,Humanoid-v4,10,all-actor,frelu,0.2,3719922169.952342,
SAC,2layers,Humanoid-v4,30,all-actor,frelu,0.2,3380638339.846046,
SAC,2layers,Humanoid-v4,20,all-actor,frelu,0.2,3962926281.246274,
SAC,2layers,Humanoid-v4,40,all-actor,frelu,0.2,3641081465.1630654,
SAC,2layers,Humanoid-v4,50,all-actor,frelu,0.5,3878970075.190767,
SAC,2layers,Humanoid-v4,10,all-actor,frelu,0.5,3507165256.9942865,
SAC,2layers,Humanoid-v4,30,all-actor,frelu,0.5,3854415529.773981,
SAC,2layers,Humanoid-v4,20,all-actor,frelu,0.5,3894194629.5609407,
SAC,2layers,Humanoid-v4,40,all-actor,frelu,0.5,3877597600.25484,
SAC,2layers,Humanoid-v4,50,all-actor,frelu,0.3,3679571379.567195,
SAC,2layers,Humanoid-v4,10,all-actor,frelu,0.3,4137686018.302257,
SAC,2layers,Humanoid-v4,30,all-actor,frelu,0.3,3916107188.987693,
SAC,2layers,Humanoid-v4,20,all-actor,frelu,0.3,4153139717.439916,
SAC,2layers,Humanoid-v4,40,all-actor,frelu,0.3,3621117857.0353327,
SAC,2layers,Cartpole-Swingup,50,all-actor,frelu,0.4,793326248.107739,
SAC,2layers,Cartpole-Swingup,10,all-actor,frelu,0.4,782074408.7880121,
SAC,2layers,Cartpole-Swingup,30,all-actor,frelu,0.4,783285633.7907635,
SAC,2layers,Cartpole-Swingup,20,all-actor,frelu,0.4,789179430.8144081,
SAC,2layers,Cartpole-Swingup,40,all-actor,frelu,0.4,789173533.4074843,
SAC,2layers,Cartpole-Swingup,50,all-actor,frelu,0.1,766180487.0632704,
SAC,2layers,Cartpole-Swingup,10,all-actor,frelu,0.1,787174133.1385032,
SAC,2layers,Cartpole-Swingup,30,all-actor,frelu,0.1,724009807.1049553,
SAC,2layers,Cartpole-Swingup,20,all-actor,frelu,0.1,797423677.1182667,
SAC,2layers,Cartpole-Swingup,40,all-actor,frelu,0.1,718390004.6412873,
SAC,2layers,Cartpole-Swingup,50,all-actor,frelu,0.2,741732802.7094775,
SAC,2layers,Cartpole-Swingup,10,all-actor,frelu,0.2,812151957.4627059,
SAC,2layers,Cartpole-Swingup,30,all-actor,frelu,0.2,759747970.505943,
SAC,2layers,Cartpole-Swingup,20,all-actor,frelu,0.2,784961336.2588856,
SAC,2layers,Cartpole-Swingup,40,all-actor,frelu,0.2,790574583.1100506,
SAC,2layers,Cartpole-Swingup,50,all-actor,frelu,0.5,793725153.0534483,
SAC,2layers,Cartpole-Swingup,10,all-actor,frelu,0.5,760672799.0370909,
SAC,2layers,Cartpole-Swingup,30,all-actor,frelu,0.5,789292496.4877805,
SAC,2layers,Cartpole-Swingup,20,all-actor,frelu,0.5,764333424.2433971,
SAC,2layers,Cartpole-Swingup,40,all-actor,frelu,0.5,734021486.8289765,
SAC,2layers,Cartpole-Swingup,50,all-actor,frelu,0.3,802612943.3188246,
SAC,2layers,Cartpole-Swingup,10,all-actor,frelu,0.3,784995851.6904343,
SAC,2layers,Cartpole-Swingup,30,all-actor,frelu,0.3,766117106.3642182,
SAC,2layers,Cartpole-Swingup,20,all-actor,frelu,0.3,747112510.7953644,
SAC,2layers,Cartpole-Swingup,40,all-actor,frelu,0.3,788124796.7826486,
SAC,2layers,HalfCheetah-v4,50,all-actor,frelu,0.1,8046247006.851379,
SAC,2layers,HalfCheetah-v4,10,all-actor,frelu,0.1,6808965553.148643,
SAC,2layers,HalfCheetah-v4,30,all-actor,frelu,0.1,7224814798.229029,
SAC,2layers,HalfCheetah-v4,20,all-actor,frelu,0.1,7510990104.83643,
SAC,2layers,HalfCheetah-v4,40,all-actor,frelu,0.1,6308827118.815928,
SAC,2layers,HalfCheetah-v4,50,all-actor,frelu,0.3,7262459684.903717,
SAC,2layers,HalfCheetah-v4,10,all-actor,frelu,0.3,8468568872.80163,
SAC,2layers,HalfCheetah-v4,30,all-actor,frelu,0.3,8594170738.212551,
SAC,2layers,HalfCheetah-v4,20,all-actor,frelu,0.3,7057413206.310682,
SAC,2layers,HalfCheetah-v4,40,all-actor,frelu,0.3,1683846028.0435147,
SAC,2layers,HalfCheetah-v4,50,all-actor,frelu,0.4,7792144114.768953,
SAC,2layers,HalfCheetah-v4,10,all-actor,frelu,0.4,6114630206.303315,
SAC,2layers,HalfCheetah-v4,30,all-actor,frelu,0.4,7081487094.355426,
SAC,2layers,HalfCheetah-v4,20,all-actor,frelu,0.4,7269384352.401119,
SAC,2layers,HalfCheetah-v4,40,all-actor,frelu,0.4,1723450336.7293253,
SAC,2layers,HalfCheetah-v4,50,all-actor,frelu,0.2,7162062633.957901,
SAC,2layers,HalfCheetah-v4,10,all-actor,frelu,0.2,6534371878.429896,
SAC,2layers,HalfCheetah-v4,30,all-actor,frelu,0.2,4311123142.486293,
SAC,2layers,HalfCheetah-v4,20,all-actor,frelu,0.2,6345473218.452036,
SAC,2layers,HalfCheetah-v4,40,all-actor,frelu,0.2,6669790348.278396,
SAC,2layers,HalfCheetah-v4,50,all-actor,frelu,0.5,6295981228.454088,
SAC,2layers,HalfCheetah-v4,10,all-actor,frelu,0.5,7014516884.166464,
SAC,2layers,HalfCheetah-v4,30,all-actor,frelu,0.5,6640353047.114715,
SAC,2layers,HalfCheetah-v4,20,all-actor,frelu,0.5,1752850983.8900857,
SAC,2layers,HalfCheetah-v4,40,all-actor,frelu,0.5,4471803454.7635565,
SAC,2layers,Hopper-v4,50,all-actor,frelu,0.5,2711700332.871685,
SAC,2layers,Hopper-v4,10,all-actor,frelu,0.5,2422015149.048856,
SAC,2layers,Hopper-v4,30,all-actor,frelu,0.5,2324681513.604259,
SAC,2layers,Hopper-v4,20,all-actor,frelu,0.5,2911237296.67538,
SAC,2layers,Hopper-v4,40,all-actor,frelu,0.5,2849527919.738632,
SAC,2layers,Hopper-v4,50,all-actor,frelu,0.3,2666843651.343193,
SAC,2layers,Hopper-v4,10,all-actor,frelu,0.3,2452424856.943897,
SAC,2layers,Hopper-v4,30,all-actor,frelu,0.3,2260107100.550405,
SAC,2layers,Hopper-v4,20,all-actor,frelu,0.3,1991033707.764532,
SAC,2layers,Hopper-v4,40,all-actor,frelu,0.3,2310970409.686771,
SAC,2layers,Hopper-v4,50,all-actor,frelu,0.4,2778534716.7251086,
SAC,2layers,Hopper-v4,10,all-actor,frelu,0.4,2218001775.508272,
SAC,2layers,Hopper-v4,30,all-actor,frelu,0.4,2571267948.2235594,
SAC,2layers,Hopper-v4,20,all-actor,frelu,0.4,2218763680.7137184,
SAC,2layers,Hopper-v4,40,all-actor,frelu,0.4,2700780908.0990624,
SAC,2layers,Hopper-v4,50,all-actor,frelu,0.1,1786384694.334562,
SAC,2layers,Hopper-v4,10,all-actor,frelu,0.1,2526739353.999268,
SAC,2layers,Hopper-v4,30,all-actor,frelu,0.1,2852697821.651754,
SAC,2layers,Hopper-v4,20,all-actor,frelu,0.1,2298944071.4820533,
SAC,2layers,Hopper-v4,40,all-actor,frelu,0.1,1998264268.8292656,
SAC,2layers,Hopper-v4,50,all-actor,frelu,0.2,2430200930.3243446,
SAC,2layers,Hopper-v4,10,all-actor,frelu,0.2,2141565571.534465,
SAC,2layers,Hopper-v4,30,all-actor,frelu,0.2,2608161030.1770854,
SAC,2layers,Hopper-v4,20,all-actor,frelu,0.2,2646966099.962558,
SAC,2layers,Hopper-v4,40,all-actor,frelu,0.2,1742771750.2268467,
SAC,2layers,Humanoid-v4,50,all-actor,prelu,base,3879199668.273926,
SAC,2layers,Humanoid-v4,10,all-actor,prelu,base,3170112390.899658,
SAC,2layers,Humanoid-v4,30,all-actor,prelu,base,3750793220.5963135,
SAC,2layers,Humanoid-v4,20,all-actor,prelu,base,3181311209.564209,
SAC,2layers,Humanoid-v4,40,all-actor,prelu,base,3611267250.518799,
SAC,2layers,Ant-v4,50,all-actor,prelu,base,3567899044.1966057,
SAC,2layers,Ant-v4,10,all-actor,prelu,base,3000137719.192505,
SAC,2layers,Ant-v4,30,all-actor,prelu,base,1503442106.9192886,
SAC,2layers,Ant-v4,20,all-actor,prelu,base,4011840455.470085,
SAC,2layers,Ant-v4,40,all-actor,prelu,base,3136291163.8450623,
SAC,2layers,Walker-Walk,50,all-actor,prelu,base,855122878.15094,
SAC,2layers,Walker-Walk,10,all-actor,prelu,base,814030173.1109619,
SAC,2layers,Walker-Walk,30,all-actor,prelu,base,839006231.9850922,
SAC,2layers,Walker-Walk,20,all-actor,prelu,base,871515132.8277588,
SAC,2layers,Walker-Walk,40,all-actor,prelu,base,737596489.6011353,
SAC,2layers,Cheetah-Run,50,all-actor,prelu,base,491235954.9999237,
SAC,2layers,Cheetah-Run,10,all-actor,prelu,base,526987107.73944855,
SAC,2layers,Cheetah-Run,30,all-actor,prelu,base,545644200.0865936,
SAC,2layers,Cheetah-Run,20,all-actor,prelu,base,477536608.9069843,
SAC,2layers,Cheetah-Run,40,all-actor,prelu,base,457117427.0391464,
SAC,2layers,Finger-Spin,50,all-actor,prelu,base,799505000.0,
SAC,2layers,Finger-Spin,10,all-actor,prelu,base,774025000.0,
SAC,2layers,Finger-Spin,30,all-actor,prelu,base,774885000.0,
SAC,2layers,Finger-Spin,20,all-actor,prelu,base,795075000.0,
SAC,2layers,Finger-Spin,40,all-actor,prelu,base,868225000.0,
SAC,2layers,Cartpole-Swingup,50,all-actor,prelu,base,777643699.798584,
SAC,2layers,Cartpole-Swingup,10,all-actor,prelu,base,753750627.6702881,
SAC,2layers,Cartpole-Swingup,30,all-actor,prelu,base,778106232.6812744,
SAC,2layers,Cartpole-Swingup,20,all-actor,prelu,base,786829668.7316895,
SAC,2layers,Cartpole-Swingup,40,all-actor,prelu,base,793445533.4472656,
SAC,2layers,HalfCheetah-v4,50,all-actor,prelu,base,6815206205.177307,
SAC,2layers,HalfCheetah-v4,10,all-actor,prelu,base,7314045499.753952,
SAC,2layers,HalfCheetah-v4,30,all-actor,prelu,base,6222832903.213501,
SAC,2layers,HalfCheetah-v4,20,all-actor,prelu,base,8213402361.373901,
SAC,2layers,HalfCheetah-v4,40,all-actor,prelu,base,8155917332.91626,
SAC,2layers,Hopper-v4,50,all-actor,prelu,base,2425885509.033203,
SAC,2layers,Hopper-v4,10,all-actor,prelu,base,1398175015.211105,
SAC,2layers,Hopper-v4,30,all-actor,prelu,base,2621103237.628937,
SAC,2layers,Hopper-v4,20,all-actor,prelu,base,2110890832.37648,
SAC,2layers,Hopper-v4,40,all-actor,prelu,base,2687518705.596924,
SAC,2layers,Walker-Walk,50,all-actor,swish,base,849125901.0887146,
SAC,2layers,Walker-Walk,10,all-actor,swish,base,816631556.0722351,
SAC,2layers,Walker-Walk,30,all-actor,swish,base,853085295.7344055,
SAC,2layers,Walker-Walk,20,all-actor,swish,base,831808012.1803284,
SAC,2layers,Walker-Walk,40,all-actor,swish,base,841243028.8505554,
SAC,2layers,Cartpole-Swingup,50,all-actor,swish,base,791313160.5911255,
SAC,2layers,Cartpole-Swingup,10,all-actor,swish,base,795163151.7028809,
SAC,2layers,Cartpole-Swingup,30,all-actor,swish,base,781391358.3374023,
SAC,2layers,Cartpole-Swingup,20,all-actor,swish,base,760367819.8242188,
SAC,2layers,Cartpole-Swingup,40,all-actor,swish,base,795248860.0921631,
SAC,2layers,HalfCheetah-v4,50,all-actor,swish,base,6786746415.32898,
SAC,2layers,HalfCheetah-v4,10,all-actor,swish,base,6832394193.572998,
SAC,2layers,HalfCheetah-v4,30,all-actor,swish,base,7498024798.107147,
SAC,2layers,HalfCheetah-v4,20,all-actor,swish,base,6788424264.984131,
SAC,2layers,HalfCheetah-v4,40,all-actor,swish,base,5908976564.19754,
SAC,2layers,Hopper-v4,50,all-actor,swish,base,2594016635.360718,
SAC,2layers,Hopper-v4,10,all-actor,swish,base,2374079959.640503,
SAC,2layers,Hopper-v4,30,all-actor,swish,base,2924964799.041748,
SAC,2layers,Hopper-v4,20,all-actor,swish,base,2559462444.214821,
SAC,2layers,Hopper-v4,40,all-actor,swish,base,2100036514.5111084,
SAC,2layers,Cheetah-Run,50,all-actor,swish,base,488409187.2024536,
SAC,2layers,Cheetah-Run,10,all-actor,swish,base,521177577.4002075,
SAC,2layers,Cheetah-Run,30,all-actor,swish,base,433672362.7090454,
SAC,2layers,Cheetah-Run,20,all-actor,swish,base,500105129.4970512,
SAC,2layers,Cheetah-Run,40,all-actor,swish,base,515153314.1040802,
SAC,2layers,Finger-Spin,50,all-actor,swish,base,777165000.0,
SAC,2layers,Finger-Spin,10,all-actor,swish,base,771710000.0,
SAC,2layers,Finger-Spin,30,all-actor,swish,base,763325000.0,
SAC,2layers,Finger-Spin,20,all-actor,swish,base,731465000.0,
SAC,2layers,Finger-Spin,40,all-actor,swish,base,764105000.0,
SAC,2layers,Humanoid-v4,50,all-actor,swish,base,3340204620.0561523,
SAC,2layers,Humanoid-v4,10,all-actor,swish,base,3822954805.908203,
SAC,2layers,Humanoid-v4,30,all-actor,swish,base,3556433448.2574463,
SAC,2layers,Humanoid-v4,20,all-actor,swish,base,3555592387.3901367,
SAC,2layers,Humanoid-v4,40,all-actor,swish,base,3714199779.9682617,
SAC,2layers,Ant-v4,50,all-actor,swish,base,2235383483.2692146,
SAC,2layers,Ant-v4,10,all-actor,swish,base,1362799386.7778778,
SAC,2layers,Ant-v4,30,all-actor,swish,base,1815263298.458457,
SAC,2layers,Ant-v4,20,all-actor,swish,base,1059708854.045868,
SAC,2layers,Ant-v4,40,all-actor,swish,base,2422513948.059082,
SAC,2layers,Walker-Walk,50,all-actor,flrelu,0.5,857057984.6304427,
SAC,2layers,Walker-Walk,10,all-actor,flrelu,0.5,659694828.60969,
SAC,2layers,Walker-Walk,30,all-actor,flrelu,0.5,841676636.4887946,
SAC,2layers,Walker-Walk,20,all-actor,flrelu,0.5,876410627.8522568,
SAC,2layers,Walker-Walk,40,all-actor,flrelu,0.5,732299321.8485074,
SAC,2layers,Walker-Walk,50,all-actor,flrelu,0.3,869412112.5305558,
SAC,2layers,Walker-Walk,10,all-actor,flrelu,0.3,795566238.6301471,
SAC,2layers,Walker-Walk,30,all-actor,flrelu,0.3,849848248.928584,
SAC,2layers,Walker-Walk,20,all-actor,flrelu,0.3,807896385.6341925,
SAC,2layers,Walker-Walk,40,all-actor,flrelu,0.3,791726054.0174953,
SAC,2layers,Walker-Walk,50,all-actor,flrelu,0.1,832464003.4013994,
SAC,2layers,Walker-Walk,10,all-actor,flrelu,0.1,826883223.1743689,
SAC,2layers,Walker-Walk,30,all-actor,flrelu,0.1,744792448.9916863,
SAC,2layers,Walker-Walk,20,all-actor,flrelu,0.1,862981786.1933392,
SAC,2layers,Walker-Walk,40,all-actor,flrelu,0.1,857850142.8827541,
SAC,2layers,Walker-Walk,50,all-actor,flrelu,0.4,540522663.5921613,
SAC,2layers,Walker-Walk,10,all-actor,flrelu,0.4,819970060.8317137,
SAC,2layers,Walker-Walk,30,all-actor,flrelu,0.4,799293003.8463125,
SAC,2layers,Walker-Walk,20,all-actor,flrelu,0.4,810650091.8901228,
SAC,2layers,Walker-Walk,40,all-actor,flrelu,0.4,690218262.1703318,
SAC,2layers,Walker-Walk,50,all-actor,flrelu,0.2,864171870.7521561,
SAC,2layers,Walker-Walk,10,all-actor,flrelu,0.2,864518980.1834064,
SAC,2layers,Walker-Walk,30,all-actor,flrelu,0.2,845286386.4679824,
SAC,2layers,Walker-Walk,20,all-actor,flrelu,0.2,863888800.2095212,
SAC,2layers,Walker-Walk,40,all-actor,flrelu,0.2,679549296.0557891,
SAC,2layers,Finger-Spin,50,all-actor,flrelu,0.5,772935000.0,
SAC,2layers,Finger-Spin,10,all-actor,flrelu,0.5,789455000.0,
SAC,2layers,Finger-Spin,30,all-actor,flrelu,0.5,681350000.0,
SAC,2layers,Finger-Spin,20,all-actor,flrelu,0.5,732035000.0,
SAC,2layers,Finger-Spin,40,all-actor,flrelu,0.5,804835000.0,
SAC,2layers,Finger-Spin,50,all-actor,flrelu,0.1,750620000.0,
SAC,2layers,Finger-Spin,10,all-actor,flrelu,0.1,779240000.0,
SAC,2layers,Finger-Spin,30,all-actor,flrelu,0.1,757545000.0,
SAC,2layers,Finger-Spin,20,all-actor,flrelu,0.1,729425000.0,
SAC,2layers,Finger-Spin,40,all-actor,flrelu,0.1,765635000.0,
SAC,2layers,Finger-Spin,50,all-actor,flrelu,0.2,768235000.0,
SAC,2layers,Finger-Spin,10,all-actor,flrelu,0.2,867170000.0,
SAC,2layers,Finger-Spin,30,all-actor,flrelu,0.2,565525000.0,
SAC,2layers,Finger-Spin,20,all-actor,flrelu,0.2,711065000.0,
SAC,2layers,Finger-Spin,40,all-actor,flrelu,0.2,774515000.0,
SAC,2layers,Finger-Spin,50,all-actor,flrelu,0.4,791905000.0,
SAC,2layers,Finger-Spin,10,all-actor,flrelu,0.4,845585000.0,
SAC,2layers,Finger-Spin,30,all-actor,flrelu,0.4,768290000.0,
SAC,2layers,Finger-Spin,20,all-actor,flrelu,0.4,798520000.0,
SAC,2layers,Finger-Spin,40,all-actor,flrelu,0.4,790970000.0,
SAC,2layers,Finger-Spin,50,all-actor,flrelu,0.3,794290000.0,
SAC,2layers,Finger-Spin,10,all-actor,flrelu,0.3,857860000.0,
SAC,2layers,Finger-Spin,30,all-actor,flrelu,0.3,787105000.0,
SAC,2layers,Finger-Spin,20,all-actor,flrelu,0.3,782380000.0,
SAC,2layers,Finger-Spin,40,all-actor,flrelu,0.3,843565000.0,
SAC,2layers,Cheetah-Run,50,all-actor,flrelu,0.5,519897528.5819448,
SAC,2layers,Cheetah-Run,10,all-actor,flrelu,0.5,499675408.1531709,
SAC,2layers,Cheetah-Run,30,all-actor,flrelu,0.5,439222098.76615095,
SAC,2layers,Cheetah-Run,20,all-actor,flrelu,0.5,388851403.6250383,
SAC,2layers,Cheetah-Run,40,all-actor,flrelu,0.5,458633086.0603003,
SAC,2layers,Cheetah-Run,50,all-actor,flrelu,0.1,478757038.5828784,
SAC,2layers,Cheetah-Run,10,all-actor,flrelu,0.1,485528836.4337637,
SAC,2layers,Cheetah-Run,30,all-actor,flrelu,0.1,497886971.8714684,
SAC,2layers,Cheetah-Run,20,all-actor,flrelu,0.1,553683702.0922315,
SAC,2layers,Cheetah-Run,40,all-actor,flrelu,0.1,512509478.0237056,
SAC,2layers,Cheetah-Run,50,all-actor,flrelu,0.2,498713643.1799,
SAC,2layers,Cheetah-Run,10,all-actor,flrelu,0.2,330492820.594142,
SAC,2layers,Cheetah-Run,30,all-actor,flrelu,0.2,551249512.8795975,
SAC,2layers,Cheetah-Run,20,all-actor,flrelu,0.2,425149952.4835365,
SAC,2layers,Cheetah-Run,40,all-actor,flrelu,0.2,483705267.8878244,
SAC,2layers,Cheetah-Run,50,all-actor,flrelu,0.4,490790039.6305704,
SAC,2layers,Cheetah-Run,10,all-actor,flrelu,0.4,514623568.54305774,
SAC,2layers,Cheetah-Run,30,all-actor,flrelu,0.4,437443197.8679147,
SAC,2layers,Cheetah-Run,20,all-actor,flrelu,0.4,475664701.7184382,
SAC,2layers,Cheetah-Run,40,all-actor,flrelu,0.4,439209633.0285935,
SAC,2layers,Cheetah-Run,50,all-actor,flrelu,0.3,459313263.1255472,
SAC,2layers,Cheetah-Run,10,all-actor,flrelu,0.3,499807827.37838346,
SAC,2layers,Cheetah-Run,30,all-actor,flrelu,0.3,531680911.0691326,
SAC,2layers,Cheetah-Run,20,all-actor,flrelu,0.3,507799452.97011554,
SAC,2layers,Cheetah-Run,40,all-actor,flrelu,0.3,502821373.48532885,
SAC,2layers,Humanoid-v4,50,all-actor,flrelu,0.3,3786434942.4787946,
SAC,2layers,Humanoid-v4,10,all-actor,flrelu,0.3,3697218405.755724,
SAC,2layers,Humanoid-v4,30,all-actor,flrelu,0.3,4011908671.33389,
SAC,2layers,Humanoid-v4,20,all-actor,flrelu,0.3,3633259625.233647,
SAC,2layers,Humanoid-v4,40,all-actor,flrelu,0.3,3792564894.5522814,
SAC,2layers,Humanoid-v4,50,all-actor,flrelu,0.1,3625193001.004623,
SAC,2layers,Humanoid-v4,10,all-actor,flrelu,0.1,3382790867.4779444,
SAC,2layers,Humanoid-v4,30,all-actor,flrelu,0.1,3721058180.4550953,
SAC,2layers,Humanoid-v4,20,all-actor,flrelu,0.1,3672118887.231171,
SAC,2layers,Humanoid-v4,40,all-actor,flrelu,0.1,3737122863.5396695,
SAC,2layers,Humanoid-v4,50,all-actor,flrelu,0.2,3445049056.615696,
SAC,2layers,Humanoid-v4,10,all-actor,flrelu,0.2,3152876881.943783,
SAC,2layers,Humanoid-v4,30,all-actor,flrelu,0.2,3749978215.292214,
SAC,2layers,Humanoid-v4,20,all-actor,flrelu,0.2,3694785574.470861,
SAC,2layers,Humanoid-v4,40,all-actor,flrelu,0.2,3610371416.841737,
SAC,2layers,Humanoid-v4,50,all-actor,flrelu,0.4,3979349889.444506,
SAC,2layers,Humanoid-v4,10,all-actor,flrelu,0.4,3662544511.827192,
SAC,2layers,Humanoid-v4,30,all-actor,flrelu,0.4,3931442082.676333,
SAC,2layers,Humanoid-v4,20,all-actor,flrelu,0.4,3710101211.043095,
SAC,2layers,Humanoid-v4,40,all-actor,flrelu,0.4,3822394661.6491466,
SAC,2layers,Humanoid-v4,50,all-actor,flrelu,0.5,4106072212.056165,
SAC,2layers,Humanoid-v4,10,all-actor,flrelu,0.5,4064460363.809917,
SAC,2layers,Humanoid-v4,30,all-actor,flrelu,0.5,3503690395.1125054,
SAC,2layers,Humanoid-v4,20,all-actor,flrelu,0.5,3968075469.681768,
SAC,2layers,Humanoid-v4,40,all-actor,flrelu,0.5,3831318172.195879,
SAC,2layers,Ant-v4,50,all-actor,flrelu,0.4,2342231801.566437,
SAC,2layers,Ant-v4,10,all-actor,flrelu,0.4,3860678436.214901,
SAC,2layers,Ant-v4,30,all-actor,flrelu,0.4,1500069599.39405,
SAC,2layers,Ant-v4,20,all-actor,flrelu,0.4,3915525325.959025,
SAC,2layers,Ant-v4,40,all-actor,flrelu,0.4,4066272874.449781,
SAC,2layers,Ant-v4,50,all-actor,flrelu,0.1,2973756014.172563,
SAC,2layers,Ant-v4,10,all-actor,flrelu,0.1,1810198688.5447445,
SAC,2layers,Ant-v4,30,all-actor,flrelu,0.1,2500674108.720484,
SAC,2layers,Ant-v4,20,all-actor,flrelu,0.1,1686089305.5941806,
SAC,2layers,Ant-v4,40,all-actor,flrelu,0.1,2982589671.245788,
SAC,2layers,Ant-v4,50,all-actor,flrelu,0.5,1820300146.9741657,
SAC,2layers,Ant-v4,10,all-actor,flrelu,0.5,2408169682.1013293,
SAC,2layers,Ant-v4,30,all-actor,flrelu,0.5,3593317836.3663435,
SAC,2layers,Ant-v4,20,all-actor,flrelu,0.5,3701377844.274919,
SAC,2layers,Ant-v4,40,all-actor,flrelu,0.5,3559444614.696301,
SAC,2layers,Ant-v4,50,all-actor,flrelu,0.2,3665512524.8998346,
SAC,2layers,Ant-v4,10,all-actor,flrelu,0.2,1727299095.3668473,
SAC,2layers,Ant-v4,30,all-actor,flrelu,0.2,3333346209.95696,
SAC,2layers,Ant-v4,20,all-actor,flrelu,0.2,3333610302.625735,
SAC,2layers,Ant-v4,40,all-actor,flrelu,0.2,1850397111.4502928,
SAC,2layers,Ant-v4,50,all-actor,flrelu,0.3,3423154529.686399,
SAC,2layers,Ant-v4,10,all-actor,flrelu,0.3,2964528671.119296,
SAC,2layers,Ant-v4,30,all-actor,flrelu,0.3,2712040657.943968,
SAC,2layers,Ant-v4,20,all-actor,flrelu,0.3,2728440318.366274,
SAC,2layers,Ant-v4,40,all-actor,flrelu,0.3,2653730429.454699,
SAC,2layers,Cartpole-Swingup,50,all-actor,flrelu,0.1,778490110.9483943,
SAC,2layers,Cartpole-Swingup,10,all-actor,flrelu,0.1,814608925.3337289,
SAC,2layers,Cartpole-Swingup,30,all-actor,flrelu,0.1,740244222.9254293,
SAC,2layers,Cartpole-Swingup,20,all-actor,flrelu,0.1,780264192.7856145,
SAC,2layers,Cartpole-Swingup,40,all-actor,flrelu,0.1,790753970.383755,
SAC,2layers,Cartpole-Swingup,50,all-actor,flrelu,0.2,710897102.6271507,
SAC,2layers,Cartpole-Swingup,10,all-actor,flrelu,0.2,761423548.3463166,
SAC,2layers,Cartpole-Swingup,30,all-actor,flrelu,0.2,795904343.861401,
SAC,2layers,Cartpole-Swingup,20,all-actor,flrelu,0.2,771350770.2704221,
SAC,2layers,Cartpole-Swingup,40,all-actor,flrelu,0.2,791938523.5449107,
SAC,2layers,Cartpole-Swingup,50,all-actor,flrelu,0.5,750499155.4949287,
SAC,2layers,Cartpole-Swingup,10,all-actor,flrelu,0.5,752973106.2248356,
SAC,2layers,Cartpole-Swingup,30,all-actor,flrelu,0.5,804398273.8842056,
SAC,2layers,Cartpole-Swingup,20,all-actor,flrelu,0.5,803850573.8973399,
SAC,2layers,Cartpole-Swingup,40,all-actor,flrelu,0.5,772417601.8982261,
SAC,2layers,Cartpole-Swingup,50,all-actor,flrelu,0.3,800155022.2315705,
SAC,2layers,Cartpole-Swingup,10,all-actor,flrelu,0.3,789830564.5795226,
SAC,2layers,Cartpole-Swingup,30,all-actor,flrelu,0.3,801927914.8440195,
SAC,2layers,Cartpole-Swingup,20,all-actor,flrelu,0.3,784797039.0547572,
SAC,2layers,Cartpole-Swingup,40,all-actor,flrelu,0.3,807536758.3666167,
SAC,2layers,Cartpole-Swingup,50,all-actor,flrelu,0.4,791369571.9770015,
SAC,2layers,Cartpole-Swingup,10,all-actor,flrelu,0.4,796868295.667576,
SAC,2layers,Cartpole-Swingup,30,all-actor,flrelu,0.4,752477389.1746998,
SAC,2layers,Cartpole-Swingup,20,all-actor,flrelu,0.4,766304556.294914,
SAC,2layers,Cartpole-Swingup,40,all-actor,flrelu,0.4,782012153.8949201,
SAC,2layers,HalfCheetah-v4,50,all-actor,flrelu,0.1,6709713297.237745,
SAC,2layers,HalfCheetah-v4,10,all-actor,flrelu,0.1,7527705314.014043,
SAC,2layers,HalfCheetah-v4,30,all-actor,flrelu,0.1,6934694054.505964,
SAC,2layers,HalfCheetah-v4,20,all-actor,flrelu,0.1,6600591480.362242,
SAC,2layers,HalfCheetah-v4,40,all-actor,flrelu,0.1,1827188951.157235,
SAC,2layers,HalfCheetah-v4,50,all-actor,flrelu,0.2,8166023054.919402,
SAC,2layers,HalfCheetah-v4,10,all-actor,flrelu,0.2,7686059303.32817,
SAC,2layers,HalfCheetah-v4,30,all-actor,flrelu,0.2,1751249252.8318324,
SAC,2layers,HalfCheetah-v4,20,all-actor,flrelu,0.2,6746164109.13979,
SAC,2layers,HalfCheetah-v4,40,all-actor,flrelu,0.2,7549529094.869287,
SAC,2layers,HalfCheetah-v4,50,all-actor,flrelu,0.5,6707055125.026151,
SAC,2layers,HalfCheetah-v4,10,all-actor,flrelu,0.5,8973014838.646423,
SAC,2layers,HalfCheetah-v4,30,all-actor,flrelu,0.5,1787579515.2250612,
SAC,2layers,HalfCheetah-v4,20,all-actor,flrelu,0.5,7613894907.90481,
SAC,2layers,HalfCheetah-v4,40,all-actor,flrelu,0.5,6579606088.967509,
SAC,2layers,HalfCheetah-v4,50,all-actor,flrelu,0.3,6654665435.131324,
SAC,2layers,HalfCheetah-v4,10,all-actor,flrelu,0.3,7985698848.699214,
SAC,2layers,HalfCheetah-v4,30,all-actor,flrelu,0.3,2094733082.541826,
SAC,2layers,HalfCheetah-v4,20,all-actor,flrelu,0.3,6567627433.347756,
SAC,2layers,HalfCheetah-v4,40,all-actor,flrelu,0.3,3073702646.2479725,
SAC,2layers,HalfCheetah-v4,50,all-actor,flrelu,0.4,6361158308.2934265,
SAC,2layers,HalfCheetah-v4,10,all-actor,flrelu,0.4,5859968739.648643,
SAC,2layers,HalfCheetah-v4,30,all-actor,flrelu,0.4,7166125463.005099,
SAC,2layers,HalfCheetah-v4,20,all-actor,flrelu,0.4,2003920368.589933,
SAC,2layers,HalfCheetah-v4,40,all-actor,flrelu,0.4,7127361071.23111,
SAC,2layers,Hopper-v4,50,all-actor,flrelu,0.4,2854422271.175981,
SAC,2layers,Hopper-v4,10,all-actor,flrelu,0.4,2811111422.162008,
SAC,2layers,Hopper-v4,30,all-actor,flrelu,0.4,2555755410.379766,
SAC,2layers,Hopper-v4,20,all-actor,flrelu,0.4,2031840751.6304512,
SAC,2layers,Hopper-v4,40,all-actor,flrelu,0.4,2514784432.4675894,
SAC,2layers,Hopper-v4,50,all-actor,flrelu,0.3,2618830317.4677634,
SAC,2layers,Hopper-v4,10,all-actor,flrelu,0.3,2519318915.371815,
SAC,2layers,Hopper-v4,30,all-actor,flrelu,0.3,2732192312.2295947,
SAC,2layers,Hopper-v4,20,all-actor,flrelu,0.3,2443763582.5245976,
SAC,2layers,Hopper-v4,40,all-actor,flrelu,0.3,2461407227.8391547,
SAC,2layers,Hopper-v4,50,all-actor,flrelu,0.1,2520392361.7009177,
SAC,2layers,Hopper-v4,10,all-actor,flrelu,0.1,1767969949.494324,
SAC,2layers,Hopper-v4,30,all-actor,flrelu,0.1,2630801331.3261395,
SAC,2layers,Hopper-v4,20,all-actor,flrelu,0.1,2661154150.2014027,
SAC,2layers,Hopper-v4,40,all-actor,flrelu,0.1,2543344993.511315,
SAC,2layers,Hopper-v4,50,all-actor,flrelu,0.2,2848732105.8931684,
SAC,2layers,Hopper-v4,10,all-actor,flrelu,0.2,1452304812.1366727,
SAC,2layers,Hopper-v4,30,all-actor,flrelu,0.2,1888568284.032524,
SAC,2layers,Hopper-v4,20,all-actor,flrelu,0.2,2588983493.975724,
SAC,2layers,Hopper-v4,40,all-actor,flrelu,0.2,2733528176.0230346,
SAC,2layers,Hopper-v4,50,all-actor,flrelu,0.5,1949779807.475314,
SAC,2layers,Hopper-v4,10,all-actor,flrelu,0.5,2201833287.09723,
SAC,2layers,Hopper-v4,30,all-actor,flrelu,0.5,2719326200.233796,
SAC,2layers,Hopper-v4,20,all-actor,flrelu,0.5,2131850907.787044,
SAC,2layers,Hopper-v4,40,all-actor,flrelu,0.5,2942465983.172742,
SAC,2layers,Walker-Walk,50,all-actor,gelu,base,849387569.1604614,
SAC,2layers,Walker-Walk,10,all-actor,gelu,base,863603044.0616608,
SAC,2layers,Walker-Walk,30,all-actor,gelu,base,866019767.7516937,
SAC,2layers,Walker-Walk,20,all-actor,gelu,base,798119770.7557678,
SAC,2layers,Walker-Walk,40,all-actor,gelu,base,673112607.4695587,
SAC,2layers,Finger-Spin,50,all-actor,gelu,base,792450000.0,
SAC,2layers,Finger-Spin,10,all-actor,gelu,base,796505000.0,
SAC,2layers,Finger-Spin,30,all-actor,gelu,base,757705000.0,
SAC,2layers,Finger-Spin,20,all-actor,gelu,base,697535000.0,
SAC,2layers,Finger-Spin,40,all-actor,gelu,base,873875000.0,
SAC,2layers,Humanoid-v4,50,all-actor,gelu,base,3560890790.710449,
SAC,2layers,Humanoid-v4,10,all-actor,gelu,base,3774105782.1655273,
SAC,2layers,Humanoid-v4,30,all-actor,gelu,base,3537227134.0942383,
SAC,2layers,Humanoid-v4,20,all-actor,gelu,base,3699031100.921631,
SAC,2layers,Humanoid-v4,40,all-actor,gelu,base,3919790768.1274414,
SAC,2layers,Cartpole-Swingup,50,all-actor,gelu,base,771326448.3642578,
SAC,2layers,Cartpole-Swingup,10,all-actor,gelu,base,807405727.9968262,
SAC,2layers,Cartpole-Swingup,30,all-actor,gelu,base,763947356.8725586,
SAC,2layers,Cartpole-Swingup,20,all-actor,gelu,base,743433395.1568604,
SAC,2layers,Cartpole-Swingup,40,all-actor,gelu,base,756003131.4086914,
SAC,2layers,Hopper-v4,50,all-actor,gelu,base,2857980982.513428,
SAC,2layers,Hopper-v4,10,all-actor,gelu,base,1835389181.3659668,
SAC,2layers,Hopper-v4,30,all-actor,gelu,base,2331677020.4353333,
SAC,2layers,Hopper-v4,20,all-actor,gelu,base,2337347143.3258057,
SAC,2layers,Hopper-v4,40,all-actor,gelu,base,2349974728.6987305,
SAC,2layers,Ant-v4,50,all-actor,gelu,base,2027842261.87706,
SAC,2layers,Ant-v4,10,all-actor,gelu,base,2436642752.304077,
SAC,2layers,Ant-v4,30,all-actor,gelu,base,1817857772.464752,
SAC,2layers,Ant-v4,20,all-actor,gelu,base,3360639504.241944,
SAC,2layers,Ant-v4,40,all-actor,gelu,base,1675687283.6780548,
SAC,2layers,Cheetah-Run,50,all-actor,gelu,base,342075702.41212845,
SAC,2layers,Cheetah-Run,10,all-actor,gelu,base,519445665.8172608,
SAC,2layers,Cheetah-Run,30,all-actor,gelu,base,553540287.7140045,
SAC,2layers,Cheetah-Run,20,all-actor,gelu,base,383882949.1996765,
SAC,2layers,Cheetah-Run,40,all-actor,gelu,base,484514647.3646164,
SAC,2layers,HalfCheetah-v4,50,all-actor,gelu,base,8000071485.366821,
SAC,2layers,HalfCheetah-v4,10,all-actor,gelu,base,7080354371.337891,
SAC,2layers,HalfCheetah-v4,30,all-actor,gelu,base,5226254772.338867,
SAC,2layers,HalfCheetah-v4,20,all-actor,gelu,base,6793548660.888672,
SAC,2layers,HalfCheetah-v4,40,all-actor,gelu,base,6200832915.802002,
SAC,2layers,Walker-Walk,50,all-actor,fswish,0.4,864482896.8048096,
SAC,2layers,Walker-Walk,10,all-actor,fswish,0.4,860859371.9387054,
SAC,2layers,Walker-Walk,30,all-actor,fswish,0.4,826675791.1300659,
SAC,2layers,Walker-Walk,20,all-actor,fswish,0.4,815469521.3031769,
SAC,2layers,Walker-Walk,40,all-actor,fswish,0.4,829830462.1887207,
SAC,2layers,Walker-Walk,50,all-actor,fswish,0.2,849165686.0160828,
SAC,2layers,Walker-Walk,10,all-actor,fswish,0.2,584262328.8631439,
SAC,2layers,Walker-Walk,30,all-actor,fswish,0.2,858411071.8917847,
SAC,2layers,Walker-Walk,20,all-actor,fswish,0.2,765749087.3527527,
SAC,2layers,Walker-Walk,40,all-actor,fswish,0.2,773629618.5970306,
SAC,2layers,Walker-Walk,50,all-actor,fswish,0.1,879136102.9815674,
SAC,2layers,Walker-Walk,10,all-actor,fswish,0.1,853794165.3728485,
SAC,2layers,Walker-Walk,30,all-actor,fswish,0.1,735864974.0791321,
SAC,2layers,Walker-Walk,20,all-actor,fswish,0.1,872850340.5380249,
SAC,2layers,Walker-Walk,40,all-actor,fswish,0.1,612361304.7504425,
SAC,2layers,Walker-Walk,50,all-actor,fswish,0.5,853283980.3695679,
SAC,2layers,Walker-Walk,10,all-actor,fswish,0.5,858640204.5154572,
SAC,2layers,Walker-Walk,30,all-actor,fswish,0.5,841089538.6123657,
SAC,2layers,Walker-Walk,20,all-actor,fswish,0.5,881856118.6790466,
SAC,2layers,Walker-Walk,40,all-actor,fswish,0.5,875014895.6489563,
SAC,2layers,Walker-Walk,50,all-actor,fswish,0.3,840109743.270874,
SAC,2layers,Walker-Walk,10,all-actor,fswish,0.3,864765621.471405,
SAC,2layers,Walker-Walk,30,all-actor,fswish,0.3,682916268.7158585,
SAC,2layers,Walker-Walk,20,all-actor,fswish,0.3,847263130.3882599,
SAC,2layers,Walker-Walk,40,all-actor,fswish,0.3,661377180.5477142,
SAC,2layers,Finger-Spin,50,all-actor,fswish,0.1,813465000.0,
SAC,2layers,Finger-Spin,10,all-actor,fswish,0.1,754290000.0,
SAC,2layers,Finger-Spin,30,all-actor,fswish,0.1,725370000.0,
SAC,2layers,Finger-Spin,20,all-actor,fswish,0.1,764015000.0,
SAC,2layers,Finger-Spin,40,all-actor,fswish,0.1,742150000.0,
SAC,2layers,Finger-Spin,50,all-actor,fswish,0.4,797650000.0,
SAC,2layers,Finger-Spin,10,all-actor,fswish,0.4,856265000.0,
SAC,2layers,Finger-Spin,30,all-actor,fswish,0.4,728000000.0,
SAC,2layers,Finger-Spin,20,all-actor,fswish,0.4,737620000.0,
SAC,2layers,Finger-Spin,40,all-actor,fswish,0.4,772740000.0,
SAC,2layers,Finger-Spin,50,all-actor,fswish,0.5,809390000.0,
SAC,2layers,Finger-Spin,10,all-actor,fswish,0.5,791140000.0,
SAC,2layers,Finger-Spin,30,all-actor,fswish,0.5,798785000.0,
SAC,2layers,Finger-Spin,20,all-actor,fswish,0.5,804725000.0,
SAC,2layers,Finger-Spin,40,all-actor,fswish,0.5,778165000.0,
SAC,2layers,Finger-Spin,50,all-actor,fswish,0.2,758085000.0,
SAC,2layers,Finger-Spin,10,all-actor,fswish,0.2,789200000.0,
SAC,2layers,Finger-Spin,30,all-actor,fswish,0.2,728195000.0,
SAC,2layers,Finger-Spin,20,all-actor,fswish,0.2,713145000.0,
SAC,2layers,Finger-Spin,40,all-actor,fswish,0.2,638690000.0,
SAC,2layers,Finger-Spin,50,all-actor,fswish,0.3,690735000.0,
SAC,2layers,Finger-Spin,10,all-actor,fswish,0.3,878160000.0,
SAC,2layers,Finger-Spin,30,all-actor,fswish,0.3,776990000.0,
SAC,2layers,Finger-Spin,20,all-actor,fswish,0.3,718430000.0,
SAC,2layers,Finger-Spin,40,all-actor,fswish,0.3,774100000.0,
SAC,2layers,Cheetah-Run,50,all-actor,fswish,0.4,358744187.4742508,
SAC,2layers,Cheetah-Run,10,all-actor,fswish,0.4,325001912.727356,
SAC,2layers,Cheetah-Run,30,all-actor,fswish,0.4,469689252.4635792,
SAC,2layers,Cheetah-Run,20,all-actor,fswish,0.4,375994560.0061119,
SAC,2layers,Cheetah-Run,40,all-actor,fswish,0.4,405377132.8639984,
SAC,2layers,Cheetah-Run,50,all-actor,fswish,0.2,503361647.20892906,
SAC,2layers,Cheetah-Run,10,all-actor,fswish,0.2,500222992.75398254,
SAC,2layers,Cheetah-Run,30,all-actor,fswish,0.2,438847065.3915405,
SAC,2layers,Cheetah-Run,20,all-actor,fswish,0.2,364032393.693924,
SAC,2layers,Cheetah-Run,40,all-actor,fswish,0.2,477722696.7984438,
SAC,2layers,Cheetah-Run,50,all-actor,fswish,0.5,437104853.3368111,
SAC,2layers,Cheetah-Run,10,all-actor,fswish,0.5,447653293.5523987,
SAC,2layers,Cheetah-Run,30,all-actor,fswish,0.5,448764022.24063873,
SAC,2layers,Cheetah-Run,20,all-actor,fswish,0.5,469372010.8835399,
SAC,2layers,Cheetah-Run,40,all-actor,fswish,0.5,455669621.6148138,
SAC,2layers,Cheetah-Run,50,all-actor,fswish,0.3,527216133.4705353,
SAC,2layers,Cheetah-Run,10,all-actor,fswish,0.3,435258755.2237511,
SAC,2layers,Cheetah-Run,30,all-actor,fswish,0.3,400911320.04737854,
SAC,2layers,Cheetah-Run,20,all-actor,fswish,0.3,428522285.0751877,
SAC,2layers,Cheetah-Run,40,all-actor,fswish,0.3,485919509.7017288,
SAC,2layers,Cheetah-Run,50,all-actor,fswish,0.1,497341246.8290329,
SAC,2layers,Cheetah-Run,10,all-actor,fswish,0.1,456435218.2674408,
SAC,2layers,Cheetah-Run,30,all-actor,fswish,0.1,438397912.1208191,
SAC,2layers,Cheetah-Run,20,all-actor,fswish,0.1,496936476.4070511,
SAC,2layers,Cheetah-Run,40,all-actor,fswish,0.1,465050291.4047241,
SAC,2layers,Humanoid-v4,50,all-actor,fswish,0.2,3911746887.664795,
SAC,2layers,Humanoid-v4,10,all-actor,fswish,0.2,3423595761.566162,
SAC,2layers,Humanoid-v4,30,all-actor,fswish,0.2,3909513963.775635,
SAC,2layers,Humanoid-v4,20,all-actor,fswish,0.2,3349422814.025879,
SAC,2layers,Humanoid-v4,40,all-actor,fswish,0.2,3497608436.279297,
SAC,2layers,Humanoid-v4,50,all-actor,fswish,0.3,3198975122.2229004,
SAC,2layers,Humanoid-v4,10,all-actor,fswish,0.3,3409266298.828125,
SAC,2layers,Humanoid-v4,30,all-actor,fswish,0.3,3527919279.3273926,
SAC,2layers,Humanoid-v4,20,all-actor,fswish,0.3,3284392878.8757324,
SAC,2layers,Humanoid-v4,40,all-actor,fswish,0.3,3474435061.035156,
SAC,2layers,Humanoid-v4,50,all-actor,fswish,0.5,3217772110.290528,
SAC,2layers,Humanoid-v4,10,all-actor,fswish,0.5,3820345438.38501,
SAC,2layers,Humanoid-v4,30,all-actor,fswish,0.5,3708726859.588623,
SAC,2layers,Humanoid-v4,20,all-actor,fswish,0.5,3533186922.607422,
SAC,2layers,Humanoid-v4,40,all-actor,fswish,0.5,3148242297.821045,
SAC,2layers,Humanoid-v4,50,all-actor,fswish,0.1,3527950829.01001,
SAC,2layers,Humanoid-v4,10,all-actor,fswish,0.1,3519591654.9682617,
SAC,2layers,Humanoid-v4,30,all-actor,fswish,0.1,4011618364.4104,
SAC,2layers,Humanoid-v4,20,all-actor,fswish,0.1,3602980291.290283,
SAC,2layers,Humanoid-v4,40,all-actor,fswish,0.1,3693439363.250733,
SAC,2layers,Humanoid-v4,50,all-actor,fswish,0.4,3648955187.3779297,
SAC,2layers,Humanoid-v4,10,all-actor,fswish,0.4,3578494725.494385,
SAC,2layers,Humanoid-v4,30,all-actor,fswish,0.4,3367531858.673096,
SAC,2layers,Humanoid-v4,20,all-actor,fswish,0.4,3386247214.8132324,
SAC,2layers,Humanoid-v4,40,all-actor,fswish,0.4,3483824707.9467773,
SAC,2layers,Ant-v4,50,all-actor,fswish,0.5,2543674888.8874054,
SAC,2layers,Ant-v4,10,all-actor,fswish,0.5,3467938464.4317627,
SAC,2layers,Ant-v4,30,all-actor,fswish,0.5,1966190539.176464,
SAC,2layers,Ant-v4,20,all-actor,fswish,0.5,3209765232.0861816,
SAC,2layers,Ant-v4,40,all-actor,fswish,0.5,1484863255.6295395,
SAC,2layers,Ant-v4,50,all-actor,fswish,0.2,1767718086.7695808,
SAC,2layers,Ant-v4,10,all-actor,fswish,0.2,3376048777.551651,
SAC,2layers,Ant-v4,30,all-actor,fswish,0.2,2682143780.670166,
SAC,2layers,Ant-v4,20,all-actor,fswish,0.2,2311550322.828293,
SAC,2layers,Ant-v4,40,all-actor,fswish,0.2,1866642983.293533,
SAC,2layers,Ant-v4,50,all-actor,fswish,0.1,3110399546.518326,
SAC,2layers,Ant-v4,10,all-actor,fswish,0.1,2355071440.558433,
SAC,2layers,Ant-v4,30,all-actor,fswish,0.1,2571250720.317364,
SAC,2layers,Ant-v4,20,all-actor,fswish,0.1,2724589508.14724,
SAC,2layers,Ant-v4,40,all-actor,fswish,0.1,1486756874.7770786,
SAC,2layers,Ant-v4,50,all-actor,fswish,0.4,2510084262.714386,
SAC,2layers,Ant-v4,10,all-actor,fswish,0.4,3665546235.5041504,
SAC,2layers,Ant-v4,30,all-actor,fswish,0.4,1263588322.906494,
SAC,2layers,Ant-v4,20,all-actor,fswish,0.4,2608087516.937256,
SAC,2layers,Ant-v4,40,all-actor,fswish,0.4,3066046329.345703,
SAC,2layers,Ant-v4,50,all-actor,fswish,0.3,2361938027.819395,
SAC,2layers,Ant-v4,10,all-actor,fswish,0.3,3331903215.5799866,
SAC,2layers,Ant-v4,30,all-actor,fswish,0.3,2593006073.465348,
SAC,2layers,Ant-v4,20,all-actor,fswish,0.3,2152905820.045471,
SAC,2layers,Ant-v4,40,all-actor,fswish,0.3,2064607264.4042969,
SAC,2layers,Cartpole-Swingup,50,all-actor,fswish,0.2,744320749.206543,
SAC,2layers,Cartpole-Swingup,10,all-actor,fswish,0.2,806859422.9722023,
SAC,2layers,Cartpole-Swingup,30,all-actor,fswish,0.2,672233386.0778809,
SAC,2layers,Cartpole-Swingup,20,all-actor,fswish,0.2,764770303.9550781,
SAC,2layers,Cartpole-Swingup,40,all-actor,fswish,0.2,790147582.0159912,
SAC,2layers,Cartpole-Swingup,50,all-actor,fswish,0.3,786590489.3112183,
SAC,2layers,Cartpole-Swingup,10,all-actor,fswish,0.3,761864572.1054077,
SAC,2layers,Cartpole-Swingup,30,all-actor,fswish,0.3,793521967.6208496,
SAC,2layers,Cartpole-Swingup,20,all-actor,fswish,0.3,779437273.8647461,
SAC,2layers,Cartpole-Swingup,40,all-actor,fswish,0.3,785470902.4047852,
SAC,2layers,Cartpole-Swingup,50,all-actor,fswish,0.4,769835416.1834717,
SAC,2layers,Cartpole-Swingup,10,all-actor,fswish,0.4,747570361.6333008,
SAC,2layers,Cartpole-Swingup,30,all-actor,fswish,0.4,735907605.97229,
SAC,2layers,Cartpole-Swingup,20,all-actor,fswish,0.4,807470464.4012451,
SAC,2layers,Cartpole-Swingup,40,all-actor,fswish,0.4,781523524.7802734,
SAC,2layers,Cartpole-Swingup,50,all-actor,fswish,0.5,764380297.5463867,
SAC,2layers,Cartpole-Swingup,10,all-actor,fswish,0.5,813115123.3673096,
SAC,2layers,Cartpole-Swingup,30,all-actor,fswish,0.5,790580733.2420349,
SAC,2layers,Cartpole-Swingup,20,all-actor,fswish,0.5,766835908.8516235,
SAC,2layers,Cartpole-Swingup,40,all-actor,fswish,0.5,788168989.5629883,
SAC,2layers,Cartpole-Swingup,50,all-actor,fswish,0.1,777026179.8095703,
SAC,2layers,Cartpole-Swingup,10,all-actor,fswish,0.1,777596520.3094482,
SAC,2layers,Cartpole-Swingup,30,all-actor,fswish,0.1,775520711.1358643,
SAC,2layers,Cartpole-Swingup,20,all-actor,fswish,0.1,783996435.3179932,
SAC,2layers,Cartpole-Swingup,40,all-actor,fswish,0.1,783511221.7712402,
SAC,2layers,HalfCheetah-v4,50,all-actor,fswish,0.1,7363229253.120422,
SAC,2layers,HalfCheetah-v4,10,all-actor,fswish,0.1,8545372827.911377,
SAC,2layers,HalfCheetah-v4,30,all-actor,fswish,0.1,8151557485.561371,
SAC,2layers,HalfCheetah-v4,20,all-actor,fswish,0.1,8370867401.556969,
SAC,2layers,HalfCheetah-v4,40,all-actor,fswish,0.1,7672548478.851318,
SAC,2layers,HalfCheetah-v4,50,all-actor,fswish,0.3,7808292851.676941,
SAC,2layers,HalfCheetah-v4,10,all-actor,fswish,0.3,7071499092.311859,
SAC,2layers,HalfCheetah-v4,30,all-actor,fswish,0.3,8715362410.793304,
SAC,2layers,HalfCheetah-v4,20,all-actor,fswish,0.3,7695793457.46994,
SAC,2layers,HalfCheetah-v4,40,all-actor,fswish,0.3,8523280522.003174,
SAC,2layers,HalfCheetah-v4,50,all-actor,fswish,0.2,8027772377.39563,
SAC,2layers,HalfCheetah-v4,10,all-actor,fswish,0.2,8204277377.243042,
SAC,2layers,HalfCheetah-v4,30,all-actor,fswish,0.2,1674581536.6744995,
SAC,2layers,HalfCheetah-v4,20,all-actor,fswish,0.2,6883778236.484528,
SAC,2layers,HalfCheetah-v4,40,all-actor,fswish,0.2,8247590248.203278,
SAC,2layers,HalfCheetah-v4,50,all-actor,fswish,0.4,8614610773.878098,
SAC,2layers,HalfCheetah-v4,10,all-actor,fswish,0.4,7102860130.767822,
SAC,2layers,HalfCheetah-v4,30,all-actor,fswish,0.4,8992304482.879639,
SAC,2layers,HalfCheetah-v4,20,all-actor,fswish,0.4,7714059301.223755,
SAC,2layers,HalfCheetah-v4,40,all-actor,fswish,0.4,6326823968.048096,
SAC,2layers,HalfCheetah-v4,50,all-actor,fswish,0.5,6357650275.192261,
SAC,2layers,HalfCheetah-v4,10,all-actor,fswish,0.5,8157246361.427307,
SAC,2layers,HalfCheetah-v4,30,all-actor,fswish,0.5,5799070055.351257,
SAC,2layers,HalfCheetah-v4,20,all-actor,fswish,0.5,7352335793.838501,
SAC,2layers,HalfCheetah-v4,40,all-actor,fswish,0.5,7168543039.703369,
SAC,2layers,Hopper-v4,50,all-actor,fswish,0.1,2423279716.0339355,
SAC,2layers,Hopper-v4,10,all-actor,fswish,0.1,2842152831.0394287,
SAC,2layers,Hopper-v4,30,all-actor,fswish,0.1,2124039707.6416016,
SAC,2layers,Hopper-v4,20,all-actor,fswish,0.1,1871410877.609253,
SAC,2layers,Hopper-v4,40,all-actor,fswish,0.1,2380631492.462158,
SAC,2layers,Hopper-v4,50,all-actor,fswish,0.3,1861444151.134491,
SAC,2layers,Hopper-v4,10,all-actor,fswish,0.3,2031804625.5493164,
SAC,2layers,Hopper-v4,30,all-actor,fswish,0.3,2691534584.884644,
SAC,2layers,Hopper-v4,20,all-actor,fswish,0.3,2372054778.7475586,
SAC,2layers,Hopper-v4,40,all-actor,fswish,0.3,2820021224.937439,
SAC,2layers,Hopper-v4,50,all-actor,fswish,0.5,1805701053.0853271,
SAC,2layers,Hopper-v4,10,all-actor,fswish,0.5,2420645762.481689,
SAC,2layers,Hopper-v4,30,all-actor,fswish,0.5,2371834391.937256,
SAC,2layers,Hopper-v4,20,all-actor,fswish,0.5,2524415438.156128,
SAC,2layers,Hopper-v4,40,all-actor,fswish,0.5,2448126047.592163,
SAC,2layers,Hopper-v4,50,all-actor,fswish,0.4,2151390929.412842,
SAC,2layers,Hopper-v4,10,all-actor,fswish,0.4,2703220053.6727905,
SAC,2layers,Hopper-v4,30,all-actor,fswish,0.4,2692050426.0253906,
SAC,2layers,Hopper-v4,20,all-actor,fswish,0.4,1978802652.2827148,
SAC,2layers,Hopper-v4,40,all-actor,fswish,0.4,2576693372.9553223,
SAC,2layers,Hopper-v4,50,all-actor,fswish,0.2,1763112482.4523926,
SAC,2layers,Hopper-v4,10,all-actor,fswish,0.2,2633065376.663208,
SAC,2layers,Hopper-v4,30,all-actor,fswish,0.2,2694872854.614258,
SAC,2layers,Hopper-v4,20,all-actor,fswish,0.2,2618133955.8410645,
SAC,2layers,Hopper-v4,40,all-actor,fswish,0.2,2573115770.263672,
SAC,2layers,Walker-Walk,50,all-actor,fgelu,0.5,846181983.165741,
SAC,2layers,Walker-Walk,10,all-actor,fgelu,0.5,719733369.0261841,
SAC,2layers,Walker-Walk,30,all-actor,fgelu,0.5,691395629.1389465,
SAC,2layers,Walker-Walk,20,all-actor,fgelu,0.5,673968104.352951,
SAC,2layers,Walker-Walk,40,all-actor,fgelu,0.5,753910186.0046387,
SAC,2layers,Walker-Walk,50,all-actor,fgelu,0.3,882113017.8928375,
SAC,2layers,Walker-Walk,10,all-actor,fgelu,0.3,574865412.6930237,
SAC,2layers,Walker-Walk,30,all-actor,fgelu,0.3,645234097.1851349,
SAC,2layers,Walker-Walk,20,all-actor,fgelu,0.3,477698396.692276,
SAC,2layers,Walker-Walk,40,all-actor,fgelu,0.3,838449664.850235,
SAC,2layers,Walker-Walk,50,all-actor,fgelu,0.4,845609665.1554108,
SAC,2layers,Walker-Walk,10,all-actor,fgelu,0.4,858194213.1996155,
SAC,2layers,Walker-Walk,30,all-actor,fgelu,0.4,799463495.2259064,
SAC,2layers,Walker-Walk,20,all-actor,fgelu,0.4,741564176.0253906,
SAC,2layers,Walker-Walk,40,all-actor,fgelu,0.4,848386342.420578,
SAC,2layers,Walker-Walk,50,all-actor,fgelu,0.2,859187541.0270691,
SAC,2layers,Walker-Walk,10,all-actor,fgelu,0.2,760225748.1193542,
SAC,2layers,Walker-Walk,30,all-actor,fgelu,0.2,824199446.9451904,
SAC,2layers,Walker-Walk,20,all-actor,fgelu,0.2,849566246.4904785,
SAC,2layers,Walker-Walk,40,all-actor,fgelu,0.2,642615058.5269928,
SAC,2layers,Walker-Walk,50,all-actor,fgelu,0.1,879818446.3405609,
SAC,2layers,Walker-Walk,10,all-actor,fgelu,0.1,712046459.3696594,
SAC,2layers,Walker-Walk,30,all-actor,fgelu,0.1,736721281.9290161,
SAC,2layers,Walker-Walk,20,all-actor,fgelu,0.1,871590333.0039978,
SAC,2layers,Walker-Walk,40,all-actor,fgelu,0.1,573392684.4882965,
SAC,2layers,Finger-Spin,50,all-actor,fgelu,0.4,806935000.0,
SAC,2layers,Finger-Spin,10,all-actor,fgelu,0.4,814580000.0,
SAC,2layers,Finger-Spin,30,all-actor,fgelu,0.4,776195000.0,
SAC,2layers,Finger-Spin,20,all-actor,fgelu,0.4,728535000.0,
SAC,2layers,Finger-Spin,40,all-actor,fgelu,0.4,737150000.0,
SAC,2layers,Finger-Spin,50,all-actor,fgelu,0.1,784660000.0,
SAC,2layers,Finger-Spin,10,all-actor,fgelu,0.1,797320000.0,
SAC,2layers,Finger-Spin,30,all-actor,fgelu,0.1,737305000.0,
SAC,2layers,Finger-Spin,20,all-actor,fgelu,0.1,739080000.0,
SAC,2layers,Finger-Spin,40,all-actor,fgelu,0.1,810225000.0,
SAC,2layers,Finger-Spin,50,all-actor,fgelu,0.2,739270000.0,
SAC,2layers,Finger-Spin,10,all-actor,fgelu,0.2,787120000.0,
SAC,2layers,Finger-Spin,30,all-actor,fgelu,0.2,739580000.0,
SAC,2layers,Finger-Spin,20,all-actor,fgelu,0.2,728845000.0,
SAC,2layers,Finger-Spin,40,all-actor,fgelu,0.2,802600000.0,
SAC,2layers,Finger-Spin,50,all-actor,fgelu,0.5,775265000.0,
SAC,2layers,Finger-Spin,10,all-actor,fgelu,0.5,769205000.0,
SAC,2layers,Finger-Spin,30,all-actor,fgelu,0.5,774640000.0,
SAC,2layers,Finger-Spin,20,all-actor,fgelu,0.5,740100000.0,
SAC,2layers,Finger-Spin,40,all-actor,fgelu,0.5,707845000.0,
SAC,2layers,Finger-Spin,50,all-actor,fgelu,0.3,814015000.0,
SAC,2layers,Finger-Spin,10,all-actor,fgelu,0.3,797765000.0,
SAC,2layers,Finger-Spin,30,all-actor,fgelu,0.3,771740000.0,
SAC,2layers,Finger-Spin,20,all-actor,fgelu,0.3,796220000.0,
SAC,2layers,Finger-Spin,40,all-actor,fgelu,0.3,800230000.0,
SAC,2layers,Cheetah-Run,50,all-actor,fgelu,0.1,434612881.4888001,
SAC,2layers,Cheetah-Run,10,all-actor,fgelu,0.1,535942173.3093262,
SAC,2layers,Cheetah-Run,30,all-actor,fgelu,0.1,436237932.8966141,
SAC,2layers,Cheetah-Run,20,all-actor,fgelu,0.1,445450943.5451031,
SAC,2layers,Cheetah-Run,40,all-actor,fgelu,0.1,503607952.3611069,
SAC,2layers,Cheetah-Run,50,all-actor,fgelu,0.2,487169015.4457092,
SAC,2layers,Cheetah-Run,10,all-actor,fgelu,0.2,492008158.33091736,
SAC,2layers,Cheetah-Run,30,all-actor,fgelu,0.2,536897565.0024414,
SAC,2layers,Cheetah-Run,20,all-actor,fgelu,0.2,441187380.3877831,
SAC,2layers,Cheetah-Run,40,all-actor,fgelu,0.2,446723153.74851227,
SAC,2layers,Cheetah-Run,50,all-actor,fgelu,0.5,513903522.1290589,
SAC,2layers,Cheetah-Run,10,all-actor,fgelu,0.5,475454036.9307995,
SAC,2layers,Cheetah-Run,30,all-actor,fgelu,0.5,432540453.2623291,
SAC,2layers,Cheetah-Run,20,all-actor,fgelu,0.5,504094701.7633915,
SAC,2layers,Cheetah-Run,40,all-actor,fgelu,0.5,432594189.5723343,
SAC,2layers,Cheetah-Run,50,all-actor,fgelu,0.4,498721987.323761,
SAC,2layers,Cheetah-Run,10,all-actor,fgelu,0.4,499024485.8300686,
SAC,2layers,Cheetah-Run,30,all-actor,fgelu,0.4,463757454.11872864,
SAC,2layers,Cheetah-Run,20,all-actor,fgelu,0.4,437314053.12776566,
SAC,2layers,Cheetah-Run,40,all-actor,fgelu,0.4,542708084.7454071,
SAC,2layers,Cheetah-Run,50,all-actor,fgelu,0.3,508711049.349308,
SAC,2layers,Cheetah-Run,10,all-actor,fgelu,0.3,464456861.5180254,
SAC,2layers,Cheetah-Run,30,all-actor,fgelu,0.3,482884280.33828735,
SAC,2layers,Cheetah-Run,20,all-actor,fgelu,0.3,495621919.9085236,
SAC,2layers,Cheetah-Run,40,all-actor,fgelu,0.3,454650779.4904709,
SAC,2layers,Humanoid-v4,50,all-actor,fgelu,0.4,3780932597.65625,
SAC,2layers,Humanoid-v4,10,all-actor,fgelu,0.4,3590769679.870605,
SAC,2layers,Humanoid-v4,30,all-actor,fgelu,0.4,3467538054.8095703,
SAC,2layers,Humanoid-v4,20,all-actor,fgelu,0.4,3476398382.873535,
SAC,2layers,Humanoid-v4,40,all-actor,fgelu,0.4,3749023507.537842,
SAC,2layers,Humanoid-v4,50,all-actor,fgelu,0.5,3759381334.5336914,
SAC,2layers,Humanoid-v4,10,all-actor,fgelu,0.5,4565774635.314941,
SAC,2layers,Humanoid-v4,30,all-actor,fgelu,0.5,3758443086.70044,
SAC,2layers,Humanoid-v4,20,all-actor,fgelu,0.5,3900895249.0234375,
SAC,2layers,Humanoid-v4,40,all-actor,fgelu,0.5,3893469962.921143,
SAC,2layers,Humanoid-v4,50,all-actor,fgelu,0.3,3534735699.3103027,
SAC,2layers,Humanoid-v4,10,all-actor,fgelu,0.3,3616597572.937012,
SAC,2layers,Humanoid-v4,30,all-actor,fgelu,0.3,3444996601.867676,
SAC,2layers,Humanoid-v4,20,all-actor,fgelu,0.3,3377649340.362549,
SAC,2layers,Humanoid-v4,40,all-actor,fgelu,0.3,3565904743.9575195,
SAC,2layers,Humanoid-v4,50,all-actor,fgelu,0.2,3840271293.7927246,
SAC,2layers,Humanoid-v4,10,all-actor,fgelu,0.2,3809593067.779541,
SAC,2layers,Humanoid-v4,30,all-actor,fgelu,0.2,4138029341.278076,
SAC,2layers,Humanoid-v4,20,all-actor,fgelu,0.2,3450466926.2695312,
SAC,2layers,Humanoid-v4,40,all-actor,fgelu,0.2,3435494223.6328125,
SAC,2layers,Humanoid-v4,50,all-actor,fgelu,0.1,3408596589.3554688,
SAC,2layers,Humanoid-v4,10,all-actor,fgelu,0.1,3407553867.034912,
SAC,2layers,Humanoid-v4,30,all-actor,fgelu,0.1,3629983964.691162,
SAC,2layers,Humanoid-v4,20,all-actor,fgelu,0.1,3393040688.4765625,
SAC,2layers,Humanoid-v4,40,all-actor,fgelu,0.1,3962928794.250488,
SAC,2layers,Ant-v4,50,all-actor,fgelu,0.3,3171850789.413452,
SAC,2layers,Ant-v4,10,all-actor,fgelu,0.3,2994191524.887085,
SAC,2layers,Ant-v4,30,all-actor,fgelu,0.3,2758308996.105194,
SAC,2layers,Ant-v4,20,all-actor,fgelu,0.3,2642729317.806959,
SAC,2layers,Ant-v4,40,all-actor,fgelu,0.3,2311338348.5221863,
SAC,2layers,Ant-v4,50,all-actor,fgelu,0.1,3417361520.1568604,
SAC,2layers,Ant-v4,10,all-actor,fgelu,0.1,3401023189.983368,
SAC,2layers,Ant-v4,30,all-actor,fgelu,0.1,1986388088.548184,
SAC,2layers,Ant-v4,20,all-actor,fgelu,0.1,2050669590.6353,
SAC,2layers,Ant-v4,40,all-actor,fgelu,0.1,3648002575.2830505,
SAC,2layers,Ant-v4,50,all-actor,fgelu,0.5,2910647653.541565,
SAC,2layers,Ant-v4,10,all-actor,fgelu,0.5,3626699425.7354736,
SAC,2layers,Ant-v4,30,all-actor,fgelu,0.5,2466954232.7690125,
SAC,2layers,Ant-v4,20,all-actor,fgelu,0.5,2787836490.941048,
SAC,2layers,Ant-v4,40,all-actor,fgelu,0.5,1939760942.7547448,
SAC,2layers,Ant-v4,50,all-actor,fgelu,0.2,1249245136.2919807,
SAC,2layers,Ant-v4,10,all-actor,fgelu,0.2,2544712090.5017853,
SAC,2layers,Ant-v4,30,all-actor,fgelu,0.2,2248301091.3205147,
SAC,2layers,Ant-v4,20,all-actor,fgelu,0.2,2196875940.599441,
SAC,2layers,Ant-v4,40,all-actor,fgelu,0.2,1470256834.487915,
SAC,2layers,Ant-v4,50,all-actor,fgelu,0.4,1694045731.3156128,
SAC,2layers,Ant-v4,10,all-actor,fgelu,0.4,3497810190.038681,
SAC,2layers,Ant-v4,30,all-actor,fgelu,0.4,2661483308.5513115,
SAC,2layers,Ant-v4,20,all-actor,fgelu,0.4,2793757713.0508423,
SAC,2layers,Ant-v4,40,all-actor,fgelu,0.4,1771470520.684719,
SAC,2layers,Cartpole-Swingup,50,all-actor,fgelu,0.5,753782985.534668,
SAC,2layers,Cartpole-Swingup,10,all-actor,fgelu,0.5,773204017.9443359,
SAC,2layers,Cartpole-Swingup,30,all-actor,fgelu,0.5,775816727.8671265,
SAC,2layers,Cartpole-Swingup,20,all-actor,fgelu,0.5,797156731.262207,
SAC,2layers,Cartpole-Swingup,40,all-actor,fgelu,0.5,792830572.3571777,
SAC,2layers,Cartpole-Swingup,50,all-actor,fgelu,0.4,611564450.9887695,
SAC,2layers,Cartpole-Swingup,10,all-actor,fgelu,0.4,802187716.7892456,
SAC,2layers,Cartpole-Swingup,30,all-actor,fgelu,0.4,785991561.050415,
SAC,2layers,Cartpole-Swingup,20,all-actor,fgelu,0.4,681228227.1575928,
SAC,2layers,Cartpole-Swingup,40,all-actor,fgelu,0.4,798884989.0899658,
SAC,2layers,Cartpole-Swingup,50,all-actor,fgelu,0.1,779933045.7305908,
SAC,2layers,Cartpole-Swingup,10,all-actor,fgelu,0.1,813872436.5997314,
SAC,2layers,Cartpole-Swingup,30,all-actor,fgelu,0.1,671742576.2176514,
SAC,2layers,Cartpole-Swingup,20,all-actor,fgelu,0.1,770579697.0367432,
SAC,2layers,Cartpole-Swingup,40,all-actor,fgelu,0.1,791640118.7133789,
SAC,2layers,Cartpole-Swingup,50,all-actor,fgelu,0.2,795697435.6079102,
SAC,2layers,Cartpole-Swingup,10,all-actor,fgelu,0.2,789726505.9661865,
SAC,2layers,Cartpole-Swingup,30,all-actor,fgelu,0.2,772634242.8588867,
SAC,2layers,Cartpole-Swingup,20,all-actor,fgelu,0.2,769572807.9986572,
SAC,2layers,Cartpole-Swingup,40,all-actor,fgelu,0.2,793889758.9111328,
SAC,2layers,Cartpole-Swingup,50,all-actor,fgelu,0.3,675558928.4515381,
SAC,2layers,Cartpole-Swingup,10,all-actor,fgelu,0.3,806821340.637207,
SAC,2layers,Cartpole-Swingup,30,all-actor,fgelu,0.3,783022905.3497314,
SAC,2layers,Cartpole-Swingup,20,all-actor,fgelu,0.3,710275063.0187988,
SAC,2layers,Cartpole-Swingup,40,all-actor,fgelu,0.3,780516771.5454102,
SAC,2layers,HalfCheetah-v4,50,all-actor,fgelu,0.4,8178165405.235291,
SAC,2layers,HalfCheetah-v4,10,all-actor,fgelu,0.4,7548914895.324707,
SAC,2layers,HalfCheetah-v4,30,all-actor,fgelu,0.4,6993567596.702576,
SAC,2layers,HalfCheetah-v4,20,all-actor,fgelu,0.4,6793816254.386902,
SAC,2layers,HalfCheetah-v4,40,all-actor,fgelu,0.4,8323333406.591415,
SAC,2layers,HalfCheetah-v4,50,all-actor,fgelu,0.1,8741493867.492676,
SAC,2layers,HalfCheetah-v4,10,all-actor,fgelu,0.1,6858287601.509094,
SAC,2layers,HalfCheetah-v4,30,all-actor,fgelu,0.1,7805779350.934029,
SAC,2layers,HalfCheetah-v4,20,all-actor,fgelu,0.1,7016106163.387299,
SAC,2layers,HalfCheetah-v4,40,all-actor,fgelu,0.1,7755157336.997986,
SAC,2layers,HalfCheetah-v4,50,all-actor,fgelu,0.2,6599242814.63623,
SAC,2layers,HalfCheetah-v4,10,all-actor,fgelu,0.2,8431216477.622986,
SAC,2layers,HalfCheetah-v4,30,all-actor,fgelu,0.2,7026209617.25235,
SAC,2layers,HalfCheetah-v4,20,all-actor,fgelu,0.2,5895006323.871613,
SAC,2layers,HalfCheetah-v4,40,all-actor,fgelu,0.2,8547665787.397623,
SAC,2layers,HalfCheetah-v4,50,all-actor,fgelu,0.3,8808841181.755066,
SAC,2layers,HalfCheetah-v4,10,all-actor,fgelu,0.3,7373060512.814522,
SAC,2layers,HalfCheetah-v4,30,all-actor,fgelu,0.3,7863859264.678955,
SAC,2layers,HalfCheetah-v4,20,all-actor,fgelu,0.3,6610615720.252991,
SAC,2layers,HalfCheetah-v4,40,all-actor,fgelu,0.3,5434981604.809761,
SAC,2layers,HalfCheetah-v4,50,all-actor,fgelu,0.5,6866567081.756592,
SAC,2layers,HalfCheetah-v4,10,all-actor,fgelu,0.5,8074928665.69519,
SAC,2layers,HalfCheetah-v4,30,all-actor,fgelu,0.5,6480194258.346558,
SAC,2layers,HalfCheetah-v4,20,all-actor,fgelu,0.5,7373849363.541603,
SAC,2layers,HalfCheetah-v4,40,all-actor,fgelu,0.5,1994814762.9356384,
SAC,2layers,Hopper-v4,50,all-actor,fgelu,0.3,2885029344.816208,
SAC,2layers,Hopper-v4,10,all-actor,fgelu,0.3,2689400639.076233,
SAC,2layers,Hopper-v4,30,all-actor,fgelu,0.3,2997139252.843857,
SAC,2layers,Hopper-v4,20,all-actor,fgelu,0.3,2571599678.697586,
SAC,2layers,Hopper-v4,40,all-actor,fgelu,0.3,2590026930.847168,
SAC,2layers,Hopper-v4,50,all-actor,fgelu,0.2,2737414545.440674,
SAC,2layers,Hopper-v4,10,all-actor,fgelu,0.2,2510002360.6586456,
SAC,2layers,Hopper-v4,30,all-actor,fgelu,0.2,2256542091.217041,
SAC,2layers,Hopper-v4,20,all-actor,fgelu,0.2,1789651942.8253174,
SAC,2layers,Hopper-v4,40,all-actor,fgelu,0.2,2328828889.093399,
SAC,2layers,Hopper-v4,50,all-actor,fgelu,0.5,1918647805.404663,
SAC,2layers,Hopper-v4,10,all-actor,fgelu,0.5,2408866827.6023865,
SAC,2layers,Hopper-v4,30,all-actor,fgelu,0.5,2068200594.100952,
SAC,2layers,Hopper-v4,20,all-actor,fgelu,0.5,2119773233.2611084,
SAC,2layers,Hopper-v4,40,all-actor,fgelu,0.5,2571734265.4418945,
SAC,2layers,Hopper-v4,50,all-actor,fgelu,0.1,2786093618.3166504,
SAC,2layers,Hopper-v4,10,all-actor,fgelu,0.1,2512671368.6943054,
SAC,2layers,Hopper-v4,30,all-actor,fgelu,0.1,2426502196.6552734,
SAC,2layers,Hopper-v4,20,all-actor,fgelu,0.1,2435483406.829834,
SAC,2layers,Hopper-v4,40,all-actor,fgelu,0.1,2641664378.128052,
SAC,2layers,Hopper-v4,50,all-actor,fgelu,0.4,2157750015.8691406,
SAC,2layers,Hopper-v4,10,all-actor,fgelu,0.4,2715462992.706299,
SAC,2layers,Hopper-v4,30,all-actor,fgelu,0.4,2484882555.847168,
SAC,2layers,Hopper-v4,20,all-actor,fgelu,0.4,2991872306.8237305,
SAC,2layers,Hopper-v4,40,all-actor,fgelu,0.4,2072135834.6748352,
SAC,2layers,Cheetah-Run,50,all-actor,lrelu,base,444757542.7389145,
SAC,2layers,Cheetah-Run,10,all-actor,lrelu,base,487488651.0658264,
SAC,2layers,Cheetah-Run,30,all-actor,lrelu,base,499929651.3175965,
SAC,2layers,Cheetah-Run,20,all-actor,lrelu,base,467746369.6289063,
SAC,2layers,Cheetah-Run,40,all-actor,lrelu,base,459842762.6514435,
SAC,2layers,Humanoid-v4,50,all-actor,lrelu,base,3562858395.2331543,
SAC,2layers,Humanoid-v4,10,all-actor,lrelu,base,4116079864.501953,
SAC,2layers,Humanoid-v4,30,all-actor,lrelu,base,3850645975.952149,
SAC,2layers,Humanoid-v4,20,all-actor,lrelu,base,3401632973.7854004,
SAC,2layers,Humanoid-v4,40,all-actor,lrelu,base,3315494060.0585938,
SAC,2layers,Ant-v4,50,all-actor,lrelu,base,2821650618.534088,
SAC,2layers,Ant-v4,10,all-actor,lrelu,base,2789313991.9900894,
SAC,2layers,Ant-v4,30,all-actor,lrelu,base,3510902937.221527,
SAC,2layers,Ant-v4,20,all-actor,lrelu,base,3344928914.680481,
SAC,2layers,Ant-v4,40,all-actor,lrelu,base,3160705970.916748,
SAC,2layers,Walker-Walk,50,all-actor,lrelu,base,802724080.6102753,
SAC,2layers,Walker-Walk,10,all-actor,lrelu,base,675644458.2176208,
SAC,2layers,Walker-Walk,30,all-actor,lrelu,base,684300932.4264526,
SAC,2layers,Walker-Walk,20,all-actor,lrelu,base,772673874.6833801,
SAC,2layers,Walker-Walk,40,all-actor,lrelu,base,861090222.4063873,
SAC,2layers,Finger-Spin,50,all-actor,lrelu,base,769835000.0,
SAC,2layers,Finger-Spin,10,all-actor,lrelu,base,795225000.0,
SAC,2layers,Finger-Spin,30,all-actor,lrelu,base,762260000.0,
SAC,2layers,Finger-Spin,20,all-actor,lrelu,base,720080000.0,
SAC,2layers,Finger-Spin,40,all-actor,lrelu,base,733550000.0,
SAC,2layers,Hopper-v4,50,all-actor,lrelu,base,2626584566.268921,
SAC,2layers,Hopper-v4,10,all-actor,lrelu,base,2415262662.7349854,
SAC,2layers,Hopper-v4,30,all-actor,lrelu,base,2804981234.226227,
SAC,2layers,Hopper-v4,20,all-actor,lrelu,base,1788865990.600586,
SAC,2layers,Hopper-v4,40,all-actor,lrelu,base,2264972855.453491,
SAC,2layers,Cartpole-Swingup,50,all-actor,lrelu,base,777731537.7807617,
SAC,2layers,Cartpole-Swingup,10,all-actor,lrelu,base,732678653.3355713,
SAC,2layers,Cartpole-Swingup,30,all-actor,lrelu,base,778380967.4835205,
SAC,2layers,Cartpole-Swingup,20,all-actor,lrelu,base,763907115.1733398,
SAC,2layers,Cartpole-Swingup,40,all-actor,lrelu,base,784904812.0117188,
SAC,2layers,HalfCheetah-v4,50,all-actor,lrelu,base,8883562752.59018,
SAC,2layers,HalfCheetah-v4,10,all-actor,lrelu,base,7572700374.84169,
SAC,2layers,HalfCheetah-v4,30,all-actor,lrelu,base,6990324741.363525,
SAC,2layers,HalfCheetah-v4,20,all-actor,lrelu,base,7747686905.517578,
SAC,2layers,HalfCheetah-v4,40,all-actor,lrelu,base,1770988323.287964,
SAC,2layers,Walker-Walk,50,all-actor,fprelu,0.2,858433274.9709669,
SAC,2layers,Walker-Walk,10,all-actor,fprelu,0.2,718932324.8154186,
SAC,2layers,Walker-Walk,30,all-actor,fprelu,0.2,841224965.3428723,
SAC,2layers,Walker-Walk,20,all-actor,fprelu,0.2,764797906.0934726,
SAC,2layers,Walker-Walk,40,all-actor,fprelu,0.2,624595104.5194026,
SAC,2layers,Walker-Walk,50,all-actor,fprelu,0.1,867932353.7427547,
SAC,2layers,Walker-Walk,10,all-actor,fprelu,0.1,849539193.0379865,
SAC,2layers,Walker-Walk,30,all-actor,fprelu,0.1,804337704.2373927,
SAC,2layers,Walker-Walk,20,all-actor,fprelu,0.1,848322322.282269,
SAC,2layers,Walker-Walk,40,all-actor,fprelu,0.1,554600846.5486759,
SAC,2layers,Walker-Walk,50,all-actor,fprelu,0.5,868918567.0139983,
SAC,2layers,Walker-Walk,10,all-actor,fprelu,0.5,822728040.1652621,
SAC,2layers,Walker-Walk,30,all-actor,fprelu,0.5,715220495.9158399,
SAC,2layers,Walker-Walk,20,all-actor,fprelu,0.5,857610199.717598,
SAC,2layers,Walker-Walk,40,all-actor,fprelu,0.5,839994255.3225832,
SAC,2layers,Walker-Walk,50,all-actor,fprelu,0.4,856133024.7480412,
SAC,2layers,Walker-Walk,10,all-actor,fprelu,0.4,814005690.6828161,
SAC,2layers,Walker-Walk,30,all-actor,fprelu,0.4,843041325.9519427,
SAC,2layers,Walker-Walk,20,all-actor,fprelu,0.4,848082908.6471709,
SAC,2layers,Walker-Walk,40,all-actor,fprelu,0.4,591260036.5917659,
SAC,2layers,Walker-Walk,50,all-actor,fprelu,0.3,834473093.8891076,
SAC,2layers,Walker-Walk,10,all-actor,fprelu,0.3,666382910.235042,
SAC,2layers,Walker-Walk,30,all-actor,fprelu,0.3,854885677.077561,
SAC,2layers,Walker-Walk,20,all-actor,fprelu,0.3,864943140.6266652,
SAC,2layers,Walker-Walk,40,all-actor,fprelu,0.3,862131255.0564796,
SAC,2layers,Finger-Spin,50,all-actor,fprelu,0.5,792810000.0,
SAC,2layers,Finger-Spin,10,all-actor,fprelu,0.5,847330000.0,
SAC,2layers,Finger-Spin,30,all-actor,fprelu,0.5,739195000.0,
SAC,2layers,Finger-Spin,20,all-actor,fprelu,0.5,756165000.0,
SAC,2layers,Finger-Spin,40,all-actor,fprelu,0.5,803475000.0,
SAC,2layers,Finger-Spin,50,all-actor,fprelu,0.3,737635000.0,
SAC,2layers,Finger-Spin,10,all-actor,fprelu,0.3,770400000.0,
SAC,2layers,Finger-Spin,30,all-actor,fprelu,0.3,666850000.0,
SAC,2layers,Finger-Spin,20,all-actor,fprelu,0.3,767610000.0,
SAC,2layers,Finger-Spin,40,all-actor,fprelu,0.3,822685000.0,
SAC,2layers,Finger-Spin,50,all-actor,fprelu,0.2,791520000.0,
SAC,2layers,Finger-Spin,10,all-actor,fprelu,0.2,767460000.0,
SAC,2layers,Finger-Spin,30,all-actor,fprelu,0.2,712515000.0,
SAC,2layers,Finger-Spin,20,all-actor,fprelu,0.2,769245000.0,
SAC,2layers,Finger-Spin,40,all-actor,fprelu,0.2,736085000.0,
SAC,2layers,Finger-Spin,50,all-actor,fprelu,0.4,767195000.0,
SAC,2layers,Finger-Spin,10,all-actor,fprelu,0.4,787370000.0,
SAC,2layers,Finger-Spin,30,all-actor,fprelu,0.4,732065000.0,
SAC,2layers,Finger-Spin,20,all-actor,fprelu,0.4,690065000.0,
SAC,2layers,Finger-Spin,40,all-actor,fprelu,0.4,827030000.0,
SAC,2layers,Finger-Spin,50,all-actor,fprelu,0.1,785935000.0,
SAC,2layers,Finger-Spin,10,all-actor,fprelu,0.1,770805000.0,
SAC,2layers,Finger-Spin,30,all-actor,fprelu,0.1,742335000.0,
SAC,2layers,Finger-Spin,20,all-actor,fprelu,0.1,734270000.0,
SAC,2layers,Finger-Spin,40,all-actor,fprelu,0.1,736425000.0,
SAC,2layers,Cheetah-Run,50,all-actor,fprelu,0.1,442992545.1384918,
SAC,2layers,Cheetah-Run,10,all-actor,fprelu,0.1,536667983.6040428,
SAC,2layers,Cheetah-Run,30,all-actor,fprelu,0.1,538460767.0295161,
SAC,2layers,Cheetah-Run,20,all-actor,fprelu,0.1,486384616.24470806,
SAC,2layers,Cheetah-Run,40,all-actor,fprelu,0.1,465638431.96863526,
SAC,2layers,Cheetah-Run,50,all-actor,fprelu,0.4,454107721.0298367,
SAC,2layers,Cheetah-Run,10,all-actor,fprelu,0.4,476360587.4578197,
SAC,2layers,Cheetah-Run,30,all-actor,fprelu,0.4,437995475.7469354,
SAC,2layers,Cheetah-Run,20,all-actor,fprelu,0.4,492904881.9429053,
SAC,2layers,Cheetah-Run,40,all-actor,fprelu,0.4,483515957.0835396,
SAC,2layers,Cheetah-Run,50,all-actor,fprelu,0.2,452232909.1963742,
SAC,2layers,Cheetah-Run,10,all-actor,fprelu,0.2,533163189.1288925,
SAC,2layers,Cheetah-Run,30,all-actor,fprelu,0.2,479102788.7081863,
SAC,2layers,Cheetah-Run,20,all-actor,fprelu,0.2,351026216.0711951,
SAC,2layers,Cheetah-Run,40,all-actor,fprelu,0.2,502075808.9555357,
SAC,2layers,Cheetah-Run,50,all-actor,fprelu,0.5,580443035.1213145,
SAC,2layers,Cheetah-Run,10,all-actor,fprelu,0.5,464389759.9005077,
SAC,2layers,Cheetah-Run,30,all-actor,fprelu,0.5,548371325.8881981,
SAC,2layers,Cheetah-Run,20,all-actor,fprelu,0.5,520607874.9639726,
SAC,2layers,Cheetah-Run,40,all-actor,fprelu,0.5,497681958.82041216,
SAC,2layers,Cheetah-Run,50,all-actor,fprelu,0.3,519491909.263305,
SAC,2layers,Cheetah-Run,10,all-actor,fprelu,0.3,523566870.8135136,
SAC,2layers,Cheetah-Run,30,all-actor,fprelu,0.3,531363297.9570202,
SAC,2layers,Cheetah-Run,20,all-actor,fprelu,0.3,551991811.8789454,
SAC,2layers,Cheetah-Run,40,all-actor,fprelu,0.3,558571791.3436929,
SAC,2layers,Humanoid-v4,50,all-actor,fprelu,0.4,3697150368.624285,
SAC,2layers,Humanoid-v4,10,all-actor,fprelu,0.4,3565339395.2536955,
SAC,2layers,Humanoid-v4,30,all-actor,fprelu,0.4,3931866335.135656,
SAC,2layers,Humanoid-v4,20,all-actor,fprelu,0.4,3975242579.26815,
SAC,2layers,Humanoid-v4,40,all-actor,fprelu,0.4,3796872994.6503983,
SAC,2layers,Humanoid-v4,50,all-actor,fprelu,0.5,3563155850.213469,
SAC,2layers,Humanoid-v4,10,all-actor,fprelu,0.5,3766027683.983745,
SAC,2layers,Humanoid-v4,30,all-actor,fprelu,0.5,3650588787.738883,
SAC,2layers,Humanoid-v4,20,all-actor,fprelu,0.5,3707279727.546969,
SAC,2layers,Humanoid-v4,40,all-actor,fprelu,0.5,3992641986.161966,
SAC,2layers,Humanoid-v4,50,all-actor,fprelu,0.2,3920347337.1144514,
SAC,2layers,Humanoid-v4,10,all-actor,fprelu,0.2,3119571052.59759,
SAC,2layers,Humanoid-v4,30,all-actor,fprelu,0.2,3504777676.8579288,
SAC,2layers,Humanoid-v4,20,all-actor,fprelu,0.2,3535316722.850754,
SAC,2layers,Humanoid-v4,40,all-actor,fprelu,0.2,3854724477.514655,
SAC,2layers,Humanoid-v4,50,all-actor,fprelu,0.1,4038534398.8413424,
SAC,2layers,Humanoid-v4,10,all-actor,fprelu,0.1,3747314736.900404,
SAC,2layers,Humanoid-v4,30,all-actor,fprelu,0.1,3819501544.394944,
SAC,2layers,Humanoid-v4,20,all-actor,fprelu,0.1,3439542762.648173,
SAC,2layers,Humanoid-v4,40,all-actor,fprelu,0.1,3584317456.798513,
SAC,2layers,Humanoid-v4,50,all-actor,fprelu,0.3,3736365287.434169,
SAC,2layers,Humanoid-v4,10,all-actor,fprelu,0.3,3234218686.725225,
SAC,2layers,Humanoid-v4,30,all-actor,fprelu,0.3,3227407727.7167253,
SAC,2layers,Humanoid-v4,20,all-actor,fprelu,0.3,3397584009.2938933,
SAC,2layers,Humanoid-v4,40,all-actor,fprelu,0.3,3333309747.693953,
SAC,2layers,Ant-v4,50,all-actor,fprelu,0.1,2095512611.692118,
SAC,2layers,Ant-v4,10,all-actor,fprelu,0.1,2561409737.527329,
SAC,2layers,Ant-v4,30,all-actor,fprelu,0.1,1531736995.084742,
SAC,2layers,Ant-v4,20,all-actor,fprelu,0.1,3994211534.0996647,
SAC,2layers,Ant-v4,40,all-actor,fprelu,0.1,2783265603.3280783,
SAC,2layers,Ant-v4,50,all-actor,fprelu,0.5,2950573022.106009,
SAC,2layers,Ant-v4,10,all-actor,fprelu,0.5,3796333634.556966,
SAC,2layers,Ant-v4,30,all-actor,fprelu,0.5,3049949638.505053,
SAC,2layers,Ant-v4,20,all-actor,fprelu,0.5,4063427694.5205727,
SAC,2layers,Ant-v4,40,all-actor,fprelu,0.5,1984276879.043057,
SAC,2layers,Ant-v4,50,all-actor,fprelu,0.3,3533771629.711437,
SAC,2layers,Ant-v4,10,all-actor,fprelu,0.3,1964179127.431074,
SAC,2layers,Ant-v4,30,all-actor,fprelu,0.3,2233533487.7675967,
SAC,2layers,Ant-v4,20,all-actor,fprelu,0.3,4349924918.329311,
SAC,2layers,Ant-v4,40,all-actor,fprelu,0.3,2461802409.610832,
SAC,2layers,Ant-v4,50,all-actor,fprelu,0.2,3925874726.745116,
SAC,2layers,Ant-v4,10,all-actor,fprelu,0.2,1933389454.2770565,
SAC,2layers,Ant-v4,30,all-actor,fprelu,0.2,2660367181.042528,
SAC,2layers,Ant-v4,20,all-actor,fprelu,0.2,3447495494.428512,
SAC,2layers,Ant-v4,40,all-actor,fprelu,0.2,2849931513.09557,
SAC,2layers,Ant-v4,50,all-actor,fprelu,0.4,3671035325.552986,
SAC,2layers,Ant-v4,10,all-actor,fprelu,0.4,3957216267.4644513,
SAC,2layers,Ant-v4,30,all-actor,fprelu,0.4,3448649480.3001537,
SAC,2layers,Ant-v4,20,all-actor,fprelu,0.4,3116189855.611245,
SAC,2layers,Ant-v4,40,all-actor,fprelu,0.4,3011058907.934911,
SAC,2layers,Cartpole-Swingup,50,all-actor,fprelu,0.2,745866643.6168482,
SAC,2layers,Cartpole-Swingup,10,all-actor,fprelu,0.2,749634144.5217384,
SAC,2layers,Cartpole-Swingup,30,all-actor,fprelu,0.2,795667582.6403384,
SAC,2layers,Cartpole-Swingup,20,all-actor,fprelu,0.2,792975537.7434083,
SAC,2layers,Cartpole-Swingup,40,all-actor,fprelu,0.2,782313966.7952832,
SAC,2layers,Cartpole-Swingup,50,all-actor,fprelu,0.1,775554733.4047469,
SAC,2layers,Cartpole-Swingup,10,all-actor,fprelu,0.1,785717413.3644977,
SAC,2layers,Cartpole-Swingup,30,all-actor,fprelu,0.1,767570743.6869311,
SAC,2layers,Cartpole-Swingup,20,all-actor,fprelu,0.1,769205110.791582,
SAC,2layers,Cartpole-Swingup,40,all-actor,fprelu,0.1,769606612.1162337,
SAC,2layers,Cartpole-Swingup,50,all-actor,fprelu,0.4,783790772.9366624,
SAC,2layers,Cartpole-Swingup,10,all-actor,fprelu,0.4,768531847.7806334,
SAC,2layers,Cartpole-Swingup,30,all-actor,fprelu,0.4,782737049.6481217,
SAC,2layers,Cartpole-Swingup,20,all-actor,fprelu,0.4,716403630.6728617,
SAC,2layers,Cartpole-Swingup,40,all-actor,fprelu,0.4,789137884.7856004,
SAC,2layers,Cartpole-Swingup,50,all-actor,fprelu,0.5,757425003.3174165,
SAC,2layers,Cartpole-Swingup,10,all-actor,fprelu,0.5,756530208.0605795,
SAC,2layers,Cartpole-Swingup,30,all-actor,fprelu,0.5,803886594.3939885,
SAC,2layers,Cartpole-Swingup,20,all-actor,fprelu,0.5,798285691.5281734,
SAC,2layers,Cartpole-Swingup,40,all-actor,fprelu,0.5,747922581.7357879,
SAC,2layers,Cartpole-Swingup,50,all-actor,fprelu,0.3,722796219.2339735,
SAC,2layers,Cartpole-Swingup,10,all-actor,fprelu,0.3,797377848.0770028,
SAC,2layers,Cartpole-Swingup,30,all-actor,fprelu,0.3,798704902.4530021,
SAC,2layers,Cartpole-Swingup,20,all-actor,fprelu,0.3,738626159.6337107,
SAC,2layers,Cartpole-Swingup,40,all-actor,fprelu,0.3,758394364.4034723,
SAC,2layers,HalfCheetah-v4,50,all-actor,fprelu,0.4,6689232935.666705,
SAC,2layers,HalfCheetah-v4,10,all-actor,fprelu,0.4,6282988810.8832245,
SAC,2layers,HalfCheetah-v4,30,all-actor,fprelu,0.4,8094434380.967648,
SAC,2layers,HalfCheetah-v4,20,all-actor,fprelu,0.4,7772356537.684786,
SAC,2layers,HalfCheetah-v4,40,all-actor,fprelu,0.4,8124267571.854951,
SAC,2layers,HalfCheetah-v4,50,all-actor,fprelu,0.1,8828473042.169424,
SAC,2layers,HalfCheetah-v4,10,all-actor,fprelu,0.1,5696912861.163884,
SAC,2layers,HalfCheetah-v4,30,all-actor,fprelu,0.1,1770369644.3359585,
SAC,2layers,HalfCheetah-v4,20,all-actor,fprelu,0.1,7739581932.49804,
SAC,2layers,HalfCheetah-v4,40,all-actor,fprelu,0.1,6283876691.338627,
SAC,2layers,HalfCheetah-v4,50,all-actor,fprelu,0.2,5690505799.975719,
SAC,2layers,HalfCheetah-v4,10,all-actor,fprelu,0.2,7355627526.106456,
SAC,2layers,HalfCheetah-v4,30,all-actor,fprelu,0.2,6585779645.892845,
SAC,2layers,HalfCheetah-v4,20,all-actor,fprelu,0.2,8424385616.039556,
SAC,2layers,HalfCheetah-v4,40,all-actor,fprelu,0.2,8415229211.693881,
SAC,2layers,HalfCheetah-v4,50,all-actor,fprelu,0.3,7794304448.870448,
SAC,2layers,HalfCheetah-v4,10,all-actor,fprelu,0.3,7294357789.071312,
SAC,2layers,HalfCheetah-v4,30,all-actor,fprelu,0.3,7005827963.410919,
SAC,2layers,HalfCheetah-v4,20,all-actor,fprelu,0.3,6399274845.17293,
SAC,2layers,HalfCheetah-v4,40,all-actor,fprelu,0.3,8496215434.290506,
SAC,2layers,HalfCheetah-v4,50,all-actor,fprelu,0.5,7021458140.735701,
SAC,2layers,HalfCheetah-v4,10,all-actor,fprelu,0.5,7779299013.232313,
SAC,2layers,HalfCheetah-v4,30,all-actor,fprelu,0.5,7543464375.294279,
SAC,2layers,HalfCheetah-v4,20,all-actor,fprelu,0.5,6022924720.883184,
SAC,2layers,HalfCheetah-v4,40,all-actor,fprelu,0.5,7882463206.979461,
SAC,2layers,Hopper-v4,50,all-actor,fprelu,0.3,3040961103.777704,
SAC,2layers,Hopper-v4,10,all-actor,fprelu,0.3,2856519950.887831,
SAC,2layers,Hopper-v4,30,all-actor,fprelu,0.3,2910496236.0230355,
SAC,2layers,Hopper-v4,20,all-actor,fprelu,0.3,2793808322.805813,
SAC,2layers,Hopper-v4,40,all-actor,fprelu,0.3,2464040880.521427,
SAC,2layers,Hopper-v4,50,all-actor,fprelu,0.4,2968087554.251748,
SAC,2layers,Hopper-v4,10,all-actor,fprelu,0.4,2076640708.6542623,
SAC,2layers,Hopper-v4,30,all-actor,fprelu,0.4,2685700257.847279,
SAC,2layers,Hopper-v4,20,all-actor,fprelu,0.4,2333743923.4633365,
SAC,2layers,Hopper-v4,40,all-actor,fprelu,0.4,2010090695.593364,
SAC,2layers,Hopper-v4,50,all-actor,fprelu,0.2,2409118214.7426248,
SAC,2layers,Hopper-v4,10,all-actor,fprelu,0.2,2565795704.352734,
SAC,2layers,Hopper-v4,30,all-actor,fprelu,0.2,2799962225.0845,
SAC,2layers,Hopper-v4,20,all-actor,fprelu,0.2,2370592167.773077,
SAC,2layers,Hopper-v4,40,all-actor,fprelu,0.2,2605379849.879216,
SAC,2layers,Hopper-v4,50,all-actor,fprelu,0.5,2700582493.123626,
SAC,2layers,Hopper-v4,10,all-actor,fprelu,0.5,2642886797.05218,
SAC,2layers,Hopper-v4,30,all-actor,fprelu,0.5,2672115663.616752,
SAC,2layers,Hopper-v4,20,all-actor,fprelu,0.5,2471452166.268928,
SAC,2layers,Hopper-v4,40,all-actor,fprelu,0.5,2941698173.9127345,
SAC,2layers,Hopper-v4,50,all-actor,fprelu,0.1,2421648617.736577,
SAC,2layers,Hopper-v4,10,all-actor,fprelu,0.1,1935252273.8730853,
SAC,2layers,Hopper-v4,30,all-actor,fprelu,0.1,1918196677.4406283,
SAC,2layers,Hopper-v4,20,all-actor,fprelu,0.1,2472393473.2234206,
SAC,2layers,Hopper-v4,40,all-actor,fprelu,0.1,2218667120.854212,
SAC,2layers,Walker-Walk,50,first-both,frelu,0.2,729550169.6163541,
SAC,2layers,Walker-Walk,10,first-both,frelu,0.2,765937674.594837,
SAC,2layers,Walker-Walk,30,first-both,frelu,0.2,781262733.1688354,
SAC,2layers,Walker-Walk,20,first-both,frelu,0.2,838056912.7850609,
SAC,2layers,Walker-Walk,40,first-both,frelu,0.2,870868631.6285465,
SAC,2layers,Walker-Walk,50,first-both,frelu,0.4,865635429.0058699,
SAC,2layers,Walker-Walk,10,first-both,frelu,0.4,616859159.0511818,
SAC,2layers,Walker-Walk,30,first-both,frelu,0.4,655731614.1738272,
SAC,2layers,Walker-Walk,20,first-both,frelu,0.4,850168748.7394156,
SAC,2layers,Walker-Walk,40,first-both,frelu,0.4,742373670.3429694,
SAC,2layers,Walker-Walk,50,first-both,frelu,0.5,590118586.1202258,
SAC,2layers,Walker-Walk,10,first-both,frelu,0.5,724719370.6405878,
SAC,2layers,Walker-Walk,30,first-both,frelu,0.5,701295191.4143463,
SAC,2layers,Walker-Walk,20,first-both,frelu,0.5,863047277.4650155,
SAC,2layers,Walker-Walk,40,first-both,frelu,0.5,619809310.6465364,
SAC,2layers,Walker-Walk,50,first-both,frelu,0.3,829566823.0309161,
SAC,2layers,Walker-Walk,10,first-both,frelu,0.3,860048863.9210746,
SAC,2layers,Walker-Walk,30,first-both,frelu,0.3,834551216.6294794,
SAC,2layers,Walker-Walk,20,first-both,frelu,0.3,754765998.663356,
SAC,2layers,Walker-Walk,40,first-both,frelu,0.3,774958767.4461513,
SAC,2layers,Walker-Walk,50,first-both,frelu,0.1,879731015.1863785,
SAC,2layers,Walker-Walk,10,first-both,frelu,0.1,823310281.5226967,
SAC,2layers,Walker-Walk,30,first-both,frelu,0.1,539702691.3762227,
SAC,2layers,Walker-Walk,20,first-both,frelu,0.1,716574665.2279708,
SAC,2layers,Walker-Walk,40,first-both,frelu,0.1,825330792.8366588,
SAC,2layers,Cheetah-Run,50,first-both,frelu,0.4,453075526.4708204,
SAC,2layers,Cheetah-Run,10,first-both,frelu,0.4,489767978.59328026,
SAC,2layers,Cheetah-Run,30,first-both,frelu,0.4,496109057.08483255,
SAC,2layers,Cheetah-Run,20,first-both,frelu,0.4,539316119.6699742,
SAC,2layers,Cheetah-Run,40,first-both,frelu,0.4,434111243.00358975,
SAC,2layers,Cheetah-Run,50,first-both,frelu,0.5,420351098.38905066,
SAC,2layers,Cheetah-Run,10,first-both,frelu,0.5,403464519.119445,
SAC,2layers,Cheetah-Run,30,first-both,frelu,0.5,425936412.4394565,
SAC,2layers,Cheetah-Run,20,first-both,frelu,0.5,472344841.3407551,
SAC,2layers,Cheetah-Run,40,first-both,frelu,0.5,436309527.0609814,
SAC,2layers,Cheetah-Run,50,first-both,frelu,0.3,377180129.9610368,
SAC,2layers,Cheetah-Run,10,first-both,frelu,0.3,482659671.8319673,
SAC,2layers,Cheetah-Run,30,first-both,frelu,0.3,337084632.8409884,
SAC,2layers,Cheetah-Run,20,first-both,frelu,0.3,371552608.84083664,
SAC,2layers,Cheetah-Run,40,first-both,frelu,0.3,330399084.1336918,
SAC,2layers,Cheetah-Run,50,first-both,frelu,0.1,493647801.7874136,
SAC,2layers,Cheetah-Run,10,first-both,frelu,0.1,523013183.6139532,
SAC,2layers,Cheetah-Run,30,first-both,frelu,0.1,525511966.531281,
SAC,2layers,Cheetah-Run,20,first-both,frelu,0.1,515792619.7814844,
SAC,2layers,Cheetah-Run,40,first-both,frelu,0.1,463850510.908334,
SAC,2layers,Cheetah-Run,50,first-both,frelu,0.2,495052923.5639446,
SAC,2layers,Cheetah-Run,10,first-both,frelu,0.2,467934264.2274604,
SAC,2layers,Cheetah-Run,30,first-both,frelu,0.2,494319816.6076583,
SAC,2layers,Cheetah-Run,20,first-both,frelu,0.2,371070519.9805505,
SAC,2layers,Cheetah-Run,40,first-both,frelu,0.2,408442838.9084403,
SAC,2layers,Humanoid-v4,50,first-both,frelu,0.3,3726006185.662859,
SAC,2layers,Humanoid-v4,10,first-both,frelu,0.3,3703858393.259633,
SAC,2layers,Humanoid-v4,30,first-both,frelu,0.3,4472175311.834839,
SAC,2layers,Humanoid-v4,20,first-both,frelu,0.3,3697256507.878519,
SAC,2layers,Humanoid-v4,40,first-both,frelu,0.3,3721035344.9845567,
SAC,2layers,Humanoid-v4,50,first-both,frelu,0.5,4052836427.054926,
SAC,2layers,Humanoid-v4,10,first-both,frelu,0.5,4412018459.440005,
SAC,2layers,Humanoid-v4,30,first-both,frelu,0.5,4225112045.9531593,
SAC,2layers,Humanoid-v4,20,first-both,frelu,0.5,4178529815.940013,
SAC,2layers,Humanoid-v4,40,first-both,frelu,0.5,3733776306.130606,
SAC,2layers,Humanoid-v4,50,first-both,frelu,0.2,3664336515.033891,
SAC,2layers,Humanoid-v4,10,first-both,frelu,0.2,3898467511.956788,
SAC,2layers,Humanoid-v4,30,first-both,frelu,0.2,3737916575.530177,
SAC,2layers,Humanoid-v4,20,first-both,frelu,0.2,3675905976.8722615,
SAC,2layers,Humanoid-v4,40,first-both,frelu,0.2,3754857971.2596574,
SAC,2layers,Humanoid-v4,50,first-both,frelu,0.4,3723846762.0238566,
SAC,2layers,Humanoid-v4,10,first-both,frelu,0.4,3587384562.817841,
SAC,2layers,Humanoid-v4,30,first-both,frelu,0.4,4200127878.2816687,
SAC,2layers,Humanoid-v4,20,first-both,frelu,0.4,3628652833.118484,
SAC,2layers,Humanoid-v4,40,first-both,frelu,0.4,3933279087.580845,
SAC,2layers,Humanoid-v4,50,first-both,frelu,0.1,3753832767.558904,
SAC,2layers,Humanoid-v4,10,first-both,frelu,0.1,3525786210.777041,
SAC,2layers,Humanoid-v4,30,first-both,frelu,0.1,3713599142.391317,
SAC,2layers,Humanoid-v4,20,first-both,frelu,0.1,3778630636.478963,
SAC,2layers,Humanoid-v4,40,first-both,frelu,0.1,3619603449.732323,
SAC,2layers,Ant-v4,50,first-both,frelu,0.4,1470655159.2753708,
SAC,2layers,Ant-v4,10,first-both,frelu,0.4,1427329633.8629675,
SAC,2layers,Ant-v4,30,first-both,frelu,0.4,1146244326.732939,
SAC,2layers,Ant-v4,20,first-both,frelu,0.4,1243296862.0563393,
SAC,2layers,Ant-v4,40,first-both,frelu,0.4,1555833042.677351,
SAC,2layers,Ant-v4,50,first-both,frelu,0.1,3397682045.8062043,
SAC,2layers,Ant-v4,10,first-both,frelu,0.1,2164033609.550209,
SAC,2layers,Ant-v4,30,first-both,frelu,0.1,3544025289.235605,
SAC,2layers,Ant-v4,20,first-both,frelu,0.1,3431882121.0271363,
SAC,2layers,Ant-v4,40,first-both,frelu,0.1,2377012371.758044,
SAC,2layers,Ant-v4,50,first-both,frelu,0.5,1443217670.5654488,
SAC,2layers,Ant-v4,10,first-both,frelu,0.5,1585048022.3353558,
SAC,2layers,Ant-v4,30,first-both,frelu,0.5,1747227767.0817666,
SAC,2layers,Ant-v4,20,first-both,frelu,0.5,1440620261.040719,
SAC,2layers,Ant-v4,40,first-both,frelu,0.5,1753007324.421636,
SAC,2layers,Ant-v4,50,first-both,frelu,0.2,2241846691.1089945,
SAC,2layers,Ant-v4,10,first-both,frelu,0.2,2756792557.408224,
SAC,2layers,Ant-v4,30,first-both,frelu,0.2,3651871387.340997,
SAC,2layers,Ant-v4,20,first-both,frelu,0.2,4082764408.493532,
SAC,2layers,Ant-v4,40,first-both,frelu,0.2,1740215282.8733256,
SAC,2layers,Ant-v4,50,first-both,frelu,0.3,2579574719.870724,
SAC,2layers,Ant-v4,10,first-both,frelu,0.3,1036404965.7322476,
SAC,2layers,Ant-v4,30,first-both,frelu,0.3,1525652113.0693438,
SAC,2layers,Ant-v4,20,first-both,frelu,0.3,2183334517.789174,
SAC,2layers,Ant-v4,40,first-both,frelu,0.3,1900351526.473765,
SAC,2layers,Cartpole-Swingup,50,first-both,frelu,0.5,784320622.6676756,
SAC,2layers,Cartpole-Swingup,10,first-both,frelu,0.5,757743319.6338699,
SAC,2layers,Cartpole-Swingup,30,first-both,frelu,0.5,780764718.6669291,
SAC,2layers,Cartpole-Swingup,20,first-both,frelu,0.5,784685013.3919308,
SAC,2layers,Cartpole-Swingup,40,first-both,frelu,0.5,798475445.7152802,
SAC,2layers,Cartpole-Swingup,50,first-both,frelu,0.2,710609836.5459391,
SAC,2layers,Cartpole-Swingup,10,first-both,frelu,0.2,774579584.4788885,
SAC,2layers,Cartpole-Swingup,30,first-both,frelu,0.2,780202390.5043378,
SAC,2layers,Cartpole-Swingup,20,first-both,frelu,0.2,779888901.2801628,
SAC,2layers,Cartpole-Swingup,40,first-both,frelu,0.2,779061789.1511399,
SAC,2layers,Cartpole-Swingup,50,first-both,frelu,0.1,781793169.9703141,
SAC,2layers,Cartpole-Swingup,10,first-both,frelu,0.1,785704140.6325991,
SAC,2layers,Cartpole-Swingup,30,first-both,frelu,0.1,778284934.0847455,
SAC,2layers,Cartpole-Swingup,20,first-both,frelu,0.1,795485546.5012528,
SAC,2layers,Cartpole-Swingup,40,first-both,frelu,0.1,780409433.9108098,
SAC,2layers,Cartpole-Swingup,50,first-both,frelu,0.3,776907576.02742,
SAC,2layers,Cartpole-Swingup,10,first-both,frelu,0.3,741275498.2453104,
SAC,2layers,Cartpole-Swingup,30,first-both,frelu,0.3,799778524.4460461,
SAC,2layers,Cartpole-Swingup,20,first-both,frelu,0.3,790284740.685155,
SAC,2layers,Cartpole-Swingup,40,first-both,frelu,0.3,769331422.0860121,
SAC,2layers,Cartpole-Swingup,50,first-both,frelu,0.4,778249981.8820591,
SAC,2layers,Cartpole-Swingup,10,first-both,frelu,0.4,793282108.4647764,
SAC,2layers,Cartpole-Swingup,30,first-both,frelu,0.4,749091832.9918296,
SAC,2layers,Cartpole-Swingup,20,first-both,frelu,0.4,764904217.4746323,
SAC,2layers,Cartpole-Swingup,40,first-both,frelu,0.4,786014323.000876,
SAC,2layers,HalfCheetah-v4,50,first-both,frelu,0.5,7211480338.531728,
SAC,2layers,HalfCheetah-v4,10,first-both,frelu,0.5,5859451000.675774,
SAC,2layers,HalfCheetah-v4,30,first-both,frelu,0.5,4657372550.311117,
SAC,2layers,HalfCheetah-v4,20,first-both,frelu,0.5,6026073042.148643,
SAC,2layers,HalfCheetah-v4,40,first-both,frelu,0.5,5771689877.462118,
SAC,2layers,HalfCheetah-v4,50,first-both,frelu,0.1,7972473036.211201,
SAC,2layers,HalfCheetah-v4,10,first-both,frelu,0.1,8349101059.95656,
SAC,2layers,HalfCheetah-v4,30,first-both,frelu,0.1,6379120672.014427,
SAC,2layers,HalfCheetah-v4,20,first-both,frelu,0.1,7351669626.210251,
SAC,2layers,HalfCheetah-v4,40,first-both,frelu,0.1,1715065824.8637805,
SAC,2layers,HalfCheetah-v4,50,first-both,frelu,0.4,7584860464.889035,
SAC,2layers,HalfCheetah-v4,10,first-both,frelu,0.4,7369277464.00512,
SAC,2layers,HalfCheetah-v4,30,first-both,frelu,0.4,6655866353.474109,
SAC,2layers,HalfCheetah-v4,20,first-both,frelu,0.4,5666243234.713247,
SAC,2layers,HalfCheetah-v4,40,first-both,frelu,0.4,6061643119.553726,
SAC,2layers,HalfCheetah-v4,50,first-both,frelu,0.3,8304807407.971783,
SAC,2layers,HalfCheetah-v4,10,first-both,frelu,0.3,7633034341.843614,
SAC,2layers,HalfCheetah-v4,30,first-both,frelu,0.3,5906388445.215891,
SAC,2layers,HalfCheetah-v4,20,first-both,frelu,0.3,1787789145.084735,
SAC,2layers,HalfCheetah-v4,40,first-both,frelu,0.3,7496373369.017058,
SAC,2layers,HalfCheetah-v4,50,first-both,frelu,0.2,7074455403.765498,
SAC,2layers,HalfCheetah-v4,10,first-both,frelu,0.2,6571658859.897512,
SAC,2layers,HalfCheetah-v4,30,first-both,frelu,0.2,6913138818.192464,
SAC,2layers,HalfCheetah-v4,20,first-both,frelu,0.2,6140362073.770233,
SAC,2layers,HalfCheetah-v4,40,first-both,frelu,0.2,7738789948.163698,
SAC,2layers,Finger-Spin,50,first-both,frelu,0.1,773225000.0,
SAC,2layers,Finger-Spin,10,first-both,frelu,0.1,795160000.0,
SAC,2layers,Finger-Spin,30,first-both,frelu,0.1,757010000.0,
SAC,2layers,Finger-Spin,20,first-both,frelu,0.1,811765000.0,
SAC,2layers,Finger-Spin,40,first-both,frelu,0.1,739325000.0,
SAC,2layers,Finger-Spin,50,first-both,frelu,0.4,808670000.0,
SAC,2layers,Finger-Spin,10,first-both,frelu,0.4,802385000.0,
SAC,2layers,Finger-Spin,30,first-both,frelu,0.4,716170000.0,
SAC,2layers,Finger-Spin,20,first-both,frelu,0.4,746680000.0,
SAC,2layers,Finger-Spin,40,first-both,frelu,0.4,738590000.0,
SAC,2layers,Finger-Spin,50,first-both,frelu,0.5,779025000.0,
SAC,2layers,Finger-Spin,10,first-both,frelu,0.5,796040000.0,
SAC,2layers,Finger-Spin,30,first-both,frelu,0.5,790630000.0,
SAC,2layers,Finger-Spin,20,first-both,frelu,0.5,799475000.0,
SAC,2layers,Finger-Spin,40,first-both,frelu,0.5,406595000.0,
SAC,2layers,Finger-Spin,50,first-both,frelu,0.3,809940000.0,
SAC,2layers,Finger-Spin,10,first-both,frelu,0.3,793765000.0,
SAC,2layers,Finger-Spin,30,first-both,frelu,0.3,751850000.0,
SAC,2layers,Finger-Spin,20,first-both,frelu,0.3,805825000.0,
SAC,2layers,Finger-Spin,40,first-both,frelu,0.3,656385000.0,
SAC,2layers,Finger-Spin,50,first-both,frelu,0.2,798130000.0,
SAC,2layers,Finger-Spin,10,first-both,frelu,0.2,804780000.0,
SAC,2layers,Finger-Spin,30,first-both,frelu,0.2,717720000.0,
SAC,2layers,Finger-Spin,20,first-both,frelu,0.2,689675000.0,
SAC,2layers,Finger-Spin,40,first-both,frelu,0.2,734465000.0,
SAC,2layers,Hopper-v4,50,first-both,frelu,0.3,2187717127.376297,
SAC,2layers,Hopper-v4,10,first-both,frelu,0.3,2946020238.948114,
SAC,2layers,Hopper-v4,30,first-both,frelu,0.3,1479309960.5990288,
SAC,2layers,Hopper-v4,20,first-both,frelu,0.3,2652752813.0969167,
SAC,2layers,Hopper-v4,40,first-both,frelu,0.3,1478781792.5466194,
SAC,2layers,Hopper-v4,50,first-both,frelu,0.4,2685237565.7951584,
SAC,2layers,Hopper-v4,10,first-both,frelu,0.4,2498981750.795765,
SAC,2layers,Hopper-v4,30,first-both,frelu,0.4,2293322006.473747,
SAC,2layers,Hopper-v4,20,first-both,frelu,0.4,2773623917.260248,
SAC,2layers,Hopper-v4,40,first-both,frelu,0.4,2647689936.2814665,
SAC,2layers,Hopper-v4,50,first-both,frelu,0.5,2552152396.9908714,
SAC,2layers,Hopper-v4,10,first-both,frelu,0.5,2574590170.895685,
SAC,2layers,Hopper-v4,30,first-both,frelu,0.5,2784536912.618458,
SAC,2layers,Hopper-v4,20,first-both,frelu,0.5,2923638242.3268723,
SAC,2layers,Hopper-v4,40,first-both,frelu,0.5,2178584837.6118026,
SAC,2layers,Hopper-v4,50,first-both,frelu,0.1,2695125328.4826565,
SAC,2layers,Hopper-v4,10,first-both,frelu,0.1,2548640762.79959,
SAC,2layers,Hopper-v4,30,first-both,frelu,0.1,2375165743.521506,
SAC,2layers,Hopper-v4,20,first-both,frelu,0.1,2260308532.6521053,
SAC,2layers,Hopper-v4,40,first-both,frelu,0.1,2485816831.8316565,
SAC,2layers,Hopper-v4,50,first-both,frelu,0.2,2405277001.296862,
SAC,2layers,Hopper-v4,10,first-both,frelu,0.2,2314867590.578652,
SAC,2layers,Hopper-v4,30,first-both,frelu,0.2,2680304537.451079,
SAC,2layers,Hopper-v4,20,first-both,frelu,0.2,2445900023.902409,
SAC,2layers,Hopper-v4,40,first-both,frelu,0.2,2251075915.074991,
SAC,2layers,Humanoid-v4,50,first-both,prelu,base,3720131875.305176,
SAC,2layers,Humanoid-v4,10,first-both,prelu,base,3739394276.7333984,
SAC,2layers,Humanoid-v4,30,first-both,prelu,base,4231456122.970581,
SAC,2layers,Humanoid-v4,20,first-both,prelu,base,3978852240.600586,
SAC,2layers,Humanoid-v4,40,first-both,prelu,base,3754103898.3154297,
SAC,2layers,Cartpole-Swingup,50,first-both,prelu,base,793326815.4144287,
SAC,2layers,Cartpole-Swingup,10,first-both,prelu,base,758714329.2415142,
SAC,2layers,Cartpole-Swingup,30,first-both,prelu,base,777064415.7409668,
SAC,2layers,Cartpole-Swingup,20,first-both,prelu,base,749497666.7022705,
SAC,2layers,Cartpole-Swingup,40,first-both,prelu,base,787883618.6981201,
SAC,2layers,HalfCheetah-v4,50,first-both,prelu,base,7575703716.583252,
SAC,2layers,HalfCheetah-v4,10,first-both,prelu,base,7867744636.154175,
SAC,2layers,HalfCheetah-v4,30,first-both,prelu,base,8287278638.076782,
SAC,2layers,HalfCheetah-v4,20,first-both,prelu,base,7493178170.452118,
SAC,2layers,HalfCheetah-v4,40,first-both,prelu,base,6472816509.857178,
SAC,2layers,Finger-Spin,50,first-both,prelu,base,717860000.0,
SAC,2layers,Finger-Spin,10,first-both,prelu,base,790385000.0,
SAC,2layers,Finger-Spin,30,first-both,prelu,base,775655000.0,
SAC,2layers,Finger-Spin,20,first-both,prelu,base,766315000.0,
SAC,2layers,Finger-Spin,40,first-both,prelu,base,817240000.0,
SAC,2layers,Hopper-v4,50,first-both,prelu,base,2287943288.421631,
SAC,2layers,Hopper-v4,10,first-both,prelu,base,2470863828.6590576,
SAC,2layers,Hopper-v4,30,first-both,prelu,base,2375883435.2111816,
SAC,2layers,Hopper-v4,20,first-both,prelu,base,2613774942.779541,
SAC,2layers,Hopper-v4,40,first-both,prelu,base,2628336509.32312,
SAC,2layers,Cheetah-Run,50,first-both,prelu,base,510244796.9722748,
SAC,2layers,Cheetah-Run,10,first-both,prelu,base,402176350.6913185,
SAC,2layers,Cheetah-Run,30,first-both,prelu,base,467511895.32756805,
SAC,2layers,Cheetah-Run,20,first-both,prelu,base,431232277.9345512,
SAC,2layers,Cheetah-Run,40,first-both,prelu,base,449339398.2410431,
SAC,2layers,Ant-v4,50,first-both,prelu,base,2151465134.677887,
SAC,2layers,Ant-v4,10,first-both,prelu,base,2161452141.418457,
SAC,2layers,Ant-v4,30,first-both,prelu,base,2131961071.3589191,
SAC,2layers,Ant-v4,20,first-both,prelu,base,2370366721.801758,
SAC,2layers,Ant-v4,40,first-both,prelu,base,2700844736.022949,
SAC,2layers,Walker-Walk,50,first-both,prelu,base,790880258.1977844,
SAC,2layers,Walker-Walk,10,first-both,prelu,base,711658086.3285065,
SAC,2layers,Walker-Walk,30,first-both,prelu,base,823739566.9555664,
SAC,2layers,Walker-Walk,20,first-both,prelu,base,702359171.0758209,
SAC,2layers,Walker-Walk,40,first-both,prelu,base,860578695.1351166,
SAC,2layers,Cheetah-Run,50,first-both,swish,base,327206837.9461765,
SAC,2layers,Cheetah-Run,10,first-both,swish,base,324023008.8543892,
SAC,2layers,Cheetah-Run,30,first-both,swish,base,462373014.7409439,
SAC,2layers,Cheetah-Run,20,first-both,swish,base,377258319.7122812,
SAC,2layers,Cheetah-Run,40,first-both,swish,base,410479662.6710892,
SAC,2layers,Walker-Walk,50,first-both,swish,base,853900289.5069122,
SAC,2layers,Walker-Walk,10,first-both,swish,base,790605623.1307983,
SAC,2layers,Walker-Walk,30,first-both,swish,base,844341275.6919861,
SAC,2layers,Walker-Walk,20,first-both,swish,base,757524255.2947998,
SAC,2layers,Walker-Walk,40,first-both,swish,base,569675686.2831116,
SAC,2layers,Ant-v4,50,first-both,swish,base,2790156698.7991333,
SAC,2layers,Ant-v4,10,first-both,swish,base,2797750599.603653,
SAC,2layers,Ant-v4,30,first-both,swish,base,3007267418.0316925,
SAC,2layers,Ant-v4,20,first-both,swish,base,4444412198.638916,
SAC,2layers,Ant-v4,40,first-both,swish,base,2246389688.825608,
SAC,2layers,Hopper-v4,50,first-both,swish,base,2179979769.744873,
SAC,2layers,Hopper-v4,10,first-both,swish,base,2121339644.317627,
SAC,2layers,Hopper-v4,30,first-both,swish,base,2270011970.6726074,
SAC,2layers,Hopper-v4,20,first-both,swish,base,2432492678.985596,
SAC,2layers,Hopper-v4,40,first-both,swish,base,1700432876.586914,
SAC,2layers,Humanoid-v4,50,first-both,swish,base,3667513782.806397,
SAC,2layers,Humanoid-v4,10,first-both,swish,base,3864426314.239502,
SAC,2layers,Humanoid-v4,30,first-both,swish,base,3562043048.248291,
SAC,2layers,Humanoid-v4,20,first-both,swish,base,3947736910.7055664,
SAC,2layers,Humanoid-v4,40,first-both,swish,base,3091622374.11499,
SAC,2layers,HalfCheetah-v4,50,first-both,swish,base,7969619216.461182,
SAC,2layers,HalfCheetah-v4,10,first-both,swish,base,7616293918.924332,
SAC,2layers,HalfCheetah-v4,30,first-both,swish,base,5968601788.330078,
SAC,2layers,HalfCheetah-v4,20,first-both,swish,base,8508856811.86676,
SAC,2layers,HalfCheetah-v4,40,first-both,swish,base,8648546800.222397,
SAC,2layers,Cartpole-Swingup,50,first-both,swish,base,626820252.9144287,
SAC,2layers,Cartpole-Swingup,10,first-both,swish,base,767607163.0477905,
SAC,2layers,Cartpole-Swingup,30,first-both,swish,base,776838308.5632324,
SAC,2layers,Cartpole-Swingup,20,first-both,swish,base,778724945.3735352,
SAC,2layers,Cartpole-Swingup,40,first-both,swish,base,732667811.6989136,
SAC,2layers,Finger-Spin,50,first-both,swish,base,755780000.0,
SAC,2layers,Finger-Spin,10,first-both,swish,base,788845000.0,
SAC,2layers,Finger-Spin,30,first-both,swish,base,791775000.0,
SAC,2layers,Finger-Spin,20,first-both,swish,base,715830000.0,
SAC,2layers,Finger-Spin,40,first-both,swish,base,781665000.0,
SAC,2layers,Walker-Walk,50,first-both,flrelu,0.5,852425777.5287586,
SAC,2layers,Walker-Walk,10,first-both,flrelu,0.5,614551118.7689435,
SAC,2layers,Walker-Walk,30,first-both,flrelu,0.5,676945410.1011477,
SAC,2layers,Walker-Walk,20,first-both,flrelu,0.5,831278052.8596618,
SAC,2layers,Walker-Walk,40,first-both,flrelu,0.5,840122770.9948791,
SAC,2layers,Walker-Walk,50,first-both,flrelu,0.1,860740038.3746592,
SAC,2layers,Walker-Walk,10,first-both,flrelu,0.1,847514993.1959586,
SAC,2layers,Walker-Walk,30,first-both,flrelu,0.1,691852031.2770966,
SAC,2layers,Walker-Walk,20,first-both,flrelu,0.1,836236623.1662512,
SAC,2layers,Walker-Walk,40,first-both,flrelu,0.1,875950966.7183675,
SAC,2layers,Walker-Walk,50,first-both,flrelu,0.3,839279164.4159843,
SAC,2layers,Walker-Walk,10,first-both,flrelu,0.3,830389351.7480421,
SAC,2layers,Walker-Walk,30,first-both,flrelu,0.3,635628810.7574607,
SAC,2layers,Walker-Walk,20,first-both,flrelu,0.3,815895119.5933107,
SAC,2layers,Walker-Walk,40,first-both,flrelu,0.3,862412211.7327434,
SAC,2layers,Walker-Walk,50,first-both,flrelu,0.2,584603517.9985093,
SAC,2layers,Walker-Walk,10,first-both,flrelu,0.2,841338364.0841441,
SAC,2layers,Walker-Walk,30,first-both,flrelu,0.2,839440763.1416306,
SAC,2layers,Walker-Walk,20,first-both,flrelu,0.2,871186626.0295557,
SAC,2layers,Walker-Walk,40,first-both,flrelu,0.2,714458858.7039217,
SAC,2layers,Walker-Walk,50,first-both,flrelu,0.4,679515510.3382468,
SAC,2layers,Walker-Walk,10,first-both,flrelu,0.4,840944540.7373427,
SAC,2layers,Walker-Walk,30,first-both,flrelu,0.4,778906006.5125091,
SAC,2layers,Walker-Walk,20,first-both,flrelu,0.4,871950963.8369402,
SAC,2layers,Walker-Walk,40,first-both,flrelu,0.4,826340393.2661586,
SAC,2layers,Cheetah-Run,50,first-both,flrelu,0.2,432634301.0187646,
SAC,2layers,Cheetah-Run,10,first-both,flrelu,0.2,425536313.2167475,
SAC,2layers,Cheetah-Run,30,first-both,flrelu,0.2,461273833.15538335,
SAC,2layers,Cheetah-Run,20,first-both,flrelu,0.2,333379575.45521504,
SAC,2layers,Cheetah-Run,40,first-both,flrelu,0.2,441453561.5424087,
SAC,2layers,Cheetah-Run,50,first-both,flrelu,0.1,327119210.9009131,
SAC,2layers,Cheetah-Run,10,first-both,flrelu,0.1,490972526.1285377,
SAC,2layers,Cheetah-Run,30,first-both,flrelu,0.1,509104844.7621214,
SAC,2layers,Cheetah-Run,20,first-both,flrelu,0.1,427578499.7187682,
SAC,2layers,Cheetah-Run,40,first-both,flrelu,0.1,477402348.4821393,
SAC,2layers,Cheetah-Run,50,first-both,flrelu,0.4,488911609.20482266,
SAC,2layers,Cheetah-Run,10,first-both,flrelu,0.4,489640778.48088986,
SAC,2layers,Cheetah-Run,30,first-both,flrelu,0.4,486476669.9298309,
SAC,2layers,Cheetah-Run,20,first-both,flrelu,0.4,464521605.2482343,
SAC,2layers,Cheetah-Run,40,first-both,flrelu,0.4,446385251.7754579,
SAC,2layers,Cheetah-Run,50,first-both,flrelu,0.5,427891989.9155926,
SAC,2layers,Cheetah-Run,10,first-both,flrelu,0.5,479893774.6591435,
SAC,2layers,Cheetah-Run,30,first-both,flrelu,0.5,504755153.0310736,
SAC,2layers,Cheetah-Run,20,first-both,flrelu,0.5,426487701.2224392,
SAC,2layers,Cheetah-Run,40,first-both,flrelu,0.5,403109043.3253609,
SAC,2layers,Cheetah-Run,50,first-both,flrelu,0.3,495073216.2962308,
SAC,2layers,Cheetah-Run,10,first-both,flrelu,0.3,377194247.8524132,
SAC,2layers,Cheetah-Run,30,first-both,flrelu,0.3,416464647.0776208,
SAC,2layers,Cheetah-Run,20,first-both,flrelu,0.3,477743606.001946,
SAC,2layers,Cheetah-Run,40,first-both,flrelu,0.3,486271889.0972894,
SAC,2layers,Humanoid-v4,50,first-both,flrelu,0.1,3560232380.356939,
SAC,2layers,Humanoid-v4,10,first-both,flrelu,0.1,3405820718.904255,
SAC,2layers,Humanoid-v4,30,first-both,flrelu,0.1,3519636572.251626,
SAC,2layers,Humanoid-v4,20,first-both,flrelu,0.1,3598204841.9524384,
SAC,2layers,Humanoid-v4,40,first-both,flrelu,0.1,3975602110.907226,
SAC,2layers,Humanoid-v4,50,first-both,flrelu,0.2,4288702800.185862,
SAC,2layers,Humanoid-v4,10,first-both,flrelu,0.2,3541738777.1660814,
SAC,2layers,Humanoid-v4,30,first-both,flrelu,0.2,3846088822.433961,
SAC,2layers,Humanoid-v4,20,first-both,flrelu,0.2,3825348353.499877,
SAC,2layers,Humanoid-v4,40,first-both,flrelu,0.2,3582694599.008836,
SAC,2layers,Humanoid-v4,50,first-both,flrelu,0.3,3665878707.67158,
SAC,2layers,Humanoid-v4,10,first-both,flrelu,0.3,3570362559.2328515,
SAC,2layers,Humanoid-v4,30,first-both,flrelu,0.3,3785352812.420962,
SAC,2layers,Humanoid-v4,20,first-both,flrelu,0.3,3390133508.816117,
SAC,2layers,Humanoid-v4,40,first-both,flrelu,0.3,3783762495.0011177,
SAC,2layers,Humanoid-v4,50,first-both,flrelu,0.4,3848850550.067569,
SAC,2layers,Humanoid-v4,10,first-both,flrelu,0.4,3741785622.4547625,
SAC,2layers,Humanoid-v4,30,first-both,flrelu,0.4,3980731436.617197,
SAC,2layers,Humanoid-v4,20,first-both,flrelu,0.4,3492774601.2813625,
SAC,2layers,Humanoid-v4,40,first-both,flrelu,0.4,3894655759.820514,
SAC,2layers,Humanoid-v4,50,first-both,flrelu,0.5,4377003755.057302,
SAC,2layers,Humanoid-v4,10,first-both,flrelu,0.5,4028051153.0461736,
SAC,2layers,Humanoid-v4,30,first-both,flrelu,0.5,4093827114.0114646,
SAC,2layers,Humanoid-v4,20,first-both,flrelu,0.5,4331013878.521804,
SAC,2layers,Humanoid-v4,40,first-both,flrelu,0.5,4130701067.7156873,
SAC,2layers,Ant-v4,50,first-both,flrelu,0.2,3428722816.698128,
SAC,2layers,Ant-v4,10,first-both,flrelu,0.2,2061515462.627351,
SAC,2layers,Ant-v4,30,first-both,flrelu,0.2,1653267208.0390947,
SAC,2layers,Ant-v4,20,first-both,flrelu,0.2,2783565593.35718,
SAC,2layers,Ant-v4,40,first-both,flrelu,0.2,3759499900.582915,
SAC,2layers,Ant-v4,50,first-both,flrelu,0.4,3441462459.429389,
SAC,2layers,Ant-v4,10,first-both,flrelu,0.4,1068241214.0865916,
SAC,2layers,Ant-v4,30,first-both,flrelu,0.4,1071892425.3984882,
SAC,2layers,Ant-v4,20,first-both,flrelu,0.4,1174560159.3425517,
SAC,2layers,Ant-v4,40,first-both,flrelu,0.4,1216609685.2204285,
SAC,2layers,Ant-v4,50,first-both,flrelu,0.3,1169247101.4754186,
SAC,2layers,Ant-v4,10,first-both,flrelu,0.3,1084661813.333309,
SAC,2layers,Ant-v4,30,first-both,flrelu,0.3,1412901972.5383496,
SAC,2layers,Ant-v4,20,first-both,flrelu,0.3,1911090052.2719123,
SAC,2layers,Ant-v4,40,first-both,flrelu,0.3,1683824852.2643492,
SAC,2layers,Ant-v4,50,first-both,flrelu,0.1,2429479383.8265924,
SAC,2layers,Ant-v4,10,first-both,flrelu,0.1,2681758035.152076,
SAC,2layers,Ant-v4,30,first-both,flrelu,0.1,4056241888.724641,
SAC,2layers,Ant-v4,20,first-both,flrelu,0.1,2038288987.0452948,
SAC,2layers,Ant-v4,40,first-both,flrelu,0.1,3521710978.823152,
SAC,2layers,Ant-v4,50,first-both,flrelu,0.5,1401460683.6655426,
SAC,2layers,Ant-v4,10,first-both,flrelu,0.5,1125315569.5166068,
SAC,2layers,Ant-v4,30,first-both,flrelu,0.5,1035598557.0256923,
SAC,2layers,Ant-v4,20,first-both,flrelu,0.5,1421973628.2340443,
SAC,2layers,Ant-v4,40,first-both,flrelu,0.5,1021523440.0616236,
SAC,2layers,Cartpole-Swingup,50,first-both,flrelu,0.1,790564279.6399696,
SAC,2layers,Cartpole-Swingup,10,first-both,flrelu,0.1,788558637.4831942,
SAC,2layers,Cartpole-Swingup,30,first-both,flrelu,0.1,798394392.4378738,
SAC,2layers,Cartpole-Swingup,20,first-both,flrelu,0.1,800181023.4044456,
SAC,2layers,Cartpole-Swingup,40,first-both,flrelu,0.1,749380933.7103488,
SAC,2layers,Cartpole-Swingup,50,first-both,flrelu,0.4,742946757.388817,
SAC,2layers,Cartpole-Swingup,10,first-both,flrelu,0.4,789468878.4149752,
SAC,2layers,Cartpole-Swingup,30,first-both,flrelu,0.4,800438890.0227995,
SAC,2layers,Cartpole-Swingup,20,first-both,flrelu,0.4,743164174.1175333,
SAC,2layers,Cartpole-Swingup,40,first-both,flrelu,0.4,792258261.5271212,
SAC,2layers,Cartpole-Swingup,50,first-both,flrelu,0.2,793270397.0982635,
SAC,2layers,Cartpole-Swingup,10,first-both,flrelu,0.2,772660256.2017964,
SAC,2layers,Cartpole-Swingup,30,first-both,flrelu,0.2,748230214.9689884,
SAC,2layers,Cartpole-Swingup,20,first-both,flrelu,0.2,772856158.1820548,
SAC,2layers,Cartpole-Swingup,40,first-both,flrelu,0.2,772493879.2796162,
SAC,2layers,Cartpole-Swingup,50,first-both,flrelu,0.5,756133318.4240578,
SAC,2layers,Cartpole-Swingup,10,first-both,flrelu,0.5,796969878.6346765,
SAC,2layers,Cartpole-Swingup,30,first-both,flrelu,0.5,782096687.5295393,
SAC,2layers,Cartpole-Swingup,20,first-both,flrelu,0.5,789392216.9785407,
SAC,2layers,Cartpole-Swingup,40,first-both,flrelu,0.5,808942509.8225774,
SAC,2layers,Cartpole-Swingup,50,first-both,flrelu,0.3,786283625.4658109,
SAC,2layers,Cartpole-Swingup,10,first-both,flrelu,0.3,796689986.6885197,
SAC,2layers,Cartpole-Swingup,30,first-both,flrelu,0.3,784101824.2894958,
SAC,2layers,Cartpole-Swingup,20,first-both,flrelu,0.3,780752154.9995954,
SAC,2layers,Cartpole-Swingup,40,first-both,flrelu,0.3,769262241.6693109,
SAC,2layers,HalfCheetah-v4,50,first-both,flrelu,0.2,6117837309.874908,
SAC,2layers,HalfCheetah-v4,10,first-both,flrelu,0.2,6790646260.320312,
SAC,2layers,HalfCheetah-v4,30,first-both,flrelu,0.2,6701207381.282459,
SAC,2layers,HalfCheetah-v4,20,first-both,flrelu,0.2,5040772665.177034,
SAC,2layers,HalfCheetah-v4,40,first-both,flrelu,0.2,6800891519.646713,
SAC,2layers,HalfCheetah-v4,50,first-both,flrelu,0.5,8011481573.703572,
SAC,2layers,HalfCheetah-v4,10,first-both,flrelu,0.5,7470431410.141136,
SAC,2layers,HalfCheetah-v4,30,first-both,flrelu,0.5,1964852013.229387,
SAC,2layers,HalfCheetah-v4,20,first-both,flrelu,0.5,7452456109.233546,
SAC,2layers,HalfCheetah-v4,40,first-both,flrelu,0.5,4539240784.680274,
SAC,2layers,HalfCheetah-v4,50,first-both,flrelu,0.4,8743059896.818611,
SAC,2layers,HalfCheetah-v4,10,first-both,flrelu,0.4,7479224224.929337,
SAC,2layers,HalfCheetah-v4,30,first-both,flrelu,0.4,5772456387.336509,
SAC,2layers,HalfCheetah-v4,20,first-both,flrelu,0.4,1856606382.033715,
SAC,2layers,HalfCheetah-v4,40,first-both,flrelu,0.4,8513210032.753511,
SAC,2layers,HalfCheetah-v4,50,first-both,flrelu,0.3,8283882858.764868,
SAC,2layers,HalfCheetah-v4,10,first-both,flrelu,0.3,7249587016.856276,
SAC,2layers,HalfCheetah-v4,30,first-both,flrelu,0.3,8316696044.067746,
SAC,2layers,HalfCheetah-v4,20,first-both,flrelu,0.3,6578947965.114048,
SAC,2layers,HalfCheetah-v4,40,first-both,flrelu,0.3,7721499281.864387,
SAC,2layers,HalfCheetah-v4,50,first-both,flrelu,0.1,6533370079.690173,
SAC,2layers,HalfCheetah-v4,10,first-both,flrelu,0.1,8362268026.063354,
SAC,2layers,HalfCheetah-v4,30,first-both,flrelu,0.1,6975671919.914837,
SAC,2layers,HalfCheetah-v4,20,first-both,flrelu,0.1,6697272642.949147,
SAC,2layers,HalfCheetah-v4,40,first-both,flrelu,0.1,8450943404.207521,
SAC,2layers,Finger-Spin,50,first-both,flrelu,0.4,749930000.0,
SAC,2layers,Finger-Spin,10,first-both,flrelu,0.4,799535000.0,
SAC,2layers,Finger-Spin,30,first-both,flrelu,0.4,734950000.0,
SAC,2layers,Finger-Spin,20,first-both,flrelu,0.4,777080000.0,
SAC,2layers,Finger-Spin,40,first-both,flrelu,0.4,801650000.0,
SAC,2layers,Finger-Spin,50,first-both,flrelu,0.1,757715000.0,
SAC,2layers,Finger-Spin,10,first-both,flrelu,0.1,808500000.0,
SAC,2layers,Finger-Spin,30,first-both,flrelu,0.1,742825000.0,
SAC,2layers,Finger-Spin,20,first-both,flrelu,0.1,799105000.0,
SAC,2layers,Finger-Spin,40,first-both,flrelu,0.1,790240000.0,
SAC,2layers,Finger-Spin,50,first-both,flrelu,0.3,703905000.0,
SAC,2layers,Finger-Spin,10,first-both,flrelu,0.3,786185000.0,
SAC,2layers,Finger-Spin,30,first-both,flrelu,0.3,796405000.0,
SAC,2layers,Finger-Spin,20,first-both,flrelu,0.3,705285000.0,
SAC,2layers,Finger-Spin,40,first-both,flrelu,0.3,792825000.0,
SAC,2layers,Finger-Spin,50,first-both,flrelu,0.5,798220000.0,
SAC,2layers,Finger-Spin,10,first-both,flrelu,0.5,805615000.0,
SAC,2layers,Finger-Spin,30,first-both,flrelu,0.5,772125000.0,
SAC,2layers,Finger-Spin,20,first-both,flrelu,0.5,760640000.0,
SAC,2layers,Finger-Spin,40,first-both,flrelu,0.5,23395000.0,
SAC,2layers,Finger-Spin,50,first-both,flrelu,0.2,794575000.0,
SAC,2layers,Finger-Spin,10,first-both,flrelu,0.2,802195000.0,
SAC,2layers,Finger-Spin,30,first-both,flrelu,0.2,777300000.0,
SAC,2layers,Finger-Spin,20,first-both,flrelu,0.2,750845000.0,
SAC,2layers,Finger-Spin,40,first-both,flrelu,0.2,713310000.0,
SAC,2layers,Hopper-v4,50,first-both,flrelu,0.4,3008525581.7145047,
SAC,2layers,Hopper-v4,10,first-both,flrelu,0.4,2603187600.051658,
SAC,2layers,Hopper-v4,30,first-both,flrelu,0.4,2761407238.56089,
SAC,2layers,Hopper-v4,20,first-both,flrelu,0.4,2642663673.809899,
SAC,2layers,Hopper-v4,40,first-both,flrelu,0.4,2413074651.613867,
SAC,2layers,Hopper-v4,50,first-both,flrelu,0.2,2685102049.232356,
SAC,2layers,Hopper-v4,10,first-both,flrelu,0.2,2077030332.885659,
SAC,2layers,Hopper-v4,30,first-both,flrelu,0.2,2980284637.7292023,
SAC,2layers,Hopper-v4,20,first-both,flrelu,0.2,2993803779.6425185,
SAC,2layers,Hopper-v4,40,first-both,flrelu,0.2,2652919658.828917,
SAC,2layers,Hopper-v4,50,first-both,flrelu,0.3,2929911159.936714,
SAC,2layers,Hopper-v4,10,first-both,flrelu,0.3,2350683582.845104,
SAC,2layers,Hopper-v4,30,first-both,flrelu,0.3,2814384118.8266926,
SAC,2layers,Hopper-v4,20,first-both,flrelu,0.3,2713396802.4668074,
SAC,2layers,Hopper-v4,40,first-both,flrelu,0.3,2624241873.739184,
SAC,2layers,Hopper-v4,50,first-both,flrelu,0.1,2694303769.6829724,
SAC,2layers,Hopper-v4,10,first-both,flrelu,0.1,2729632025.498109,
SAC,2layers,Hopper-v4,30,first-both,flrelu,0.1,2546605086.238598,
SAC,2layers,Hopper-v4,20,first-both,flrelu,0.1,2513312409.2971826,
SAC,2layers,Hopper-v4,40,first-both,flrelu,0.1,2677768998.191766,
SAC,2layers,Hopper-v4,50,first-both,flrelu,0.5,2850633774.601928,
SAC,2layers,Hopper-v4,10,first-both,flrelu,0.5,2338654838.583385,
SAC,2layers,Hopper-v4,30,first-both,flrelu,0.5,2398656414.259203,
SAC,2layers,Hopper-v4,20,first-both,flrelu,0.5,2793732071.073964,
SAC,2layers,Hopper-v4,40,first-both,flrelu,0.5,2827413297.716802,
SAC,2layers,Finger-Spin,50,first-both,gelu,base,751305000.0,
SAC,2layers,Finger-Spin,10,first-both,gelu,base,794915000.0,
SAC,2layers,Finger-Spin,30,first-both,gelu,base,739655000.0,
SAC,2layers,Finger-Spin,20,first-both,gelu,base,767430000.0,
SAC,2layers,Finger-Spin,40,first-both,gelu,base,817015000.0,
SAC,2layers,Humanoid-v4,50,first-both,gelu,base,3824343870.08667,
SAC,2layers,Humanoid-v4,10,first-both,gelu,base,3782824894.866944,
SAC,2layers,Humanoid-v4,30,first-both,gelu,base,3872103143.463135,
SAC,2layers,Humanoid-v4,20,first-both,gelu,base,3459849670.86792,
SAC,2layers,Humanoid-v4,40,first-both,gelu,base,3264704355.9265137,
SAC,2layers,Cheetah-Run,50,first-both,gelu,base,411961829.6146393,
SAC,2layers,Cheetah-Run,10,first-both,gelu,base,436286052.2198677,
SAC,2layers,Cheetah-Run,30,first-both,gelu,base,413468540.35399854,
SAC,2layers,Cheetah-Run,20,first-both,gelu,base,366456428.8711548,
SAC,2layers,Cheetah-Run,40,first-both,gelu,base,375405997.7722168,
SAC,2layers,HalfCheetah-v4,50,first-both,gelu,base,8493862674.846649,
SAC,2layers,HalfCheetah-v4,10,first-both,gelu,base,8203038617.916107,
SAC,2layers,HalfCheetah-v4,30,first-both,gelu,base,5704428905.801773,
SAC,2layers,HalfCheetah-v4,20,first-both,gelu,base,5808931529.808044,
SAC,2layers,HalfCheetah-v4,40,first-both,gelu,base,6251787503.356934,
SAC,2layers,Cartpole-Swingup,50,first-both,gelu,base,775721058.5403442,
SAC,2layers,Cartpole-Swingup,10,first-both,gelu,base,796017970.2377319,
SAC,2layers,Cartpole-Swingup,30,first-both,gelu,base,765901935.043335,
SAC,2layers,Cartpole-Swingup,20,first-both,gelu,base,796315087.5854492,
SAC,2layers,Cartpole-Swingup,40,first-both,gelu,base,766229844.2077637,
SAC,2layers,Walker-Walk,50,first-both,gelu,base,873848833.1317902,
SAC,2layers,Walker-Walk,10,first-both,gelu,base,720191930.6373596,
SAC,2layers,Walker-Walk,30,first-both,gelu,base,650214722.8622437,
SAC,2layers,Walker-Walk,20,first-both,gelu,base,858185578.88031,
SAC,2layers,Walker-Walk,40,first-both,gelu,base,839503146.9726562,
SAC,2layers,Hopper-v4,50,first-both,gelu,base,2398926957.550049,
SAC,2layers,Hopper-v4,10,first-both,gelu,base,2750868929.595948,
SAC,2layers,Hopper-v4,30,first-both,gelu,base,1624734178.771973,
SAC,2layers,Hopper-v4,20,first-both,gelu,base,2415701197.9293823,
SAC,2layers,Hopper-v4,40,first-both,gelu,base,1787514115.371704,
SAC,2layers,Ant-v4,50,first-both,gelu,base,4333022190.39917,
SAC,2layers,Ant-v4,10,first-both,gelu,base,3489754035.980701,
SAC,2layers,Ant-v4,30,first-both,gelu,base,3489175345.141888,
SAC,2layers,Ant-v4,20,first-both,gelu,base,3166168965.630532,
SAC,2layers,Ant-v4,40,first-both,gelu,base,2121471944.1223145,
SAC,2layers,Walker-Walk,50,first-both,fswish,0.3,809432937.4217987,
SAC,2layers,Walker-Walk,10,first-both,fswish,0.3,808555410.2516174,
SAC,2layers,Walker-Walk,30,first-both,fswish,0.3,628875747.6902008,
SAC,2layers,Walker-Walk,20,first-both,fswish,0.3,820772051.9638062,
SAC,2layers,Walker-Walk,40,first-both,fswish,0.3,790931230.3161621,
SAC,2layers,Walker-Walk,50,first-both,fswish,0.2,774865247.1446991,
SAC,2layers,Walker-Walk,10,first-both,fswish,0.2,810070307.4836731,
SAC,2layers,Walker-Walk,30,first-both,fswish,0.2,780685365.2763367,
SAC,2layers,Walker-Walk,20,first-both,fswish,0.2,884335262.3558044,
SAC,2layers,Walker-Walk,40,first-both,fswish,0.2,849253188.7054443,
SAC,2layers,Walker-Walk,50,first-both,fswish,0.5,863507075.1190186,
SAC,2layers,Walker-Walk,10,first-both,fswish,0.5,666397843.3990479,
SAC,2layers,Walker-Walk,30,first-both,fswish,0.5,790878373.6610413,
SAC,2layers,Walker-Walk,20,first-both,fswish,0.5,764496329.8034668,
SAC,2layers,Walker-Walk,40,first-both,fswish,0.5,870735213.1271362,
SAC,2layers,Walker-Walk,50,first-both,fswish,0.1,832114575.3669739,
SAC,2layers,Walker-Walk,10,first-both,fswish,0.1,768221010.0269318,
SAC,2layers,Walker-Walk,30,first-both,fswish,0.1,677526604.7382355,
SAC,2layers,Walker-Walk,20,first-both,fswish,0.1,697339714.2124176,
SAC,2layers,Walker-Walk,40,first-both,fswish,0.1,695292076.3397217,
SAC,2layers,Walker-Walk,50,first-both,fswish,0.4,855791135.559082,
SAC,2layers,Walker-Walk,10,first-both,fswish,0.4,819283225.2502441,
SAC,2layers,Walker-Walk,30,first-both,fswish,0.4,839252531.3472748,
SAC,2layers,Walker-Walk,20,first-both,fswish,0.4,818797595.9587097,
SAC,2layers,Walker-Walk,40,first-both,fswish,0.4,593008458.3282471,
SAC,2layers,Finger-Spin,50,first-both,fswish,0.4,767550000.0,
SAC,2layers,Finger-Spin,10,first-both,fswish,0.4,798425000.0,
SAC,2layers,Finger-Spin,30,first-both,fswish,0.4,808150000.0,
SAC,2layers,Finger-Spin,20,first-both,fswish,0.4,811820000.0,
SAC,2layers,Finger-Spin,40,first-both,fswish,0.4,811765000.0,
SAC,2layers,Finger-Spin,50,first-both,fswish,0.5,789405000.0,
SAC,2layers,Finger-Spin,10,first-both,fswish,0.5,792535000.0,
SAC,2layers,Finger-Spin,30,first-both,fswish,0.5,808490000.0,
SAC,2layers,Finger-Spin,20,first-both,fswish,0.5,777785000.0,
SAC,2layers,Finger-Spin,40,first-both,fswish,0.5,760950000.0,
SAC,2layers,Finger-Spin,50,first-both,fswish,0.1,806625000.0,
SAC,2layers,Finger-Spin,10,first-both,fswish,0.1,798855000.0,
SAC,2layers,Finger-Spin,30,first-both,fswish,0.1,754775000.0,
SAC,2layers,Finger-Spin,20,first-both,fswish,0.1,729055000.0,
SAC,2layers,Finger-Spin,40,first-both,fswish,0.1,693495000.0,
SAC,2layers,Finger-Spin,50,first-both,fswish,0.3,809855000.0,
SAC,2layers,Finger-Spin,10,first-both,fswish,0.3,812450000.0,
SAC,2layers,Finger-Spin,30,first-both,fswish,0.3,750745000.0,
SAC,2layers,Finger-Spin,20,first-both,fswish,0.3,830325000.0,
SAC,2layers,Finger-Spin,40,first-both,fswish,0.3,735460000.0,
SAC,2layers,Finger-Spin,50,first-both,fswish,0.2,806525000.0,
SAC,2layers,Finger-Spin,10,first-both,fswish,0.2,707755000.0,
SAC,2layers,Finger-Spin,30,first-both,fswish,0.2,761765000.0,
SAC,2layers,Finger-Spin,20,first-both,fswish,0.2,740850000.0,
SAC,2layers,Finger-Spin,40,first-both,fswish,0.2,729300000.0,
SAC,2layers,Cheetah-Run,50,first-both,fswish,0.4,460157538.228035,
SAC,2layers,Cheetah-Run,10,first-both,fswish,0.4,445937066.4405823,
SAC,2layers,Cheetah-Run,30,first-both,fswish,0.4,500025796.05579376,
SAC,2layers,Cheetah-Run,20,first-both,fswish,0.4,456455493.0707812,
SAC,2layers,Cheetah-Run,40,first-both,fswish,0.4,506856740.4542304,
SAC,2layers,Cheetah-Run,50,first-both,fswish,0.2,458640824.2368698,
SAC,2layers,Cheetah-Run,10,first-both,fswish,0.2,449940202.7064562,
SAC,2layers,Cheetah-Run,30,first-both,fswish,0.2,399171965.4369354,
SAC,2layers,Cheetah-Run,20,first-both,fswish,0.2,499448992.7482605,
SAC,2layers,Cheetah-Run,40,first-both,fswish,0.2,485236056.5137863,
SAC,2layers,Cheetah-Run,50,first-both,fswish,0.5,414056424.2903888,
SAC,2layers,Cheetah-Run,10,first-both,fswish,0.5,543925077.5337219,
SAC,2layers,Cheetah-Run,30,first-both,fswish,0.5,517879336.7028237,
SAC,2layers,Cheetah-Run,20,first-both,fswish,0.5,412539686.7275238,
SAC,2layers,Cheetah-Run,40,first-both,fswish,0.5,549851137.008667,
SAC,2layers,Cheetah-Run,50,first-both,fswish,0.1,417122069.5257187,
SAC,2layers,Cheetah-Run,10,first-both,fswish,0.1,429673143.24498177,
SAC,2layers,Cheetah-Run,30,first-both,fswish,0.1,485924662.4326706,
SAC,2layers,Cheetah-Run,20,first-both,fswish,0.1,460175931.3941002,
SAC,2layers,Cheetah-Run,40,first-both,fswish,0.1,456171755.5522919,
SAC,2layers,Cheetah-Run,50,first-both,fswish,0.3,452329186.5110397,
SAC,2layers,Cheetah-Run,10,first-both,fswish,0.3,517164658.7228775,
SAC,2layers,Cheetah-Run,30,first-both,fswish,0.3,470929449.4819641,
SAC,2layers,Cheetah-Run,20,first-both,fswish,0.3,465642560.43434143,
SAC,2layers,Cheetah-Run,40,first-both,fswish,0.3,458471284.75666046,
SAC,2layers,Humanoid-v4,50,first-both,fswish,0.1,4035976982.269287,
SAC,2layers,Humanoid-v4,10,first-both,fswish,0.1,3465486363.6779785,
SAC,2layers,Humanoid-v4,30,first-both,fswish,0.1,3568119827.270508,
SAC,2layers,Humanoid-v4,20,first-both,fswish,0.1,3597441394.6533203,
SAC,2layers,Humanoid-v4,40,first-both,fswish,0.1,4031824827.423096,
SAC,2layers,Humanoid-v4,50,first-both,fswish,0.2,3272684674.0722656,
SAC,2layers,Humanoid-v4,10,first-both,fswish,0.2,3568377524.5666504,
SAC,2layers,Humanoid-v4,30,first-both,fswish,0.2,3775856017.150879,
SAC,2layers,Humanoid-v4,20,first-both,fswish,0.2,3772443270.568848,
SAC,2layers,Humanoid-v4,40,first-both,fswish,0.2,3712659750.671386,
SAC,2layers,Humanoid-v4,50,first-both,fswish,0.5,3965764578.704834,
SAC,2layers,Humanoid-v4,10,first-both,fswish,0.5,3613450449.066162,
SAC,2layers,Humanoid-v4,30,first-both,fswish,0.5,3560149770.8129883,
SAC,2layers,Humanoid-v4,20,first-both,fswish,0.5,3269031546.4782715,
SAC,2layers,Humanoid-v4,40,first-both,fswish,0.5,3771415311.889648,
SAC,2layers,Humanoid-v4,50,first-both,fswish,0.3,3748495529.632568,
SAC,2layers,Humanoid-v4,10,first-both,fswish,0.3,3263265477.294922,
SAC,2layers,Humanoid-v4,30,first-both,fswish,0.3,4016407098.999024,
SAC,2layers,Humanoid-v4,20,first-both,fswish,0.3,3531319186.401367,
SAC,2layers,Humanoid-v4,40,first-both,fswish,0.3,3948662084.350586,
SAC,2layers,Humanoid-v4,50,first-both,fswish,0.4,3682170326.9958496,
SAC,2layers,Humanoid-v4,10,first-both,fswish,0.4,3783552924.499512,
SAC,2layers,Humanoid-v4,30,first-both,fswish,0.4,4120776521.4538574,
SAC,2layers,Humanoid-v4,20,first-both,fswish,0.4,3596394476.470948,
SAC,2layers,Humanoid-v4,40,first-both,fswish,0.4,3659991456.298828,
SAC,2layers,Ant-v4,50,first-both,fswish,0.2,3429653344.4595337,
SAC,2layers,Ant-v4,10,first-both,fswish,0.2,3496867637.8440857,
SAC,2layers,Ant-v4,30,first-both,fswish,0.2,3340701740.36026,
SAC,2layers,Ant-v4,20,first-both,fswish,0.2,3184014208.278656,
SAC,2layers,Ant-v4,40,first-both,fswish,0.2,3457183062.2577667,
SAC,2layers,Ant-v4,50,first-both,fswish,0.3,2450461117.991805,
SAC,2layers,Ant-v4,10,first-both,fswish,0.3,2384097168.006897,
SAC,2layers,Ant-v4,30,first-both,fswish,0.3,3050520210.790634,
SAC,2layers,Ant-v4,20,first-both,fswish,0.3,3774631671.7529297,
SAC,2layers,Ant-v4,40,first-both,fswish,0.3,3359043119.61174,
SAC,2layers,Ant-v4,50,first-both,fswish,0.5,4092099536.304474,
SAC,2layers,Ant-v4,10,first-both,fswish,0.5,3676460330.734253,
SAC,2layers,Ant-v4,30,first-both,fswish,0.5,3871724516.735077,
SAC,2layers,Ant-v4,20,first-both,fswish,0.5,3617326284.62553,
SAC,2layers,Ant-v4,40,first-both,fswish,0.5,4395995764.770508,
SAC,2layers,Ant-v4,50,first-both,fswish,0.1,4288767225.456238,
SAC,2layers,Ant-v4,10,first-both,fswish,0.1,3839009304.4281006,
SAC,2layers,Ant-v4,30,first-both,fswish,0.1,3898777014.312744,
SAC,2layers,Ant-v4,20,first-both,fswish,0.1,3228436850.2807617,
SAC,2layers,Ant-v4,40,first-both,fswish,0.1,3321299572.982788,
SAC,2layers,Ant-v4,50,first-both,fswish,0.4,3810817548.789978,
SAC,2layers,Ant-v4,10,first-both,fswish,0.4,3120470593.0042267,
SAC,2layers,Ant-v4,30,first-both,fswish,0.4,1768179630.3462982,
SAC,2layers,Ant-v4,20,first-both,fswish,0.4,2642316132.9841614,
SAC,2layers,Ant-v4,40,first-both,fswish,0.4,2642254926.4526367,
SAC,2layers,Cartpole-Swingup,50,first-both,fswish,0.4,766837846.6415405,
SAC,2layers,Cartpole-Swingup,10,first-both,fswish,0.4,782012072.9827881,
SAC,2layers,Cartpole-Swingup,30,first-both,fswish,0.4,770367450.2563477,
SAC,2layers,Cartpole-Swingup,20,first-both,fswish,0.4,792412513.2751465,
SAC,2layers,Cartpole-Swingup,40,first-both,fswish,0.4,806119444.1223145,
SAC,2layers,Cartpole-Swingup,50,first-both,fswish,0.1,808377317.0852661,
SAC,2layers,Cartpole-Swingup,10,first-both,fswish,0.1,759453427.658081,
SAC,2layers,Cartpole-Swingup,30,first-both,fswish,0.1,661035939.4836426,
SAC,2layers,Cartpole-Swingup,20,first-both,fswish,0.1,718820997.0092773,
SAC,2layers,Cartpole-Swingup,40,first-both,fswish,0.1,794993786.7736816,
SAC,2layers,Cartpole-Swingup,50,first-both,fswish,0.3,769155240.4785156,
SAC,2layers,Cartpole-Swingup,10,first-both,fswish,0.3,793215648.8800049,
SAC,2layers,Cartpole-Swingup,30,first-both,fswish,0.3,731450947.7233887,
SAC,2layers,Cartpole-Swingup,20,first-both,fswish,0.3,762035671.1578369,
SAC,2layers,Cartpole-Swingup,40,first-both,fswish,0.3,792829278.5644531,
SAC,2layers,Cartpole-Swingup,50,first-both,fswish,0.2,755791131.0958862,
SAC,2layers,Cartpole-Swingup,10,first-both,fswish,0.2,764482368.6981201,
SAC,2layers,Cartpole-Swingup,30,first-both,fswish,0.2,741385961.5325928,
SAC,2layers,Cartpole-Swingup,20,first-both,fswish,0.2,800279578.2470703,
SAC,2layers,Cartpole-Swingup,40,first-both,fswish,0.2,780284208.6029053,
SAC,2layers,Cartpole-Swingup,50,first-both,fswish,0.5,776235245.7427979,
SAC,2layers,Cartpole-Swingup,10,first-both,fswish,0.5,818350335.6933594,
SAC,2layers,Cartpole-Swingup,30,first-both,fswish,0.5,788931086.9216919,
SAC,2layers,Cartpole-Swingup,20,first-both,fswish,0.5,781911512.298584,
SAC,2layers,Cartpole-Swingup,40,first-both,fswish,0.5,781909791.2597656,
SAC,2layers,HalfCheetah-v4,50,first-both,fswish,0.5,8919353946.876526,
SAC,2layers,HalfCheetah-v4,10,first-both,fswish,0.5,8541754003.52478,
SAC,2layers,HalfCheetah-v4,30,first-both,fswish,0.5,8535156159.744263,
SAC,2layers,HalfCheetah-v4,20,first-both,fswish,0.5,7473866213.684082,
SAC,2layers,HalfCheetah-v4,40,first-both,fswish,0.5,6470998815.040588,
SAC,2layers,HalfCheetah-v4,50,first-both,fswish,0.4,8100195244.979858,
SAC,2layers,HalfCheetah-v4,10,first-both,fswish,0.4,9153189932.026863,
SAC,2layers,HalfCheetah-v4,30,first-both,fswish,0.4,6673857135.08606,
SAC,2layers,HalfCheetah-v4,20,first-both,fswish,0.4,7384186520.385742,
SAC,2layers,HalfCheetah-v4,40,first-both,fswish,0.4,9188351708.335876,
SAC,2layers,HalfCheetah-v4,50,first-both,fswish,0.3,8487416013.832092,
SAC,2layers,HalfCheetah-v4,10,first-both,fswish,0.3,9774657998.695374,
SAC,2layers,HalfCheetah-v4,30,first-both,fswish,0.3,7199515051.460266,
SAC,2layers,HalfCheetah-v4,20,first-both,fswish,0.3,6423501271.724701,
SAC,2layers,HalfCheetah-v4,40,first-both,fswish,0.3,7743266324.386597,
SAC,2layers,HalfCheetah-v4,50,first-both,fswish,0.2,6674014618.377686,
SAC,2layers,HalfCheetah-v4,10,first-both,fswish,0.2,6792979139.785767,
SAC,2layers,HalfCheetah-v4,30,first-both,fswish,0.2,6862985400.218964,
SAC,2layers,HalfCheetah-v4,20,first-both,fswish,0.2,8782586913.814545,
SAC,2layers,HalfCheetah-v4,40,first-both,fswish,0.2,8317782158.737183,
SAC,2layers,HalfCheetah-v4,50,first-both,fswish,0.1,8896956951.5419,
SAC,2layers,HalfCheetah-v4,10,first-both,fswish,0.1,7230976607.8186035,
SAC,2layers,HalfCheetah-v4,30,first-both,fswish,0.1,8343596673.3932495,
SAC,2layers,HalfCheetah-v4,20,first-both,fswish,0.1,7205976991.608143,
SAC,2layers,HalfCheetah-v4,40,first-both,fswish,0.1,8484173738.670349,
SAC,2layers,Hopper-v4,50,first-both,fswish,0.4,2256025288.543701,
SAC,2layers,Hopper-v4,10,first-both,fswish,0.4,2573104632.5588226,
SAC,2layers,Hopper-v4,30,first-both,fswish,0.4,2873504716.98761,
SAC,2layers,Hopper-v4,20,first-both,fswish,0.4,2970859387.817383,
SAC,2layers,Hopper-v4,40,first-both,fswish,0.4,2332428689.880371,
SAC,2layers,Hopper-v4,50,first-both,fswish,0.5,978091939.239502,
SAC,2layers,Hopper-v4,10,first-both,fswish,0.5,2069731424.884796,
SAC,2layers,Hopper-v4,30,first-both,fswish,0.5,2588665130.729676,
SAC,2layers,Hopper-v4,20,first-both,fswish,0.5,2287027084.6557617,
SAC,2layers,Hopper-v4,40,first-both,fswish,0.5,2181984022.064209,
SAC,2layers,Hopper-v4,50,first-both,fswish,0.1,2460434740.9057617,
SAC,2layers,Hopper-v4,10,first-both,fswish,0.1,2747949000.349045,
SAC,2layers,Hopper-v4,30,first-both,fswish,0.1,2670751418.648958,
SAC,2layers,Hopper-v4,20,first-both,fswish,0.1,2934677074.8901367,
SAC,2layers,Hopper-v4,40,first-both,fswish,0.1,2474055339.11705,
SAC,2layers,Hopper-v4,50,first-both,fswish,0.2,2212455113.6016846,
SAC,2layers,Hopper-v4,10,first-both,fswish,0.2,2082174602.9806137,
SAC,2layers,Hopper-v4,30,first-both,fswish,0.2,2200139187.4694824,
SAC,2layers,Hopper-v4,20,first-both,fswish,0.2,2305835420.2651978,
SAC,2layers,Hopper-v4,40,first-both,fswish,0.2,2562194971.1608887,
SAC,2layers,Hopper-v4,50,first-both,fswish,0.3,2817467510.7193,
SAC,2layers,Hopper-v4,10,first-both,fswish,0.3,2147855497.2839355,
SAC,2layers,Hopper-v4,30,first-both,fswish,0.3,2394675950.5462646,
SAC,2layers,Hopper-v4,20,first-both,fswish,0.3,2732341488.800049,
SAC,2layers,Hopper-v4,40,first-both,fswish,0.3,2318770354.9194336,
SAC,2layers,Walker-Walk,50,first-both,fgelu,0.4,722916546.1921692,
SAC,2layers,Walker-Walk,10,first-both,fgelu,0.4,809187355.7853699,
SAC,2layers,Walker-Walk,30,first-both,fgelu,0.4,797420189.781189,
SAC,2layers,Walker-Walk,20,first-both,fgelu,0.4,850012729.1584015,
SAC,2layers,Walker-Walk,40,first-both,fgelu,0.4,820140955.3050995,
SAC,2layers,Walker-Walk,50,first-both,fgelu,0.2,848393437.0994568,
SAC,2layers,Walker-Walk,10,first-both,fgelu,0.2,622428395.7099915,
SAC,2layers,Walker-Walk,30,first-both,fgelu,0.2,802845565.9103394,
SAC,2layers,Walker-Walk,20,first-both,fgelu,0.2,826319143.9056396,
SAC,2layers,Walker-Walk,40,first-both,fgelu,0.2,838805722.9995728,
SAC,2layers,Walker-Walk,50,first-both,fgelu,0.5,830348846.2543488,
SAC,2layers,Walker-Walk,10,first-both,fgelu,0.5,870558410.8352661,
SAC,2layers,Walker-Walk,30,first-both,fgelu,0.5,719287651.1192322,
SAC,2layers,Walker-Walk,20,first-both,fgelu,0.5,699058714.0655518,
SAC,2layers,Walker-Walk,40,first-both,fgelu,0.5,855939228.8017273,
SAC,2layers,Walker-Walk,50,first-both,fgelu,0.1,812902761.2304688,
SAC,2layers,Walker-Walk,10,first-both,fgelu,0.1,795205530.6053162,
SAC,2layers,Walker-Walk,30,first-both,fgelu,0.1,792562291.4123535,
SAC,2layers,Walker-Walk,20,first-both,fgelu,0.1,865600733.8523865,
SAC,2layers,Walker-Walk,40,first-both,fgelu,0.1,826761279.3445587,
SAC,2layers,Walker-Walk,50,first-both,fgelu,0.3,848545185.5182648,
SAC,2layers,Walker-Walk,10,first-both,fgelu,0.3,855159844.4366455,
SAC,2layers,Walker-Walk,30,first-both,fgelu,0.3,599391696.2242126,
SAC,2layers,Walker-Walk,20,first-both,fgelu,0.3,871336095.9148407,
SAC,2layers,Walker-Walk,40,first-both,fgelu,0.3,765772304.6970367,
SAC,2layers,Finger-Spin,50,first-both,fgelu,0.1,795400000.0,
SAC,2layers,Finger-Spin,10,first-both,fgelu,0.1,805925000.0,
SAC,2layers,Finger-Spin,30,first-both,fgelu,0.1,764775000.0,
SAC,2layers,Finger-Spin,20,first-both,fgelu,0.1,739915000.0,
SAC,2layers,Finger-Spin,40,first-both,fgelu,0.1,730905000.0,
SAC,2layers,Finger-Spin,50,first-both,fgelu,0.5,766215000.0,
SAC,2layers,Finger-Spin,10,first-both,fgelu,0.5,757935000.0,
SAC,2layers,Finger-Spin,30,first-both,fgelu,0.5,755465000.0,
SAC,2layers,Finger-Spin,20,first-both,fgelu,0.5,725250000.0,
SAC,2layers,Finger-Spin,40,first-both,fgelu,0.5,793860000.0,
SAC,2layers,Finger-Spin,50,first-both,fgelu,0.2,749100000.0,
SAC,2layers,Finger-Spin,10,first-both,fgelu,0.2,857315000.0,
SAC,2layers,Finger-Spin,30,first-both,fgelu,0.2,809620000.0,
SAC,2layers,Finger-Spin,20,first-both,fgelu,0.2,762765000.0,
SAC,2layers,Finger-Spin,40,first-both,fgelu,0.2,757580000.0,
SAC,2layers,Finger-Spin,50,first-both,fgelu,0.4,750015000.0,
SAC,2layers,Finger-Spin,10,first-both,fgelu,0.4,868525000.0,
SAC,2layers,Finger-Spin,30,first-both,fgelu,0.4,782620000.0,
SAC,2layers,Finger-Spin,20,first-both,fgelu,0.4,728910000.0,
SAC,2layers,Finger-Spin,40,first-both,fgelu,0.4,792195000.0,
SAC,2layers,Finger-Spin,50,first-both,fgelu,0.3,798480000.0,
SAC,2layers,Finger-Spin,10,first-both,fgelu,0.3,800815000.0,
SAC,2layers,Finger-Spin,30,first-both,fgelu,0.3,792530000.0,
SAC,2layers,Finger-Spin,20,first-both,fgelu,0.3,632685000.0,
SAC,2layers,Finger-Spin,40,first-both,fgelu,0.3,756445000.0,
SAC,2layers,Cheetah-Run,50,first-both,fgelu,0.4,440607798.5364199,
SAC,2layers,Cheetah-Run,10,first-both,fgelu,0.4,471152922.2345352,
SAC,2layers,Cheetah-Run,30,first-both,fgelu,0.4,514196256.55174255,
SAC,2layers,Cheetah-Run,20,first-both,fgelu,0.4,456649417.4385071,
SAC,2layers,Cheetah-Run,40,first-both,fgelu,0.4,427072239.4788265,
SAC,2layers,Cheetah-Run,50,first-both,fgelu,0.2,438696881.23703,
SAC,2layers,Cheetah-Run,10,first-both,fgelu,0.2,427255508.8984966,
SAC,2layers,Cheetah-Run,30,first-both,fgelu,0.2,452793552.57987976,
SAC,2layers,Cheetah-Run,20,first-both,fgelu,0.2,432549358.9270115,
SAC,2layers,Cheetah-Run,40,first-both,fgelu,0.2,455352053.33948135,
SAC,2layers,Cheetah-Run,50,first-both,fgelu,0.5,394656595.6020355,
SAC,2layers,Cheetah-Run,10,first-both,fgelu,0.5,517601854.5895815,
SAC,2layers,Cheetah-Run,30,first-both,fgelu,0.5,469256846.9047546,
SAC,2layers,Cheetah-Run,20,first-both,fgelu,0.5,427306492.2916889,
SAC,2layers,Cheetah-Run,40,first-both,fgelu,0.5,428814637.5012398,
SAC,2layers,Cheetah-Run,50,first-both,fgelu,0.3,522550369.99225616,
SAC,2layers,Cheetah-Run,10,first-both,fgelu,0.3,456159444.9400902,
SAC,2layers,Cheetah-Run,30,first-both,fgelu,0.3,435901002.9685497,
SAC,2layers,Cheetah-Run,20,first-both,fgelu,0.3,415386488.28983307,
SAC,2layers,Cheetah-Run,40,first-both,fgelu,0.3,394004335.8838558,
SAC,2layers,Cheetah-Run,50,first-both,fgelu,0.1,414625480.25131226,
SAC,2layers,Cheetah-Run,10,first-both,fgelu,0.1,460423779.8309326,
SAC,2layers,Cheetah-Run,30,first-both,fgelu,0.1,510672738.4901047,
SAC,2layers,Cheetah-Run,20,first-both,fgelu,0.1,419169840.04974365,
SAC,2layers,Cheetah-Run,40,first-both,fgelu,0.1,507906476.51195526,
SAC,2layers,Humanoid-v4,50,first-both,fgelu,0.1,4014714445.648194,
SAC,2layers,Humanoid-v4,10,first-both,fgelu,0.1,3787116014.251709,
SAC,2layers,Humanoid-v4,30,first-both,fgelu,0.1,3740309980.773926,
SAC,2layers,Humanoid-v4,20,first-both,fgelu,0.1,3603443290.4052734,
SAC,2layers,Humanoid-v4,40,first-both,fgelu,0.1,3915118325.805664,
SAC,2layers,Humanoid-v4,50,first-both,fgelu,0.2,3582760831.298828,
SAC,2layers,Humanoid-v4,10,first-both,fgelu,0.2,4189701495.819092,
SAC,2layers,Humanoid-v4,30,first-both,fgelu,0.2,3741283840.789795,
SAC,2layers,Humanoid-v4,20,first-both,fgelu,0.2,3995460822.906494,
SAC,2layers,Humanoid-v4,40,first-both,fgelu,0.2,3779948374.786377,
SAC,2layers,Humanoid-v4,50,first-both,fgelu,0.4,3799850332.7941895,
SAC,2layers,Humanoid-v4,10,first-both,fgelu,0.4,3925447548.0651855,
SAC,2layers,Humanoid-v4,30,first-both,fgelu,0.4,3738697618.713379,
SAC,2layers,Humanoid-v4,20,first-both,fgelu,0.4,3723240852.050781,
SAC,2layers,Humanoid-v4,40,first-both,fgelu,0.4,3657028777.46582,
SAC,2layers,Humanoid-v4,50,first-both,fgelu,0.3,4058572468.8720703,
SAC,2layers,Humanoid-v4,10,first-both,fgelu,0.3,3775898222.1984863,
SAC,2layers,Humanoid-v4,30,first-both,fgelu,0.3,3393992529.144287,
SAC,2layers,Humanoid-v4,20,first-both,fgelu,0.3,3764317030.792236,
SAC,2layers,Humanoid-v4,40,first-both,fgelu,0.3,3846394815.979004,
SAC,2layers,Humanoid-v4,50,first-both,fgelu,0.5,3399080750.88501,
SAC,2layers,Humanoid-v4,10,first-both,fgelu,0.5,3530917051.3916016,
SAC,2layers,Humanoid-v4,30,first-both,fgelu,0.5,3804433951.721192,
SAC,2layers,Humanoid-v4,20,first-both,fgelu,0.5,3589839290.3137207,
SAC,2layers,Humanoid-v4,40,first-both,fgelu,0.5,3929968731.2316895,
SAC,2layers,Ant-v4,50,first-both,fgelu,0.4,3435462988.433838,
SAC,2layers,Ant-v4,10,first-both,fgelu,0.4,2025440295.295716,
SAC,2layers,Ant-v4,30,first-both,fgelu,0.4,2238288421.5927124,
SAC,2layers,Ant-v4,20,first-both,fgelu,0.4,3177037583.408356,
SAC,2layers,Ant-v4,40,first-both,fgelu,0.4,2075074660.2249143,
SAC,2layers,Ant-v4,50,first-both,fgelu,0.1,3889320217.3423767,
SAC,2layers,Ant-v4,10,first-both,fgelu,0.1,3528672880.282402,
SAC,2layers,Ant-v4,30,first-both,fgelu,0.1,2446987713.766098,
SAC,2layers,Ant-v4,20,first-both,fgelu,0.1,2992714605.255127,
SAC,2layers,Ant-v4,40,first-both,fgelu,0.1,1871254009.552002,
SAC,2layers,Ant-v4,50,first-both,fgelu,0.3,3184345884.056092,
SAC,2layers,Ant-v4,10,first-both,fgelu,0.3,2498961315.7117367,
SAC,2layers,Ant-v4,30,first-both,fgelu,0.3,2031337763.557434,
SAC,2layers,Ant-v4,20,first-both,fgelu,0.3,2874023418.8842773,
SAC,2layers,Ant-v4,40,first-both,fgelu,0.3,2608013427.436352,
SAC,2layers,Ant-v4,50,first-both,fgelu,0.2,3504671421.566009,
SAC,2layers,Ant-v4,10,first-both,fgelu,0.2,2928400440.673828,
SAC,2layers,Ant-v4,30,first-both,fgelu,0.2,3119424726.200104,
SAC,2layers,Ant-v4,20,first-both,fgelu,0.2,3914984658.9279175,
SAC,2layers,Ant-v4,40,first-both,fgelu,0.2,3378895953.7887573,
SAC,2layers,Ant-v4,50,first-both,fgelu,0.5,3304043750.0572205,
SAC,2layers,Ant-v4,10,first-both,fgelu,0.5,2770128637.9909515,
SAC,2layers,Ant-v4,30,first-both,fgelu,0.5,3013681860.3932858,
SAC,2layers,Ant-v4,20,first-both,fgelu,0.5,2442846505.775452,
SAC,2layers,Ant-v4,40,first-both,fgelu,0.5,3620421703.453064,
SAC,2layers,Cartpole-Swingup,50,first-both,fgelu,0.1,765344894.2565918,
SAC,2layers,Cartpole-Swingup,10,first-both,fgelu,0.1,766171512.4511719,
SAC,2layers,Cartpole-Swingup,30,first-both,fgelu,0.1,807042983.8180542,
SAC,2layers,Cartpole-Swingup,20,first-both,fgelu,0.1,735559298.9349365,
SAC,2layers,Cartpole-Swingup,40,first-both,fgelu,0.1,772999648.513794,
SAC,2layers,Cartpole-Swingup,50,first-both,fgelu,0.3,698043551.0635376,
SAC,2layers,Cartpole-Swingup,10,first-both,fgelu,0.3,754950698.3184814,
SAC,2layers,Cartpole-Swingup,30,first-both,fgelu,0.3,785590657.5393677,
SAC,2layers,Cartpole-Swingup,20,first-both,fgelu,0.3,788583898.9257812,
SAC,2layers,Cartpole-Swingup,40,first-both,fgelu,0.3,762571430.5114746,
SAC,2layers,Cartpole-Swingup,50,first-both,fgelu,0.4,795386665.3060913,
SAC,2layers,Cartpole-Swingup,10,first-both,fgelu,0.4,806085154.7241211,
SAC,2layers,Cartpole-Swingup,30,first-both,fgelu,0.4,786322940.3305054,
SAC,2layers,Cartpole-Swingup,20,first-both,fgelu,0.4,794798322.6776123,
SAC,2layers,Cartpole-Swingup,40,first-both,fgelu,0.4,786531171.5698242,
SAC,2layers,Cartpole-Swingup,50,first-both,fgelu,0.5,723826963.2339478,
SAC,2layers,Cartpole-Swingup,10,first-both,fgelu,0.5,805043498.7258911,
SAC,2layers,Cartpole-Swingup,30,first-both,fgelu,0.5,805515369.3389893,
SAC,2layers,Cartpole-Swingup,20,first-both,fgelu,0.5,801269368.7438965,
SAC,2layers,Cartpole-Swingup,40,first-both,fgelu,0.5,804709761.2762451,
SAC,2layers,Cartpole-Swingup,50,first-both,fgelu,0.2,705274310.6460571,
SAC,2layers,Cartpole-Swingup,10,first-both,fgelu,0.2,754338353.9962769,
SAC,2layers,Cartpole-Swingup,30,first-both,fgelu,0.2,773764495.4681396,
SAC,2layers,Cartpole-Swingup,20,first-both,fgelu,0.2,800615069.2749023,
SAC,2layers,Cartpole-Swingup,40,first-both,fgelu,0.2,700842513.8092041,
SAC,2layers,HalfCheetah-v4,50,first-both,fgelu,0.1,8314269731.292725,
SAC,2layers,HalfCheetah-v4,10,first-both,fgelu,0.1,8660309503.765106,
SAC,2layers,HalfCheetah-v4,30,first-both,fgelu,0.1,7176004365.196228,
SAC,2layers,HalfCheetah-v4,20,first-both,fgelu,0.1,8338393625.068665,
SAC,2layers,HalfCheetah-v4,40,first-both,fgelu,0.1,7848916850.204468,
SAC,2layers,HalfCheetah-v4,50,first-both,fgelu,0.4,8834274198.265076,
SAC,2layers,HalfCheetah-v4,10,first-both,fgelu,0.4,6976241901.545525,
SAC,2layers,HalfCheetah-v4,30,first-both,fgelu,0.4,6803413710.460663,
SAC,2layers,HalfCheetah-v4,20,first-both,fgelu,0.4,6740332992.2914505,
SAC,2layers,HalfCheetah-v4,40,first-both,fgelu,0.4,6852790802.841187,
SAC,2layers,HalfCheetah-v4,50,first-both,fgelu,0.2,6169093685.98938,
SAC,2layers,HalfCheetah-v4,10,first-both,fgelu,0.2,6381563817.062378,
SAC,2layers,HalfCheetah-v4,30,first-both,fgelu,0.2,6802519804.458618,
SAC,2layers,HalfCheetah-v4,20,first-both,fgelu,0.2,7637874628.124237,
SAC,2layers,HalfCheetah-v4,40,first-both,fgelu,0.2,7906985378.398895,
SAC,2layers,HalfCheetah-v4,50,first-both,fgelu,0.5,6135579104.385376,
SAC,2layers,HalfCheetah-v4,10,first-both,fgelu,0.5,6853438861.77063,
SAC,2layers,HalfCheetah-v4,30,first-both,fgelu,0.5,6541505442.199707,
SAC,2layers,HalfCheetah-v4,20,first-both,fgelu,0.5,8148088954.4487,
SAC,2layers,HalfCheetah-v4,40,first-both,fgelu,0.5,6516060136.871338,
SAC,2layers,HalfCheetah-v4,50,first-both,fgelu,0.3,6703816211.6622925,
SAC,2layers,HalfCheetah-v4,10,first-both,fgelu,0.3,7399318498.687744,
SAC,2layers,HalfCheetah-v4,30,first-both,fgelu,0.3,8865001250.805855,
SAC,2layers,HalfCheetah-v4,20,first-both,fgelu,0.3,7097523274.383545,
SAC,2layers,HalfCheetah-v4,40,first-both,fgelu,0.3,6680703073.806763,
SAC,2layers,Hopper-v4,50,first-both,fgelu,0.1,2863111309.814453,
SAC,2layers,Hopper-v4,10,first-both,fgelu,0.1,1935152708.5876465,
SAC,2layers,Hopper-v4,30,first-both,fgelu,0.1,2720223771.209717,
SAC,2layers,Hopper-v4,20,first-both,fgelu,0.1,2365227695.770264,
SAC,2layers,Hopper-v4,40,first-both,fgelu,0.1,2624766869.812012,
SAC,2layers,Hopper-v4,50,first-both,fgelu,0.3,2863988052.67334,
SAC,2layers,Hopper-v4,10,first-both,fgelu,0.3,2768774992.752075,
SAC,2layers,Hopper-v4,30,first-both,fgelu,0.3,3033930240.8599854,
SAC,2layers,Hopper-v4,20,first-both,fgelu,0.3,2549659915.9240723,
SAC,2layers,Hopper-v4,40,first-both,fgelu,0.3,2822740078.8879395,
SAC,2layers,Hopper-v4,50,first-both,fgelu,0.2,2273607314.515114,
SAC,2layers,Hopper-v4,10,first-both,fgelu,0.2,2698104333.801269,
SAC,2layers,Hopper-v4,30,first-both,fgelu,0.2,2345621151.8859863,
SAC,2layers,Hopper-v4,20,first-both,fgelu,0.2,2605502443.6950684,
SAC,2layers,Hopper-v4,40,first-both,fgelu,0.2,3040060022.0012665,
SAC,2layers,Hopper-v4,50,first-both,fgelu,0.5,2710138555.831909,
SAC,2layers,Hopper-v4,10,first-both,fgelu,0.5,3081183347.1679688,
SAC,2layers,Hopper-v4,30,first-both,fgelu,0.5,2371353614.730835,
SAC,2layers,Hopper-v4,20,first-both,fgelu,0.5,2911513113.2507324,
SAC,2layers,Hopper-v4,40,first-both,fgelu,0.5,2580087783.7371826,
SAC,2layers,Hopper-v4,50,first-both,fgelu,0.4,2231471183.319092,
SAC,2layers,Hopper-v4,10,first-both,fgelu,0.4,2799087551.994324,
SAC,2layers,Hopper-v4,30,first-both,fgelu,0.4,2789449702.987671,
SAC,2layers,Hopper-v4,20,first-both,fgelu,0.4,1936271914.7491453,
SAC,2layers,Hopper-v4,40,first-both,fgelu,0.4,2815332367.8588867,
SAC,2layers,Finger-Spin,50,first-both,lrelu,base,761695000.0,
SAC,2layers,Finger-Spin,10,first-both,lrelu,base,767685000.0,
SAC,2layers,Finger-Spin,30,first-both,lrelu,base,777455000.0,
SAC,2layers,Finger-Spin,20,first-both,lrelu,base,749810000.0,
SAC,2layers,Finger-Spin,40,first-both,lrelu,base,795000000.0,
SAC,2layers,Humanoid-v4,50,first-both,lrelu,base,3620404997.10083,
SAC,2layers,Humanoid-v4,10,first-both,lrelu,base,3658816349.945069,
SAC,2layers,Humanoid-v4,30,first-both,lrelu,base,3800186848.602295,
SAC,2layers,Humanoid-v4,20,first-both,lrelu,base,3677078702.392578,
SAC,2layers,Humanoid-v4,40,first-both,lrelu,base,3662690175.628662,
SAC,2layers,HalfCheetah-v4,50,first-both,lrelu,base,8613339205.856323,
SAC,2layers,HalfCheetah-v4,10,first-both,lrelu,base,8516104949.264526,
SAC,2layers,HalfCheetah-v4,30,first-both,lrelu,base,6110102558.517456,
SAC,2layers,HalfCheetah-v4,20,first-both,lrelu,base,8123175737.495422,
SAC,2layers,HalfCheetah-v4,40,first-both,lrelu,base,6888148465.270996,
SAC,2layers,Ant-v4,50,first-both,lrelu,base,3334688640.432358,
SAC,2layers,Ant-v4,10,first-both,lrelu,base,2330696660.7272625,
SAC,2layers,Ant-v4,30,first-both,lrelu,base,2993150944.962501,
SAC,2layers,Ant-v4,20,first-both,lrelu,base,3670901650.81501,
SAC,2layers,Ant-v4,40,first-both,lrelu,base,2739896320.4193115,
SAC,2layers,Hopper-v4,50,first-both,lrelu,base,2583428558.197021,
SAC,2layers,Hopper-v4,10,first-both,lrelu,base,2454022816.352844,
SAC,2layers,Hopper-v4,30,first-both,lrelu,base,2559815412.864685,
SAC,2layers,Hopper-v4,20,first-both,lrelu,base,2239251092.529297,
SAC,2layers,Hopper-v4,40,first-both,lrelu,base,2039780468.673706,
SAC,2layers,Cheetah-Run,50,first-both,lrelu,base,497260461.2517357,
SAC,2layers,Cheetah-Run,10,first-both,lrelu,base,464735513.6013031,
SAC,2layers,Cheetah-Run,30,first-both,lrelu,base,439335982.6755524,
SAC,2layers,Cheetah-Run,20,first-both,lrelu,base,436996678.3571243,
SAC,2layers,Cheetah-Run,40,first-both,lrelu,base,441256700.94013214,
SAC,2layers,Walker-Walk,50,first-both,lrelu,base,640635218.7252045,
SAC,2layers,Walker-Walk,10,first-both,lrelu,base,613084843.0109024,
SAC,2layers,Walker-Walk,30,first-both,lrelu,base,764491478.0902863,
SAC,2layers,Walker-Walk,20,first-both,lrelu,base,822802915.7161713,
SAC,2layers,Walker-Walk,40,first-both,lrelu,base,795931469.8791504,
SAC,2layers,Cartpole-Swingup,50,first-both,lrelu,base,769244753.7231445,
SAC,2layers,Cartpole-Swingup,10,first-both,lrelu,base,733623780.5175781,
SAC,2layers,Cartpole-Swingup,30,first-both,lrelu,base,747512806.1676025,
SAC,2layers,Cartpole-Swingup,20,first-both,lrelu,base,750138015.4418945,
SAC,2layers,Cartpole-Swingup,40,first-both,lrelu,base,802126332.7789307,
SAC,2layers,Walker-Walk,50,first-both,fprelu,0.5,637736473.4821334,
SAC,2layers,Walker-Walk,10,first-both,fprelu,0.5,609809877.4845763,
SAC,2layers,Walker-Walk,30,first-both,fprelu,0.5,567125244.5720541,
SAC,2layers,Walker-Walk,20,first-both,fprelu,0.5,753557413.8787826,
SAC,2layers,Walker-Walk,40,first-both,fprelu,0.5,553486070.2878587,
SAC,2layers,Walker-Walk,50,first-both,fprelu,0.3,851014873.2332046,
SAC,2layers,Walker-Walk,10,first-both,fprelu,0.3,729499437.2920748,
SAC,2layers,Walker-Walk,30,first-both,fprelu,0.3,856528639.2969836,
SAC,2layers,Walker-Walk,20,first-both,fprelu,0.3,833703560.7920566,
SAC,2layers,Walker-Walk,40,first-both,fprelu,0.3,646795838.3214908,
SAC,2layers,Walker-Walk,50,first-both,fprelu,0.4,615836395.9669474,
SAC,2layers,Walker-Walk,10,first-both,fprelu,0.4,814894825.443188,
SAC,2layers,Walker-Walk,30,first-both,fprelu,0.4,547494059.2700888,
SAC,2layers,Walker-Walk,20,first-both,fprelu,0.4,852050261.6872705,
SAC,2layers,Walker-Walk,40,first-both,fprelu,0.4,717229631.8845311,
SAC,2layers,Walker-Walk,50,first-both,fprelu,0.2,802911352.8765602,
SAC,2layers,Walker-Walk,10,first-both,fprelu,0.2,782254470.4467626,
SAC,2layers,Walker-Walk,30,first-both,fprelu,0.2,767571203.2087857,
SAC,2layers,Walker-Walk,20,first-both,fprelu,0.2,860570264.940462,
SAC,2layers,Walker-Walk,40,first-both,fprelu,0.2,865522204.5288658,
SAC,2layers,Walker-Walk,50,first-both,fprelu,0.1,832760269.507137,
SAC,2layers,Walker-Walk,10,first-both,fprelu,0.1,734719249.1654209,
SAC,2layers,Walker-Walk,30,first-both,fprelu,0.1,647610932.1536645,
SAC,2layers,Walker-Walk,20,first-both,fprelu,0.1,852926349.4585311,
SAC,2layers,Walker-Walk,40,first-both,fprelu,0.1,636357214.9491545,
SAC,2layers,Cheetah-Run,50,first-both,fprelu,0.3,336523111.9050263,
SAC,2layers,Cheetah-Run,10,first-both,fprelu,0.3,476066835.6617246,
SAC,2layers,Cheetah-Run,30,first-both,fprelu,0.3,441927524.06513375,
SAC,2layers,Cheetah-Run,20,first-both,fprelu,0.3,458119360.652529,
SAC,2layers,Cheetah-Run,40,first-both,fprelu,0.3,491323081.27203554,
SAC,2layers,Cheetah-Run,50,first-both,fprelu,0.5,461602961.1510136,
SAC,2layers,Cheetah-Run,10,first-both,fprelu,0.5,455917985.8167103,
SAC,2layers,Cheetah-Run,30,first-both,fprelu,0.5,373307657.0958456,
SAC,2layers,Cheetah-Run,20,first-both,fprelu,0.5,497004387.5994982,
SAC,2layers,Cheetah-Run,40,first-both,fprelu,0.5,475465449.3617958,
SAC,2layers,Cheetah-Run,50,first-both,fprelu,0.2,519829674.9196619,
SAC,2layers,Cheetah-Run,10,first-both,fprelu,0.2,435234227.3221658,
SAC,2layers,Cheetah-Run,30,first-both,fprelu,0.2,452918864.3431349,
SAC,2layers,Cheetah-Run,20,first-both,fprelu,0.2,394859056.6674602,
SAC,2layers,Cheetah-Run,40,first-both,fprelu,0.2,488492285.7173347,
SAC,2layers,Cheetah-Run,50,first-both,fprelu,0.1,473021716.0449459,
SAC,2layers,Cheetah-Run,10,first-both,fprelu,0.1,463241342.6435662,
SAC,2layers,Cheetah-Run,30,first-both,fprelu,0.1,483830060.2831395,
SAC,2layers,Cheetah-Run,20,first-both,fprelu,0.1,469464478.2464799,
SAC,2layers,Cheetah-Run,40,first-both,fprelu,0.1,481719893.4275123,
SAC,2layers,Cheetah-Run,50,first-both,fprelu,0.4,475221266.6253526,
SAC,2layers,Cheetah-Run,10,first-both,fprelu,0.4,513554826.9617576,
SAC,2layers,Cheetah-Run,30,first-both,fprelu,0.4,433059321.6483044,
SAC,2layers,Cheetah-Run,20,first-both,fprelu,0.4,498153512.6678145,
SAC,2layers,Cheetah-Run,40,first-both,fprelu,0.4,482199351.6475504,
SAC,2layers,Humanoid-v4,50,first-both,fprelu,0.3,4361088433.540959,
SAC,2layers,Humanoid-v4,10,first-both,fprelu,0.3,3912666844.388592,
SAC,2layers,Humanoid-v4,30,first-both,fprelu,0.3,4504100734.435011,
SAC,2layers,Humanoid-v4,20,first-both,fprelu,0.3,4109563016.424892,
SAC,2layers,Humanoid-v4,40,first-both,fprelu,0.3,4086441260.221916,
SAC,2layers,Humanoid-v4,50,first-both,fprelu,0.1,4321846824.581512,
SAC,2layers,Humanoid-v4,10,first-both,fprelu,0.1,4450012719.373117,
SAC,2layers,Humanoid-v4,30,first-both,fprelu,0.1,4213987636.9261327,
SAC,2layers,Humanoid-v4,20,first-both,fprelu,0.1,3964290806.041237,
SAC,2layers,Humanoid-v4,40,first-both,fprelu,0.1,4208096861.576763,
SAC,2layers,Humanoid-v4,50,first-both,fprelu,0.4,3830228365.120152,
SAC,2layers,Humanoid-v4,10,first-both,fprelu,0.4,4156342262.4892793,
SAC,2layers,Humanoid-v4,30,first-both,fprelu,0.4,4102135758.363396,
SAC,2layers,Humanoid-v4,20,first-both,fprelu,0.4,3968529103.908311,
SAC,2layers,Humanoid-v4,40,first-both,fprelu,0.4,4096580163.996954,
SAC,2layers,Humanoid-v4,50,first-both,fprelu,0.5,3965244020.0525126,
SAC,2layers,Humanoid-v4,10,first-both,fprelu,0.5,4095999233.3073335,
SAC,2layers,Humanoid-v4,30,first-both,fprelu,0.5,4183933308.742384,
SAC,2layers,Humanoid-v4,20,first-both,fprelu,0.5,4122817773.9644494,
SAC,2layers,Humanoid-v4,40,first-both,fprelu,0.5,3820330448.831117,
SAC,2layers,Humanoid-v4,50,first-both,fprelu,0.2,3853895538.2910433,
SAC,2layers,Humanoid-v4,10,first-both,fprelu,0.2,3947318702.26952,
SAC,2layers,Humanoid-v4,30,first-both,fprelu,0.2,4204566063.5069714,
SAC,2layers,Humanoid-v4,20,first-both,fprelu,0.2,3999252182.183057,
SAC,2layers,Humanoid-v4,40,first-both,fprelu,0.2,4227067472.310213,
SAC,2layers,Ant-v4,50,first-both,fprelu,0.4,1047204790.3091044,
SAC,2layers,Ant-v4,10,first-both,fprelu,0.4,1355905005.656073,
SAC,2layers,Ant-v4,30,first-both,fprelu,0.4,946837190.664097,
SAC,2layers,Ant-v4,20,first-both,fprelu,0.4,1307821805.7224295,
SAC,2layers,Ant-v4,40,first-both,fprelu,0.4,2189387755.013906,
SAC,2layers,Ant-v4,50,first-both,fprelu,0.2,2157956068.338683,
SAC,2layers,Ant-v4,10,first-both,fprelu,0.2,1745413215.8707747,
SAC,2layers,Ant-v4,30,first-both,fprelu,0.2,2187822660.385485,
SAC,2layers,Ant-v4,20,first-both,fprelu,0.2,1996620322.001757,
SAC,2layers,Ant-v4,40,first-both,fprelu,0.2,2351492384.647738,
SAC,2layers,Ant-v4,50,first-both,fprelu,0.1,2242347958.8876443,
SAC,2layers,Ant-v4,10,first-both,fprelu,0.1,4221211565.4370174,
SAC,2layers,Ant-v4,30,first-both,fprelu,0.1,3891103249.077567,
SAC,2layers,Ant-v4,20,first-both,fprelu,0.1,3472300510.366276,
SAC,2layers,Ant-v4,40,first-both,fprelu,0.1,2646462206.032524,
SAC,2layers,Ant-v4,50,first-both,fprelu,0.5,1330149320.5083137,
SAC,2layers,Ant-v4,10,first-both,fprelu,0.5,1487498549.8105395,
SAC,2layers,Ant-v4,30,first-both,fprelu,0.5,1279599722.148747,
SAC,2layers,Ant-v4,20,first-both,fprelu,0.5,1480489620.9271295,
SAC,2layers,Ant-v4,40,first-both,fprelu,0.5,1419010532.7325191,
SAC,2layers,Ant-v4,50,first-both,fprelu,0.3,2835933008.586421,
SAC,2layers,Ant-v4,10,first-both,fprelu,0.3,1897215602.160956,
SAC,2layers,Ant-v4,30,first-both,fprelu,0.3,1724434354.175577,
SAC,2layers,Ant-v4,20,first-both,fprelu,0.3,3559026731.499514,
SAC,2layers,Ant-v4,40,first-both,fprelu,0.3,2450903013.082775,
SAC,2layers,Cartpole-Swingup,50,first-both,fprelu,0.1,688716548.6781573,
SAC,2layers,Cartpole-Swingup,10,first-both,fprelu,0.1,776320038.412347,
SAC,2layers,Cartpole-Swingup,30,first-both,fprelu,0.1,769375461.4602299,
SAC,2layers,Cartpole-Swingup,20,first-both,fprelu,0.1,780466633.7419554,
SAC,2layers,Cartpole-Swingup,40,first-both,fprelu,0.1,727495156.4462547,
SAC,2layers,Cartpole-Swingup,50,first-both,fprelu,0.5,770087512.9609172,
SAC,2layers,Cartpole-Swingup,10,first-both,fprelu,0.5,784408590.6299307,
SAC,2layers,Cartpole-Swingup,30,first-both,fprelu,0.5,795750482.9582669,
SAC,2layers,Cartpole-Swingup,20,first-both,fprelu,0.5,741321353.1008834,
SAC,2layers,Cartpole-Swingup,40,first-both,fprelu,0.5,788782919.2903063,
SAC,2layers,Cartpole-Swingup,50,first-both,fprelu,0.4,743120650.5861123,
SAC,2layers,Cartpole-Swingup,10,first-both,fprelu,0.4,774271956.6374216,
SAC,2layers,Cartpole-Swingup,30,first-both,fprelu,0.4,779299620.0631517,
SAC,2layers,Cartpole-Swingup,20,first-both,fprelu,0.4,785500701.4896226,
SAC,2layers,Cartpole-Swingup,40,first-both,fprelu,0.4,703271913.8129083,
SAC,2layers,Cartpole-Swingup,50,first-both,fprelu,0.2,750636748.7637457,
SAC,2layers,Cartpole-Swingup,10,first-both,fprelu,0.2,788154644.8746232,
SAC,2layers,Cartpole-Swingup,30,first-both,fprelu,0.2,786612235.852209,
SAC,2layers,Cartpole-Swingup,20,first-both,fprelu,0.2,789463719.8000493,
SAC,2layers,Cartpole-Swingup,40,first-both,fprelu,0.2,785896934.0827045,
SAC,2layers,Cartpole-Swingup,50,first-both,fprelu,0.3,789650925.9122664,
SAC,2layers,Cartpole-Swingup,10,first-both,fprelu,0.3,765385980.2169571,
SAC,2layers,Cartpole-Swingup,30,first-both,fprelu,0.3,755085783.8941231,
SAC,2layers,Cartpole-Swingup,20,first-both,fprelu,0.3,784799636.0091835,
SAC,2layers,Cartpole-Swingup,40,first-both,fprelu,0.3,788915472.2669362,
SAC,2layers,HalfCheetah-v4,50,first-both,fprelu,0.2,7668358780.623633,
SAC,2layers,HalfCheetah-v4,10,first-both,fprelu,0.2,8035571254.558661,
SAC,2layers,HalfCheetah-v4,30,first-both,fprelu,0.2,7186729364.625616,
SAC,2layers,HalfCheetah-v4,20,first-both,fprelu,0.2,6204571007.035775,
SAC,2layers,HalfCheetah-v4,40,first-both,fprelu,0.2,8621059686.63104,
SAC,2layers,HalfCheetah-v4,50,first-both,fprelu,0.1,8670643493.63181,
SAC,2layers,HalfCheetah-v4,10,first-both,fprelu,0.1,7835723916.524632,
SAC,2layers,HalfCheetah-v4,30,first-both,fprelu,0.1,6801863586.726813,
SAC,2layers,HalfCheetah-v4,20,first-both,fprelu,0.1,7531303826.328265,
SAC,2layers,HalfCheetah-v4,40,first-both,fprelu,0.1,6588245915.836869,
SAC,2layers,HalfCheetah-v4,50,first-both,fprelu,0.4,8107511937.121053,
SAC,2layers,HalfCheetah-v4,10,first-both,fprelu,0.4,7089866492.674363,
SAC,2layers,HalfCheetah-v4,30,first-both,fprelu,0.4,5954144481.27445,
SAC,2layers,HalfCheetah-v4,20,first-both,fprelu,0.4,7278080753.145542,
SAC,2layers,HalfCheetah-v4,40,first-both,fprelu,0.4,8183775395.228457,
SAC,2layers,HalfCheetah-v4,50,first-both,fprelu,0.3,8401142779.057223,
SAC,2layers,HalfCheetah-v4,10,first-both,fprelu,0.3,8038505372.800018,
SAC,2layers,HalfCheetah-v4,30,first-both,fprelu,0.3,8210323321.8789,
SAC,2layers,HalfCheetah-v4,20,first-both,fprelu,0.3,8463927754.330595,
SAC,2layers,HalfCheetah-v4,40,first-both,fprelu,0.3,7358147775.017395,
SAC,2layers,HalfCheetah-v4,50,first-both,fprelu,0.5,6685234417.284204,
SAC,2layers,HalfCheetah-v4,10,first-both,fprelu,0.5,7810997093.846954,
SAC,2layers,HalfCheetah-v4,30,first-both,fprelu,0.5,1911241680.3324687,
SAC,2layers,HalfCheetah-v4,20,first-both,fprelu,0.5,6563571834.590658,
SAC,2layers,HalfCheetah-v4,40,first-both,fprelu,0.5,7467451590.649388,
SAC,2layers,Finger-Spin,50,first-both,fprelu,0.3,788745000.0,
SAC,2layers,Finger-Spin,10,first-both,fprelu,0.3,799570000.0,
SAC,2layers,Finger-Spin,30,first-both,fprelu,0.3,795555000.0,
SAC,2layers,Finger-Spin,20,first-both,fprelu,0.3,804935000.0,
SAC,2layers,Finger-Spin,40,first-both,fprelu,0.3,786825000.0,
SAC,2layers,Finger-Spin,50,first-both,fprelu,0.1,736925000.0,
SAC,2layers,Finger-Spin,10,first-both,fprelu,0.1,781810000.0,
SAC,2layers,Finger-Spin,30,first-both,fprelu,0.1,751620000.0,
SAC,2layers,Finger-Spin,20,first-both,fprelu,0.1,789935000.0,
SAC,2layers,Finger-Spin,40,first-both,fprelu,0.1,810850000.0,
SAC,2layers,Finger-Spin,50,first-both,fprelu,0.4,794940000.0,
SAC,2layers,Finger-Spin,10,first-both,fprelu,0.4,769880000.0,
SAC,2layers,Finger-Spin,30,first-both,fprelu,0.4,795665000.0,
SAC,2layers,Finger-Spin,20,first-both,fprelu,0.4,874335000.0,
SAC,2layers,Finger-Spin,40,first-both,fprelu,0.4,775555000.0,
SAC,2layers,Finger-Spin,50,first-both,fprelu,0.5,720985000.0,
SAC,2layers,Finger-Spin,10,first-both,fprelu,0.5,493945000.0,
SAC,2layers,Finger-Spin,30,first-both,fprelu,0.5,691390000.0,
SAC,2layers,Finger-Spin,20,first-both,fprelu,0.5,712020000.0,
SAC,2layers,Finger-Spin,40,first-both,fprelu,0.5,773840000.0,
SAC,2layers,Finger-Spin,50,first-both,fprelu,0.2,807550000.0,
SAC,2layers,Finger-Spin,10,first-both,fprelu,0.2,799830000.0,
SAC,2layers,Finger-Spin,30,first-both,fprelu,0.2,731265000.0,
SAC,2layers,Finger-Spin,20,first-both,fprelu,0.2,785020000.0,
SAC,2layers,Finger-Spin,40,first-both,fprelu,0.2,738460000.0,
SAC,2layers,Hopper-v4,50,first-both,fprelu,0.2,2705691198.859333,
SAC,2layers,Hopper-v4,10,first-both,fprelu,0.2,2447571137.494503,
SAC,2layers,Hopper-v4,30,first-both,fprelu,0.2,3164419247.492613,
SAC,2layers,Hopper-v4,20,first-both,fprelu,0.2,2987580795.0012126,
SAC,2layers,Hopper-v4,40,first-both,fprelu,0.2,2910358494.3018565,
SAC,2layers,Hopper-v4,50,first-both,fprelu,0.5,2588721492.323852,
SAC,2layers,Hopper-v4,10,first-both,fprelu,0.5,2260508691.9156394,
SAC,2layers,Hopper-v4,30,first-both,fprelu,0.5,3074086298.5366635,
SAC,2layers,Hopper-v4,20,first-both,fprelu,0.5,2653505055.7574263,
SAC,2layers,Hopper-v4,40,first-both,fprelu,0.5,2825183080.8708067,
SAC,2layers,Hopper-v4,50,first-both,fprelu,0.4,1868455813.275864,
SAC,2layers,Hopper-v4,10,first-both,fprelu,0.4,2238669805.4495926,
SAC,2layers,Hopper-v4,30,first-both,fprelu,0.4,2186266530.1645727,
SAC,2layers,Hopper-v4,20,first-both,fprelu,0.4,2516075251.6452456,
SAC,2layers,Hopper-v4,40,first-both,fprelu,0.4,2774044301.447805,
SAC,2layers,Hopper-v4,50,first-both,fprelu,0.3,2586574104.2822347,
SAC,2layers,Hopper-v4,10,first-both,fprelu,0.3,3111308675.7980103,
SAC,2layers,Hopper-v4,30,first-both,fprelu,0.3,3049250620.8351965,
SAC,2layers,Hopper-v4,20,first-both,fprelu,0.3,1962589485.0086708,
SAC,2layers,Hopper-v4,40,first-both,fprelu,0.3,1890016740.090809,
SAC,2layers,Hopper-v4,50,first-both,fprelu,0.1,2915408922.4003763,
SAC,2layers,Hopper-v4,10,first-both,fprelu,0.1,1809425036.4395213,
SAC,2layers,Hopper-v4,30,first-both,fprelu,0.1,2684220728.629914,
SAC,2layers,Hopper-v4,20,first-both,fprelu,0.1,2488785108.0090127,
SAC,2layers,Hopper-v4,40,first-both,fprelu,0.1,1797348564.6094823,
SAC,2layers,Walker-Walk,50,all-both,frelu,0.3,684829726.042991,
SAC,2layers,Walker-Walk,10,all-both,frelu,0.3,689615083.0791097,
SAC,2layers,Walker-Walk,30,all-both,frelu,0.3,799729867.5586092,
SAC,2layers,Walker-Walk,20,all-both,frelu,0.3,852536223.8804308,
SAC,2layers,Walker-Walk,40,all-both,frelu,0.3,748072620.57596,
SAC,2layers,Walker-Walk,50,all-both,frelu,0.1,825295259.2452197,
SAC,2layers,Walker-Walk,10,all-both,frelu,0.1,799487337.891137,
SAC,2layers,Walker-Walk,30,all-both,frelu,0.1,614986758.7688684,
SAC,2layers,Walker-Walk,20,all-both,frelu,0.1,685878295.131895,
SAC,2layers,Walker-Walk,40,all-both,frelu,0.1,852581428.6882551,
SAC,2layers,Walker-Walk,50,all-both,frelu,0.4,753376718.2949036,
SAC,2layers,Walker-Walk,10,all-both,frelu,0.4,831051507.1730208,
SAC,2layers,Walker-Walk,30,all-both,frelu,0.4,727597752.0578516,
SAC,2layers,Walker-Walk,20,all-both,frelu,0.4,835671916.0546947,
SAC,2layers,Walker-Walk,40,all-both,frelu,0.4,643252959.9244792,
SAC,2layers,Walker-Walk,50,all-both,frelu,0.2,790840238.5447915,
SAC,2layers,Walker-Walk,10,all-both,frelu,0.2,624522259.3448111,
SAC,2layers,Walker-Walk,30,all-both,frelu,0.2,853238529.2885472,
SAC,2layers,Walker-Walk,20,all-both,frelu,0.2,855434661.6394587,
SAC,2layers,Walker-Walk,40,all-both,frelu,0.2,790359513.5892695,
SAC,2layers,Walker-Walk,50,all-both,frelu,0.5,534725403.3457452,
SAC,2layers,Walker-Walk,10,all-both,frelu,0.5,704239372.3281063,
SAC,2layers,Walker-Walk,30,all-both,frelu,0.5,531792033.9820657,
SAC,2layers,Walker-Walk,20,all-both,frelu,0.5,468569401.34172,
SAC,2layers,Walker-Walk,40,all-both,frelu,0.5,763405590.8104508,
SAC,2layers,Finger-Spin,50,all-both,frelu,0.4,752525000.0,
SAC,2layers,Finger-Spin,10,all-both,frelu,0.4,793300000.0,
SAC,2layers,Finger-Spin,30,all-both,frelu,0.4,756810000.0,
SAC,2layers,Finger-Spin,20,all-both,frelu,0.4,790630000.0,
SAC,2layers,Finger-Spin,40,all-both,frelu,0.4,768230000.0,
SAC,2layers,Finger-Spin,50,all-both,frelu,0.5,692165000.0,
SAC,2layers,Finger-Spin,10,all-both,frelu,0.5,711630000.0,
SAC,2layers,Finger-Spin,30,all-both,frelu,0.5,648700000.0,
SAC,2layers,Finger-Spin,20,all-both,frelu,0.5,607480000.0,
SAC,2layers,Finger-Spin,40,all-both,frelu,0.5,763965000.0,
SAC,2layers,Finger-Spin,50,all-both,frelu,0.3,784665000.0,
SAC,2layers,Finger-Spin,10,all-both,frelu,0.3,768425000.0,
SAC,2layers,Finger-Spin,30,all-both,frelu,0.3,794970000.0,
SAC,2layers,Finger-Spin,20,all-both,frelu,0.3,772645000.0,
SAC,2layers,Finger-Spin,40,all-both,frelu,0.3,762415000.0,
SAC,2layers,Finger-Spin,50,all-both,frelu,0.1,719015000.0,
SAC,2layers,Finger-Spin,10,all-both,frelu,0.1,788130000.0,
SAC,2layers,Finger-Spin,30,all-both,frelu,0.1,777805000.0,
SAC,2layers,Finger-Spin,20,all-both,frelu,0.1,696095000.0,
SAC,2layers,Finger-Spin,40,all-both,frelu,0.1,768605000.0,
SAC,2layers,Finger-Spin,50,all-both,frelu,0.2,709305000.0,
SAC,2layers,Finger-Spin,10,all-both,frelu,0.2,802350000.0,
SAC,2layers,Finger-Spin,30,all-both,frelu,0.2,711255000.0,
SAC,2layers,Finger-Spin,20,all-both,frelu,0.2,787785000.0,
SAC,2layers,Finger-Spin,40,all-both,frelu,0.2,799865000.0,
SAC,2layers,Cheetah-Run,50,all-both,frelu,0.3,399485192.5078123,
SAC,2layers,Cheetah-Run,10,all-both,frelu,0.3,475603703.3211849,
SAC,2layers,Cheetah-Run,30,all-both,frelu,0.3,332174147.96024483,
SAC,2layers,Cheetah-Run,20,all-both,frelu,0.3,440640782.827552,
SAC,2layers,Cheetah-Run,40,all-both,frelu,0.3,322782678.7615359,
SAC,2layers,Cheetah-Run,50,all-both,frelu,0.2,348278706.0022576,
SAC,2layers,Cheetah-Run,10,all-both,frelu,0.2,476388185.4807332,
SAC,2layers,Cheetah-Run,30,all-both,frelu,0.2,453699430.94839096,
SAC,2layers,Cheetah-Run,20,all-both,frelu,0.2,480986366.5270503,
SAC,2layers,Cheetah-Run,40,all-both,frelu,0.2,314713273.2810154,
SAC,2layers,Cheetah-Run,50,all-both,frelu,0.1,389714851.2564542,
SAC,2layers,Cheetah-Run,10,all-both,frelu,0.1,509040835.0838184,
SAC,2layers,Cheetah-Run,30,all-both,frelu,0.1,480138400.1908274,
SAC,2layers,Cheetah-Run,20,all-both,frelu,0.1,421968943.4985362,
SAC,2layers,Cheetah-Run,40,all-both,frelu,0.1,407472091.27570486,
SAC,2layers,Cheetah-Run,50,all-both,frelu,0.4,408816608.3343813,
SAC,2layers,Cheetah-Run,10,all-both,frelu,0.4,361041443.8388046,
SAC,2layers,Cheetah-Run,30,all-both,frelu,0.4,361941957.8752349,
SAC,2layers,Cheetah-Run,20,all-both,frelu,0.4,416032549.03557086,
SAC,2layers,Cheetah-Run,40,all-both,frelu,0.4,406676203.3028018,
SAC,2layers,Cheetah-Run,50,all-both,frelu,0.5,382706578.1132446,
SAC,2layers,Cheetah-Run,10,all-both,frelu,0.5,326825296.57573986,
SAC,2layers,Cheetah-Run,30,all-both,frelu,0.5,322095655.8111998,
SAC,2layers,Cheetah-Run,20,all-both,frelu,0.5,329222001.3499256,
SAC,2layers,Cheetah-Run,40,all-both,frelu,0.5,285297124.6595848,
SAC,2layers,Ant-v4,50,all-both,frelu,0.4,2196413584.1690392,
SAC,2layers,Ant-v4,10,all-both,frelu,0.4,1119977913.5169468,
SAC,2layers,Ant-v4,30,all-both,frelu,0.4,1958468525.665305,
SAC,2layers,Ant-v4,20,all-both,frelu,0.4,1330638007.677364,
SAC,2layers,Ant-v4,40,all-both,frelu,0.4,1102143144.3234484,
SAC,2layers,Ant-v4,50,all-both,frelu,0.5,1153136749.918174,
SAC,2layers,Ant-v4,10,all-both,frelu,0.5,1453229793.7570276,
SAC,2layers,Ant-v4,30,all-both,frelu,0.5,1003866122.2968442,
SAC,2layers,Ant-v4,20,all-both,frelu,0.5,936724506.9256485,
SAC,2layers,Ant-v4,40,all-both,frelu,0.5,931716863.148272,
SAC,2layers,Ant-v4,50,all-both,frelu,0.3,1032940322.4934548,
SAC,2layers,Ant-v4,10,all-both,frelu,0.3,2463293329.3006964,
SAC,2layers,Ant-v4,30,all-both,frelu,0.3,2108729707.0065303,
SAC,2layers,Ant-v4,20,all-both,frelu,0.3,2183255419.64639,
SAC,2layers,Ant-v4,40,all-both,frelu,0.3,1932490290.4790168,
SAC,2layers,Ant-v4,50,all-both,frelu,0.2,4081895642.691772,
SAC,2layers,Ant-v4,10,all-both,frelu,0.2,2185490246.348798,
SAC,2layers,Ant-v4,30,all-both,frelu,0.2,2189766671.5242896,
SAC,2layers,Ant-v4,20,all-both,frelu,0.2,1746413191.665908,
SAC,2layers,Ant-v4,40,all-both,frelu,0.2,2694318585.20862,
SAC,2layers,Ant-v4,50,all-both,frelu,0.1,3022907807.7694373,
SAC,2layers,Ant-v4,10,all-both,frelu,0.1,2106187431.724469,
SAC,2layers,Ant-v4,30,all-both,frelu,0.1,2540021179.7930303,
SAC,2layers,Ant-v4,20,all-both,frelu,0.1,2692143948.317384,
SAC,2layers,Ant-v4,40,all-both,frelu,0.1,1925672416.3519387,
SAC,2layers,Cartpole-Swingup,50,all-both,frelu,0.2,742592924.8426869,
SAC,2layers,Cartpole-Swingup,10,all-both,frelu,0.2,798728793.0616254,
SAC,2layers,Cartpole-Swingup,30,all-both,frelu,0.2,707401102.4706559,
SAC,2layers,Cartpole-Swingup,20,all-both,frelu,0.2,769085997.3075448,
SAC,2layers,Cartpole-Swingup,40,all-both,frelu,0.2,720996970.8208963,
SAC,2layers,Cartpole-Swingup,50,all-both,frelu,0.1,750385081.1210183,
SAC,2layers,Cartpole-Swingup,10,all-both,frelu,0.1,783465809.6130054,
SAC,2layers,Cartpole-Swingup,30,all-both,frelu,0.1,788613651.1792095,
SAC,2layers,Cartpole-Swingup,20,all-both,frelu,0.1,781081453.6612154,
SAC,2layers,Cartpole-Swingup,40,all-both,frelu,0.1,772169250.1090685,
SAC,2layers,Cartpole-Swingup,50,all-both,frelu,0.3,737278784.5890881,
SAC,2layers,Cartpole-Swingup,10,all-both,frelu,0.3,777536774.7328594,
SAC,2layers,Cartpole-Swingup,30,all-both,frelu,0.3,769112559.7634783,
SAC,2layers,Cartpole-Swingup,20,all-both,frelu,0.3,790846193.4183671,
SAC,2layers,Cartpole-Swingup,40,all-both,frelu,0.3,775310717.9679265,
SAC,2layers,Cartpole-Swingup,50,all-both,frelu,0.4,770901461.9861493,
SAC,2layers,Cartpole-Swingup,10,all-both,frelu,0.4,774196602.4474823,
SAC,2layers,Cartpole-Swingup,30,all-both,frelu,0.4,800444212.4704471,
SAC,2layers,Cartpole-Swingup,20,all-both,frelu,0.4,760607368.8796345,
SAC,2layers,Cartpole-Swingup,40,all-both,frelu,0.4,771720685.700444,
SAC,2layers,Cartpole-Swingup,50,all-both,frelu,0.5,794814854.1534879,
SAC,2layers,Cartpole-Swingup,10,all-both,frelu,0.5,770125835.5677775,
SAC,2layers,Cartpole-Swingup,30,all-both,frelu,0.5,761611814.3576388,
SAC,2layers,Cartpole-Swingup,20,all-both,frelu,0.5,738599550.483807,
SAC,2layers,Cartpole-Swingup,40,all-both,frelu,0.5,729592821.5124923,
SAC,2layers,HalfCheetah-v4,50,all-both,frelu,0.4,7325532423.870472,
SAC,2layers,HalfCheetah-v4,10,all-both,frelu,0.4,5470666718.366167,
SAC,2layers,HalfCheetah-v4,30,all-both,frelu,0.4,5277677412.794497,
SAC,2layers,HalfCheetah-v4,20,all-both,frelu,0.4,6219115962.65664,
SAC,2layers,HalfCheetah-v4,40,all-both,frelu,0.4,5466015135.124767,
SAC,2layers,HalfCheetah-v4,50,all-both,frelu,0.3,6533285569.719083,
SAC,2layers,HalfCheetah-v4,10,all-both,frelu,0.3,6005611673.233852,
SAC,2layers,HalfCheetah-v4,30,all-both,frelu,0.3,5544907475.988465,
SAC,2layers,HalfCheetah-v4,20,all-both,frelu,0.3,6706340418.519726,
SAC,2layers,HalfCheetah-v4,40,all-both,frelu,0.3,5975646695.7811,
SAC,2layers,HalfCheetah-v4,50,all-both,frelu,0.5,5458098486.547815,
SAC,2layers,HalfCheetah-v4,10,all-both,frelu,0.5,7074782320.472485,
SAC,2layers,HalfCheetah-v4,30,all-both,frelu,0.5,1547235797.3383176,
SAC,2layers,HalfCheetah-v4,20,all-both,frelu,0.5,5397803033.309716,
SAC,2layers,HalfCheetah-v4,40,all-both,frelu,0.5,4274129238.894815,
SAC,2layers,HalfCheetah-v4,50,all-both,frelu,0.2,6675715667.651357,
SAC,2layers,HalfCheetah-v4,10,all-both,frelu,0.2,8285656676.686011,
SAC,2layers,HalfCheetah-v4,30,all-both,frelu,0.2,6668436093.327439,
SAC,2layers,HalfCheetah-v4,20,all-both,frelu,0.2,5053134764.992783,
SAC,2layers,HalfCheetah-v4,40,all-both,frelu,0.2,6063015037.888449,
SAC,2layers,HalfCheetah-v4,50,all-both,frelu,0.1,8143084720.595853,
SAC,2layers,HalfCheetah-v4,10,all-both,frelu,0.1,6615563846.033832,
SAC,2layers,HalfCheetah-v4,30,all-both,frelu,0.1,6035244713.3088455,
SAC,2layers,HalfCheetah-v4,20,all-both,frelu,0.1,6677853344.187736,
SAC,2layers,HalfCheetah-v4,40,all-both,frelu,0.1,7399163464.512279,
SAC,2layers,Humanoid-v4,50,all-both,frelu,0.4,3711047516.544948,
SAC,2layers,Humanoid-v4,10,all-both,frelu,0.4,3779017418.1780567,
SAC,2layers,Humanoid-v4,30,all-both,frelu,0.4,3910859424.75796,
SAC,2layers,Humanoid-v4,20,all-both,frelu,0.4,4106282154.822289,
SAC,2layers,Humanoid-v4,40,all-both,frelu,0.4,3914663480.541043,
SAC,2layers,Humanoid-v4,50,all-both,frelu,0.3,3462114068.930146,
SAC,2layers,Humanoid-v4,10,all-both,frelu,0.3,3590028336.5505705,
SAC,2layers,Humanoid-v4,30,all-both,frelu,0.3,3695059190.0607815,
SAC,2layers,Humanoid-v4,20,all-both,frelu,0.3,3315020905.347139,
SAC,2layers,Humanoid-v4,40,all-both,frelu,0.3,3838845542.050619,
SAC,2layers,Humanoid-v4,50,all-both,frelu,0.5,2924366111.1537075,
SAC,2layers,Humanoid-v4,10,all-both,frelu,0.5,3760193070.5025535,
SAC,2layers,Humanoid-v4,30,all-both,frelu,0.5,3833991874.1647806,
SAC,2layers,Humanoid-v4,20,all-both,frelu,0.5,3128645880.792816,
SAC,2layers,Humanoid-v4,40,all-both,frelu,0.5,3799652535.7528143,
SAC,2layers,Humanoid-v4,50,all-both,frelu,0.2,3610494586.743909,
SAC,2layers,Humanoid-v4,10,all-both,frelu,0.2,3529756618.808361,
SAC,2layers,Humanoid-v4,30,all-both,frelu,0.2,3627019678.6138735,
SAC,2layers,Humanoid-v4,20,all-both,frelu,0.2,3355205982.26724,
SAC,2layers,Humanoid-v4,40,all-both,frelu,0.2,3415804524.9781623,
SAC,2layers,Humanoid-v4,50,all-both,frelu,0.1,3619659057.850104,
SAC,2layers,Humanoid-v4,10,all-both,frelu,0.1,3821474838.271857,
SAC,2layers,Humanoid-v4,30,all-both,frelu,0.1,3742994727.1209135,
SAC,2layers,Humanoid-v4,20,all-both,frelu,0.1,4010816130.576616,
SAC,2layers,Humanoid-v4,40,all-both,frelu,0.1,3486256951.714732,
SAC,2layers,Hopper-v4,50,all-both,frelu,0.2,2973045350.7273555,
SAC,2layers,Hopper-v4,10,all-both,frelu,0.2,2675557422.596179,
SAC,2layers,Hopper-v4,30,all-both,frelu,0.2,2993090666.934597,
SAC,2layers,Hopper-v4,20,all-both,frelu,0.2,2843541273.121479,
SAC,2layers,Hopper-v4,40,all-both,frelu,0.2,2755104808.069464,
SAC,2layers,Hopper-v4,50,all-both,frelu,0.3,2623158201.3403506,
SAC,2layers,Hopper-v4,10,all-both,frelu,0.3,2761034604.897017,
SAC,2layers,Hopper-v4,30,all-both,frelu,0.3,1361864033.1024735,
SAC,2layers,Hopper-v4,20,all-both,frelu,0.3,2189862139.356315,
SAC,2layers,Hopper-v4,40,all-both,frelu,0.3,2313262352.858457,
SAC,2layers,Hopper-v4,50,all-both,frelu,0.4,2290593950.832315,
SAC,2layers,Hopper-v4,10,all-both,frelu,0.4,2609798022.4105744,
SAC,2layers,Hopper-v4,30,all-both,frelu,0.4,2412503365.909302,
SAC,2layers,Hopper-v4,20,all-both,frelu,0.4,2560556846.9462323,
SAC,2layers,Hopper-v4,40,all-both,frelu,0.4,2766222775.641281,
SAC,2layers,Hopper-v4,50,all-both,frelu,0.5,2609804546.4623,
SAC,2layers,Hopper-v4,10,all-both,frelu,0.5,2784282403.1294494,
SAC,2layers,Hopper-v4,30,all-both,frelu,0.5,633574976.8151275,
SAC,2layers,Hopper-v4,20,all-both,frelu,0.5,2631994836.609772,
SAC,2layers,Hopper-v4,40,all-both,frelu,0.5,2197002363.449349,
SAC,2layers,Hopper-v4,50,all-both,frelu,0.1,2395774140.9171224,
SAC,2layers,Hopper-v4,10,all-both,frelu,0.1,2790542536.4571104,
SAC,2layers,Hopper-v4,30,all-both,frelu,0.1,2634336382.251525,
SAC,2layers,Hopper-v4,20,all-both,frelu,0.1,2510715972.084353,
SAC,2layers,Hopper-v4,40,all-both,frelu,0.1,2327447642.684145,
SAC,2layers,Cartpole-Swingup,50,all-both,prelu,base,750330653.9154053,
SAC,2layers,Cartpole-Swingup,10,all-both,prelu,base,782541698.6846924,
SAC,2layers,Cartpole-Swingup,30,all-both,prelu,base,796185794.6777344,
SAC,2layers,Cartpole-Swingup,20,all-both,prelu,base,782689406.2805176,
SAC,2layers,Cartpole-Swingup,40,all-both,prelu,base,752593442.4591064,
SAC,2layers,Humanoid-v4,50,all-both,prelu,base,4197694260.253906,
SAC,2layers,Humanoid-v4,10,all-both,prelu,base,3951223134.765625,
SAC,2layers,Humanoid-v4,30,all-both,prelu,base,4060214188.079834,
SAC,2layers,Humanoid-v4,20,all-both,prelu,base,3793345127.716065,
SAC,2layers,Humanoid-v4,40,all-both,prelu,base,3760140246.124268,
SAC,2layers,Finger-Spin,50,all-both,prelu,base,798890000.0,
SAC,2layers,Finger-Spin,10,all-both,prelu,base,775085000.0,
SAC,2layers,Finger-Spin,30,all-both,prelu,base,795620000.0,
SAC,2layers,Finger-Spin,20,all-both,prelu,base,794120000.0,
SAC,2layers,Finger-Spin,40,all-both,prelu,base,719530000.0,
SAC,2layers,Cheetah-Run,50,all-both,prelu,base,506671321.6326386,
SAC,2layers,Cheetah-Run,10,all-both,prelu,base,435532532.2818756,
SAC,2layers,Cheetah-Run,30,all-both,prelu,base,483129557.45100975,
SAC,2layers,Cheetah-Run,20,all-both,prelu,base,390517350.07584095,
SAC,2layers,Cheetah-Run,40,all-both,prelu,base,460844580.5072784,
SAC,2layers,Ant-v4,50,all-both,prelu,base,2340277807.1784973,
SAC,2layers,Ant-v4,10,all-both,prelu,base,2813978184.366226,
SAC,2layers,Ant-v4,30,all-both,prelu,base,2431518438.110352,
SAC,2layers,Ant-v4,20,all-both,prelu,base,3128243332.595825,
SAC,2layers,Ant-v4,40,all-both,prelu,base,2811712024.383545,
SAC,2layers,Walker-Walk,50,all-both,prelu,base,720919791.9654846,
SAC,2layers,Walker-Walk,10,all-both,prelu,base,549246825.9620667,
SAC,2layers,Walker-Walk,30,all-both,prelu,base,649669452.2285461,
SAC,2layers,Walker-Walk,20,all-both,prelu,base,850981075.4776001,
SAC,2layers,Walker-Walk,40,all-both,prelu,base,820434552.3452759,
SAC,2layers,Hopper-v4,50,all-both,prelu,base,2528554459.953308,
SAC,2layers,Hopper-v4,10,all-both,prelu,base,2608466107.1777344,
SAC,2layers,Hopper-v4,30,all-both,prelu,base,2656105397.1099854,
SAC,2layers,Hopper-v4,20,all-both,prelu,base,2129849058.6662288,
SAC,2layers,Hopper-v4,40,all-both,prelu,base,2523853363.342285,
SAC,2layers,HalfCheetah-v4,50,all-both,prelu,base,7525790135.421753,
SAC,2layers,HalfCheetah-v4,10,all-both,prelu,base,7987049961.013794,
SAC,2layers,HalfCheetah-v4,30,all-both,prelu,base,7069817583.54187,
SAC,2layers,HalfCheetah-v4,20,all-both,prelu,base,7070038927.688599,
SAC,2layers,HalfCheetah-v4,40,all-both,prelu,base,7075192511.444092,
SAC,2layers,Hopper-v4,50,all-both,swish,base,1730210717.4682617,
SAC,2layers,Hopper-v4,10,all-both,swish,base,2300926884.765625,
SAC,2layers,Hopper-v4,30,all-both,swish,base,2354433941.5740967,
SAC,2layers,Hopper-v4,20,all-both,swish,base,2439135208.387375,
SAC,2layers,Hopper-v4,40,all-both,swish,base,2511612510.4141235,
SAC,2layers,Ant-v4,50,all-both,swish,base,4537196806.820631,
SAC,2layers,Ant-v4,10,all-both,swish,base,3035817454.357147,
SAC,2layers,Ant-v4,30,all-both,swish,base,3555139177.508354,
SAC,2layers,Ant-v4,20,all-both,swish,base,3844429581.775665,
SAC,2layers,Ant-v4,40,all-both,swish,base,3734436465.32774,
SAC,2layers,Humanoid-v4,50,all-both,swish,base,3836006567.993164,
SAC,2layers,Humanoid-v4,10,all-both,swish,base,3938384315.338135,
SAC,2layers,Humanoid-v4,30,all-both,swish,base,3776679409.179688,
SAC,2layers,Humanoid-v4,20,all-both,swish,base,4043191088.256836,
SAC,2layers,Humanoid-v4,40,all-both,swish,base,4277932732.2387695,
SAC,2layers,Cheetah-Run,50,all-both,swish,base,353306599.612236,
SAC,2layers,Cheetah-Run,10,all-both,swish,base,401325298.9768982,
SAC,2layers,Cheetah-Run,30,all-both,swish,base,465808420.1145172,
SAC,2layers,Cheetah-Run,20,all-both,swish,base,381395912.5089645,
SAC,2layers,Cheetah-Run,40,all-both,swish,base,345039093.5230255,
SAC,2layers,Finger-Spin,50,all-both,swish,base,729615000.0,
SAC,2layers,Finger-Spin,10,all-both,swish,base,750715000.0,
SAC,2layers,Finger-Spin,30,all-both,swish,base,760500000.0,
SAC,2layers,Finger-Spin,20,all-both,swish,base,730625000.0,
SAC,2layers,Finger-Spin,40,all-both,swish,base,801305000.0,
SAC,2layers,HalfCheetah-v4,50,all-both,swish,base,8707221751.708984,
SAC,2layers,HalfCheetah-v4,10,all-both,swish,base,7936834614.810944,
SAC,2layers,HalfCheetah-v4,30,all-both,swish,base,8196543796.463013,
SAC,2layers,HalfCheetah-v4,20,all-both,swish,base,9226659670.562744,
SAC,2layers,HalfCheetah-v4,40,all-both,swish,base,7617280532.989502,
SAC,2layers,Cartpole-Swingup,50,all-both,swish,base,790564038.3148193,
SAC,2layers,Cartpole-Swingup,10,all-both,swish,base,693180602.5695801,
SAC,2layers,Cartpole-Swingup,30,all-both,swish,base,789083831.5582275,
SAC,2layers,Cartpole-Swingup,20,all-both,swish,base,771718171.7681885,
SAC,2layers,Cartpole-Swingup,40,all-both,swish,base,803312963.7908936,
SAC,2layers,Walker-Walk,50,all-both,swish,base,664130750.284195,
SAC,2layers,Walker-Walk,10,all-both,swish,base,879777165.7562256,
SAC,2layers,Walker-Walk,30,all-both,swish,base,710759586.0481262,
SAC,2layers,Walker-Walk,20,all-both,swish,base,815268038.8450623,
SAC,2layers,Walker-Walk,40,all-both,swish,base,561475357.913971,
SAC,2layers,Walker-Walk,50,all-both,flrelu,0.4,773279998.5521911,
SAC,2layers,Walker-Walk,10,all-both,flrelu,0.4,646224026.8998727,
SAC,2layers,Walker-Walk,30,all-both,flrelu,0.4,727225172.919344,
SAC,2layers,Walker-Walk,20,all-both,flrelu,0.4,756032807.8202181,
SAC,2layers,Walker-Walk,40,all-both,flrelu,0.4,838042507.3715984,
SAC,2layers,Walker-Walk,50,all-both,flrelu,0.3,849779766.488287,
SAC,2layers,Walker-Walk,10,all-both,flrelu,0.3,843382704.164815,
SAC,2layers,Walker-Walk,30,all-both,flrelu,0.3,713394209.4761468,
SAC,2layers,Walker-Walk,20,all-both,flrelu,0.3,849371903.6571901,
SAC,2layers,Walker-Walk,40,all-both,flrelu,0.3,585283730.7020057,
SAC,2layers,Walker-Walk,50,all-both,flrelu,0.1,774983854.913627,
SAC,2layers,Walker-Walk,10,all-both,flrelu,0.1,702290608.0746412,
SAC,2layers,Walker-Walk,30,all-both,flrelu,0.1,769266759.4517246,
SAC,2layers,Walker-Walk,20,all-both,flrelu,0.1,829569030.9702431,
SAC,2layers,Walker-Walk,40,all-both,flrelu,0.1,764146513.2351152,
SAC,2layers,Walker-Walk,50,all-both,flrelu,0.2,801140839.5665824,
SAC,2layers,Walker-Walk,10,all-both,flrelu,0.2,630152966.637038,
SAC,2layers,Walker-Walk,30,all-both,flrelu,0.2,815261935.3956678,
SAC,2layers,Walker-Walk,20,all-both,flrelu,0.2,808014606.2499089,
SAC,2layers,Walker-Walk,40,all-both,flrelu,0.2,544527603.9132011,
SAC,2layers,Walker-Walk,50,all-both,flrelu,0.5,567949750.6706285,
SAC,2layers,Walker-Walk,10,all-both,flrelu,0.5,594008466.0870436,
SAC,2layers,Walker-Walk,30,all-both,flrelu,0.5,560555861.384545,
SAC,2layers,Walker-Walk,20,all-both,flrelu,0.5,666847858.106194,
SAC,2layers,Walker-Walk,40,all-both,flrelu,0.5,438641720.20917046,
SAC,2layers,Finger-Spin,50,all-both,flrelu,0.3,742870000.0,
SAC,2layers,Finger-Spin,10,all-both,flrelu,0.3,802790000.0,
SAC,2layers,Finger-Spin,30,all-both,flrelu,0.3,786630000.0,
SAC,2layers,Finger-Spin,20,all-both,flrelu,0.3,680860000.0,
SAC,2layers,Finger-Spin,40,all-both,flrelu,0.3,700950000.0,
SAC,2layers,Finger-Spin,50,all-both,flrelu,0.2,731275000.0,
SAC,2layers,Finger-Spin,10,all-both,flrelu,0.2,791245000.0,
SAC,2layers,Finger-Spin,30,all-both,flrelu,0.2,706865000.0,
SAC,2layers,Finger-Spin,20,all-both,flrelu,0.2,725680000.0,
SAC,2layers,Finger-Spin,40,all-both,flrelu,0.2,808470000.0,
SAC,2layers,Finger-Spin,50,all-both,flrelu,0.1,816760000.0,
SAC,2layers,Finger-Spin,10,all-both,flrelu,0.1,780905000.0,
SAC,2layers,Finger-Spin,30,all-both,flrelu,0.1,777015000.0,
SAC,2layers,Finger-Spin,20,all-both,flrelu,0.1,719530000.0,
SAC,2layers,Finger-Spin,40,all-both,flrelu,0.1,789315000.0,
SAC,2layers,Finger-Spin,50,all-both,flrelu,0.5,646115000.0,
SAC,2layers,Finger-Spin,10,all-both,flrelu,0.5,756615000.0,
SAC,2layers,Finger-Spin,30,all-both,flrelu,0.5,780635000.0,
SAC,2layers,Finger-Spin,20,all-both,flrelu,0.5,722985000.0,
SAC,2layers,Finger-Spin,40,all-both,flrelu,0.5,746575000.0,
SAC,2layers,Finger-Spin,50,all-both,flrelu,0.4,774080000.0,
SAC,2layers,Finger-Spin,10,all-both,flrelu,0.4,765850000.0,
SAC,2layers,Finger-Spin,30,all-both,flrelu,0.4,780995000.0,
SAC,2layers,Finger-Spin,20,all-both,flrelu,0.4,802170000.0,
SAC,2layers,Finger-Spin,40,all-both,flrelu,0.4,746180000.0,
SAC,2layers,Cheetah-Run,50,all-both,flrelu,0.4,388765590.6218584,
SAC,2layers,Cheetah-Run,10,all-both,flrelu,0.4,421086534.6267363,
SAC,2layers,Cheetah-Run,30,all-both,flrelu,0.4,423196858.4112696,
SAC,2layers,Cheetah-Run,20,all-both,flrelu,0.4,455210581.5954248,
SAC,2layers,Cheetah-Run,40,all-both,flrelu,0.4,359297534.6934557,
SAC,2layers,Cheetah-Run,50,all-both,flrelu,0.5,397798031.1847752,
SAC,2layers,Cheetah-Run,10,all-both,flrelu,0.5,383226800.77906007,
SAC,2layers,Cheetah-Run,30,all-both,flrelu,0.5,350212115.085472,
SAC,2layers,Cheetah-Run,20,all-both,flrelu,0.5,379514708.620924,
SAC,2layers,Cheetah-Run,40,all-both,flrelu,0.5,329249555.2667636,
SAC,2layers,Cheetah-Run,50,all-both,flrelu,0.3,350439324.0176949,
SAC,2layers,Cheetah-Run,10,all-both,flrelu,0.3,428690990.81389487,
SAC,2layers,Cheetah-Run,30,all-both,flrelu,0.3,393308604.6947296,
SAC,2layers,Cheetah-Run,20,all-both,flrelu,0.3,421424515.7404506,
SAC,2layers,Cheetah-Run,40,all-both,flrelu,0.3,433990274.8834216,
SAC,2layers,Cheetah-Run,50,all-both,flrelu,0.1,378675131.0545667,
SAC,2layers,Cheetah-Run,10,all-both,flrelu,0.1,545227206.0679814,
SAC,2layers,Cheetah-Run,30,all-both,flrelu,0.1,459256735.9480271,
SAC,2layers,Cheetah-Run,20,all-both,flrelu,0.1,397916446.8029525,
SAC,2layers,Cheetah-Run,40,all-both,flrelu,0.1,480806716.25332177,
SAC,2layers,Cheetah-Run,50,all-both,flrelu,0.2,473103894.00210655,
SAC,2layers,Cheetah-Run,10,all-both,flrelu,0.2,462285024.2078508,
SAC,2layers,Cheetah-Run,30,all-both,flrelu,0.2,444022638.0467099,
SAC,2layers,Cheetah-Run,20,all-both,flrelu,0.2,499827563.8524969,
SAC,2layers,Cheetah-Run,40,all-both,flrelu,0.2,384383274.90355337,
SAC,2layers,Humanoid-v4,50,all-both,flrelu,0.3,3539034722.4460745,
SAC,2layers,Humanoid-v4,10,all-both,flrelu,0.3,3937242176.549351,
SAC,2layers,Humanoid-v4,30,all-both,flrelu,0.3,3807557285.016052,
SAC,2layers,Humanoid-v4,20,all-both,flrelu,0.3,3583848540.7383614,
SAC,2layers,Humanoid-v4,40,all-both,flrelu,0.3,3713936322.475076,
SAC,2layers,Humanoid-v4,50,all-both,flrelu,0.5,3407056747.5160017,
SAC,2layers,Humanoid-v4,10,all-both,flrelu,0.5,3670299121.980026,
SAC,2layers,Humanoid-v4,30,all-both,flrelu,0.5,3842244385.02735,
SAC,2layers,Humanoid-v4,20,all-both,flrelu,0.5,3830411707.906362,
SAC,2layers,Humanoid-v4,40,all-both,flrelu,0.5,3634481917.8194537,
SAC,2layers,Humanoid-v4,50,all-both,flrelu,0.4,4082569201.6288137,
SAC,2layers,Humanoid-v4,10,all-both,flrelu,0.4,4183568243.778666,
SAC,2layers,Humanoid-v4,30,all-both,flrelu,0.4,4125289741.407964,
SAC,2layers,Humanoid-v4,20,all-both,flrelu,0.4,3991133913.7911167,
SAC,2layers,Humanoid-v4,40,all-both,flrelu,0.4,4156554973.21744,
SAC,2layers,Humanoid-v4,50,all-both,flrelu,0.1,4171587585.97313,
SAC,2layers,Humanoid-v4,10,all-both,flrelu,0.1,4066390396.069203,
SAC,2layers,Humanoid-v4,30,all-both,flrelu,0.1,3456175269.5412745,
SAC,2layers,Humanoid-v4,20,all-both,flrelu,0.1,3823704200.3111024,
SAC,2layers,Humanoid-v4,40,all-both,flrelu,0.1,4041660645.441485,
SAC,2layers,Humanoid-v4,50,all-both,flrelu,0.2,3793377060.288876,
SAC,2layers,Humanoid-v4,10,all-both,flrelu,0.2,3789929733.847741,
SAC,2layers,Humanoid-v4,30,all-both,flrelu,0.2,3888459643.196955,
SAC,2layers,Humanoid-v4,20,all-both,flrelu,0.2,3347384951.103563,
SAC,2layers,Humanoid-v4,40,all-both,flrelu,0.2,3355638357.034881,
SAC,2layers,Ant-v4,50,all-both,flrelu,0.2,2708437191.846357,
SAC,2layers,Ant-v4,10,all-both,flrelu,0.2,1997899246.988288,
SAC,2layers,Ant-v4,30,all-both,flrelu,0.2,1929734896.5436685,
SAC,2layers,Ant-v4,20,all-both,flrelu,0.2,3322216080.596896,
SAC,2layers,Ant-v4,40,all-both,flrelu,0.2,1415036136.9969025,
SAC,2layers,Ant-v4,50,all-both,flrelu,0.5,1347566336.952885,
SAC,2layers,Ant-v4,10,all-both,flrelu,0.5,1491293649.6704257,
SAC,2layers,Ant-v4,30,all-both,flrelu,0.5,951197370.1687112,
SAC,2layers,Ant-v4,20,all-both,flrelu,0.5,1700316651.918226,
SAC,2layers,Ant-v4,40,all-both,flrelu,0.5,967875454.1177796,
SAC,2layers,Ant-v4,50,all-both,flrelu,0.1,3268946775.6588464,
SAC,2layers,Ant-v4,10,all-both,flrelu,0.1,4122627509.833312,
SAC,2layers,Ant-v4,30,all-both,flrelu,0.1,2559061385.13134,
SAC,2layers,Ant-v4,20,all-both,flrelu,0.1,2265812226.805481,
SAC,2layers,Ant-v4,40,all-both,flrelu,0.1,1841760647.3363533,
SAC,2layers,Ant-v4,50,all-both,flrelu,0.4,2052423111.925496,
SAC,2layers,Ant-v4,10,all-both,flrelu,0.4,2635711860.895893,
SAC,2layers,Ant-v4,30,all-both,flrelu,0.4,988589094.1658084,
SAC,2layers,Ant-v4,20,all-both,flrelu,0.4,1412569654.869863,
SAC,2layers,Ant-v4,40,all-both,flrelu,0.4,1351527147.9843433,
SAC,2layers,Ant-v4,50,all-both,flrelu,0.3,1884302544.436892,
SAC,2layers,Ant-v4,10,all-both,flrelu,0.3,1764274875.565237,
SAC,2layers,Ant-v4,30,all-both,flrelu,0.3,2225674848.6237235,
SAC,2layers,Ant-v4,20,all-both,flrelu,0.3,3350617148.1137543,
SAC,2layers,Ant-v4,40,all-both,flrelu,0.3,3692451121.922557,
SAC,2layers,Cartpole-Swingup,50,all-both,flrelu,0.1,796349420.1868865,
SAC,2layers,Cartpole-Swingup,10,all-both,flrelu,0.1,720960103.9009243,
SAC,2layers,Cartpole-Swingup,30,all-both,flrelu,0.1,787016747.277881,
SAC,2layers,Cartpole-Swingup,20,all-both,flrelu,0.1,768712634.3101906,
SAC,2layers,Cartpole-Swingup,40,all-both,flrelu,0.1,799502005.404333,
SAC,2layers,Cartpole-Swingup,50,all-both,flrelu,0.2,761703690.7532943,
SAC,2layers,Cartpole-Swingup,10,all-both,flrelu,0.2,793850066.4196545,
SAC,2layers,Cartpole-Swingup,30,all-both,flrelu,0.2,750128338.8439336,
SAC,2layers,Cartpole-Swingup,20,all-both,flrelu,0.2,796356379.6680002,
SAC,2layers,Cartpole-Swingup,40,all-both,flrelu,0.2,758085220.4598328,
SAC,2layers,Cartpole-Swingup,50,all-both,flrelu,0.3,719957093.7150675,
SAC,2layers,Cartpole-Swingup,10,all-both,flrelu,0.3,778825664.4261487,
SAC,2layers,Cartpole-Swingup,30,all-both,flrelu,0.3,727608660.6967497,
SAC,2layers,Cartpole-Swingup,20,all-both,flrelu,0.3,768069841.9470247,
SAC,2layers,Cartpole-Swingup,40,all-both,flrelu,0.3,763412023.4375358,
SAC,2layers,Cartpole-Swingup,50,all-both,flrelu,0.4,785379115.1879063,
SAC,2layers,Cartpole-Swingup,10,all-both,flrelu,0.4,788580489.8546438,
SAC,2layers,Cartpole-Swingup,30,all-both,flrelu,0.4,769950954.0751362,
SAC,2layers,Cartpole-Swingup,20,all-both,flrelu,0.4,767628630.6172493,
SAC,2layers,Cartpole-Swingup,40,all-both,flrelu,0.4,773864075.8093998,
SAC,2layers,Cartpole-Swingup,50,all-both,flrelu,0.5,788962427.1316693,
SAC,2layers,Cartpole-Swingup,10,all-both,flrelu,0.5,770510071.8294027,
SAC,2layers,Cartpole-Swingup,30,all-both,flrelu,0.5,758541012.7001014,
SAC,2layers,Cartpole-Swingup,20,all-both,flrelu,0.5,767840156.6253878,
SAC,2layers,Cartpole-Swingup,40,all-both,flrelu,0.5,783241641.441125,
SAC,2layers,HalfCheetah-v4,50,all-both,flrelu,0.4,6768066939.442379,
SAC,2layers,HalfCheetah-v4,10,all-both,flrelu,0.4,6972644189.027543,
SAC,2layers,HalfCheetah-v4,30,all-both,flrelu,0.4,6886851551.574496,
SAC,2layers,HalfCheetah-v4,20,all-both,flrelu,0.4,4577806520.049571,
SAC,2layers,HalfCheetah-v4,40,all-both,flrelu,0.4,5875465518.222837,
SAC,2layers,HalfCheetah-v4,50,all-both,flrelu,0.1,6268163245.229362,
SAC,2layers,HalfCheetah-v4,10,all-both,flrelu,0.1,6579881767.666861,
SAC,2layers,HalfCheetah-v4,30,all-both,flrelu,0.1,7023078684.491129,
SAC,2layers,HalfCheetah-v4,20,all-both,flrelu,0.1,7971948176.862619,
SAC,2layers,HalfCheetah-v4,40,all-both,flrelu,0.1,8297665310.101032,
SAC,2layers,HalfCheetah-v4,50,all-both,flrelu,0.5,6621668155.59948,
SAC,2layers,HalfCheetah-v4,10,all-both,flrelu,0.5,7026999452.877001,
SAC,2layers,HalfCheetah-v4,30,all-both,flrelu,0.5,6450784800.381938,
SAC,2layers,HalfCheetah-v4,20,all-both,flrelu,0.5,6892951657.623819,
SAC,2layers,HalfCheetah-v4,40,all-both,flrelu,0.5,2466427383.4808245,
SAC,2layers,HalfCheetah-v4,50,all-both,flrelu,0.3,8400837679.543824,
SAC,2layers,HalfCheetah-v4,10,all-both,flrelu,0.3,7725113396.945927,
SAC,2layers,HalfCheetah-v4,30,all-both,flrelu,0.3,1793895677.264724,
SAC,2layers,HalfCheetah-v4,20,all-both,flrelu,0.3,6572600638.5255575,
SAC,2layers,HalfCheetah-v4,40,all-both,flrelu,0.3,7447825591.568418,
SAC,2layers,HalfCheetah-v4,50,all-both,flrelu,0.2,7055340903.582999,
SAC,2layers,HalfCheetah-v4,10,all-both,flrelu,0.2,5999327856.107288,
SAC,2layers,HalfCheetah-v4,30,all-both,flrelu,0.2,7735441311.25248,
SAC,2layers,HalfCheetah-v4,20,all-both,flrelu,0.2,5667464901.694001,
SAC,2layers,HalfCheetah-v4,40,all-both,flrelu,0.2,5779406758.282477,
SAC,2layers,Hopper-v4,50,all-both,flrelu,0.2,2411277205.332017,
SAC,2layers,Hopper-v4,10,all-both,flrelu,0.2,2578773446.519252,
SAC,2layers,Hopper-v4,30,all-both,flrelu,0.2,3047281298.0488467,
SAC,2layers,Hopper-v4,20,all-both,flrelu,0.2,2018174543.746513,
SAC,2layers,Hopper-v4,40,all-both,flrelu,0.2,1650039910.8858757,
SAC,2layers,Hopper-v4,50,all-both,flrelu,0.3,940835936.3826025,
SAC,2layers,Hopper-v4,10,all-both,flrelu,0.3,2595355416.064037,
SAC,2layers,Hopper-v4,30,all-both,flrelu,0.3,2899100696.126218,
SAC,2layers,Hopper-v4,20,all-both,flrelu,0.3,1820043017.210681,
SAC,2layers,Hopper-v4,40,all-both,flrelu,0.3,1499051813.4274848,
SAC,2layers,Hopper-v4,50,all-both,flrelu,0.4,2756600652.542844,
SAC,2layers,Hopper-v4,10,all-both,flrelu,0.4,1789376345.6158762,
SAC,2layers,Hopper-v4,30,all-both,flrelu,0.4,2321607563.595764,
SAC,2layers,Hopper-v4,20,all-both,flrelu,0.4,2427628462.740357,
SAC,2layers,Hopper-v4,40,all-both,flrelu,0.4,2564218650.100099,
SAC,2layers,Hopper-v4,50,all-both,flrelu,0.1,2872403759.608278,
SAC,2layers,Hopper-v4,10,all-both,flrelu,0.1,2233648266.968971,
SAC,2layers,Hopper-v4,30,all-both,flrelu,0.1,2702414507.151103,
SAC,2layers,Hopper-v4,20,all-both,flrelu,0.1,2424852521.270037,
SAC,2layers,Hopper-v4,40,all-both,flrelu,0.1,2769139397.793635,
SAC,2layers,Hopper-v4,50,all-both,flrelu,0.5,391045394.7130728,
SAC,2layers,Hopper-v4,10,all-both,flrelu,0.5,2393227678.5292134,
SAC,2layers,Hopper-v4,30,all-both,flrelu,0.5,2897794911.958147,
SAC,2layers,Hopper-v4,20,all-both,flrelu,0.5,2821278501.0549808,
SAC,2layers,Hopper-v4,40,all-both,flrelu,0.5,2769482561.961456,
SAC,2layers,HalfCheetah-v4,50,all-both,gelu,base,7688734922.885895,
SAC,2layers,HalfCheetah-v4,10,all-both,gelu,base,8308215898.87619,
SAC,2layers,HalfCheetah-v4,30,all-both,gelu,base,2055102963.8290403,
SAC,2layers,HalfCheetah-v4,20,all-both,gelu,base,7835728171.99707,
SAC,2layers,HalfCheetah-v4,40,all-both,gelu,base,9167893612.31804,
SAC,2layers,Humanoid-v4,50,all-both,gelu,base,4143565338.439941,
SAC,2layers,Humanoid-v4,10,all-both,gelu,base,3787283425.2929688,
SAC,2layers,Humanoid-v4,30,all-both,gelu,base,3671298084.259033,
SAC,2layers,Humanoid-v4,20,all-both,gelu,base,4028146954.956055,
SAC,2layers,Humanoid-v4,40,all-both,gelu,base,4128327957.15332,
SAC,2layers,Cartpole-Swingup,50,all-both,gelu,base,746315807.3043823,
SAC,2layers,Cartpole-Swingup,10,all-both,gelu,base,773533103.3325195,
SAC,2layers,Cartpole-Swingup,30,all-both,gelu,base,769950111.3128662,
SAC,2layers,Cartpole-Swingup,20,all-both,gelu,base,763294446.3348389,
SAC,2layers,Cartpole-Swingup,40,all-both,gelu,base,514113766.6320801,
SAC,2layers,Walker-Walk,50,all-both,gelu,base,857303813.457489,
SAC,2layers,Walker-Walk,10,all-both,gelu,base,811916854.1812897,
SAC,2layers,Walker-Walk,30,all-both,gelu,base,716554662.7616882,
SAC,2layers,Walker-Walk,20,all-both,gelu,base,875229455.1563263,
SAC,2layers,Walker-Walk,40,all-both,gelu,base,618634007.7781677,
SAC,2layers,Hopper-v4,50,all-both,gelu,base,2394690726.337433,
SAC,2layers,Hopper-v4,10,all-both,gelu,base,1859969275.875092,
SAC,2layers,Hopper-v4,30,all-both,gelu,base,2048832735.5194087,
SAC,2layers,Hopper-v4,20,all-both,gelu,base,2130243742.8951263,
SAC,2layers,Hopper-v4,40,all-both,gelu,base,2694315696.182251,
SAC,2layers,Cheetah-Run,50,all-both,gelu,base,419718814.3706322,
SAC,2layers,Cheetah-Run,10,all-both,gelu,base,488486508.7223053,
SAC,2layers,Cheetah-Run,30,all-both,gelu,base,436704339.75219727,
SAC,2layers,Cheetah-Run,20,all-both,gelu,base,473539434.7047806,
SAC,2layers,Cheetah-Run,40,all-both,gelu,base,496414034.6813202,
SAC,2layers,Ant-v4,50,all-both,gelu,base,3747572175.97723,
SAC,2layers,Ant-v4,10,all-both,gelu,base,2463776077.189445,
SAC,2layers,Ant-v4,30,all-both,gelu,base,1850614879.875183,
SAC,2layers,Ant-v4,20,all-both,gelu,base,4058233114.843369,
SAC,2layers,Ant-v4,40,all-both,gelu,base,3792537800.7125854,
SAC,2layers,Finger-Spin,50,all-both,gelu,base,796830000.0,
SAC,2layers,Finger-Spin,10,all-both,gelu,base,807700000.0,
SAC,2layers,Finger-Spin,30,all-both,gelu,base,788430000.0,
SAC,2layers,Finger-Spin,20,all-both,gelu,base,749960000.0,
SAC,2layers,Finger-Spin,40,all-both,gelu,base,754855000.0,
SAC,2layers,Walker-Walk,50,all-both,fswish,0.3,890657775.8789062,
SAC,2layers,Walker-Walk,10,all-both,fswish,0.3,800555495.6245422,
SAC,2layers,Walker-Walk,30,all-both,fswish,0.3,800928726.3393402,
SAC,2layers,Walker-Walk,20,all-both,fswish,0.3,713040749.2256165,
SAC,2layers,Walker-Walk,40,all-both,fswish,0.3,824708857.2692871,
SAC,2layers,Walker-Walk,50,all-both,fswish,0.1,835733427.2193909,
SAC,2layers,Walker-Walk,10,all-both,fswish,0.1,893195213.1271362,
SAC,2layers,Walker-Walk,30,all-both,fswish,0.1,816746867.2275543,
SAC,2layers,Walker-Walk,20,all-both,fswish,0.1,874671831.3217163,
SAC,2layers,Walker-Walk,40,all-both,fswish,0.1,677454758.3961487,
SAC,2layers,Walker-Walk,50,all-both,fswish,0.2,863948116.3597107,
SAC,2layers,Walker-Walk,10,all-both,fswish,0.2,840370029.7832489,
SAC,2layers,Walker-Walk,30,all-both,fswish,0.2,836898805.9234619,
SAC,2layers,Walker-Walk,20,all-both,fswish,0.2,824402414.3981934,
SAC,2layers,Walker-Walk,40,all-both,fswish,0.2,615273719.6731567,
SAC,2layers,Walker-Walk,50,all-both,fswish,0.4,855686439.9147034,
SAC,2layers,Walker-Walk,10,all-both,fswish,0.4,850196084.6567154,
SAC,2layers,Walker-Walk,30,all-both,fswish,0.4,785657018.5279846,
SAC,2layers,Walker-Walk,20,all-both,fswish,0.4,854109236.5646362,
SAC,2layers,Walker-Walk,40,all-both,fswish,0.4,653691064.2719269,
SAC,2layers,Walker-Walk,50,all-both,fswish,0.5,812407561.0351562,
SAC,2layers,Walker-Walk,10,all-both,fswish,0.5,592551746.3302612,
SAC,2layers,Walker-Walk,30,all-both,fswish,0.5,563270418.0335999,
SAC,2layers,Walker-Walk,20,all-both,fswish,0.5,843742804.889679,
SAC,2layers,Walker-Walk,40,all-both,fswish,0.5,653179165.1344299,
SAC,2layers,Finger-Spin,50,all-both,fswish,0.5,810245000.0,
SAC,2layers,Finger-Spin,10,all-both,fswish,0.5,820885000.0,
SAC,2layers,Finger-Spin,30,all-both,fswish,0.5,823510000.0,
SAC,2layers,Finger-Spin,20,all-both,fswish,0.5,757230000.0,
SAC,2layers,Finger-Spin,40,all-both,fswish,0.5,772650000.0,
SAC,2layers,Finger-Spin,50,all-both,fswish,0.4,770835000.0,
SAC,2layers,Finger-Spin,10,all-both,fswish,0.4,866180000.0,
SAC,2layers,Finger-Spin,30,all-both,fswish,0.4,810780000.0,
SAC,2layers,Finger-Spin,20,all-both,fswish,0.4,811935000.0,
SAC,2layers,Finger-Spin,40,all-both,fswish,0.4,763975000.0,
SAC,2layers,Finger-Spin,50,all-both,fswish,0.1,780955000.0,
SAC,2layers,Finger-Spin,10,all-both,fswish,0.1,821205000.0,
SAC,2layers,Finger-Spin,30,all-both,fswish,0.1,806025000.0,
SAC,2layers,Finger-Spin,20,all-both,fswish,0.1,801165000.0,
SAC,2layers,Finger-Spin,40,all-both,fswish,0.1,803370000.0,
SAC,2layers,Finger-Spin,50,all-both,fswish,0.3,789070000.0,
SAC,2layers,Finger-Spin,10,all-both,fswish,0.3,736810000.0,
SAC,2layers,Finger-Spin,30,all-both,fswish,0.3,752295000.0,
SAC,2layers,Finger-Spin,20,all-both,fswish,0.3,814980000.0,
SAC,2layers,Finger-Spin,40,all-both,fswish,0.3,738050000.0,
SAC,2layers,Finger-Spin,50,all-both,fswish,0.2,700450000.0,
SAC,2layers,Finger-Spin,10,all-both,fswish,0.2,798365000.0,
SAC,2layers,Finger-Spin,30,all-both,fswish,0.2,795530000.0,
SAC,2layers,Finger-Spin,20,all-both,fswish,0.2,813960000.0,
SAC,2layers,Finger-Spin,40,all-both,fswish,0.2,760045000.0,
SAC,2layers,Cheetah-Run,50,all-both,fswish,0.5,472158067.2454834,
SAC,2layers,Cheetah-Run,10,all-both,fswish,0.5,444949623.3892441,
SAC,2layers,Cheetah-Run,30,all-both,fswish,0.5,313684038.6104584,
SAC,2layers,Cheetah-Run,20,all-both,fswish,0.5,476562894.333899,
SAC,2layers,Cheetah-Run,40,all-both,fswish,0.5,461688686.8149042,
SAC,2layers,Cheetah-Run,50,all-both,fswish,0.1,429672059.3202114,
SAC,2layers,Cheetah-Run,10,all-both,fswish,0.1,475880615.7875061,
SAC,2layers,Cheetah-Run,30,all-both,fswish,0.1,416143506.1454773,
SAC,2layers,Cheetah-Run,20,all-both,fswish,0.1,495579903.6335945,
SAC,2layers,Cheetah-Run,40,all-both,fswish,0.1,441863674.9458313,
SAC,2layers,Cheetah-Run,50,all-both,fswish,0.3,419812383.556366,
SAC,2layers,Cheetah-Run,10,all-both,fswish,0.3,507838122.9114533,
SAC,2layers,Cheetah-Run,30,all-both,fswish,0.3,540634058.3109856,
SAC,2layers,Cheetah-Run,20,all-both,fswish,0.3,491381603.9761901,
SAC,2layers,Cheetah-Run,40,all-both,fswish,0.3,391390376.6322136,
SAC,2layers,Cheetah-Run,50,all-both,fswish,0.4,437568169.5175171,
SAC,2layers,Cheetah-Run,10,all-both,fswish,0.4,400276781.4556509,
SAC,2layers,Cheetah-Run,30,all-both,fswish,0.4,424288157.79209137,
SAC,2layers,Cheetah-Run,20,all-both,fswish,0.4,441524908.7452889,
SAC,2layers,Cheetah-Run,40,all-both,fswish,0.4,482161338.8800621,
SAC,2layers,Cheetah-Run,50,all-both,fswish,0.2,474547082.9927921,
SAC,2layers,Cheetah-Run,10,all-both,fswish,0.2,494661686.1581802,
SAC,2layers,Cheetah-Run,30,all-both,fswish,0.2,522978146.3003159,
SAC,2layers,Cheetah-Run,20,all-both,fswish,0.2,458671888.5231018,
SAC,2layers,Cheetah-Run,40,all-both,fswish,0.2,476904417.9916382,
SAC,2layers,Humanoid-v4,50,all-both,fswish,0.1,3503273132.019043,
SAC,2layers,Humanoid-v4,10,all-both,fswish,0.1,3555305207.061768,
SAC,2layers,Humanoid-v4,30,all-both,fswish,0.1,3975696227.874756,
SAC,2layers,Humanoid-v4,20,all-both,fswish,0.1,3133710509.185791,
SAC,2layers,Humanoid-v4,40,all-both,fswish,0.1,3933598984.222412,
SAC,2layers,Humanoid-v4,50,all-both,fswish,0.2,3534324861.1450195,
SAC,2layers,Humanoid-v4,10,all-both,fswish,0.2,3257418312.072754,
SAC,2layers,Humanoid-v4,30,all-both,fswish,0.2,3335592291.1071777,
SAC,2layers,Humanoid-v4,20,all-both,fswish,0.2,3861681672.668457,
SAC,2layers,Humanoid-v4,40,all-both,fswish,0.2,3419185098.5717773,
SAC,2layers,Humanoid-v4,50,all-both,fswish,0.3,3762730982.36084,
SAC,2layers,Humanoid-v4,10,all-both,fswish,0.3,3727884223.632813,
SAC,2layers,Humanoid-v4,30,all-both,fswish,0.3,3481498494.567871,
SAC,2layers,Humanoid-v4,20,all-both,fswish,0.3,3616050743.713379,
SAC,2layers,Humanoid-v4,40,all-both,fswish,0.3,3425636945.1904297,
SAC,2layers,Humanoid-v4,50,all-both,fswish,0.4,3601053559.7229004,
SAC,2layers,Humanoid-v4,10,all-both,fswish,0.4,3700095517.425537,
SAC,2layers,Humanoid-v4,30,all-both,fswish,0.4,3760168302.459717,
SAC,2layers,Humanoid-v4,20,all-both,fswish,0.4,3640775912.322998,
SAC,2layers,Humanoid-v4,40,all-both,fswish,0.4,3575865875.2441406,
SAC,2layers,Humanoid-v4,50,all-both,fswish,0.5,3869780884.70459,
SAC,2layers,Humanoid-v4,10,all-both,fswish,0.5,3646965663.299561,
SAC,2layers,Humanoid-v4,30,all-both,fswish,0.5,3542176617.2790527,
SAC,2layers,Humanoid-v4,20,all-both,fswish,0.5,3578183173.675537,
SAC,2layers,Humanoid-v4,40,all-both,fswish,0.5,3964692550.65918,
SAC,2layers,Ant-v4,50,all-both,fswish,0.4,4125306923.751831,
SAC,2layers,Ant-v4,10,all-both,fswish,0.4,2637876009.6740723,
SAC,2layers,Ant-v4,30,all-both,fswish,0.4,2418456300.7068634,
SAC,2layers,Ant-v4,20,all-both,fswish,0.4,3757143185.1768494,
SAC,2layers,Ant-v4,40,all-both,fswish,0.4,2440340655.36499,
SAC,2layers,Ant-v4,50,all-both,fswish,0.1,4139944276.924133,
SAC,2layers,Ant-v4,10,all-both,fswish,0.1,3867826737.992764,
SAC,2layers,Ant-v4,30,all-both,fswish,0.1,3311299368.5495853,
SAC,2layers,Ant-v4,20,all-both,fswish,0.1,3547991444.749832,
SAC,2layers,Ant-v4,40,all-both,fswish,0.1,3282975552.6685715,
SAC,2layers,Ant-v4,50,all-both,fswish,0.2,2768801496.0837364,
SAC,2layers,Ant-v4,10,all-both,fswish,0.2,3496229603.006244,
SAC,2layers,Ant-v4,30,all-both,fswish,0.2,4100268246.69838,
SAC,2layers,Ant-v4,20,all-both,fswish,0.2,2905502050.78125,
SAC,2layers,Ant-v4,40,all-both,fswish,0.2,2706657008.2092285,
SAC,2layers,Ant-v4,50,all-both,fswish,0.5,3204646588.5281563,
SAC,2layers,Ant-v4,10,all-both,fswish,0.5,2533556667.9382324,
SAC,2layers,Ant-v4,30,all-both,fswish,0.5,3445820345.191956,
SAC,2layers,Ant-v4,20,all-both,fswish,0.5,3698100531.0058594,
SAC,2layers,Ant-v4,40,all-both,fswish,0.5,3668155385.657549,
SAC,2layers,Ant-v4,50,all-both,fswish,0.3,2273055994.8813915,
SAC,2layers,Ant-v4,10,all-both,fswish,0.3,2351172309.741974,
SAC,2layers,Ant-v4,30,all-both,fswish,0.3,3693778755.607605,
SAC,2layers,Ant-v4,20,all-both,fswish,0.3,2808382583.255768,
SAC,2layers,Ant-v4,40,all-both,fswish,0.3,3475616619.758606,
SAC,2layers,Cartpole-Swingup,50,all-both,fswish,0.4,752325958.6715698,
SAC,2layers,Cartpole-Swingup,10,all-both,fswish,0.4,754588042.2210693,
SAC,2layers,Cartpole-Swingup,30,all-both,fswish,0.4,798798094.5968628,
SAC,2layers,Cartpole-Swingup,20,all-both,fswish,0.4,701262600.8605957,
SAC,2layers,Cartpole-Swingup,40,all-both,fswish,0.4,780915356.4453125,
SAC,2layers,Cartpole-Swingup,50,all-both,fswish,0.3,817356100.3875732,
SAC,2layers,Cartpole-Swingup,10,all-both,fswish,0.3,786718025.3982544,
SAC,2layers,Cartpole-Swingup,30,all-both,fswish,0.3,780566849.9755859,
SAC,2layers,Cartpole-Swingup,20,all-both,fswish,0.3,778065450.5157471,
SAC,2layers,Cartpole-Swingup,40,all-both,fswish,0.3,776918380.9661865,
SAC,2layers,Cartpole-Swingup,50,all-both,fswish,0.5,793198105.0109863,
SAC,2layers,Cartpole-Swingup,10,all-both,fswish,0.5,748363549.7283936,
SAC,2layers,Cartpole-Swingup,30,all-both,fswish,0.5,795269000.3967285,
SAC,2layers,Cartpole-Swingup,20,all-both,fswish,0.5,702028459.5489502,
SAC,2layers,Cartpole-Swingup,40,all-both,fswish,0.5,800476885.3759766,
SAC,2layers,Cartpole-Swingup,50,all-both,fswish,0.1,795465677.1850586,
SAC,2layers,Cartpole-Swingup,10,all-both,fswish,0.1,553757192.9931641,
SAC,2layers,Cartpole-Swingup,30,all-both,fswish,0.1,729935879.5928955,
SAC,2layers,Cartpole-Swingup,20,all-both,fswish,0.1,784028433.4850311,
SAC,2layers,Cartpole-Swingup,40,all-both,fswish,0.1,532912640.2282715,
SAC,2layers,Cartpole-Swingup,50,all-both,fswish,0.2,781144752.3498535,
SAC,2layers,Cartpole-Swingup,10,all-both,fswish,0.2,756596917.0379639,
SAC,2layers,Cartpole-Swingup,30,all-both,fswish,0.2,726761319.1986084,
SAC,2layers,Cartpole-Swingup,20,all-both,fswish,0.2,745477080.3451538,
SAC,2layers,Cartpole-Swingup,40,all-both,fswish,0.2,766832331.0089111,
SAC,2layers,HalfCheetah-v4,50,all-both,fswish,0.4,7331328188.62915,
SAC,2layers,HalfCheetah-v4,10,all-both,fswish,0.4,6462792094.955444,
SAC,2layers,HalfCheetah-v4,30,all-both,fswish,0.4,7139869945.068359,
SAC,2layers,HalfCheetah-v4,20,all-both,fswish,0.4,7231311628.837585,
SAC,2layers,HalfCheetah-v4,40,all-both,fswish,0.4,7100090412.139893,
SAC,2layers,HalfCheetah-v4,50,all-both,fswish,0.3,8808822911.376953,
SAC,2layers,HalfCheetah-v4,10,all-both,fswish,0.3,7302826527.671814,
SAC,2layers,HalfCheetah-v4,30,all-both,fswish,0.3,8265830990.638733,
SAC,2layers,HalfCheetah-v4,20,all-both,fswish,0.3,6685908539.438248,
SAC,2layers,HalfCheetah-v4,40,all-both,fswish,0.3,2089124236.755371,
SAC,2layers,HalfCheetah-v4,50,all-both,fswish,0.5,8682614622.192383,
SAC,2layers,HalfCheetah-v4,10,all-both,fswish,0.5,8600750405.349731,
SAC,2layers,HalfCheetah-v4,30,all-both,fswish,0.5,6501622800.674438,
SAC,2layers,HalfCheetah-v4,20,all-both,fswish,0.5,8482406797.370911,
SAC,2layers,HalfCheetah-v4,40,all-both,fswish,0.5,7570158139.49585,
SAC,2layers,HalfCheetah-v4,50,all-both,fswish,0.2,8666248039.932251,
SAC,2layers,HalfCheetah-v4,10,all-both,fswish,0.2,8420639231.414795,
SAC,2layers,HalfCheetah-v4,30,all-both,fswish,0.2,8542589303.665161,
SAC,2layers,HalfCheetah-v4,20,all-both,fswish,0.2,8409562141.189575,
SAC,2layers,HalfCheetah-v4,40,all-both,fswish,0.2,9067044600.476324,
SAC,2layers,HalfCheetah-v4,50,all-both,fswish,0.1,8806957182.941437,
SAC,2layers,HalfCheetah-v4,10,all-both,fswish,0.1,8565699988.78479,
SAC,2layers,HalfCheetah-v4,30,all-both,fswish,0.1,8026482334.861755,
SAC,2layers,HalfCheetah-v4,20,all-both,fswish,0.1,6209845776.824951,
SAC,2layers,HalfCheetah-v4,40,all-both,fswish,0.1,8277887416.381836,
SAC,2layers,Hopper-v4,50,all-both,fswish,0.2,1952058772.0489504,
SAC,2layers,Hopper-v4,10,all-both,fswish,0.2,2542748926.544189,
SAC,2layers,Hopper-v4,30,all-both,fswish,0.2,2399128326.6830444,
SAC,2layers,Hopper-v4,20,all-both,fswish,0.2,2361842744.140625,
SAC,2layers,Hopper-v4,40,all-both,fswish,0.2,1913105363.616944,
SAC,2layers,Hopper-v4,50,all-both,fswish,0.1,2124106193.275452,
SAC,2layers,Hopper-v4,10,all-both,fswish,0.1,2354474001.9226074,
SAC,2layers,Hopper-v4,30,all-both,fswish,0.1,2594626922.531128,
SAC,2layers,Hopper-v4,20,all-both,fswish,0.1,2952227094.7265625,
SAC,2layers,Hopper-v4,40,all-both,fswish,0.1,1865543231.506348,
SAC,2layers,Hopper-v4,50,all-both,fswish,0.3,2167370198.6312866,
SAC,2layers,Hopper-v4,10,all-both,fswish,0.3,2405130114.28833,
SAC,2layers,Hopper-v4,30,all-both,fswish,0.3,2290244937.6297,
SAC,2layers,Hopper-v4,20,all-both,fswish,0.3,2401391989.9368286,
SAC,2layers,Hopper-v4,40,all-both,fswish,0.3,2219734134.5214844,
SAC,2layers,Hopper-v4,50,all-both,fswish,0.4,2255582318.725586,
SAC,2layers,Hopper-v4,10,all-both,fswish,0.4,2347544606.781006,
SAC,2layers,Hopper-v4,30,all-both,fswish,0.4,1637172757.644653,
SAC,2layers,Hopper-v4,20,all-both,fswish,0.4,2512344562.8356934,
SAC,2layers,Hopper-v4,40,all-both,fswish,0.4,2079108488.006592,
SAC,2layers,Hopper-v4,50,all-both,fswish,0.5,1775406135.559082,
SAC,2layers,Hopper-v4,10,all-both,fswish,0.5,2394293316.9555664,
SAC,2layers,Hopper-v4,30,all-both,fswish,0.5,1498517186.2792969,
SAC,2layers,Hopper-v4,20,all-both,fswish,0.5,2018744026.184082,
SAC,2layers,Hopper-v4,40,all-both,fswish,0.5,2382274328.3462524,
SAC,2layers,Walker-Walk,50,all-both,fgelu,0.5,802518467.4930573,
SAC,2layers,Walker-Walk,10,all-both,fgelu,0.5,663137725.8110046,
SAC,2layers,Walker-Walk,30,all-both,fgelu,0.5,719838734.1308594,
SAC,2layers,Walker-Walk,20,all-both,fgelu,0.5,849567025.6710052,
SAC,2layers,Walker-Walk,40,all-both,fgelu,0.5,689439801.9599915,
SAC,2layers,Walker-Walk,50,all-both,fgelu,0.2,689954036.4170074,
SAC,2layers,Walker-Walk,10,all-both,fgelu,0.2,875877803.5449982,
SAC,2layers,Walker-Walk,30,all-both,fgelu,0.2,863549594.7360992,
SAC,2layers,Walker-Walk,20,all-both,fgelu,0.2,866769017.4293518,
SAC,2layers,Walker-Walk,40,all-both,fgelu,0.2,756278163.3377075,
SAC,2layers,Walker-Walk,50,all-both,fgelu,0.4,663199916.1815643,
SAC,2layers,Walker-Walk,10,all-both,fgelu,0.4,821996498.8708496,
SAC,2layers,Walker-Walk,30,all-both,fgelu,0.4,504944455.8525085,
SAC,2layers,Walker-Walk,20,all-both,fgelu,0.4,755028382.024765,
SAC,2layers,Walker-Walk,40,all-both,fgelu,0.4,643526055.8605194,
SAC,2layers,Walker-Walk,50,all-both,fgelu,0.3,848661901.0353088,
SAC,2layers,Walker-Walk,10,all-both,fgelu,0.3,750093282.4993134,
SAC,2layers,Walker-Walk,30,all-both,fgelu,0.3,670924828.0286789,
SAC,2layers,Walker-Walk,20,all-both,fgelu,0.3,888392813.0531311,
SAC,2layers,Walker-Walk,40,all-both,fgelu,0.3,762386142.1203613,
SAC,2layers,Walker-Walk,50,all-both,fgelu,0.1,848091559.047699,
SAC,2layers,Walker-Walk,10,all-both,fgelu,0.1,864495713.8490677,
SAC,2layers,Walker-Walk,30,all-both,fgelu,0.1,817377597.8374481,
SAC,2layers,Walker-Walk,20,all-both,fgelu,0.1,757043186.7408752,
SAC,2layers,Walker-Walk,40,all-both,fgelu,0.1,814967864.5324707,
SAC,2layers,Finger-Spin,50,all-both,fgelu,0.2,751190000.0,
SAC,2layers,Finger-Spin,10,all-both,fgelu,0.2,808480000.0,
SAC,2layers,Finger-Spin,30,all-both,fgelu,0.2,812860000.0,
SAC,2layers,Finger-Spin,20,all-both,fgelu,0.2,742315000.0,
SAC,2layers,Finger-Spin,40,all-both,fgelu,0.2,721600000.0,
SAC,2layers,Finger-Spin,50,all-both,fgelu,0.1,833550000.0,
SAC,2layers,Finger-Spin,10,all-both,fgelu,0.1,886330000.0,
SAC,2layers,Finger-Spin,30,all-both,fgelu,0.1,793305000.0,
SAC,2layers,Finger-Spin,20,all-both,fgelu,0.1,751525000.0,
SAC,2layers,Finger-Spin,40,all-both,fgelu,0.1,783385000.0,
SAC,2layers,Finger-Spin,50,all-both,fgelu,0.5,829665000.0,
SAC,2layers,Finger-Spin,10,all-both,fgelu,0.5,812365000.0,
SAC,2layers,Finger-Spin,30,all-both,fgelu,0.5,808825000.0,
SAC,2layers,Finger-Spin,20,all-both,fgelu,0.5,743615000.0,
SAC,2layers,Finger-Spin,40,all-both,fgelu,0.5,767100000.0,
SAC,2layers,Finger-Spin,50,all-both,fgelu,0.3,812715000.0,
SAC,2layers,Finger-Spin,10,all-both,fgelu,0.3,780365000.0,
SAC,2layers,Finger-Spin,30,all-both,fgelu,0.3,766955000.0,
SAC,2layers,Finger-Spin,20,all-both,fgelu,0.3,781820000.0,
SAC,2layers,Finger-Spin,40,all-both,fgelu,0.3,783840000.0,
SAC,2layers,Finger-Spin,50,all-both,fgelu,0.4,812575000.0,
SAC,2layers,Finger-Spin,10,all-both,fgelu,0.4,792245000.0,
SAC,2layers,Finger-Spin,30,all-both,fgelu,0.4,783660000.0,
SAC,2layers,Finger-Spin,20,all-both,fgelu,0.4,706725000.0,
SAC,2layers,Finger-Spin,40,all-both,fgelu,0.4,805755000.0,
SAC,2layers,Cheetah-Run,50,all-both,fgelu,0.5,436683263.4449005,
SAC,2layers,Cheetah-Run,10,all-both,fgelu,0.5,444752964.2391205,
SAC,2layers,Cheetah-Run,30,all-both,fgelu,0.5,503896195.7168579,
SAC,2layers,Cheetah-Run,20,all-both,fgelu,0.5,410988573.7991333,
SAC,2layers,Cheetah-Run,40,all-both,fgelu,0.5,346708261.0487938,
SAC,2layers,Cheetah-Run,50,all-both,fgelu,0.1,477327514.4803524,
SAC,2layers,Cheetah-Run,10,all-both,fgelu,0.1,519815776.9393921,
SAC,2layers,Cheetah-Run,30,all-both,fgelu,0.1,493804844.1648483,
SAC,2layers,Cheetah-Run,20,all-both,fgelu,0.1,452311685.1401329,
SAC,2layers,Cheetah-Run,40,all-both,fgelu,0.1,481263215.508461,
SAC,2layers,Cheetah-Run,50,all-both,fgelu,0.2,459544484.4818115,
SAC,2layers,Cheetah-Run,10,all-both,fgelu,0.2,435286310.5726242,
SAC,2layers,Cheetah-Run,30,all-both,fgelu,0.2,321570807.9779148,
SAC,2layers,Cheetah-Run,20,all-both,fgelu,0.2,453686876.1920929,
SAC,2layers,Cheetah-Run,40,all-both,fgelu,0.2,427525082.5786591,
SAC,2layers,Cheetah-Run,50,all-both,fgelu,0.3,465330088.7680054,
SAC,2layers,Cheetah-Run,10,all-both,fgelu,0.3,534564196.65813446,
SAC,2layers,Cheetah-Run,30,all-both,fgelu,0.3,450686747.0598221,
SAC,2layers,Cheetah-Run,20,all-both,fgelu,0.3,447173929.8215509,
SAC,2layers,Cheetah-Run,40,all-both,fgelu,0.3,322249939.0029907,
SAC,2layers,Cheetah-Run,50,all-both,fgelu,0.4,527061649.24025536,
SAC,2layers,Cheetah-Run,10,all-both,fgelu,0.4,477094502.6874542,
SAC,2layers,Cheetah-Run,30,all-both,fgelu,0.4,481331259.7727776,
SAC,2layers,Cheetah-Run,20,all-both,fgelu,0.4,484655657.7968597,
SAC,2layers,Cheetah-Run,40,all-both,fgelu,0.4,512879970.88462114,
SAC,2layers,Humanoid-v4,50,all-both,fgelu,0.1,3661152898.712158,
SAC,2layers,Humanoid-v4,10,all-both,fgelu,0.1,3713697027.435303,
SAC,2layers,Humanoid-v4,30,all-both,fgelu,0.1,4102660370.1019287,
SAC,2layers,Humanoid-v4,20,all-both,fgelu,0.1,3811952287.292481,
SAC,2layers,Humanoid-v4,40,all-both,fgelu,0.1,4026030562.5915527,
SAC,2layers,Humanoid-v4,50,all-both,fgelu,0.5,4007233709.564209,
SAC,2layers,Humanoid-v4,10,all-both,fgelu,0.5,3660737787.628174,
SAC,2layers,Humanoid-v4,30,all-both,fgelu,0.5,3604014750.518799,
SAC,2layers,Humanoid-v4,20,all-both,fgelu,0.5,3439708316.9555664,
SAC,2layers,Humanoid-v4,40,all-both,fgelu,0.5,3476486950.378418,
SAC,2layers,Humanoid-v4,50,all-both,fgelu,0.2,3350167736.6638184,
SAC,2layers,Humanoid-v4,10,all-both,fgelu,0.2,3730054319.152832,
SAC,2layers,Humanoid-v4,30,all-both,fgelu,0.2,3549130589.7521973,
SAC,2layers,Humanoid-v4,20,all-both,fgelu,0.2,3387315572.9675293,
SAC,2layers,Humanoid-v4,40,all-both,fgelu,0.2,3690052905.1208496,
SAC,2layers,Humanoid-v4,50,all-both,fgelu,0.3,3980820723.876953,
SAC,2layers,Humanoid-v4,10,all-both,fgelu,0.3,3758092756.195069,
SAC,2layers,Humanoid-v4,30,all-both,fgelu,0.3,3485702614.28833,
SAC,2layers,Humanoid-v4,20,all-both,fgelu,0.3,3597756495.513916,
SAC,2layers,Humanoid-v4,40,all-both,fgelu,0.3,3436425929.107666,
SAC,2layers,Humanoid-v4,50,all-both,fgelu,0.4,3694184066.925049,
SAC,2layers,Humanoid-v4,10,all-both,fgelu,0.4,3709996487.426758,
SAC,2layers,Humanoid-v4,30,all-both,fgelu,0.4,3885416713.7146,
SAC,2layers,Humanoid-v4,20,all-both,fgelu,0.4,3720124112.39624,
SAC,2layers,Humanoid-v4,40,all-both,fgelu,0.4,3785669793.85376,
SAC,2layers,Ant-v4,50,all-both,fgelu,0.4,2139707011.7664337,
SAC,2layers,Ant-v4,10,all-both,fgelu,0.4,2189203607.978821,
SAC,2layers,Ant-v4,30,all-both,fgelu,0.4,2800102822.613716,
SAC,2layers,Ant-v4,20,all-both,fgelu,0.4,4265153896.3127136,
SAC,2layers,Ant-v4,40,all-both,fgelu,0.4,2358615072.988272,
SAC,2layers,Ant-v4,50,all-both,fgelu,0.1,2013969122.8365896,
SAC,2layers,Ant-v4,10,all-both,fgelu,0.1,2622517972.717285,
SAC,2layers,Ant-v4,30,all-both,fgelu,0.1,3207242840.442657,
SAC,2layers,Ant-v4,20,all-both,fgelu,0.1,3613393155.8704376,
SAC,2layers,Ant-v4,40,all-both,fgelu,0.1,3451397656.860352,
SAC,2layers,Ant-v4,50,all-both,fgelu,0.3,2304569837.784767,
SAC,2layers,Ant-v4,10,all-both,fgelu,0.3,2348476458.2920074,
SAC,2layers,Ant-v4,30,all-both,fgelu,0.3,3217727121.9301224,
SAC,2layers,Ant-v4,20,all-both,fgelu,0.3,3274531366.958618,
SAC,2layers,Ant-v4,40,all-both,fgelu,0.3,2077719583.8546755,
SAC,2layers,Ant-v4,50,all-both,fgelu,0.2,3067692890.205384,
SAC,2layers,Ant-v4,10,all-both,fgelu,0.2,2916873433.790207,
SAC,2layers,Ant-v4,30,all-both,fgelu,0.2,2916194739.829302,
SAC,2layers,Ant-v4,20,all-both,fgelu,0.2,3093402682.3997498,
SAC,2layers,Ant-v4,40,all-both,fgelu,0.2,2347604567.947388,
SAC,2layers,Ant-v4,50,all-both,fgelu,0.5,2578471817.908287,
SAC,2layers,Ant-v4,10,all-both,fgelu,0.5,3251070868.4444427,
SAC,2layers,Ant-v4,30,all-both,fgelu,0.5,2362428276.85833,
SAC,2layers,Ant-v4,20,all-both,fgelu,0.5,1662102874.2742538,
SAC,2layers,Ant-v4,40,all-both,fgelu,0.5,2767492835.5026245,
SAC,2layers,Cartpole-Swingup,50,all-both,fgelu,0.1,780460746.8414307,
SAC,2layers,Cartpole-Swingup,10,all-both,fgelu,0.1,778413728.8665771,
SAC,2layers,Cartpole-Swingup,30,all-both,fgelu,0.1,748483745.2697754,
SAC,2layers,Cartpole-Swingup,20,all-both,fgelu,0.1,787847262.2680664,
SAC,2layers,Cartpole-Swingup,40,all-both,fgelu,0.1,803836666.8701172,
SAC,2layers,Cartpole-Swingup,50,all-both,fgelu,0.5,795946959.8007202,
SAC,2layers,Cartpole-Swingup,10,all-both,fgelu,0.5,759099002.6855469,
SAC,2layers,Cartpole-Swingup,30,all-both,fgelu,0.5,678786313.6291504,
SAC,2layers,Cartpole-Swingup,20,all-both,fgelu,0.5,745586530.0750732,
SAC,2layers,Cartpole-Swingup,40,all-both,fgelu,0.5,774021679.2297363,
SAC,2layers,Cartpole-Swingup,50,all-both,fgelu,0.2,750056415.7104492,
SAC,2layers,Cartpole-Swingup,10,all-both,fgelu,0.2,746777841.796875,
SAC,2layers,Cartpole-Swingup,30,all-both,fgelu,0.2,589248404.045105,
SAC,2layers,Cartpole-Swingup,20,all-both,fgelu,0.2,737715045.7763672,
SAC,2layers,Cartpole-Swingup,40,all-both,fgelu,0.2,793757898.2543945,
SAC,2layers,Cartpole-Swingup,50,all-both,fgelu,0.4,806169161.9110107,
SAC,2layers,Cartpole-Swingup,10,all-both,fgelu,0.4,702447019.1955566,
SAC,2layers,Cartpole-Swingup,30,all-both,fgelu,0.4,660562960.0524902,
SAC,2layers,Cartpole-Swingup,20,all-both,fgelu,0.4,780524833.984375,
SAC,2layers,Cartpole-Swingup,40,all-both,fgelu,0.4,809569835.6628418,
SAC,2layers,Cartpole-Swingup,50,all-both,fgelu,0.3,786795371.3226318,
SAC,2layers,Cartpole-Swingup,10,all-both,fgelu,0.3,794076809.3109131,
SAC,2layers,Cartpole-Swingup,30,all-both,fgelu,0.3,749637070.5413818,
SAC,2layers,Cartpole-Swingup,20,all-both,fgelu,0.3,757619457.8552246,
SAC,2layers,Cartpole-Swingup,40,all-both,fgelu,0.3,800874557.2662354,
SAC,2layers,HalfCheetah-v4,50,all-both,fgelu,0.1,7611755241.928101,
SAC,2layers,HalfCheetah-v4,10,all-both,fgelu,0.1,7247457468.643188,
SAC,2layers,HalfCheetah-v4,30,all-both,fgelu,0.1,8432497224.578857,
SAC,2layers,HalfCheetah-v4,20,all-both,fgelu,0.1,8579134130.253792,
SAC,2layers,HalfCheetah-v4,40,all-both,fgelu,0.1,6223536997.0703125,
SAC,2layers,HalfCheetah-v4,50,all-both,fgelu,0.4,8468925355.129242,
SAC,2layers,HalfCheetah-v4,10,all-both,fgelu,0.4,8312336587.867737,
SAC,2layers,HalfCheetah-v4,30,all-both,fgelu,0.4,7899229618.377686,
SAC,2layers,HalfCheetah-v4,20,all-both,fgelu,0.4,7496332198.486328,
SAC,2layers,HalfCheetah-v4,40,all-both,fgelu,0.4,6575677159.843445,
SAC,2layers,HalfCheetah-v4,50,all-both,fgelu,0.3,7632498203.735352,
SAC,2layers,HalfCheetah-v4,10,all-both,fgelu,0.3,8371612656.478882,
SAC,2layers,HalfCheetah-v4,30,all-both,fgelu,0.3,8265474980.621338,
SAC,2layers,HalfCheetah-v4,20,all-both,fgelu,0.3,7555335533.370972,
SAC,2layers,HalfCheetah-v4,40,all-both,fgelu,0.3,8176052537.155151,
SAC,2layers,HalfCheetah-v4,50,all-both,fgelu,0.2,8592322587.890625,
SAC,2layers,HalfCheetah-v4,10,all-both,fgelu,0.2,7157698643.341064,
SAC,2layers,HalfCheetah-v4,30,all-both,fgelu,0.2,5528084303.741455,
SAC,2layers,HalfCheetah-v4,20,all-both,fgelu,0.2,6806314135.437012,
SAC,2layers,HalfCheetah-v4,40,all-both,fgelu,0.2,6707168845.481873,
SAC,2layers,HalfCheetah-v4,50,all-both,fgelu,0.5,6808145706.825256,
SAC,2layers,HalfCheetah-v4,10,all-both,fgelu,0.5,7837197696.685791,
SAC,2layers,HalfCheetah-v4,30,all-both,fgelu,0.5,8362626419.54422,
SAC,2layers,HalfCheetah-v4,20,all-both,fgelu,0.5,7334582804.56543,
SAC,2layers,HalfCheetah-v4,40,all-both,fgelu,0.5,6459005710.582733,
SAC,2layers,Hopper-v4,50,all-both,fgelu,0.5,2804455097.961426,
SAC,2layers,Hopper-v4,10,all-both,fgelu,0.5,2862896797.2564697,
SAC,2layers,Hopper-v4,30,all-both,fgelu,0.5,2720233195.838928,
SAC,2layers,Hopper-v4,20,all-both,fgelu,0.5,2744497531.433105,
SAC,2layers,Hopper-v4,40,all-both,fgelu,0.5,2548537329.788208,
SAC,2layers,Hopper-v4,50,all-both,fgelu,0.2,2600205928.80249,
SAC,2layers,Hopper-v4,10,all-both,fgelu,0.2,2052763219.604492,
SAC,2layers,Hopper-v4,30,all-both,fgelu,0.2,1681024813.3087158,
SAC,2layers,Hopper-v4,20,all-both,fgelu,0.2,2603928054.6569824,
SAC,2layers,Hopper-v4,40,all-both,fgelu,0.2,1794264555.435181,
SAC,2layers,Hopper-v4,50,all-both,fgelu,0.1,2762809279.86145,
SAC,2layers,Hopper-v4,10,all-both,fgelu,0.1,2538706670.3796387,
SAC,2layers,Hopper-v4,30,all-both,fgelu,0.1,1669803371.009827,
SAC,2layers,Hopper-v4,20,all-both,fgelu,0.1,2482107767.1813965,
SAC,2layers,Hopper-v4,40,all-both,fgelu,0.1,2230250959.777832,
SAC,2layers,Hopper-v4,50,all-both,fgelu,0.3,1986731610.2600093,
SAC,2layers,Hopper-v4,10,all-both,fgelu,0.3,2226345056.0188293,
SAC,2layers,Hopper-v4,30,all-both,fgelu,0.3,2744022613.697052,
SAC,2layers,Hopper-v4,20,all-both,fgelu,0.3,2906776787.6434326,
SAC,2layers,Hopper-v4,40,all-both,fgelu,0.3,2312426694.355011,
SAC,2layers,Hopper-v4,50,all-both,fgelu,0.4,2654346994.934082,
SAC,2layers,Hopper-v4,10,all-both,fgelu,0.4,2387077584.228516,
SAC,2layers,Hopper-v4,30,all-both,fgelu,0.4,2821828375.892639,
SAC,2layers,Hopper-v4,20,all-both,fgelu,0.4,2987412318.649292,
SAC,2layers,Hopper-v4,40,all-both,fgelu,0.4,2525156232.2998047,
SAC,2layers,Humanoid-v4,50,all-both,lrelu,base,3733349843.75,
SAC,2layers,Humanoid-v4,10,all-both,lrelu,base,3372179017.4865723,
SAC,2layers,Humanoid-v4,30,all-both,lrelu,base,3570816635.131836,
SAC,2layers,Humanoid-v4,20,all-both,lrelu,base,3761129898.071289,
SAC,2layers,Humanoid-v4,40,all-both,lrelu,base,3397411742.401123,
SAC,2layers,HalfCheetah-v4,50,all-both,lrelu,base,7655222126.607895,
SAC,2layers,HalfCheetah-v4,10,all-both,lrelu,base,8252922154.541016,
SAC,2layers,HalfCheetah-v4,30,all-both,lrelu,base,7864956772.003174,
SAC,2layers,HalfCheetah-v4,20,all-both,lrelu,base,6135543232.488632,
SAC,2layers,HalfCheetah-v4,40,all-both,lrelu,base,8997543201.10321,
SAC,2layers,Walker-Walk,50,all-both,lrelu,base,858070466.8235779,
SAC,2layers,Walker-Walk,10,all-both,lrelu,base,730752621.1166382,
SAC,2layers,Walker-Walk,30,all-both,lrelu,base,747501322.8797913,
SAC,2layers,Walker-Walk,20,all-both,lrelu,base,842820453.5675049,
SAC,2layers,Walker-Walk,40,all-both,lrelu,base,862729304.0657043,
SAC,2layers,Cartpole-Swingup,50,all-both,lrelu,base,760964211.9979858,
SAC,2layers,Cartpole-Swingup,10,all-both,lrelu,base,690258230.3619385,
SAC,2layers,Cartpole-Swingup,30,all-both,lrelu,base,786238720.779419,
SAC,2layers,Cartpole-Swingup,20,all-both,lrelu,base,772227991.2567139,
SAC,2layers,Cartpole-Swingup,40,all-both,lrelu,base,776532182.0068359,
SAC,2layers,Ant-v4,50,all-both,lrelu,base,3561233471.6796875,
SAC,2layers,Ant-v4,10,all-both,lrelu,base,3158860902.2808075,
SAC,2layers,Ant-v4,30,all-both,lrelu,base,3494771244.277954,
SAC,2layers,Ant-v4,20,all-both,lrelu,base,2025071899.4522088,
SAC,2layers,Ant-v4,40,all-both,lrelu,base,1821707161.5552905,
SAC,2layers,Finger-Spin,50,all-both,lrelu,base,795160000.0,
SAC,2layers,Finger-Spin,10,all-both,lrelu,base,791945000.0,
SAC,2layers,Finger-Spin,30,all-both,lrelu,base,741890000.0,
SAC,2layers,Finger-Spin,20,all-both,lrelu,base,721520000.0,
SAC,2layers,Finger-Spin,40,all-both,lrelu,base,767790000.0,
SAC,2layers,Hopper-v4,50,all-both,lrelu,base,2321830700.22583,
SAC,2layers,Hopper-v4,10,all-both,lrelu,base,2743648543.8919067,
SAC,2layers,Hopper-v4,30,all-both,lrelu,base,2382392930.5648804,
SAC,2layers,Hopper-v4,20,all-both,lrelu,base,1881578319.396973,
SAC,2layers,Hopper-v4,40,all-both,lrelu,base,2742201499.1760254,
SAC,2layers,Cheetah-Run,50,all-both,lrelu,base,477115362.35809326,
SAC,2layers,Cheetah-Run,10,all-both,lrelu,base,504915939.30244446,
SAC,2layers,Cheetah-Run,30,all-both,lrelu,base,468077251.8157959,
SAC,2layers,Cheetah-Run,20,all-both,lrelu,base,430410924.20578,
SAC,2layers,Cheetah-Run,40,all-both,lrelu,base,505347864.80277777,
SAC,2layers,Walker-Walk,50,all-both,fprelu,0.3,610409784.5197626,
SAC,2layers,Walker-Walk,10,all-both,fprelu,0.3,849416221.3225142,
SAC,2layers,Walker-Walk,30,all-both,fprelu,0.3,397041614.1972521,
SAC,2layers,Walker-Walk,20,all-both,fprelu,0.3,838519107.6240652,
SAC,2layers,Walker-Walk,40,all-both,fprelu,0.3,851240216.2092645,
SAC,2layers,Walker-Walk,50,all-both,fprelu,0.1,507824867.5241098,
SAC,2layers,Walker-Walk,10,all-both,fprelu,0.1,539719637.4012874,
SAC,2layers,Walker-Walk,30,all-both,fprelu,0.1,699690031.4770427,
SAC,2layers,Walker-Walk,20,all-both,fprelu,0.1,765086298.3954915,
SAC,2layers,Walker-Walk,40,all-both,fprelu,0.1,810111692.7089838,
SAC,2layers,Walker-Walk,50,all-both,fprelu,0.2,587489656.0525284,
SAC,2layers,Walker-Walk,10,all-both,fprelu,0.2,771702025.1102924,
SAC,2layers,Walker-Walk,30,all-both,fprelu,0.2,528337737.3373754,
SAC,2layers,Walker-Walk,20,all-both,fprelu,0.2,864556327.0780141,
SAC,2layers,Walker-Walk,40,all-both,fprelu,0.2,528182882.8521778,
SAC,2layers,Walker-Walk,50,all-both,fprelu,0.4,661928164.919733,
SAC,2layers,Walker-Walk,10,all-both,fprelu,0.4,631443498.3217636,
SAC,2layers,Walker-Walk,30,all-both,fprelu,0.4,545239314.8528697,
SAC,2layers,Walker-Walk,20,all-both,fprelu,0.4,799429735.7868699,
SAC,2layers,Walker-Walk,40,all-both,fprelu,0.4,729590617.8274523,
SAC,2layers,Walker-Walk,50,all-both,fprelu,0.5,588246333.2862334,
SAC,2layers,Walker-Walk,10,all-both,fprelu,0.5,793003017.9604225,
SAC,2layers,Walker-Walk,30,all-both,fprelu,0.5,759751704.838947,
SAC,2layers,Walker-Walk,20,all-both,fprelu,0.5,849582822.0438614,
SAC,2layers,Walker-Walk,40,all-both,fprelu,0.5,795189008.0081686,
SAC,2layers,Finger-Spin,50,all-both,fprelu,0.1,689430000.0,
SAC,2layers,Finger-Spin,10,all-both,fprelu,0.1,749195000.0,
SAC,2layers,Finger-Spin,30,all-both,fprelu,0.1,694710000.0,
SAC,2layers,Finger-Spin,20,all-both,fprelu,0.1,707230000.0,
SAC,2layers,Finger-Spin,40,all-both,fprelu,0.1,727385000.0,
SAC,2layers,Finger-Spin,50,all-both,fprelu,0.5,752575000.0,
SAC,2layers,Finger-Spin,10,all-both,fprelu,0.5,746715000.0,
SAC,2layers,Finger-Spin,30,all-both,fprelu,0.5,646810000.0,
SAC,2layers,Finger-Spin,20,all-both,fprelu,0.5,739700000.0,
SAC,2layers,Finger-Spin,40,all-both,fprelu,0.5,701335000.0,
SAC,2layers,Finger-Spin,50,all-both,fprelu,0.2,702625000.0,
SAC,2layers,Finger-Spin,10,all-both,fprelu,0.2,848970000.0,
SAC,2layers,Finger-Spin,30,all-both,fprelu,0.2,749115000.0,
SAC,2layers,Finger-Spin,20,all-both,fprelu,0.2,811965000.0,
SAC,2layers,Finger-Spin,40,all-both,fprelu,0.2,772950000.0,
SAC,2layers,Finger-Spin,50,all-both,fprelu,0.4,756575000.0,
SAC,2layers,Finger-Spin,10,all-both,fprelu,0.4,756865000.0,
SAC,2layers,Finger-Spin,30,all-both,fprelu,0.4,773870000.0,
SAC,2layers,Finger-Spin,20,all-both,fprelu,0.4,704140000.0,
SAC,2layers,Finger-Spin,40,all-both,fprelu,0.4,705890000.0,
SAC,2layers,Finger-Spin,50,all-both,fprelu,0.3,717575000.0,
SAC,2layers,Finger-Spin,10,all-both,fprelu,0.3,769385000.0,
SAC,2layers,Finger-Spin,30,all-both,fprelu,0.3,740070000.0,
SAC,2layers,Finger-Spin,20,all-both,fprelu,0.3,684575000.0,
SAC,2layers,Finger-Spin,40,all-both,fprelu,0.3,736355000.0,
SAC,2layers,Cheetah-Run,50,all-both,fprelu,0.4,380108868.1054164,
SAC,2layers,Cheetah-Run,10,all-both,fprelu,0.4,394774031.93666327,
SAC,2layers,Cheetah-Run,30,all-both,fprelu,0.4,412560781.652355,
SAC,2layers,Cheetah-Run,20,all-both,fprelu,0.4,397281018.2369674,
SAC,2layers,Cheetah-Run,40,all-both,fprelu,0.4,328663488.3419161,
SAC,2layers,Cheetah-Run,50,all-both,fprelu,0.3,418626636.8021863,
SAC,2layers,Cheetah-Run,10,all-both,fprelu,0.3,479660517.107376,
SAC,2layers,Cheetah-Run,30,all-both,fprelu,0.3,401650270.2207599,
SAC,2layers,Cheetah-Run,20,all-both,fprelu,0.3,356711352.2060829,
SAC,2layers,Cheetah-Run,40,all-both,fprelu,0.3,412867599.6695039,
SAC,2layers,Cheetah-Run,50,all-both,fprelu,0.1,503430446.062204,
SAC,2layers,Cheetah-Run,10,all-both,fprelu,0.1,468340033.18381625,
SAC,2layers,Cheetah-Run,30,all-both,fprelu,0.1,373506529.634463,
SAC,2layers,Cheetah-Run,20,all-both,fprelu,0.1,414604934.6515631,
SAC,2layers,Cheetah-Run,40,all-both,fprelu,0.1,435810094.5154256,
SAC,2layers,Cheetah-Run,50,all-both,fprelu,0.5,333650202.95201564,
SAC,2layers,Cheetah-Run,10,all-both,fprelu,0.5,369040399.2137704,
SAC,2layers,Cheetah-Run,30,all-both,fprelu,0.5,442679335.0001668,
SAC,2layers,Cheetah-Run,20,all-both,fprelu,0.5,344232111.9868309,
SAC,2layers,Cheetah-Run,40,all-both,fprelu,0.5,379849931.04204553,
SAC,2layers,Cheetah-Run,50,all-both,fprelu,0.2,450430148.2475583,
SAC,2layers,Cheetah-Run,10,all-both,fprelu,0.2,521012120.50045854,
SAC,2layers,Cheetah-Run,30,all-both,fprelu,0.2,480255384.69411886,
SAC,2layers,Cheetah-Run,20,all-both,fprelu,0.2,427945192.4417309,
SAC,2layers,Cheetah-Run,40,all-both,fprelu,0.2,432112484.0217712,
SAC,2layers,Humanoid-v4,50,all-both,fprelu,0.2,3608755115.996186,
SAC,2layers,Humanoid-v4,10,all-both,fprelu,0.2,3836953569.128365,
SAC,2layers,Humanoid-v4,30,all-both,fprelu,0.2,4230335541.055546,
SAC,2layers,Humanoid-v4,20,all-both,fprelu,0.2,4070019541.115238,
SAC,2layers,Humanoid-v4,40,all-both,fprelu,0.2,3710301600.215408,
SAC,2layers,Humanoid-v4,50,all-both,fprelu,0.1,4450830227.089423,
SAC,2layers,Humanoid-v4,10,all-both,fprelu,0.1,3949939257.9543214,
SAC,2layers,Humanoid-v4,30,all-both,fprelu,0.1,4116849133.7498407,
SAC,2layers,Humanoid-v4,20,all-both,fprelu,0.1,3627314993.24949,
SAC,2layers,Humanoid-v4,40,all-both,fprelu,0.1,3863370688.651092,
SAC,2layers,Humanoid-v4,50,all-both,fprelu,0.5,4181963015.655671,
SAC,2layers,Humanoid-v4,10,all-both,fprelu,0.5,3287492107.888162,
SAC,2layers,Humanoid-v4,30,all-both,fprelu,0.5,4195091959.42742,
SAC,2layers,Humanoid-v4,20,all-both,fprelu,0.5,4140538764.9853225,
SAC,2layers,Humanoid-v4,40,all-both,fprelu,0.5,4250738793.201586,
SAC,2layers,Humanoid-v4,50,all-both,fprelu,0.3,4302950959.705604,
SAC,2layers,Humanoid-v4,10,all-both,fprelu,0.3,4252067187.773025,
SAC,2layers,Humanoid-v4,30,all-both,fprelu,0.3,4203411980.788038,
SAC,2layers,Humanoid-v4,20,all-both,fprelu,0.3,4400304433.383617,
SAC,2layers,Humanoid-v4,40,all-both,fprelu,0.3,4031634258.354265,
SAC,2layers,Humanoid-v4,50,all-both,fprelu,0.4,4587863433.065749,
SAC,2layers,Humanoid-v4,10,all-both,fprelu,0.4,3934484431.269489,
SAC,2layers,Humanoid-v4,30,all-both,fprelu,0.4,3928713327.9104953,
SAC,2layers,Humanoid-v4,20,all-both,fprelu,0.4,3784172774.094259,
SAC,2layers,Humanoid-v4,40,all-both,fprelu,0.4,4342140639.512067,
SAC,2layers,Ant-v4,50,all-both,fprelu,0.3,1586602741.5933576,
SAC,2layers,Ant-v4,10,all-both,fprelu,0.3,1314488386.9837656,
SAC,2layers,Ant-v4,30,all-both,fprelu,0.3,1027857449.6044384,
SAC,2layers,Ant-v4,20,all-both,fprelu,0.3,1328829146.2512918,
SAC,2layers,Ant-v4,40,all-both,fprelu,0.3,1622553892.6644094,
SAC,2layers,Ant-v4,50,all-both,fprelu,0.1,1497664196.152909,
SAC,2layers,Ant-v4,10,all-both,fprelu,0.1,2312377153.7582,
SAC,2layers,Ant-v4,30,all-both,fprelu,0.1,1949372890.4606743,
SAC,2layers,Ant-v4,20,all-both,fprelu,0.1,2779496339.226992,
SAC,2layers,Ant-v4,40,all-both,fprelu,0.1,2669283348.5018706,
SAC,2layers,Ant-v4,50,all-both,fprelu,0.4,1111487228.9000597,
SAC,2layers,Ant-v4,10,all-both,fprelu,0.4,1383477343.7056603,
SAC,2layers,Ant-v4,30,all-both,fprelu,0.4,922205797.039615,
SAC,2layers,Ant-v4,20,all-both,fprelu,0.4,921435940.9212852,
SAC,2layers,Ant-v4,40,all-both,fprelu,0.4,2998105638.8751254,
SAC,2layers,Ant-v4,50,all-both,fprelu,0.5,1250580466.34278,
SAC,2layers,Ant-v4,10,all-both,fprelu,0.5,935562129.485696,
SAC,2layers,Ant-v4,30,all-both,fprelu,0.5,912634446.2765732,
SAC,2layers,Ant-v4,20,all-both,fprelu,0.5,1003195555.9696376,
SAC,2layers,Ant-v4,40,all-both,fprelu,0.5,1248769587.7204883,
SAC,2layers,Ant-v4,50,all-both,fprelu,0.2,4066288653.544052,
SAC,2layers,Ant-v4,10,all-both,fprelu,0.2,2735644856.1357102,
SAC,2layers,Ant-v4,30,all-both,fprelu,0.2,1913509406.3894887,
SAC,2layers,Ant-v4,20,all-both,fprelu,0.2,3370915248.1254725,
SAC,2layers,Ant-v4,40,all-both,fprelu,0.2,2869903950.7826176,
SAC,2layers,Cartpole-Swingup,50,all-both,fprelu,0.2,753849252.2985123,
SAC,2layers,Cartpole-Swingup,10,all-both,fprelu,0.2,777656601.3966427,
SAC,2layers,Cartpole-Swingup,30,all-both,fprelu,0.2,779804033.3528848,
SAC,2layers,Cartpole-Swingup,20,all-both,fprelu,0.2,771015641.5855925,
SAC,2layers,Cartpole-Swingup,40,all-both,fprelu,0.2,750559443.5495557,
SAC,2layers,Cartpole-Swingup,50,all-both,fprelu,0.4,765458929.4523987,
SAC,2layers,Cartpole-Swingup,10,all-both,fprelu,0.4,779809846.6749784,
SAC,2layers,Cartpole-Swingup,30,all-both,fprelu,0.4,776889505.7854863,
SAC,2layers,Cartpole-Swingup,20,all-both,fprelu,0.4,777140919.5388085,
SAC,2layers,Cartpole-Swingup,40,all-both,fprelu,0.4,758081563.6776143,
SAC,2layers,Cartpole-Swingup,50,all-both,fprelu,0.5,791158849.2840109,
SAC,2layers,Cartpole-Swingup,10,all-both,fprelu,0.5,779929697.919144,
SAC,2layers,Cartpole-Swingup,30,all-both,fprelu,0.5,790631849.5832715,
SAC,2layers,Cartpole-Swingup,20,all-both,fprelu,0.5,795719467.7688028,
SAC,2layers,Cartpole-Swingup,40,all-both,fprelu,0.5,777334612.1542021,
SAC,2layers,Cartpole-Swingup,50,all-both,fprelu,0.3,722477931.1653488,
SAC,2layers,Cartpole-Swingup,10,all-both,fprelu,0.3,770464280.1280748,
SAC,2layers,Cartpole-Swingup,30,all-both,fprelu,0.3,739133703.6247509,
SAC,2layers,Cartpole-Swingup,20,all-both,fprelu,0.3,770236521.9731467,
SAC,2layers,Cartpole-Swingup,40,all-both,fprelu,0.3,781990161.072126,
SAC,2layers,Cartpole-Swingup,50,all-both,fprelu,0.1,745043706.2922199,
SAC,2layers,Cartpole-Swingup,10,all-both,fprelu,0.1,766407286.7549404,
SAC,2layers,Cartpole-Swingup,30,all-both,fprelu,0.1,670453395.4342366,
SAC,2layers,Cartpole-Swingup,20,all-both,fprelu,0.1,751638076.3426753,
SAC,2layers,Cartpole-Swingup,40,all-both,fprelu,0.1,714155096.5574919,
SAC,2layers,HalfCheetah-v4,50,all-both,fprelu,0.3,7092832826.868015,
SAC,2layers,HalfCheetah-v4,10,all-both,fprelu,0.3,1985148521.85157,
SAC,2layers,HalfCheetah-v4,30,all-both,fprelu,0.3,6173853752.222487,
SAC,2layers,HalfCheetah-v4,20,all-both,fprelu,0.3,5817855608.479578,
SAC,2layers,HalfCheetah-v4,40,all-both,fprelu,0.3,6416908768.880439,
SAC,2layers,HalfCheetah-v4,50,all-both,fprelu,0.5,6187605166.949516,
SAC,2layers,HalfCheetah-v4,10,all-both,fprelu,0.5,4397991102.658328,
SAC,2layers,HalfCheetah-v4,30,all-both,fprelu,0.5,2369136978.9663177,
SAC,2layers,HalfCheetah-v4,20,all-both,fprelu,0.5,4274905309.903568,
SAC,2layers,HalfCheetah-v4,40,all-both,fprelu,0.5,5559745418.911145,
SAC,2layers,HalfCheetah-v4,50,all-both,fprelu,0.1,2007997327.408616,
SAC,2layers,HalfCheetah-v4,10,all-both,fprelu,0.1,8256286983.284422,
SAC,2layers,HalfCheetah-v4,30,all-both,fprelu,0.1,6663312362.662777,
SAC,2layers,HalfCheetah-v4,20,all-both,fprelu,0.1,6456424123.642195,
SAC,2layers,HalfCheetah-v4,40,all-both,fprelu,0.1,6427766743.5498905,
SAC,2layers,HalfCheetah-v4,50,all-both,fprelu,0.4,5758905182.613141,
SAC,2layers,HalfCheetah-v4,10,all-both,fprelu,0.4,7116023094.646545,
SAC,2layers,HalfCheetah-v4,30,all-both,fprelu,0.4,4566655541.887956,
SAC,2layers,HalfCheetah-v4,20,all-both,fprelu,0.4,4366561293.042625,
SAC,2layers,HalfCheetah-v4,40,all-both,fprelu,0.4,1558795192.3772483,
SAC,2layers,HalfCheetah-v4,50,all-both,fprelu,0.2,8339884576.442307,
SAC,2layers,HalfCheetah-v4,10,all-both,fprelu,0.2,5848472731.906505,
SAC,2layers,HalfCheetah-v4,30,all-both,fprelu,0.2,7634276474.503428,
SAC,2layers,HalfCheetah-v4,20,all-both,fprelu,0.2,7892202302.069562,
SAC,2layers,HalfCheetah-v4,40,all-both,fprelu,0.2,5090819291.240221,
SAC,2layers,Hopper-v4,50,all-both,fprelu,0.2,3063900221.562327,
SAC,2layers,Hopper-v4,10,all-both,fprelu,0.2,2366866811.779476,
SAC,2layers,Hopper-v4,30,all-both,fprelu,0.2,3028245914.348673,
SAC,2layers,Hopper-v4,20,all-both,fprelu,0.2,3081713595.725911,
SAC,2layers,Hopper-v4,40,all-both,fprelu,0.2,2885525091.3421693,
SAC,2layers,Hopper-v4,50,all-both,fprelu,0.1,2394456766.930762,
SAC,2layers,Hopper-v4,10,all-both,fprelu,0.1,2578243310.2854548,
SAC,2layers,Hopper-v4,30,all-both,fprelu,0.1,2672148049.542195,
SAC,2layers,Hopper-v4,20,all-both,fprelu,0.1,3009480054.047146,
SAC,2layers,Hopper-v4,40,all-both,fprelu,0.1,2419293182.034644,
SAC,2layers,Hopper-v4,50,all-both,fprelu,0.3,3081753625.683869,
SAC,2layers,Hopper-v4,10,all-both,fprelu,0.3,2544605380.0114884,
SAC,2layers,Hopper-v4,30,all-both,fprelu,0.3,3126757656.873032,
SAC,2layers,Hopper-v4,20,all-both,fprelu,0.3,2600456202.352805,
SAC,2layers,Hopper-v4,40,all-both,fprelu,0.3,2436137962.767776,
SAC,2layers,Hopper-v4,50,all-both,fprelu,0.5,3013028644.1336565,
SAC,2layers,Hopper-v4,10,all-both,fprelu,0.5,2859290823.074108,
SAC,2layers,Hopper-v4,30,all-both,fprelu,0.5,2005383463.3640847,
SAC,2layers,Hopper-v4,20,all-both,fprelu,0.5,2809434505.169497,
SAC,2layers,Hopper-v4,40,all-both,fprelu,0.5,2960367696.025486,
SAC,2layers,Hopper-v4,50,all-both,fprelu,0.4,2685344967.3931937,
SAC,2layers,Hopper-v4,10,all-both,fprelu,0.4,2805679061.701461,
SAC,2layers,Hopper-v4,30,all-both,fprelu,0.4,1150027191.7451336,
SAC,2layers,Hopper-v4,20,all-both,fprelu,0.4,2867976858.297186,
SAC,2layers,Hopper-v4,40,all-both,fprelu,0.4,2649386340.4338937,
